lane_id,departure_site_id,arrival_site_id,physical_legs,vehicle_distance_km,emissions_kgco2_min,emissions_kgco2_max,waybills
lane_00232,site_0255,site_1192,39,55770.0,49112.974806895996,49112.974806895996,179
lane_00215,site_0246,site_0895,35,58160.55,44925.65646967909,44925.65646967909,104
lane_02524,site_2095,site_1339,18,34706.700000000004,29312.24549313269,29312.24549313269,54
lane_02530,site_2095,site_1637,26,20189.81,17695.825740958153,17695.825740958153,45
lane_00223,site_0246,site_2207,22,33530.86,10347.556212674745,17042.119780300643,41
lane_02542,site_2095,site_2192,14,18791.22,15822.098660322043,15822.098660322043,26
lane_01368,site_1232,site_0164,13,17891.77,15756.106316313026,15756.106316313026,14
lane_02513,site_2095,site_0964,15,16892.67,14510.67768910624,14510.67768910624,21
lane_02535,site_2095,site_1907,38,18415.62,14367.239485186285,14463.997705577249,87
lane_02548,site_2095,site_2355,14,15166.759999999998,13356.369047556711,13356.369047556711,18
lane_01208,site_1118,site_0164,32,16754.56,13055.22180755145,13055.22180755145,40
lane_00240,site_0255,site_2316,56,16166.64,12385.11995917267,12442.758014275878,438
lane_01323,site_1192,site_1763,21,14204.609999999999,12143.155281024641,12143.155281024641,40
lane_00231,site_0255,site_1119,30,15642.500000000002,12082.925304643011,12082.925304643011,63
lane_02510,site_2095,site_0857,33,14203.15,11995.338348306926,11995.338348306926,77
lane_02504,site_2095,site_0534,11,14289.0,11880.675057586719,11880.675057586719,31
lane_00750,site_0686,site_2119,11,13271.28,10711.969491600703,10711.969491600703,14
lane_02341,site_1867,site_2095,8,11567.49,10030.171058221782,10030.171058221782,9
lane_02522,site_2095,site_1293,13,11323.0,9971.42215776373,9971.42215776373,45
lane_00740,site_0686,site_1242,5,10893.65,9593.321821860185,9593.321821860185,8
lane_02506,site_2095,site_0773,15,10922.699999999999,9303.770623326862,9303.770623326862,35
lane_02747,site_2194,site_0407,4,10313.7,9082.597960657758,9082.597960657758,6
lane_00218,site_0246,site_1472,7,13499.5,7744.011946791528,8899.108998298696,17
lane_00744,site_0686,site_1300,5,10788.7,8801.611861630041,8801.611861630041,6
lane_00745,site_0686,site_1339,5,10109.199999999999,8465.013555709322,8465.013555709322,5
lane_00226,site_0255,site_0385,41,10369.31,8009.691429802641,8009.691429802641,111
lane_00747,site_0686,site_1637,8,9504.48,7855.81570795279,7855.81570795279,12
lane_02533,site_2095,site_1725,42,9608.5,7519.828511913016,7519.828511913016,68
lane_02531,site_2095,site_1701,5,8478.45,7466.413865008559,7466.413865008559,6
lane_00236,site_0255,site_1573,39,9617.01,7428.583249736606,7428.583249736606,145
lane_02546,site_2095,site_2279,5,8548.05,7341.514785714286,7341.514785714286,5
lane_02509,site_2095,site_0828,28,9109.21,7142.032296774085,7142.032296774085,52
lane_02512,site_2095,site_0941,4,7173.52,6317.247750345428,6317.247750345428,4
lane_02508,site_2095,site_0819,7,6923.56,6097.124401184021,6097.124401184021,9
lane_00233,site_0255,site_1414,54,7776.0,6006.509648004094,6006.509648004094,318
lane_00238,site_0255,site_2095,132,7625.25,5863.105385392482,5874.709264164169,1727
lane_00235,site_0255,site_1530,39,7234.110000000001,5628.068154373452,5628.068154373452,350
lane_02525,site_2095,site_1369,30,7002.95,5535.925727135083,5535.925727135083,42
lane_00334,site_0368,site_2119,4,6183.43,5445.340538106597,5445.340538106597,4
lane_02538,site_2095,site_2064,21,6723.1900000000005,5331.9578406217515,5331.9578406217515,26
lane_02517,site_2095,site_1133,46,6712.4,5184.940247075962,5184.940247075962,112
lane_02536,site_2095,site_1998,5,5674.33,4874.243911961341,4874.243911961341,6
lane_01321,site_1192,site_1391,16,5485.900000000001,4831.071696129653,4831.071696129653,35
lane_01327,site_1192,site_2136,14,5403.16,4758.2080143021,4758.2080143021,14
lane_00230,site_0255,site_1063,31,5938.83,4587.402223875535,4587.402223875535,171
lane_02501,site_2095,site_0373,9,5553.0,4556.389278051892,4556.389278051892,15
lane_01096,site_0964,site_1118,7,4848.67,4269.905102330148,4269.905102330148,7
lane_02040,site_1714,site_2119,5,4753.75,4186.315294751333,4186.315294751333,5
lane_02520,site_2095,site_1248,4,4795.44,4093.3216212394095,4093.3216212394095,9
lane_00227,site_0255,site_0782,36,5020.92,3878.3699102181995,3878.3699102181995,91
lane_02537,site_2095,site_2011,6,4782.6900000000005,3779.4452905132484,3779.4452905132484,7
lane_02555,site_2119,site_0164,87,4872.0,3763.3378350149114,3763.3378350149114,110
lane_02549,site_2095,site_2366,8,4686.96,3747.1782962880843,3747.1782962880843,10
lane_00751,site_0686,site_2192,4,4497.01,3717.0278688570133,3717.0278688570133,5
lane_00425,site_0450,site_2095,3,4383.33,3702.0300125743242,3702.0300125743242,3
lane_02001,site_1637,site_0191,5,4145.89,3651.012930288005,3651.012930288005,5
lane_01705,site_1497,site_0164,22,4169.18,3582.7749939797272,3582.7749939797272,36
lane_00919,site_0874,site_0164,9,4197.72,3545.130846730161,3545.130846730161,10
lane_00237,site_0255,site_1762,97,4549.3,3514.0707743910784,3514.0707743910784,1358
lane_02511,site_2095,site_0925,39,4502.31,3490.200678520576,3490.200678520576,102
lane_01567,site_1358,site_2119,2,3800.68,3347.0091642293964,3347.0091642293964,2
lane_00228,site_0255,site_0807,44,6332.78,1954.2832194731175,3218.646801850364,293
lane_02497,site_2095,site_0164,77,4165.73,3217.7851640920903,3217.7851640920903,86
lane_00694,site_0665,site_1118,5,3727.8500000000004,3202.20769947535,3202.20769947535,7
lane_00224,site_0255,site_0191,74,4137.34,3195.8555333170343,3195.8555333170343,783
lane_00752,site_0686,site_2249,5,3706.45,3183.825188170235,3183.825188170235,8
lane_02943,site_2322,site_0164,14,4022.34,3107.024693615328,3107.024693615328,17
lane_02030,site_1701,site_2119,2,3472.42,3057.932149524149,3057.932149524149,2
lane_02541,site_2095,site_2153,8,3778.56,3020.9214551057194,3020.9214551057194,8
lane_03013,site_2373,site_2194,1,3420.36,3012.0863279633277,3012.0863279633277,1
lane_00216,site_0246,site_1154,30,5425.950000000001,2093.8915071906417,2996.656105401235,333
lane_00239,site_0255,site_2128,65,3725.15,2877.462630563587,2877.462630563587,639
lane_00217,site_0246,site_1425,35,3670.19,2835.0092136070148,2835.0092136070148,1233
lane_02505,site_2095,site_0665,3,3236.88,2627.8955755758507,2627.8955755758507,11
lane_00727,site_0686,site_0647,57,5016.0,1547.9275498086395,2549.3910033320954,210
lane_01416,site_1248,site_2026,10,3188.2,2462.699853365053,2462.699853365053,13
lane_02532,site_2095,site_1717,3,2851.5,2408.292001938181,2408.292001938181,3
lane_02500,site_2095,site_0328,2,2898.78,2395.952378025877,2395.952378025877,2
lane_01401,site_1248,site_0888,5,2718.05,2393.6080540413063,2393.6080540413063,5
lane_01402,site_1248,site_0916,14,2793.04,2373.3072696250574,2373.3072696250574,14
lane_02545,site_2095,site_2259,3,2679.7799999999997,2359.906179451744,2359.906179451744,13
lane_00840,site_0807,site_2119,29,3257.34,2203.178723556764,2337.8731622100863,50
lane_02354,site_1890,site_1192,37,3080.6200000000003,2263.741557631342,2313.6110834329943,137
lane_01441,site_1290,site_2070,3,2558.04,2252.6977599969914,2252.6977599969914,3
lane_02547,site_2095,site_2316,10,2587.0,2250.211603568461,2250.211603568461,38
lane_02523,site_2095,site_1300,2,2719.44,2247.7210188074605,2247.7210188074605,2
lane_01395,site_1247,site_2390,4,2540.68,2237.4099485813967,2237.4099485813967,5
lane_02489,site_2070,site_0164,51,2800.41,2163.1545374700545,2163.1545374700545,62
lane_00741,site_0686,site_1247,28,2800.0,2162.8378362154663,2162.8378362154663,38
lane_01219,site_1119,site_1278,18,2723.64,2103.854158653533,2103.854158653533,23
lane_00739,site_0686,site_0964,23,2668.0,2060.8754810795945,2060.8754810795945,34
lane_00716,site_0686,site_0567,46,4048.0,1249.204689319253,2057.403265846954,194
lane_01393,site_1247,site_1998,10,2590.7999999999997,2057.303829654205,2057.303829654205,18
lane_00412,site_0407,site_2373,2,2324.14,2046.7173976636047,2046.7173976636047,2
lane_00602,site_0647,site_0534,43,3784.0,1290.189657505877,1992.9710283995303,509
lane_01324,site_1192,site_1847,25,2502.5,1976.3564785113479,1976.3564785113479,37
lane_00580,site_0566,site_2119,2,2351.8,1943.852518177046,1943.852518177046,2
lane_00214,site_0246,site_0807,31,3817.57,1178.0944530149459,1940.286804742924,1075
lane_00153,site_0191,site_0164,44,2456.96,1897.8593035956972,1897.8593035956972,51
lane_01378,site_1242,site_0665,1,2150.13,1893.4782234454237,1893.4782234454237,1
lane_01387,site_1247,site_0504,3,2115.4500000000003,1862.9378259861599,1862.9378259861599,3
lane_00423,site_0450,site_0665,1,2104.81,1853.567877054021,1853.567877054021,1
lane_02550,site_2095,site_2390,3,2075.2200000000003,1827.5099081722558,1827.5099081722558,3
lane_01403,site_1248,site_1044,4,2040.0,1796.4939681919996,1796.4939681919996,6
lane_00842,site_0807,site_2316,10,2315.36,1788.4815044499435,1788.4815044499435,13
lane_01557,site_1358,site_0191,1,1976.87,1740.8995249508423,1740.8995249508423,1
lane_02350,site_1890,site_0361,35,3360.0,1036.8892678143998,1707.7260309401597,142
lane_01315,site_1192,site_0361,20,2180.0,1683.9237439106128,1683.9237439106128,26
lane_01404,site_1248,site_1130,2,1910.4,1682.3637631539198,1682.3637631539198,2
lane_00749,site_0686,site_1998,6,2111.52,1669.1019138436304,1669.1019138436304,6
lane_02214,site_1763,site_1232,3,1884.4299999999998,1659.4936904313968,1659.4936904313968,3
lane_02352,site_1890,site_0479,35,3178.7,980.9404510719143,1615.57998052068,106
lane_02543,site_2095,site_2207,1,1834.54,1615.558845297525,1615.558845297525,1
lane_02823,site_2278,site_0665,1,1814.24,1597.6819690454183,1597.6819690454183,1
lane_00754,site_0691,site_0686,55,3135.0,967.4547186303998,1593.3693770825596,440
lane_02754,site_2207,site_2070,1,1797.56,1582.9929889525542,1582.9929889525542,1
lane_02978,site_2339,site_2119,1,2029.42,1567.6094148472828,1567.6094148472828,1
lane_01560,site_1358,site_0665,1,1775.11,1563.222748959461,1563.222748959461,1
lane_01388,site_1247,site_1293,5,1772.96,1561.3293852184745,1561.3293852184745,6
lane_00742,site_0686,site_1248,20,2000.0,1544.884168725333,1544.884168725333,26
lane_01544,site_1339,site_1472,2,1720.0,1514.690992789333,1514.690992789333,2
lane_02726,site_2192,site_2166,2,1693.06,1490.966704797621,1490.966704797621,2
lane_01020,site_0964,site_0888,3,1924.6799999999998,1486.703830931137,1486.703830931137,3
lane_00957,site_0895,site_2325,9,1826.3700000000001,1454.675941498406,1454.675941498406,23
lane_00301,site_0347,site_0665,1,1874.08,1447.618261462386,1447.618261462386,1
lane_00234,site_0255,site_1521,10,1836.66,1437.7953394082676,1437.7953394082676,67
lane_00839,site_0807,site_1762,22,2740.24,845.6325735820627,1392.7318985188876,31
lane_02355,site_1890,site_1222,37,2692.9900000000002,864.7727834502473,1387.9236352510798,141
lane_00608,site_0647,site_0964,26,2678.0,826.4254342877866,1361.0983068029009,141
lane_00656,site_0665,site_0611,24,1728.0,1334.7799217786876,1334.7799217786876,26
lane_01701,site_1489,site_1118,2,1726.88,1333.9147866442015,1333.9147866442015,2
lane_01325,site_1192,site_1855,23,1718.7900000000002,1327.6657301817077,1327.6657301817077,37
lane_00835,site_0807,site_0191,14,2604.0,803.5891825561599,1323.4876739786237,21
lane_01420,site_1257,site_1118,2,1480.92,1304.1489447916158,1304.1489447916158,2
lane_01421,site_1257,site_1701,2,1477.01,1300.7056646859144,1300.7056646859144,2
lane_02980,site_2353,site_0566,1,1472.84,1297.0334196626984,1297.0334196626984,2
lane_01384,site_1242,site_2119,1,1445.06,1272.5693988605544,1272.5693988605544,1
lane_02519,site_2095,site_1187,1,1435.12,1263.815893937109,1263.815893937109,1
lane_02353,site_1890,site_1187,30,2082.94,996.6902343790924,1260.2272588502558,149
lane_02516,site_2095,site_1119,3,1485.3000000000002,1254.4401579795826,1254.4401579795826,3
lane_01373,site_1232,site_2095,1,1406.99,1239.0436511306184,1239.0436511306184,1
lane_00346,site_0385,site_0164,6,1587.72,1226.4217461842927,1226.4217461842927,6
lane_02551,site_2095,site_2404,2,1542.68,1191.6309547045985,1191.6309547045985,2
lane_00606,site_0647,site_0686,27,2376.0,730.8193997021865,1187.6272907830612,102
lane_02529,site_2095,site_1573,7,1505.5600000000002,1186.2278858708512,1186.2278858708512,9
lane_00746,site_0686,site_1530,1,1344.32,1183.8542996666024,1183.8542996666024,1
lane_01673,site_1472,site_1289,2,1516.18,1171.1612394689878,1171.1612394689878,2
lane_00408,site_0407,site_0439,2,1315.6599999999999,1158.615320682101,1158.615320682101,2
lane_01706,site_1497,site_0665,1,1302.0,1146.5858561695998,1146.5858561695998,1
lane_02720,site_2192,site_0497,2,1358.6399999999999,1122.8823763083037,1122.8823763083037,3
lane_01672,site_1472,site_0935,4,1394.66,1115.3063297634226,1115.3063297634226,4
lane_02503,site_2095,site_0450,1,1436.05,1109.2654552490071,1109.2654552490071,1
lane_00748,site_0686,site_1701,2,1422.56,1098.8452115309549,1098.8452115309549,2
lane_00092,site_0164,site_0237,205,2158.65,666.1550648712957,1097.137737109814,387
lane_01419,site_1257,site_0191,1,1238.67,1090.8152860688158,1090.8152860688158,1
lane_00229,site_0255,site_0857,3,1410.66,1089.6531507270392,1089.6531507270392,5
lane_00604,site_0647,site_0611,20,2140.0,660.3997122389331,1087.6588411345065,47
lane_01906,site_1573,site_2410,6,1389.64,1073.416418113736,1073.416418113736,6
lane_02704,site_2157,site_2095,1,1190.51,1048.4039382707144,1048.4039382707144,1
lane_00699,site_0665,site_2095,1,1184.68,1043.2698403125971,1043.2698403125971,1
lane_02749,site_2194,site_2119,1,1336.15,1032.0984910211769,1032.0984910211769,1
lane_02521,site_2095,site_1278,2,1165.68,1026.537788648064,1026.537788648064,2
lane_00424,site_0450,site_1763,2,1161.65,1022.9888324265864,1022.9888324265864,2
lane_00225,site_0255,site_0246,64,2010.88,620.5535389472084,1022.0333693740916,395
lane_02514,site_2095,site_1044,1,1317.89,1017.9936985607146,1017.9936985607146,2
lane_02567,site_2119,site_1573,6,1303.45,1006.8396348625176,1006.8396348625176,6
lane_01698,site_1472,site_2165,2,1300.74,1004.7463168138949,1004.7463168138949,2
lane_00697,site_0665,site_1530,1,1290.6,996.9137540784573,996.9137540784573,1
lane_02349,site_1890,site_0328,33,1844.0400000000002,646.8258721428133,981.5255000309157,128
lane_02748,site_2194,site_0534,1,1101.2,969.7544891044265,969.7544891044265,1
lane_02765,site_2207,site_2233,5,1250.0,965.5526054533332,965.5526054533332,6
lane_02360,site_1890,site_1895,35,1544.9,783.8642152549002,960.1185886142515,90
lane_00834,site_0807,site_0164,13,1874.82,578.5656955606527,952.8806301569136,15
lane_00841,site_0807,site_2128,16,1871.68,577.5966978520404,951.2847195208566,20
lane_01697,site_1472,site_2164,2,1225.18,946.3805929194517,946.3805929194517,2
lane_02351,site_1890,site_0469,14,1835.5400000000002,566.4439662631082,932.9164996523515,26
lane_01910,site_1587,site_1637,1,1056.33,930.2404281471837,930.2404281471837,1
lane_00743,site_0686,site_1257,12,1200.0,926.9305012351997,926.9305012351997,13
lane_02502,site_2095,site_0385,4,1117.72,923.8382671217144,923.8382671217144,9
lane_00958,site_0895,site_2418,3,1086.72,917.8113569511695,917.8113569511695,3
lane_00794,site_0782,site_0665,1,1138.0,879.0390920047145,879.0390920047145,1
lane_02004,site_1637,site_1105,3,988.04,870.1019119276584,870.1019119276584,3
lane_02724,site_2192,site_1595,2,1126.06,869.8161335174242,869.8161335174242,2
lane_01979,site_1626,site_2139,4,1086.79,868.8943861780581,868.8943861780581,4
lane_01326,site_1192,site_1895,12,1058.6399999999999,836.8275223873896,836.8275223873896,12
lane_02766,site_2207,site_2299,3,1048.56,809.9518719793175,809.9518719793175,3
lane_02389,site_1907,site_1497,3,1046.28,808.1907040269706,808.1907040269706,3
lane_02696,site_2140,site_1118,1,902.59,794.8517111521652,794.8517111521652,1
lane_00715,site_0686,site_0566,14,1022.0,789.4358102186452,789.4358102186452,16
lane_01128,site_1063,site_0164,5,1018.3699999999999,786.6318454524086,786.6318454524086,6
lane_02544,site_2095,site_2249,1,874.27,769.9121478290292,769.9121478290292,1
lane_01566,site_1358,site_1472,1,868.0,764.3905707797331,764.3905707797331,1
lane_01396,site_1248,site_0393,2,839.94,739.6799723741119,739.6799723741119,2
lane_00409,site_0407,site_0492,3,955.25,737.8753010874372,737.8753010874372,4
lane_01394,site_1247,site_2237,2,832.6,733.2161166258132,733.2161166258132,2
lane_02872,site_2316,site_0725,25,1063.0,663.3247307070629,731.2389668216042,36
lane_02358,site_1890,site_1855,41,1023.77,651.8167901828433,711.6410543801655,320
lane_02459,site_2011,site_2119,1,798.74,703.3978392910185,703.3978392910185,1
lane_02565,site_2119,site_1521,4,863.6,690.4396830086857,690.4396830086857,6
lane_00502,site_0534,site_0566,10,870.0,672.0246133955199,672.0246133955199,11
lane_01098,site_0964,site_2026,3,750.33,660.7663329183839,660.7663329183839,3
lane_03052,site_2404,site_1248,1,853.33,659.1480038491942,659.1480038491942,1
lane_01390,site_1247,site_1771,2,851.57,657.7885057807159,657.7885057807159,2
lane_02206,site_1763,site_0004,3,851.1299999999999,657.4486312635963,657.4486312635963,3
lane_02003,site_1637,site_1089,3,844.6200000000001,652.4200332943954,652.4200332943954,3
lane_01318,site_1192,site_1187,38,818.78,632.460129834464,632.460129834464,51
lane_00790,site_0773,site_2070,1,707.39,622.9518961565385,622.9518961565385,1
lane_01314,site_1192,site_0328,26,803.4,620.5799705769662,620.5799705769662,30
lane_00858,site_0828,site_0164,4,1196.8,369.3300820596052,608.2757481634472,4
lane_02706,site_2166,site_1770,1,785.8,606.9849898921833,606.9849898921833,1
lane_01392,site_1247,site_1966,1,688.08,605.946847859584,605.946847859584,1
lane_02429,site_1998,site_1118,1,684.81,603.0671737046879,603.0671737046879,1
lane_01415,site_1248,site_1705,4,726.84,581.1014117624284,581.1014117624284,6
lane_01317,site_1192,site_0479,10,750.0,579.3315632719999,579.3315632719999,11
lane_02746,site_2192,site_2303,1,645.2,568.1852491556266,568.1852491556266,1
lane_02563,site_2119,site_1369,3,735.27,567.9534913693378,567.9534913693378,3
lane_01379,site_1242,site_0819,1,640.87,564.3721026447092,564.3721026447092,1
lane_03018,site_2381,site_0665,1,627.45,552.5539903637599,552.5539903637599,1
lane_01663,site_1430,site_0164,5,708.95,547.6228157089124,547.6228157089124,5
lane_02356,site_1890,site_1300,10,1068.8,329.8295385238186,543.2195184133459,15
lane_01386,site_1247,site_0373,1,611.24,538.2789083910186,538.2789083910186,1
lane_01320,site_1192,site_1222,15,689.4,532.5215729596223,532.5215729596223,24
lane_01885,site_1573,site_1926,6,774.0,478.1983985954559,529.7090786211838,10
lane_00706,site_0686,site_0534,42,672.0,519.0810806917119,519.0810806917119,84
lane_02528,site_2095,site_1530,3,641.9399999999999,519.0124415384173,519.0124415384173,5
lane_02695,site_2140,site_0874,1,585.95,516.0076669912266,516.0076669912266,1
lane_01900,site_1573,site_2044,9,667.26,515.4197052118328,515.4197052118328,9
lane_02515,site_2095,site_1063,3,662.97,512.105928669917,512.105928669917,6
lane_02507,site_2095,site_0782,5,618.88,505.0212760633942,505.0212760633942,7
lane_01699,site_1472,site_2398,1,653.0,504.40468108882123,504.40468108882123,1
lane_02568,site_2119,site_1725,3,652.86,504.2965391970105,504.2965391970105,3
lane_01700,site_1489,site_0929,2,605.62,500.5680593836137,500.5680593836137,2
lane_00955,site_0895,site_0934,3,642.09,495.9773379484245,495.9773379484245,3
lane_01695,site_1472,site_2008,2,639.4,493.89946874148893,493.89946874148893,2
lane_00837,site_0807,site_1133,5,638.81,493.443727911715,493.443727911715,5
lane_02556,site_2119,site_0191,6,618.0,488.51300615450657,488.51300615450657,8
lane_02682,site_2136,site_1941,5,630.0,486.6385131484799,486.6385131484799,8
lane_00348,site_0385,site_0380,5,783.6,387.2046808975205,481.07391082347505,5
lane_00209,site_0237,site_0255,111,945.7199999999999,291.84729713018874,480.66388749426415,5491
lane_02175,site_1762,site_0298,22,938.27,289.54824205720735,476.87741162209034,28
lane_01322,site_1192,site_1588,1,528.72,465.6089661090559,465.6089661090559,1
lane_01389,site_1247,site_1759,1,525.98,463.19602813217057,463.19602813217057,1
lane_02357,site_1890,site_1847,20,908.1999999999999,280.2687003062612,461.59428014876573,139
lane_02209,site_1763,site_0007,3,904.98,279.2750147579392,459.9577093691148,3
lane_01508,site_1339,site_1101,2,550.9,455.33988955852305,455.33988955852305,2
lane_01643,site_1414,site_1424,13,585.0,451.8786193521599,451.8786193521599,25
lane_02212,site_1763,site_0010,2,584.08,451.1679726345463,451.1679726345463,2
lane_02207,site_1763,site_0005,2,584.02,451.12162610948445,451.12162610948445,2
lane_00954,site_0895,site_0933,3,579.1500000000001,447.35983315863837,447.35983315863837,3
lane_01255,site_1133,site_2095,4,578.88,447.1512737958604,447.1512737958604,4
lane_02031,site_1701,site_2220,1,506.89,446.3847193808052,446.3847193808052,1
lane_02572,site_2119,site_2366,1,574.47,443.74480420382105,443.74480420382105,1
lane_03011,site_2373,site_0893,1,572.39,442.1381246683467,442.1381246683467,1
lane_02205,site_1763,site_0003,2,571.16,441.1880209045806,441.1880209045806,2
lane_01696,site_1472,site_2035,2,563.96,435.6264378971694,435.6264378971694,2
lane_02648,site_2128,site_2080,17,853.12,263.2711226660181,433.5997712844253,22
lane_00376,site_0385,site_2162,3,561.0,433.3400093274559,433.3400093274559,2
lane_00373,site_0385,site_2159,5,645.05,378.58271493513024,430.09738803682916,4
lane_01693,site_1472,site_1491,1,555.33,428.9602627091196,428.9602627091196,1
lane_00934,site_0895,site_0827,1,554.03,427.9560879994481,427.9560879994481,1
lane_01773,site_1530,site_1063,3,550.24,425.0285324997136,425.0285324997136,4
lane_02007,site_1637,site_2139,2,479.42,422.19369521108257,422.19369521108257,2
lane_01131,site_1063,site_0445,9,567.72,409.27153506400583,421.8656966764978,10
lane_00609,site_0647,site_1248,33,825.0,254.59334700799997,419.3077308111999,92
lane_02137,site_1762,site_0170,20,820.8399999999999,253.30957934308688,417.19340334432155,26
lane_01692,site_1472,site_1490,1,539.91,417.04920576824725,417.04920576824725,1
lane_01551,site_1339,site_2279,1,473.0,416.5400230170666,416.5400230170666,1
lane_00220,site_0246,site_2095,16,538.15,415.689707699769,415.689707699769,50
lane_02134,site_1762,site_0157,17,812.26,250.66180853420371,412.83260294388515,24
lane_01883,site_1573,site_1924,4,533.08,411.7734263320503,411.7734263320503,4
lane_02111,site_1762,site_0095,19,809.78,249.8964855031978,411.5721384924768,30
lane_01211,site_1118,site_1369,2,532.58,411.387205289869,411.387205289869,2
lane_01397,site_1248,site_0486,4,527.96,407.81852286011343,407.81852286011343,4
lane_02213,site_1763,site_0011,2,525.76,406.1191502745155,406.1191502745155,2
lane_02945,site_2322,site_2119,2,484.74,400.6561228255555,400.6561228255555,2
lane_01548,site_1339,site_2197,1,454.27,400.04574261302923,400.04574261302923,1
lane_01617,site_1414,site_1271,11,516.45,398.9277144690991,398.9277144690991,12
lane_01507,site_1339,site_0765,2,510.33000000000004,394.2003689127996,394.2003689127996,2
lane_02143,site_1762,site_0188,16,773.92,238.83016135325005,393.3462291265501,18
lane_02659,site_2128,site_2100,10,770.0,237.6204572074666,391.3538820904532,12
lane_01889,site_1573,site_1930,4,552.12,362.45632415314776,390.01453796691226,5
lane_00932,site_0895,site_0483,1,436.81,384.66986776762127,384.66986776762127,1
lane_01662,site_1425,site_0164,4,497.09,383.97323571583786,383.97323571583786,4
lane_02171,site_1762,site_0287,17,752.59,232.2477660906069,382.5052183408497,22
lane_00972,site_0925,site_0164,5,493.7,381.35465704984847,381.35465704984847,5
lane_00370,site_0385,site_1907,2,493.38,381.1074755828524,381.1074755828524,2
lane_02575,site_2128,site_0033,12,749.16,231.18927496304633,380.7619146842649,20
lane_02560,site_2119,site_0857,1,431.05,379.59741421037324,379.59741421037324,1
lane_02222,site_1763,site_2378,2,485.0,374.6344109158932,374.6344109158932,2
lane_00172,site_0191,site_0234,26,732.16,225.94310902469968,372.12163417057957,42
lane_01569,site_1361,site_1358,5,475.0,366.90999007226657,366.90999007226657,9
lane_01391,site_1247,site_1954,1,474.95,366.87136796804845,366.87136796804845,1
lane_02581,site_2128,site_0096,13,721.24,222.57321890430285,366.571524570024,21
lane_02106,site_1762,site_0089,14,719.17,221.93442105181006,365.51944335453413,22
lane_02896,site_2316,site_0749,13,488.28000000000003,342.3240530628441,357.32204640987004,13
lane_01176,site_1063,site_2058,4,460.0,355.3233588068266,355.3233588068266,4
lane_02002,site_1637,site_0703,1,459.37,354.8367202936781,354.8367202936781,1
lane_01923,site_1626,site_0703,1,458.3,354.01020726341005,354.01020726341005,1
lane_02527,site_2095,site_1521,2,427.96,353.725284326494,353.725284326494,25
lane_02947,site_2325,site_0501,1,457.62,353.48494664604345,353.48494664604345,1
lane_00410,site_0407,site_1052,2,457.43,353.3381826500145,353.3381826500145,2
lane_01316,site_1192,site_0469,6,455.15999999999997,351.58473911851127,351.58473911851127,6
lane_00570,site_0566,site_0611,5,455.0,351.46114838501325,351.46114838501325,6
lane_00463,site_0483,site_0895,1,397.42,349.9816827641493,349.9816827641493,1
lane_00345,site_0373,site_1759,2,452.8,349.7617757994154,349.7617757994154,2
lane_00933,site_0895,site_0826,1,452.19,349.29058612795416,349.29058612795416,1
lane_01427,site_1278,site_1118,3,450.65999999999997,348.1087497388793,348.1087497388793,3
lane_02859,site_2316,site_0712,12,477.48,331.91293391929486,347.8013832078508,13
lane_03051,site_2404,site_0874,1,391.31,344.6010072025546,344.6010072025546,1
lane_02092,site_1762,site_0060,13,673.4,207.80989075780258,342.2567587009237,19
lane_02946,site_2325,site_0500,1,443.03,342.2150166351921,342.2150166351921,1
lane_02046,site_1724,site_2095,2,441.66,341.1567709796153,341.1567709796153,2
lane_01770,site_1530,site_0385,3,403.74,340.98678339909566,340.98678339909566,4
lane_02954,site_2325,site_1260,1,439.93,339.82044617366785,339.82044617366785,1
lane_00806,site_0782,site_0792,6,494.4,306.25167263960185,338.8112141070271,6
lane_00087,site_0164,site_0202,22,664.8399999999999,205.16829190884692,337.90612333638563,30
lane_02810,site_2249,site_2404,2,408.82,337.90534334600727,337.90534334600727,2
lane_02566,site_2119,site_1530,2,436.69,337.3177338203328,337.3177338203328,2
lane_01097,site_0964,site_1265,1,382.0,336.4023018869333,336.4023018869333,1
lane_02767,site_2207,site_2414,2,434.0,335.23986461339723,335.23986461339723,2
lane_02956,site_2325,site_1262,1,433.92,335.17806924664825,335.17806924664825,1
lane_02955,site_2325,site_1261,1,433.91,335.17034482580465,335.17034482580465,1
lane_00375,site_0385,site_2161,4,516.04,278.92996163150264,330.4446347332016,2
lane_02986,site_2355,site_2157,2,372.2,327.7720857652266,327.7720857652266,2
lane_02603,site_2128,site_0251,10,637.92,196.86083384647674,324.2239850170674,12
lane_02063,site_1725,site_1985,5,636.25,196.34547519253329,323.3752045195466,6
lane_01851,site_1530,site_1907,1,418.0,322.8807912635946,322.8807912635946,1
lane_02689,site_2136,site_2372,3,413.19,319.16534483781015,319.16534483781015,3
lane_01903,site_1573,site_2047,6,410.52,317.1029244725619,317.1029244725619,6
lane_00804,site_0782,site_0790,9,443.7,296.9975257559669,316.6833902929311,10
lane_01340,site_1199,site_2397,2,408.26,315.35720536190223,315.35720536190223,1
lane_01550,site_1339,site_2223,1,401.92,310.45992254704294,310.45992254704294,1
lane_01177,site_1063,site_2059,3,399.0,308.2043916607039,308.2043916607039,3
lane_00953,site_0895,site_0932,2,398.84,308.08080092720587,308.08080092720587,2
lane_02208,site_1763,site_0006,2,599.26,184.93043530668368,304.57497062535714,2
lane_03019,site_2381,site_1118,1,344.16,303.07910004556794,303.07910004556794,1
lane_02561,site_2119,site_0925,3,374.07,302.4378976326071,302.4378976326071,3
lane_00366,site_0385,site_1668,4,377.04,291.2415634880998,291.2415634880998,5
lane_01437,site_1278,site_2322,1,377.03,291.2338390672561,291.2338390672561,1
lane_00925,site_0888,site_0504,2,375.38,289.9593096280577,289.9593096280577,2
lane_00738,site_0686,site_0697,5,375.0,289.66578163599996,289.66578163599996,6
lane_01201,site_1105,site_1296,2,448.0,242.15297808486395,286.87542895991464,2
lane_02893,site_2316,site_0746,12,563.4000000000001,173.864111156736,286.34906125943036,15
lane_01620,site_1414,site_1274,10,366.2,282.8682912936084,282.8682912936084,11
lane_02564,site_2119,site_1414,4,367.2,260.9239365488447,279.25215525567353,5
lane_00555,site_0534,site_0697,4,348.0,278.22256795625594,278.22256795625594,4
lane_02211,site_1763,site_0009,2,546.54,168.66114893788156,277.77993599703416,2
lane_00828,site_0782,site_0815,4,359.04,277.33760596957177,277.33760596957177,5
lane_00291,site_0328,site_0343,8,374.32,267.4372561416124,276.7790573757357,9
lane_01816,site_1530,site_1542,19,542.09,167.28788785402023,275.51821550962836,19
lane_02680,site_2136,site_1242,1,355.4,274.52591678249166,274.52591678249166,1
lane_02722,site_2192,site_1110,2,331.94,274.3610872028611,274.3610872028611,2
lane_02075,site_1762,site_0014,11,539.22,166.40221160442877,274.05953285820027,12
lane_02917,site_2316,site_1149,7,499.52,187.25078526732625,272.7345556542088,9
lane_02140,site_1762,site_0175,11,534.8199999999999,165.0443804203861,271.82322496054053,13
lane_01884,site_1573,site_1925,3,351.69,271.6601566495062,271.6601566495062,3
lane_02647,site_2128,site_2078,11,531.3,163.95811547315196,270.0341786424127,13
lane_01129,site_1063,site_0385,2,349.08,269.6440828093196,269.6440828093196,2
lane_00603,site_0647,site_0566,22,506.0,177.48741421241598,269.32816154510925,80
lane_02121,site_1762,site_0123,13,529.62,163.43967083924477,269.18031562694273,14
lane_01546,site_1339,site_2052,3,348.0,268.80984535820795,268.80984535820795,3
lane_00357,site_0385,site_0925,2,347.04,268.0683009572198,268.0683009572198,2
lane_01524,site_1339,site_1338,15,542.45,166.68222609331625,267.77892352675667,18
lane_02088,site_1762,site_0050,14,521.5,160.9338551086933,265.0533110521706,21
lane_01656,site_1414,site_1687,7,342.37,264.4609964232461,264.4609964232461,7
lane_00703,site_0686,site_0513,8,520.0,160.47095811413328,264.2909333597866,9
lane_01209,site_1118,site_1133,1,342.01,264.18291727287556,264.18291727287556,2
lane_02559,site_2119,site_0828,1,342.0,264.17519285203196,264.17519285203196,1
lane_00720,site_0686,site_0611,11,341.0,263.40275076766926,263.40275076766926,12
lane_01172,site_1063,site_1321,7,518.0,159.85376212138664,263.27442976994126,7
lane_00827,site_0782,site_0814,8,355.68,254.11969241410748,262.99630029761084,8
lane_00213,site_0246,site_0191,5,394.0,231.24035297177167,262.7057916231466,15
lane_01509,site_1339,site_1128,1,340.0,262.6303086833066,262.6303086833066,1
lane_00838,site_0807,site_1414,4,408.64,220.82244800542077,261.6396705808464,4
lane_00188,site_0191,site_0283,18,511.2,157.75529574604798,259.8183175644671,28
lane_02669,site_2128,site_2118,7,511.0,157.6935761467733,259.71666720548257,9
lane_01897,site_1573,site_2041,7,393.89000000000004,225.9556921161314,259.6592498492443,8
lane_00302,site_0347,site_1232,5,335.3,258.9998308868021,258.9998308868021,5
lane_00052,site_0164,site_0056,16,509.44,157.2121632724309,258.92379440540327,22
lane_01809,site_1530,site_1535,15,507.6,156.644342959104,257.9886111027456,19
lane_03024,site_2390,site_1054,1,289.83,255.23423862798393,255.23423862798393,1
lane_00219,site_0246,site_1762,11,330.18,255.0449274148652,255.0449274148652,27
lane_03053,site_2404,site_1736,1,289.11,254.60018193332797,254.60018193332797,1
lane_02912,site_2316,site_1036,3,328.9,254.05620154688097,254.05620154688097,3
lane_01853,site_1530,site_1931,4,328.64,253.8553666049467,253.8553666049467,4
lane_02934,site_2316,site_2320,6,369.6,228.3490027401557,252.94635072143356,6
lane_02723,site_2192,site_1258,1,327.0,252.58856158659194,252.58856158659194,1
lane_00595,site_0611,site_0691,27,496.79999999999995,153.31148459827196,252.4994917175807,30
lane_00137,site_0191,site_0113,5,496.55,153.23433509917865,252.37242876885009,6
lane_00999,site_0935,site_0488,1,326.0,251.81611950222927,251.81611950222927,1
lane_02966,site_2325,site_2332,2,321.26,248.15474402235023,248.15474402235023,2
lane_00871,site_0828,site_0841,6,320.21999999999997,247.35140425461304,247.35140425461304,6
lane_00061,site_0164,site_0105,16,484.16,149.41080592411305,246.0751890297583,23
lane_02066,site_1725,site_1989,3,359.43,222.06569820047122,245.98621980466683,5
lane_02139,site_1762,site_0172,10,481.9,148.7133744523093,244.926539973233,13
lane_02005,site_1637,site_1626,39,312.0,244.46408116181328,244.46408116181328,43
lane_02983,site_2355,site_1162,2,277.08,244.00615132678394,244.00615132678394,2
lane_02493,site_2071,site_1124,1,479.24,147.89250378195624,243.57459019873872,1
lane_02309,site_1855,site_1829,9,313.11,241.8593410347945,241.8593410347945,11
lane_02570,site_2119,site_2064,1,312.16,241.12552105465,241.12552105465,1
lane_01399,site_1248,site_0611,3,311.0,240.22948823678928,240.22948823678928,3
lane_02142,site_1762,site_0182,9,471.74,145.57801880915622,239.7627017368187,9
lane_02130,site_1762,site_0150,10,469.20000000000005,144.794179898368,238.47174217771516,13
lane_02916,site_2316,site_1148,5,356.8,209.40750746276177,237.90209759172262,5
lane_02877,site_2316,site_0730,11,466.84000000000003,144.06588862692692,237.27226794169766,14
lane_02769,site_2207,site_2416,1,305.26,235.79567067254757,235.79567067254757,1
lane_00805,site_0782,site_0791,4,332.6,218.34560134270984,234.94681469208692,5
lane_00698,site_0665,site_1998,1,303.23,234.22761324129138,234.22761324129138,1
lane_00868,site_0828,site_0838,3,339.15,209.5361587644042,232.10702069040633,3
lane_00157,site_0191,site_0192,16,456.48,140.86881338449916,232.00677934629886,20
lane_02825,site_2279,site_0002,1,300.29,231.95663351326513,231.95663351326513,1
lane_02614,site_2128,site_1168,6,456.0,140.72068634623997,231.76281848473596,6
lane_00128,site_0191,site_0067,17,455.77,140.6497088070741,231.64592057190376,21
lane_00151,site_0191,site_0160,18,455.40000000000003,140.53552754841598,231.45786740778235,27
lane_02323,site_1855,site_1876,11,446.49,137.78591940072957,226.92934391502138,15
lane_02079,site_1762,site_0021,9,444.06000000000006,137.0360262695424,225.69429205335933,12
lane_02387,site_1907,site_0385,1,291.66,225.29045832521533,225.29045832521533,1
lane_00592,site_0611,site_0650,6,291.24,224.96603264978296,224.96603264978296,11
lane_00384,site_0385,site_2290,6,289.5,223.62198342299195,223.62198342299195,6
lane_00788,site_0773,site_1398,2,269.33,222.61099008775494,222.61099008775494,2
lane_00553,site_0534,site_0686,18,288.0,222.46332029644793,222.46332029644793,21
lane_01231,site_1130,site_0405,2,287.82,222.32428072126265,222.32428072126265,2
lane_00169,site_0191,site_0224,15,433.69,133.83586504715092,220.42372094001124,18
lane_01337,site_1199,site_1903,2,284.3,219.60528458430608,219.60528458430608,2
lane_01442,site_1293,site_0373,1,284.12,219.4662450091208,219.4662450091208,1
lane_02557,site_2119,site_0385,1,283.32,218.84829134163067,218.84829134163067,1
lane_00368,site_0385,site_1670,3,282.78000000000003,218.43117261607486,218.43117261607486,4
lane_02098,site_1762,site_0078,9,304.65000000000003,203.9222362442085,217.43879840599837,11
lane_01902,site_1573,site_2046,5,425.75,131.38559695594665,216.38820168832527,5
lane_01447,site_1293,site_1720,3,279.0,215.51134153718397,215.51134153718397,3
lane_01311,site_1187,site_1901,3,278.28000000000003,214.95518323644282,214.95518323644282,3
lane_00882,site_0857,site_0496,2,277.08,214.02825273520762,214.02825273520762,2
lane_00793,site_0782,site_0164,2,276.1,213.27125949253224,213.27125949253224,2
lane_03059,site_2418,site_2413,1,276.0,213.19401528409594,213.19401528409594,1
lane_02082,site_1762,site_0035,8,417.6,128.870523285504,212.2459495597056,8
lane_02562,site_2119,site_1133,2,274.18,211.7881706905559,211.7881706905559,2
lane_02876,site_2316,site_0729,10,415.79999999999995,128.31504689203197,211.33109632884475,10
lane_00147,site_0191,site_0136,16,415.36,128.1792637736277,211.1074655390788,21
lane_02105,site_1762,site_0087,10,413.29999999999995,127.54355190109864,210.06046684153813,10
lane_01497,site_1300,site_1855,3,271.92,210.0424515798963,210.0424515798963,3
lane_02159,site_1762,site_0247,10,413.16999999999996,127.5034341615701,209.99439410819815,10
lane_00222,site_0246,site_2128,8,271.52,209.73347474615122,209.73347474615122,12
lane_02671,site_2128,site_2121,9,405.0,124.98218853119998,205.84197694367998,10
lane_00729,site_0686,site_0665,5,265.0,204.6971523561066,204.6971523561066,18
lane_00525,site_0534,site_0611,8,264.0,203.92471027174395,203.92471027174395,8
lane_00116,site_0191,site_0020,15,401.13,123.78791428523517,203.87504249732925,18
lane_00778,site_0768,site_1587,1,230.0,202.54588857066662,202.54588857066662,1
lane_00982,site_0925,site_0423,5,262.04999999999995,202.41844820723674,202.41844820723674,5
lane_00055,site_0164,site_0064,17,397.29,122.60289797916157,201.9233556048262,23
lane_00914,site_0857,site_1775,1,260.67,201.35247813081628,201.35247813081628,1
lane_00096,site_0164,site_0241,15,396.15,122.25109626329596,201.34394855861433,15
lane_00362,site_0385,site_1530,2,260.58,201.2829583432236,201.2829583432236,2
lane_02665,site_2128,site_2110,4,396.0,122.20480656384,201.26771078937597,4
lane_01472,site_1293,site_2237,1,227.91,200.70536288756796,200.70536288756796,1
lane_02033,site_1701,site_2230,1,259.52,200.4641697337992,200.4641697337992,1
lane_01494,site_1300,site_1391,1,259.35,200.33285457945757,200.33285457945757,1
lane_01227,site_1119,site_1988,2,312.38,168.8476502101558,200.03157700557617,2
lane_01654,site_1414,site_1437,13,392.47,121.11545563664212,199.47358195329895,15
lane_00347,site_0385,site_0379,2,310.98,168.09092215364063,199.13509129007645,1
lane_02863,site_2316,site_0716,10,391.1,120.69267638161064,198.7772769942549,13
lane_00102,site_0164,site_0272,12,390.53,120.51677552367782,198.48757347114895,19
lane_02592,site_2128,site_0181,7,390.10999999999996,120.38716436520103,198.27410771728142,8
lane_01817,site_1530,site_1543,13,390.0,120.35321858559998,198.21820001983994,15
lane_02924,site_2316,site_2309,5,353.49,141.5600303381428,198.1578891509078,6
lane_02169,site_1762,site_0282,8,389.6,120.22977938705064,198.0148993018709,9
lane_02430,site_1998,site_1248,1,256.04,197.77607128021714,197.77607128021714,1
lane_03031,site_2390,site_1966,1,224.4,197.61433650111996,197.61433650111996,1
lane_02173,site_1762,site_0294,8,388.48,119.8841496311125,197.4456572915575,11
lane_02683,site_2136,site_1942,2,254.0,196.2002894281173,196.2002894281173,2
lane_01892,site_1573,site_1934,2,253.64,195.92221027774673,195.92221027774673,4
lane_02944,site_2322,site_0782,1,252.02,194.67085410107921,194.67085410107921,1
lane_02958,site_2325,site_1980,1,382.57,118.06033547254611,194.44188918356454,1
lane_03017,site_2379,site_1763,1,250.17,193.24183624500827,193.24183624500827,1
lane_02064,site_1725,site_1986,2,248.86,192.2299371144932,192.2299371144932,3
lane_00605,site_0647,site_0665,9,378.0,116.65004262911997,192.11917848076797,138
lane_01445,site_1293,site_1718,2,300.0,162.15601211039996,192.10408189279997,2
lane_00108,site_0164,site_0299,9,377.64,116.53894735042559,191.93620783459582,12
lane_00130,site_0191,site_0073,11,376.41999999999996,116.16245779485011,191.31614064479012,14
lane_02925,site_2316,site_2310,5,310.79999999999995,153.57735429166587,190.80879464514553,5
lane_01779,site_1530,site_1499,5,375.0,115.72424863999997,190.59442309599999,5
lane_02526,site_2095,site_1414,2,229.34,190.35131770775527,190.35131770775527,5
lane_01178,site_1063,site_2060,2,246.0,190.02075275321596,190.02075275321596,2
lane_02144,site_1762,site_0204,7,373.17,115.15951430663678,189.66432231129147,8
lane_00060,site_0164,site_0101,11,370.04,114.19360257798824,188.07349419318354,13
lane_03061,site_2418,site_2419,1,243.0,187.70342650012796,187.70342650012796,1
lane_02838,site_2279,site_2288,1,242.09,187.00050420335793,187.00050420335793,1
lane_01826,site_1530,site_1554,9,367.87,113.52394492585812,186.97058779820136,10
lane_00118,site_0191,site_0024,13,364.26,112.40990615895039,185.13579881853053,15
lane_02637,site_2128,site_1464,15,363.75,112.25252118079999,184.87659040311993,19
lane_02660,site_2128,site_2101,6,363.6,112.20623148134399,184.80035263388154,6
lane_03006,site_2365,site_1489,1,238.0,183.84121607831463,183.84121607831463,1
lane_01179,site_1063,site_2061,2,238.0,183.84121607831463,183.84121607831463,2
lane_01297,site_1187,site_1222,7,238.0,183.84121607831463,183.84121607831463,9
lane_02590,site_2128,site_0173,6,361.02,111.41004865070079,183.48906300298108,7
lane_02394,site_1907,site_1570,1,359.08,110.81136853773651,182.50305452083109,1
lane_01901,site_1573,site_2045,6,358.56,110.65089757962238,182.23876358747128,6
lane_02935,site_2316,site_2321,4,284.32,153.68065787742972,182.06344187920294,4
lane_02104,site_1762,site_0085,9,358.02,110.48425466158078,181.9643076182131,10
lane_02664,site_2128,site_2109,9,357.48,110.31761174353917,181.68985164895483,13
lane_00441,site_0479,site_0451,8,245.52,175.41460549232923,181.5419805698083,10
lane_02395,site_1907,site_1580,1,356.52,110.02135766702077,181.20192992582906,1
lane_02390,site_1907,site_1512,1,355.66,109.75596339013973,180.7648333821956,1
lane_00063,site_0164,site_0115,17,354.96,109.53994479267836,180.40905712574968,19
lane_02117,site_1762,site_0116,7,354.92,109.52760087282343,180.3887270539528,7
lane_02600,site_2128,site_0213,8,352.72,108.84868528080212,179.27057310512296,10
lane_02068,site_1725,site_2095,1,232.04,179.23746125551313,179.23746125551313,1
lane_02721,site_2192,site_1095,1,231.75,179.01345305104795,179.01345305104795,1
lane_02928,site_2316,site_2313,5,351.75,108.54934522431996,178.77756886404796,5
lane_01888,site_1573,site_1929,2,231.26,178.63495642971026,178.63495642971026,2
lane_02477,site_2057,site_1358,1,230.62,178.14059349571815,178.14059349571815,1
lane_02123,site_1762,site_0127,7,350.42,108.13890988914343,178.1015939768008,10
lane_02278,site_1847,site_1867,6,230.28,177.87796318703482,177.87796318703482,6
lane_01881,site_1573,site_1578,13,349.31,107.79636611316906,177.53743448443666,16
lane_02920,site_2316,site_1947,2,229.22,177.0591745776104,177.0591745776104,2
lane_02558,site_2119,site_0782,2,214.0,176.87917292707198,176.87917292707198,2
lane_02651,site_2128,site_2086,4,348.0,107.39210273791998,176.87162463308795,4
lane_02409,site_1907,site_1920,10,347.8,107.33038313864529,176.76997427410345,12
lane_02745,site_2192,site_2226,1,228.77,176.7115756396472,176.7115756396472,1
lane_01362,site_1222,site_1232,3,228.69,176.6497802728982,176.6497802728982,3
lane_02939,site_2316,site_2402,4,228.56,176.54936280193104,176.54936280193104,4
lane_02086,site_1762,site_0046,9,345.78000000000003,106.70701518597117,175.74330564835967,10
lane_02851,site_2316,site_0704,7,345.45,106.60517784716797,175.57558255603516,7
lane_00212,site_0246,site_0164,10,298.67,133.69228633362854,175.44987830022163,17
lane_00983,site_0925,site_0424,4,226.84,175.22076241682726,175.22076241682726,4
lane_02281,site_1847,site_1873,19,343.90000000000003,106.12685095278931,174.78779227390504,25
lane_02151,site_1762,site_0221,6,254.82,157.43477510348072,174.39336875226107,7
lane_00702,site_0686,site_0486,1,225.62,174.27838307390482,174.27838307390482,1
lane_02184,site_1762,site_2085,8,342.0,105.54051475967998,173.82211386355198,8
lane_02126,site_1762,site_0140,8,340.96,105.2195728434517,173.29353199683234,10
lane_02393,site_1907,site_1542,1,339.6,104.79987956838399,172.60230955573755,1
lane_00966,site_0916,site_1257,1,195.74,172.37535751661864,172.37535751661864,1
lane_01595,site_1391,site_1592,2,223.0,172.2545848128746,172.2545848128746,2
lane_02392,site_1907,site_1522,1,337.68,104.2073714153472,171.62646610948605,1
lane_00139,site_0191,site_0119,15,337.65000000000003,104.19811347545598,171.61121855563837,17
lane_01414,site_1248,site_1266,1,222.0,171.48214272851195,171.48214272851195,1
lane_00295,site_0328,site_0348,3,221.91,171.4126229409193,171.4126229409193,3
lane_02864,site_2316,site_0717,8,336.24,103.76299030056958,170.8945835247974,7
lane_02658,site_2128,site_2097,8,336.0,103.68892678143997,170.77260309401598,9
lane_02498,site_2095,site_0191,2,206.0,170.26686739708796,170.26686739708796,2
lane_00696,site_0665,site_1248,4,220.0,169.9372585597866,169.9372585597866,4
lane_00047,site_0164,site_0037,11,333.3,102.85571219123199,169.40032324772474,13
lane_02391,site_1907,site_1517,1,331.32,102.24468815841279,168.39398469377787,1
lane_01980,site_1626,site_2144,1,217.9,168.31513018262504,168.31513018262504,1
lane_02853,site_2316,site_0706,7,331.1,102.17679659921066,168.2821692988949,8
lane_02856,site_2316,site_0709,6,281.46,130.37584439439763,167.83888315419452,6
lane_01895,site_1573,site_2038,4,216.52,167.24916010620456,167.24916010620456,5
lane_02062,site_1725,site_1983,2,260.68,140.90276412313023,166.9256402260503,2
lane_00264,site_0328,site_0315,4,215.08,166.13684350472232,166.13684350472232,4
lane_01845,site_1530,site_1577,5,215.0,166.0750481379733,166.0750481379733,6
lane_01224,site_1119,site_1778,2,214.68,165.82786667097724,165.82786667097724,2
lane_00991,site_0925,site_0433,8,224.0,160.03939243353597,165.6296987929173,7
lane_00089,site_0164,site_0223,13,324.09,100.01352464463358,164.719324216487,13
lane_01339,site_1199,site_2396,1,212.81,164.38339997321904,164.38339997321904,1
lane_02662,site_2128,site_2106,3,240.0,148.2785732078933,164.25087709183995,3
lane_02129,site_1762,site_0145,8,323.12,99.71418458815145,164.22631997541203,8
lane_01818,site_1530,site_1544,6,322.56,99.54136971018238,163.94169897025532,6
lane_01486,site_1300,site_1308,6,211.6,163.44874505114024,163.44874505114024,7
lane_01600,site_1391,site_1674,5,243.4,142.85254292723153,162.29083675399463,5
lane_02604,site_2128,site_0256,6,318.48,98.28228988497918,161.86803164697085,7
lane_00817,site_0782,site_0803,2,209.4,161.74937246554236,161.74937246554236,2
lane_01417,site_1248,site_2155,1,209.1,161.51763984023356,161.51763984023356,2
lane_01506,site_1339,site_0502,1,209.09,161.50991541938993,161.50991541938993,1
lane_00813,site_0782,site_0799,2,208.88,161.34770258167376,161.34770258167376,2
lane_02077,site_1762,site_0016,6,316.26,97.59720233303037,160.73971266224254,7
lane_00377,site_0385,site_2163,2,207.95999999999998,160.63705586406013,160.63705586406013,2
lane_02788,site_2249,site_0921,1,182.0,160.27544226026663,160.27544226026663,1
lane_00730,site_0686,site_0667,5,315.0,97.20836885759996,160.09931540063997,5
lane_00191,site_0191,site_0292,12,312.96,96.57882894499836,159.0624817389977,15
lane_02210,site_1763,site_0008,1,312.59,96.46464768634024,158.87442857487633,1
lane_01628,site_1414,site_1408,15,312.45,96.42144396684797,158.80327332358715,18
lane_02815,site_2262,site_2157,1,203.83,157.4468700556423,157.4468700556423,1
lane_01547,site_1339,site_2056,1,203.73,157.36962584720604,157.36962584720604,1
lane_01702,site_1489,site_1998,1,203.72,157.3619014263624,157.3619014263624,1
lane_01338,site_1199,site_2395,1,203.5,157.19196416780264,157.19196416780264,1
lane_00381,site_0385,site_2202,3,203.49,157.184239746959,157.184239746959,3
lane_01319,site_1192,site_1199,4,203.36,157.08382227599188,157.08382227599188,4
lane_02410,site_1907,site_1921,8,306.88,94.70255312704852,155.9723108258679,8
lane_02905,site_2316,site_0758,8,306.64,94.62848960791892,155.85033039508647,12
lane_01591,site_1391,site_1390,9,200.25,154.68152739362398,154.68152739362398,13
lane_02097,site_1762,site_0072,8,304.32,93.91254225633277,154.67118623086586,11
lane_02866,site_2316,site_0719,6,303.29999999999995,93.59777230003198,154.15276940004475,7
lane_02337,site_1867,site_0479,2,199.38,154.00950278022844,154.00950278022844,2
lane_01796,site_1530,site_1517,10,302.5,93.35089390293332,153.7461679641066,13
lane_02406,site_1907,site_1917,8,301.85,93.15030520529065,153.4158042974069,8
lane_02871,site_2316,site_0724,8,301.36,92.99909218706773,153.16676091789478,9
lane_03050,site_2404,site_0816,1,173.92,153.1599171313493,153.1599171313493,1
lane_00125,site_0191,site_0054,10,314.7,96.25414097281919,152.80208633594685,13
lane_01911,site_1588,site_1587,1,197.65,152.67317797428103,152.67317797428103,1
lane_00417,site_0437,site_2207,1,197.41,152.48779187403397,152.48779187403397,1
lane_01982,site_1626,site_2380,1,197.11,152.2560592487252,152.2560592487252,1
lane_01618,site_1414,site_1272,5,196.75,151.97798009835464,151.97798009835464,6
lane_02852,site_2316,site_0705,6,298.62,92.15353367700479,151.7741509998067,6
lane_01887,site_1573,site_1928,2,236.56,127.86542074945405,151.4804720418692,2
lane_02855,site_2316,site_0708,7,297.71000000000004,91.87270950030505,151.3116418664271,11
lane_02913,site_2316,site_1137,3,195.81,151.25188453905372,151.25188453905372,3
lane_00297,site_0328,site_1710,1,195.48,150.99697865121402,150.99697865121402,1
lane_02149,site_1762,site_0215,6,295.09000000000003,91.06418274980693,149.98002216372967,10
lane_00121,site_0191,site_0039,10,295.02,91.04258089006078,149.9444445380851,13
lane_01780,site_1530,site_1500,3,194.01,149.86148878720093,149.86148878720093,3
lane_02897,site_2316,site_0750,3,294.0,90.72781093375998,149.42602770726396,3
lane_03042,site_2397,site_1232,1,193.26,149.28215722392892,149.28215722392892,1
lane_00390,site_0385,site_2296,4,210.88,138.43872643160145,148.9644746911223,5
lane_02156,site_1762,site_0242,9,292.58,90.28960177890984,148.70431015847376,10
lane_00003,site_0010,site_1763,1,292.4,90.23405413956266,148.6128248353877,1
lane_03023,site_2390,site_1053,1,192.0,148.30888019763196,148.30888019763196,1
lane_02881,site_2316,site_0734,9,291.59999999999997,89.98717574246396,148.20622339944953,8
lane_00365,site_0385,site_1667,2,191.1,147.61368232170557,147.61368232170557,2
lane_00998,site_0935,site_0381,1,290.0,89.49341894826664,147.3930205275733,1
lane_02443,site_1998,site_2237,1,190.39,147.06524844180805,147.06524844180805,1
lane_02936,site_2316,site_2399,3,189.99,146.756271608063,146.756271608063,3
lane_02127,site_1762,site_0143,7,288.26,88.95645843457704,146.50866240440786,6
lane_02132,site_1762,site_0153,6,288.12,88.91325471508478,146.4375071531187,7
lane_00396,site_0405,site_2377,1,288.07,88.89782481526612,146.41209456337253,1
lane_00247,site_0281,site_2095,3,189.51,146.38549940756894,146.38549940756894,4
lane_01879,site_1573,site_1562,12,287.76,88.80215943639038,146.25453650694652,14
lane_00066,site_0164,site_0130,9,286.65000000000003,88.45961566041598,145.69037701458237,11
lane_00471,site_0497,site_2166,1,165.35,145.61288119634662,145.61288119634662,1
lane_02204,site_1763,site_0001,1,188.12,145.31180491030483,145.31180491030483,1
lane_01824,site_1530,site_1552,4,188.0,145.2191118601813,145.2191118601813,4
lane_03015,site_2373,site_2375,1,285.53,88.11398590447784,145.12113500426895,1
lane_02618,site_2128,site_1173,3,210.99,130.3554006713892,144.39705232336382,4
lane_00062,site_0164,site_0106,9,283.37,87.44741423231144,144.023311127236,11
lane_00952,site_0895,site_0931,1,185.98,143.6587788497687,143.6587788497687,1
lane_01837,site_1530,site_1568,7,282.31,87.12030035615572,143.484564224618,7
lane_02366,site_1895,site_1812,7,185.71,143.4502194869908,143.4502194869908,8
lane_01678,site_1472,site_1473,6,282.0,87.02463497727999,143.32700616819199,7
lane_00869,site_0828,site_0839,4,201.24,132.11024899039967,142.15483159541662,4
lane_01844,site_1530,site_1576,6,279.48,86.24696802641917,142.04621164498684,7
lane_01175,site_1063,site_1530,1,183.82,141.99030394754536,141.99030394754536,1
lane_01578,site_1369,site_1376,11,195.36,134.4285435957094,141.52024652018173,11
lane_00607,site_0647,site_0697,11,253.0,99.41212112996266,140.74045742967462,21
lane_01899,site_1573,site_2043,2,181.98,140.56901051231804,140.56901051231804,2
lane_00545,site_0534,site_0664,5,275.3,84.95702840157864,139.92171914221012,5
lane_00856,site_0819,site_2420,1,181.02,139.8274661113299,139.8274661113299,1
lane_03029,site_2390,site_1443,1,181.0,139.81201726964264,139.81201726964264,1
lane_03041,site_2394,site_1232,1,180.45,139.38717412324317,139.38717412324317,1
lane_01981,site_1626,site_2298,1,274.14,84.59905472578558,139.3321470600998,1
lane_02933,site_2316,site_2319,2,217.2,117.40095276792957,139.08335529038715,2
lane_00921,site_0874,site_2064,1,179.68,138.79239371828393,138.79239371828393,1
lane_01850,site_1530,site_1584,4,272.0,83.93865501354665,138.2444882189653,6
lane_00863,site_0828,site_0833,4,178.52,137.89636090042322,137.89636090042322,5
lane_01223,site_1119,site_1776,1,177.93,137.44062007064926,137.44062007064926,1
lane_00880,site_0857,site_0494,2,177.54000000000002,137.1393676577478,137.1393676577478,2
lane_02488,site_2064,site_2301,2,214.0,115.67128863875197,137.03424508353064,2
lane_02138,site_1762,site_0171,6,269.46,83.15481610275837,136.95352865986172,9
lane_02317,site_1855,site_1863,5,177.10000000000002,136.79949314062824,136.79949314062824,5
lane_02045,site_1721,site_1290,1,177.0,136.72224893219197,136.72224893219197,1
lane_01375,site_1242,site_0361,2,176.42,136.27423252326162,136.27423252326162,3
lane_01168,site_1063,site_1317,2,176.3,136.18153947313812,136.18153947313812,2
lane_01342,site_1202,site_1192,4,267.84,82.65488734863358,136.130160752087,6
lane_01206,site_1110,site_2194,1,175.78,135.7798695892695,135.7798695892695,1
lane_01823,site_1530,site_1551,8,266.88,82.35863327211517,135.64223902896126,8
lane_02179,site_1762,site_2074,5,266.70000000000005,82.30308563276799,135.55075370587517,5
lane_01135,site_1063,site_0449,5,265.65000000000003,81.97905773657598,135.01708932120638,5
lane_01652,site_1414,site_1435,9,264.5,81.62417004074665,134.43259975704532,12
lane_02584,site_2128,site_0109,6,264.48,81.61799808081918,134.42243472114683,6
lane_02811,site_2249,site_2405,1,152.53,134.32314949427732,134.32314949427732,1
lane_00845,site_0816,site_2404,1,173.39,133.93373300764273,133.93373300764273,1
lane_02059,site_1725,site_1779,1,173.21,133.79469343245748,133.79469343245748,1
lane_02089,site_1762,site_0051,7,263.06,81.17978892596905,133.70071717235666,7
lane_01558,site_1358,site_0408,1,173.05,133.67110269895943,133.67110269895943,1
lane_00391,site_0385,site_2297,3,195.27,120.64315412627218,133.63861987384828,3
lane_02982,site_2355,site_1125,1,151.72,133.6098357127893,133.6098357127893,1
lane_00780,site_0773,site_0411,1,172.6,133.32350376099623,133.32350376099623,1
lane_00718,site_0686,site_0576,4,260.0,80.23547905706664,132.1454666798933,4
lane_02125,site_1762,site_0137,6,259.62,80.11821181844478,131.9523309978227,7
lane_01810,site_1530,site_1536,7,259.21000000000004,79.99168663993171,131.7439477619044,11
lane_01659,site_1414,site_1691,5,170.2,131.46964275852585,131.46964275852585,5
lane_00534,site_0534,site_0635,6,258.0,79.61828306432,131.12896309004796,6
lane_02133,site_1762,site_0154,3,256.86,79.26648134845439,130.54955604383613,3
lane_01793,site_1530,site_1514,7,256.34,79.10601039034023,130.28526511047633,9
lane_01411,site_1248,site_1255,4,256.0,79.00108707157332,130.11245950020262,4
lane_01601,site_1391,site_1675,4,167.88,129.67757712280445,129.67757712280445,4
lane_00176,site_0191,site_0248,3,255.06,78.71100495498237,129.63470281297532,3
lane_00494,site_0534,site_0539,5,255.0,78.69248907519999,129.60420770527998,5
lane_01156,site_1063,site_1078,8,253.68,78.28513971998719,128.93331533598206,8
lane_01660,site_1414,site_1692,4,166.8,128.84333967169277,128.84333967169277,5
lane_02113,site_1762,site_0102,7,253.47,78.22033414074878,128.8265824590483,10
lane_00978,site_0925,site_0419,5,166.70000000000002,128.7660954632565,128.7660954632565,6
lane_02155,site_1762,site_0231,7,253.26,78.1555285615104,128.71984958211453,7
lane_02792,site_2249,site_1736,1,166.23,128.40304768360605,128.40304768360605,1
lane_02382,site_1895,site_1885,6,175.62,122.07956240032371,127.92342908386269,6
lane_01530,site_1339,site_1346,8,250.96,77.44575316985173,127.5508704537924,9
lane_00860,site_0828,site_0830,3,165.0,127.45294391983995,127.45294391983995,3
lane_02292,site_1855,site_1242,2,164.54,127.09762056103314,127.09762056103314,2
lane_00380,site_0385,site_2201,2,164.46,127.03582519428413,127.03582519428413,2
lane_00132,site_0191,site_0088,8,249.6,77.02605989478397,126.85964801269759,11
lane_03049,site_2404,site_0491,2,249.14,76.88410481645224,126.62585218703315,2
lane_02148,site_1762,site_0214,6,249.06,76.85941697674238,126.58519204343932,8
lane_02673,site_2128,site_2124,5,248.25,76.60945259967998,126.17350808955196,5
lane_01613,site_1414,site_1100,2,162.0,125.13561766675197,125.13561766675197,2
lane_02892,site_2316,site_0745,3,161.85000000000002,125.01975135409758,125.01975135409758,3
lane_02772,site_2220,site_2221,1,245.4,75.72994831001598,124.72499047402238,1
lane_01023,site_0964,site_0959,5,245.0,75.60650911146665,124.5216897560533,5
lane_02672,site_2128,site_2123,4,244.4,75.42135031364265,124.2167386790997,4
lane_02191,site_1762,site_2103,4,243.96,75.28556719523839,123.99310788933374,4
lane_02162,site_1762,site_0253,5,243.79999999999998,75.23619151581865,123.91178760214609,6
lane_00004,site_0012,site_0771,1,160.15,123.70659981068104,123.70659981068104,1
lane_02657,site_2128,site_2094,4,243.2,75.05103271799466,123.6068365251925,3
lane_01475,site_1300,site_1242,1,160.0,123.59073349802664,123.59073349802664,1
lane_00123,site_0191,site_0052,11,242.77,74.91833557955411,123.38828825337575,14
lane_02122,site_1762,site_0124,5,242.54999999999998,74.85044402035199,123.27647285849275,5
lane_02157,site_1762,site_0243,5,242.39999999999998,74.80415432089598,123.20023508925436,5
lane_01136,site_1063,site_0925,1,159.26,123.01912635559826,123.01912635559826,1
lane_01270,site_1187,site_1179,9,241.74,74.60047964328959,122.86478890460542,9
lane_00690,site_0665,site_0686,3,159.0,122.81829141366396,122.81829141366396,3
lane_01383,site_1242,site_1890,3,241.19,74.43075074528426,122.58525041739796,3
lane_01164,site_1063,site_1086,5,240.0,74.0635191296,121.98043078143998,4
lane_01882,site_1573,site_1582,9,239.94,74.04500324981758,121.94993567374462,10
lane_00467,site_0492,site_0928,1,239.65,73.95550983086932,121.80254265321705,1
lane_02078,site_1762,site_0017,6,239.34,73.8598444519936,121.64498459679103,9
lane_02165,site_1762,site_0275,5,239.20000000000002,73.81664073250133,121.57382934550185,9
lane_01639,site_1414,site_1420,9,239.04,73.76726505308159,121.4925090583142,9
lane_02598,site_2128,site_0209,4,239.04,73.76726505308159,121.4925090583142,4
lane_02902,site_2316,site_0755,6,238.32,73.54507449569279,121.1265677659699,6
lane_01094,site_0964,site_1033,5,238.16,73.49569881627306,121.04524747878227,5
lane_02573,site_2128,site_0025,4,237.53,73.30128207855785,120.72504884798099,6
lane_00117,site_0191,site_0023,8,237.53,73.30128207855786,120.72504884798097,10
lane_02686,site_2136,site_1945,1,156.2,120.6554535774485,120.6554535774485,1
lane_02780,site_2234,site_1998,1,136.69,120.3739022118453,120.3739022118453,1
lane_02060,site_1725,site_1981,1,155.4,120.03749990995837,120.03749990995837,1
lane_00960,site_0916,site_0665,1,154.15,119.07194730450504,119.07194730450504,1
lane_02289,site_1847,site_1891,13,234.0,72.21193115135999,118.93092001190396,21
lane_01008,site_0941,site_0944,4,233.29999999999998,71.99591255389865,118.5751437554581,4
lane_01827,site_1530,site_1555,7,232.04999999999998,71.61016505843197,117.93982901180476,8
lane_03047,site_2404,site_0489,1,231.7,71.50215575970131,117.76194088358181,1
lane_01141,site_1063,site_1062,14,231.49999999999997,71.44043616042664,117.66029052459729,18
lane_02423,site_1981,site_1725,1,152.31,117.65065386927773,117.65065386927773,1
lane_00854,site_0819,site_1952,3,231.27,71.36945862126078,117.54339261176511,3
lane_00867,site_0828,site_0837,2,151.36,116.91683388913322,116.91683388913322,2
lane_00114,site_0191,site_0018,10,229.60000000000002,70.85409996731732,116.69461211424422,13
lane_02602,site_2128,site_0226,5,229.60000000000002,70.85409996731732,116.69461211424422,6
lane_00221,site_0246,site_2119,6,195.41,89.86855663975317,116.15697229474387,12
lane_02663,site_2128,site_2107,3,228.0,70.36034317311999,115.88140924236798,4
lane_02588,site_2128,site_0161,4,228.0,70.36034317311999,115.88140924236797,4
lane_01210,site_1118,site_1278,1,150.0,115.86631265439998,115.86631265439998,1
lane_01789,site_1530,site_1510,3,150.0,115.86631265439996,115.86631265439996,3
lane_01582,site_1369,site_2322,1,149.22,115.2638078285971,115.2638078285971,1
lane_01160,site_1063,site_1082,9,225.63,69.62896592171519,114.67685248840125,9
lane_02115,site_1762,site_0107,5,225.45000000000002,69.57341828236798,114.58536716531518,6
lane_01574,site_1369,site_1371,9,148.01999999999998,114.33687732736189,114.33687732736189,9
lane_00185,site_0191,site_0270,7,224.76999999999998,69.36357164483411,114.23975594476775,9
lane_01646,site_1414,site_1428,7,224.0,69.12595118762665,113.8484020626773,7
lane_02237,site_1847,site_1232,1,146.69,113.30952935515954,113.30952935515954,1
lane_02908,site_2316,site_0761,4,222.92,68.79266535154345,113.29949012416081,5
lane_02029,site_1701,site_1769,1,146.66,113.28635609262867,113.28635609262867,1
lane_02379,site_1895,site_1867,4,146.6,113.2400095675669,113.2400095675669,4
lane_02903,site_2316,site_0756,5,222.8,68.75563359197866,113.23849990877011,7
lane_00159,site_0191,site_0194,7,222.46,68.65071027321173,113.06569429849642,7
lane_02678,site_2128,site_2135,3,222.0,68.50875519487998,112.83189847283197,3
lane_00704,site_0686,site_0514,2,146.0,112.77654431694931,112.77654431694931,2
lane_02770,site_2216,site_1594,1,221.66,68.40383187611305,112.65909286255827,1
lane_02601,site_2128,site_0222,5,220.9,68.16929739886932,112.27282149841704,5
lane_02006,site_1637,site_1627,18,144.0,112.09719785838931,112.09719785838931,18
lane_01802,site_1530,site_1527,4,220.0,67.89155920213332,111.81539488298664,4
lane_02607,site_2128,site_0288,6,219.89999999999998,67.86069940249598,111.76456970349436,6
lane_00360,site_0385,site_1518,2,174.4,94.26669504017917,111.67650627368104,1
lane_01821,site_1530,site_1547,5,155.0,105.34935634854398,111.53862410357331,5
lane_02153,site_1762,site_0229,5,219.25,67.66011070485332,111.43420603679465,7
lane_01130,site_1063,site_0444,2,144.0,111.23166014822397,111.23166014822397,2
lane_01594,site_1391,site_1394,2,143.82,111.09262057303869,111.09262057303869,2
lane_00143,site_0191,site_0132,7,218.4,67.39780240793597,111.0021920111104,7
lane_01694,site_1472,site_1492,1,143.63,110.94585657700978,110.94585657700978,1
lane_00331,site_0361,site_1976,4,218.04,67.28670712924158,110.8192213649382,5
lane_01868,site_1563,site_1530,4,217.16,67.01514089243305,110.37195978540626,4
lane_02301,site_1855,site_1805,5,196.64999999999998,78.92878396743646,110.33831955521757,6
lane_02725,site_2192,site_1922,1,142.79,110.29700522614515,110.29700522614515,1
lane_00984,site_0925,site_0425,2,142.52,110.08844586336724,110.08844586336724,2
lane_01782,site_1530,site_1503,5,216.5,66.81146621482664,110.0365136007573,6
lane_01065,site_0964,site_1002,4,216.0,66.65716721663998,109.78238770329597,4
lane_01406,site_1248,site_1249,4,216.0,66.65716721663998,109.78238770329597,4
lane_01806,site_1530,site_1532,2,142.0,109.68677597949863,109.68677597949863,2
lane_01890,site_1573,site_1932,1,142.0,109.68677597949863,109.68677597949863,1
lane_02803,site_2249,site_2255,7,215.75,66.58001771754665,109.65532475456531,8
lane_01922,site_1626,site_0438,1,141.21,109.07654673285214,109.07654673285214,1
lane_02613,site_2128,site_1167,2,170.32,92.06137327547773,109.06389075993897,2
lane_02114,site_1762,site_0104,7,214.41,66.16649640240638,108.97426734936894,8
lane_00873,site_0828,site_0843,4,140.88,108.82164084501245,108.82164084501245,4
lane_01017,site_0941,site_1245,1,140.82,108.77529431995069,108.77529431995069,1
lane_03060,site_2418,site_2417,1,213.0,65.73137322751998,108.25763231852797,1
lane_02587,site_2128,site_0156,6,212.82,65.67582558817278,108.16614699544188,6
lane_00781,site_0773,site_0772,3,171.0,85.37632658015998,108.13685961478397,4
lane_01140,site_1063,site_1061,8,212.08,65.44746307085653,107.79004066719914,10
lane_00088,site_0164,site_0216,7,211.33,65.21601457357653,107.40885182100712,7
lane_00372,site_0385,site_2158,1,139.01,107.37717414725427,107.37717414725427,1
lane_00861,site_0828,site_0831,2,138.74,107.16861478447636,107.16861478447636,2
lane_02914,site_2316,site_1142,2,138.72,107.15316594278909,107.15316594278909,2
lane_01110,site_1036,site_2322,1,138.44,106.93688215916755,106.93688215916755,1
lane_02275,site_1847,site_1862,14,210.14,64.84878295789224,106.80403218504917,18
lane_01154,site_1063,site_1076,9,210.06,64.82409511818238,106.76337204145533,12
lane_01448,site_1293,site_1722,2,210.0,64.8055792384,106.73287693375998,2
lane_00585,site_0611,site_0579,6,210.0,64.80557923839999,106.73287693375998,6
lane_02188,site_1762,site_2098,3,210.0,64.80557923839999,106.73287693375998,4
lane_02932,site_2316,site_2318,3,138.09,106.66652742964062,106.66652742964062,3
lane_01545,site_1339,site_2051,1,138.02,106.61245648373523,106.61245648373523,1
lane_01792,site_1530,site_1513,4,137.76,106.41162154180093,106.41162154180093,5
lane_00173,site_0191,site_0235,10,209.1,64.52784104166399,106.27545031832958,12
lane_01958,site_1626,site_1642,5,208.9,64.46612144238932,106.17379995934505,6
lane_01831,site_1530,site_1559,5,208.54000000000002,64.35502616369493,105.9908293131729,5
lane_02880,site_2316,site_0733,3,208.20000000000002,64.250102844928,105.81802370289918,3
lane_02891,site_2316,site_0744,5,208.15,64.23467294510931,105.79261111315304,5
lane_02923,site_2316,site_1950,2,208.14,64.23158696514558,105.78752859520382,2
lane_00174,site_0191,site_0236,8,208.0,64.18838324565333,105.71637334391463,12
lane_01653,site_1414,site_1436,5,136.54999999999998,105.4769666197221,105.4769666197221,6
lane_02487,site_2064,site_2300,1,136.21,105.2143363110388,105.2143363110388,1
lane_02644,site_2128,site_2073,3,207.0,63.87978524927999,105.20812154899197,6
lane_00106,site_0164,site_0293,7,206.15,63.61747695236265,104.77610752330772,9
lane_01924,site_1626,site_1056,1,135.34,104.54231169764329,104.54231169764329,1
lane_00383,site_0385,site_2204,2,135.28,104.49596517258152,104.49596517258152,2
lane_01142,site_1063,site_1064,6,205.20000000000002,63.32430885580799,104.2932683181312,7
lane_01847,site_1530,site_1580,5,205.0,63.26258925653332,104.19161795914664,6
lane_02589,site_2128,site_0162,5,204.14999999999998,63.00028095961599,103.75960393346239,6
lane_00419,site_0439,site_0441,1,204.09,62.98176507983359,103.729108825767,1
lane_02574,site_2128,site_0028,5,203.05,62.660823163605315,103.20052695904744,6
lane_02582,site_2128,site_0098,5,202.3,62.42937466632532,102.81933811285543,6
lane_01666,site_1441,site_2381,1,133.0,102.73479722023464,102.73479722023464,1
lane_03027,site_2390,site_1441,1,133.0,102.73479722023464,102.73479722023464,1
lane_03032,site_2390,site_1971,1,133.0,102.73479722023464,102.73479722023464,1
lane_00183,site_0191,site_0268,9,202.04999999999998,62.35222516723198,102.69227516412477,12
lane_02065,site_1725,site_1987,1,132.32,102.20953660286803,102.20953660286803,1
lane_01596,site_1391,site_1593,1,132.27,102.1709144986499,102.1709144986499,1
lane_01059,site_0964,site_0996,3,201.0,62.02819727103998,102.15861077945596,3
lane_01228,site_1119,site_2229,1,132.14,102.07049702768273,102.07049702768273,1
lane_00167,site_0191,site_0218,12,200.8,61.966477671765325,102.05696042047143,14
lane_00152,site_0191,site_0163,6,200.64,61.917101992345586,101.9756401332838,6
lane_02167,site_1762,site_0278,5,200.39999999999998,61.843038473215984,101.85365970250237,5
lane_01894,site_1573,site_1937,1,131.69,101.72289808971955,101.72289808971955,1
lane_00712,site_0686,site_0558,8,200.0,61.719599274666656,101.65035898453331,12
lane_01075,site_0964,site_1013,4,200.0,61.719599274666656,101.65035898453331,4
lane_00270,site_0328,site_0321,5,131.15,101.30577936416371,101.30577936416371,5
lane_01925,site_1626,site_1057,1,131.15,101.30577936416371,101.30577936416371,1
lane_01240,site_1133,site_1141,8,198.96,61.398657358438385,101.12177711781374,10
lane_00529,site_0534,site_0622,5,198.95,61.395571378474656,101.1166945998645,5
lane_02300,site_1855,site_1802,5,198.55,61.27213217992532,100.91339388189544,5
lane_02128,site_1762,site_0144,6,197.57999999999998,60.972792123443185,100.42038964082045,7
lane_01470,site_1293,site_1771,1,113.73,100.15453872670399,100.15453872670399,1
lane_01242,site_1133,site_1145,14,196.0,60.48520728917331,99.61735180484266,16
lane_00266,site_0328,site_0317,4,128.72,99.42874509916243,99.42874509916243,5
lane_00428,site_0469,site_0413,1,128.72,99.42874509916243,99.42874509916243,1
lane_00099,site_0164,site_0262,11,195.03,60.18586723269119,99.12434756376766,12
lane_01832,site_1530,site_1560,5,195.0,60.17660929279999,99.10910000991997,5
lane_00103,site_0164,site_0280,8,194.96,60.164265372945046,99.08876993812308,9
lane_00440,site_0479,site_0450,2,128.0,98.87258679842131,98.87258679842131,2
lane_00859,site_0828,site_0829,2,128.0,98.87258679842131,98.87258679842131,2
lane_02927,site_2316,site_2312,2,127.68,98.62540533142526,98.62540533142526,2
lane_01829,site_1530,site_1557,3,127.64,98.59450764805075,98.59450764805075,4
lane_02688,site_2136,site_2371,1,127.41,98.41684596864734,98.41684596864734,1
lane_01336,site_1199,site_1900,1,127.31,98.33960176021107,98.33960176021107,1
lane_00077,site_0164,site_0167,6,193.44,59.6951964184576,98.3162272098406,7
lane_01828,site_1530,site_1556,7,193.17,59.61187495943679,98.1789992252115,9
lane_01611,site_1398,site_2149,1,127.04,98.13104239743315,98.13104239743315,1
lane_01983,site_1626,site_2409,2,127.04,98.13104239743315,98.13104239743315,2
lane_02937,site_2316,site_2400,3,192.84,59.5100376206336,98.011276132887,3
lane_01372,site_1232,site_1890,1,126.48,97.69847483019007,97.69847483019007,1
lane_01629,site_1414,site_1409,8,192.0,59.25081530367999,97.58434462515199,9
lane_02656,site_2128,site_2093,3,192.0,59.25081530367999,97.58434462515197,4
lane_02145,site_1762,site_0208,4,191.88,59.21378354411519,97.52335440976125,4
lane_01822,site_1530,site_1550,4,138.0,90.59438660641598,97.48244265636797,7
lane_02047,site_1725,site_1372,1,126.02,97.34315147138322,97.34315147138322,1
lane_02174,site_1762,site_0296,4,191.24,59.01628082643625,97.19807326101076,5
lane_01433,site_1278,site_1282,5,125.8,97.17321421282344,97.17321421282344,6
lane_00145,site_0191,site_0134,10,191.0,58.94221730730665,97.07609283022931,10
lane_02161,site_1762,site_0252,4,190.84,58.89284162788693,96.99477254304168,4
lane_00836,site_0807,site_0782,6,190.5,58.78791830911999,96.82196693276798,6
lane_02953,site_2325,site_0926,1,190.04,58.64596323078825,96.58817110710355,1
lane_01843,site_1530,site_1575,5,190.0,58.63361931093331,96.56784103530666,5
lane_01369,site_1232,site_0361,1,125.0,96.55526054533331,96.55526054533331,1
lane_01028,site_0964,site_0965,3,189.0,58.32502131455998,96.05958924038397,3
lane_02401,site_1907,site_1912,6,188.46,58.158378396518394,95.78513327112573,6
lane_00830,site_0782,site_2095,1,123.88,95.69012541084712,95.69012541084712,1
lane_02061,site_1725,site_1982,1,123.81,95.63605446494174,95.63605446494174,1
lane_02652,site_2128,site_2087,2,188.0,58.01642331818665,95.55133744546131,4
lane_00071,site_0164,site_0148,7,187.67,57.914585979383446,95.38361435313685,7
lane_01019,site_0964,site_0611,1,123.0,95.01037637660798,95.01037637660798,1
lane_01811,site_1530,site_1537,5,186.8,57.64610572253866,94.9414352915541,5
lane_02052,site_1725,site_1728,4,122.69999999999999,94.77864375129917,94.77864375129917,5
lane_01371,site_1232,site_1855,1,122.45,94.58553323020851,94.58553323020851,1
lane_02670,site_2128,site_2120,5,185.10000000000002,57.121489128703985,94.0774072401856,5
lane_00829,site_0782,site_1762,1,121.45,93.81309114584585,93.81309114584585,1
lane_01067,site_0964,site_1004,4,184.0,56.78203133269333,93.51833026577064,4
lane_00928,site_0888,site_0891,4,184.0,56.78203133269333,93.51833026577064,4
lane_01090,site_0964,site_1029,2,184.0,56.78203133269333,93.51833026577064,2
lane_00799,site_0782,site_0785,2,120.94,93.41914568282088,93.41914568282088,2
lane_01202,site_1105,site_2140,1,105.86,93.22394680039464,93.22394680039464,1
lane_01026,site_0964,site_0962,3,183.0,56.473433336319985,93.01007847084799,3
lane_00986,site_0925,site_0427,6,120.0,92.69305012351998,92.69305012351998,8
lane_01612,site_1414,site_1099,1,120.0,92.69305012351998,92.69305012351998,1
lane_00894,site_0857,site_0856,7,182.24,56.23889885907626,92.62380710670675,9
lane_01444,site_1293,site_1292,2,182.0,56.164835339946656,92.50182667592533,1
lane_02606,site_2128,site_0274,4,181.76,56.090771820817054,92.37984624514387,4
lane_02612,site_2128,site_1166,2,119.51,92.31455350218226,92.31455350218226,1
lane_00579,site_0566,site_1252,2,143.7,77.67272980088157,92.01785522665116,2
lane_01173,site_1063,site_1322,2,143.19,77.42257600513332,91.70580875335261,2
lane_01162,site_1063,site_1084,7,180.32000000000002,55.646390706039455,91.64796366045523,7
lane_02280,site_1847,site_1869,12,180.12,55.58467110676478,91.54631330147072,16
lane_01469,site_1293,site_1758,3,180.0,55.54763934719999,91.48532308607997,6
lane_00660,site_0665,site_0622,3,180.0,55.54763934719999,91.48532308607997,3
lane_02957,site_2325,site_1585,1,179.9,55.516779547562656,91.43449790658771,1
lane_02201,site_1762,site_2130,2,179.2,55.30076095010131,91.07872165014184,2
lane_02482,site_2064,site_1115,1,117.31,90.6151809165844,90.6151809165844,1
lane_00126,site_0191,site_0055,16,178.28,55.016850793437854,90.611129998813,18
lane_00779,site_0773,site_0302,1,117.22,90.54566112899177,90.54566112899177,1
lane_02067,site_1725,site_1990,1,116.73,90.16716450765406,90.16716450765406,1
lane_01833,site_1530,site_1561,6,177.19,54.680478977390926,90.05713554234728,7
lane_02576,site_2128,site_0043,3,176.91,54.59407153840638,89.91482503976894,4
lane_02136,site_1762,site_0168,4,176.76,54.547781838950385,89.83858727053052,4
lane_01161,site_1063,site_1083,3,176.39999999999998,54.436686560255986,89.65561662435837,3
lane_02053,site_1725,site_1729,2,140.0,75.67280565151998,89.64857154997331,2
lane_03048,site_2404,site_0490,1,116.05,89.64190389028744,89.64190389028744,1
lane_02363,site_1895,site_1798,4,116.0,89.60328178606932,89.60328178606932,4
lane_01849,site_1530,site_1583,4,176.0,54.31324736170665,89.45231590638932,4
lane_00371,site_0385,site_2039,1,115.75,89.41017126497864,89.41017126497864,2
lane_00272,site_0328,site_0323,2,115.2,88.98532811857918,88.98532811857918,2
lane_02687,site_2136,site_2370,1,115.18,88.96987927689193,88.96987927689193,1
lane_02768,site_2207,site_2415,1,115.0,88.83083970170665,88.83083970170665,1
lane_02684,site_2136,site_1943,1,114.97,88.80766643917576,88.80766643917576,1
lane_02628,site_2128,site_1454,4,125.64,82.48028067558046,88.75140648801502,5
lane_00876,site_0838,site_0828,1,114.85,88.71497338905225,88.71497338905225,1
lane_01051,site_0964,site_0988,2,174.0,53.69605136895999,88.43581231654397,2
lane_02674,site_2128,site_2126,2,174.0,53.69605136895999,88.43581231654397,2
lane_01159,site_1063,site_1081,3,174.0,53.696051368959985,88.43581231654397,3
lane_00518,site_0534,site_0601,5,173.79999999999998,53.63433176968531,88.33416195755943,6
lane_01174,site_1063,site_1323,2,114.0,88.05839761734399,88.05839761734399,2
lane_01532,site_1339,site_1348,6,186.5,56.93785804373333,87.98402371815466,6
lane_01376,site_1242,site_0469,2,113.32,87.53313699997736,87.53313699997736,2
lane_01689,site_1472,site_1484,4,172.0,53.078855376213326,87.41930872669865,4
lane_02080,site_1762,site_0022,4,171.89000000000001,53.04490959661226,87.36340102925716,6
lane_00006,site_0021,site_2070,3,171.73000000000002,52.99553391719253,87.28208074206954,3
lane_01786,site_1530,site_1507,3,171.0,52.77025737983999,86.91105693177597,3
lane_01614,site_1414,site_1268,3,126.87,78.3837607620226,86.8271199026739,3
lane_02518,site_2095,site_1154,1,170.45,52.60052848183466,86.6315184445685,1
lane_00059,site_0164,site_0097,6,170.39999999999998,52.58509858201599,86.60610585482237,6
lane_02135,site_1762,site_0159,4,170.28,52.54806682245118,86.54511563943167,4
lane_00257,site_0328,site_0308,5,170.2,52.52337898274132,86.50445549583785,5
lane_01857,site_1541,site_1497,4,169.16,52.20243706651305,85.97587362911827,4
lane_00532,site_0534,site_0633,4,169.12,52.19009314665813,85.95554355732138,4
lane_01898,site_1573,site_2042,1,110.75,85.54796084316531,85.54796084316531,1
lane_00777,site_0768,site_0770,1,110.6,85.43209453051091,85.43209453051091,1
lane_01658,site_1414,site_1690,4,110.56,85.4011968471364,85.4011968471364,7
lane_01234,site_1133,site_1134,7,168.0,51.844463390719994,85.38630154700799,7
lane_02650,site_2128,site_2083,2,168.0,51.84446339071999,85.38630154700799,2
lane_02894,site_2316,site_0747,4,167.12,51.572897153911455,84.93903996747603,4
lane_01842,site_1530,site_1574,5,166.75,51.45871589525331,84.75098680335465,6
lane_01651,site_1414,site_1434,5,166.5,51.38156639615999,84.62392385462397,5
lane_02591,site_2128,site_0180,3,166.23000000000002,51.29824493713919,84.48669586999486,3
lane_01308,site_1187,site_1243,7,166.11,51.2612131775744,84.42570565460414,7
lane_01905,site_1573,site_2049,1,108.77,84.01852551612723,84.01852551612723,1
lane_01797,site_1530,site_1522,7,114.30999999999999,80.72328070663059,83.98362723694119,8
lane_02308,site_1855,site_1822,4,165.16,50.968045081019724,83.9428664494276,5
lane_00536,site_0534,site_0648,5,165.0,50.91866940159999,83.86154616223999,8
lane_01584,site_1383,site_1381,1,165.0,50.918669401599985,83.86154616223997,1
lane_01730,site_1521,site_1527,3,165.0,50.91866940159999,83.86154616223997,3
lane_01825,site_1530,site_1553,4,164.92,50.893981561890115,83.82088601864616,4
lane_01511,site_1339,site_1324,3,164.79,50.85386382236159,83.75481328530623,3
lane_00361,site_0385,site_1523,1,164.33,50.711908744029856,83.52101745964181,1
lane_02889,site_2316,site_0742,2,108.04,83.4546427945425,83.4546427945425,2
lane_00721,site_0686,site_0612,2,164.0,50.610071405226655,83.35329436731732,2
lane_01170,site_1063,site_1319,2,164.0,50.610071405226655,83.35329436731732,2
lane_00140,site_0191,site_0125,8,163.44,50.43725652725758,83.06867336216062,10
lane_01528,site_1339,site_1344,4,163.38,50.41874064747519,83.03817825446527,4
lane_01886,site_1573,site_1927,1,106.74,82.45046808487102,82.45046808487102,1
lane_00563,site_0566,site_0540,2,162.0,49.99287541247998,82.33679077747199,2
lane_02474,site_2041,site_1497,3,160.98,49.67810545617918,81.81837394665085,3
lane_00107,site_0164,site_0297,5,160.7,49.59169801719466,81.6760634440725,5
lane_01495,site_1300,site_1677,1,105.58,81.55443526701032,81.55443526701032,1
lane_01181,site_1063,site_2268,6,160.26,49.45591489879039,81.45243265430656,6
lane_00825,site_0782,site_0812,5,160.2,49.437399019007984,81.42193754661119,5
lane_02878,site_2316,site_0731,4,160.12,49.41271117929813,81.38127740301736,5
lane_01637,site_1414,site_1418,4,160.0,49.37567941973332,81.32028718762665,4
lane_01819,site_1530,site_1545,5,160.0,49.37567941973333,81.32028718762663,5
lane_02253,site_1847,site_1816,10,160.0,49.37567941973333,81.32028718762663,10
lane_01079,site_0964,site_1017,3,159.0,49.067081423359994,80.81203539270399,3
lane_02817,site_2263,site_2265,3,159.0,49.067081423359994,80.81203539270399,3
lane_01803,site_1530,site_1528,3,159.0,49.067081423359994,80.81203539270399,3
lane_01290,site_1187,site_1209,4,158.88,49.03004966379519,80.75104517731326,6
lane_00085,site_0164,site_0197,7,158.83,49.014619763976526,80.72563258756713,5
lane_00200,site_0204,site_2070,3,158.67000000000002,48.96524408455679,80.64431230037948,3
lane_00287,site_0328,site_0339,6,158.34,48.86340674575359,80.47658920805502,6
lane_00819,site_0782,site_0805,6,158.34,48.86340674575359,80.47658920805502,6
lane_00590,site_0611,site_0626,2,104.16,80.45756750721534,80.45756750721534,2
lane_00075,site_0164,site_0165,14,158.20000000000002,48.82020302626132,80.40543395676586,17
lane_01942,site_1626,site_1618,3,158.07,48.780085286732785,80.3393612234259,4
lane_00988,site_0925,site_0429,4,104.0,80.33397677371731,80.33397677371731,4
lane_02336,site_1867,site_0361,1,104.0,80.33397677371731,80.33397677371731,1
lane_02753,site_2207,site_1666,1,104.0,80.33397677371731,80.33397677371731,1
lane_02883,site_2316,site_0736,4,157.51,48.607270408763725,80.05474021826922,4
lane_02094,site_1762,site_0062,5,157.45,48.588754528981326,80.02424511057384,5
lane_02906,site_2316,site_0759,5,157.0,48.44988543061333,79.79553180285865,6
lane_02490,site_2070,site_0191,1,103.0,79.56153468935464,79.56153468935464,1
lane_01482,site_1300,site_1304,3,102.99,79.55381026851101,79.55381026851101,3
lane_02705,site_2157,site_2242,1,156.16,48.190663113659724,79.36860029512361,1
lane_00179,site_0191,site_0263,6,156.12,48.17831919380479,79.3482702233267,7
lane_02699,site_2145,site_1714,1,102.56,79.22166017223508,79.22166017223508,1
lane_02585,site_2128,site_0111,3,155.76,48.06722391511039,79.16529957715454,3
lane_02865,site_2316,site_0718,4,155.12,47.86972119743146,78.84001842840404,4
lane_00981,site_0925,site_0422,2,101.9,78.71184839655572,78.71184839655572,2
lane_02103,site_1762,site_0083,4,154.72,47.746281998882125,78.63671771043498,4
lane_02617,site_2128,site_1172,2,101.4,78.32562735437439,78.32562735437439,2
lane_00791,site_0773,site_2407,1,154.05,47.539521341311996,78.29618900783679,1
lane_02583,site_2128,site_0108,4,153.68,47.425340082653854,78.1081358437154,4
lane_02577,site_2128,site_0075,3,153.54,47.38213636316159,78.03698059242623,4
lane_02858,site_2316,site_0711,3,153.06,47.234009324902395,77.79301973086336,3
lane_01927,site_1626,site_1601,3,153.0,47.21549344511999,77.76252462316798,3
lane_02110,site_1762,site_0094,4,152.76,47.14142992599039,77.64054419238653,9
lane_02158,site_1762,site_0245,3,152.49,47.058108466969585,77.50331620775742,5
lane_00256,site_0328,site_0307,2,100.32,77.4913899032627,77.4913899032627,2
lane_01385,site_1246,site_1400,1,100.29,77.46821664073182,77.46821664073182,1
lane_01225,site_1119,site_1780,1,100.28,77.4604922198882,77.4604922198882,1
lane_03057,site_2407,site_0773,1,152.16,46.956271128166385,77.33559311543293,1
lane_01423,site_1258,site_1599,1,152.0,46.90689544874665,77.25427282824532,1
lane_01212,site_1119,site_1116,1,100.01,77.25193285711028,77.25193285711028,1
lane_02120,site_1762,site_0120,4,151.96,46.894551528891725,77.23394275644841,5
lane_00995,site_0925,site_1559,2,151.9,46.876035649109326,77.20344764875306,3
lane_01820,site_1530,site_1546,5,151.8,46.845175849471985,77.15262246926076,5
lane_02685,site_2136,site_1944,1,99.82,77.10516886108137,77.10516886108137,1
lane_02338,site_1867,site_1855,5,99.79,77.08199559855049,77.08199559855049,4
lane_01309,site_1187,site_1898,1,99.79,77.08199559855049,77.08199559855049,1
lane_02194,site_1762,site_2111,2,150.6,46.47485825382399,76.54272031535358,2
lane_01251,site_1133,site_1157,3,99.0,76.47176635190398,76.47176635190398,3
lane_00967,site_0918,site_0916,1,99.0,76.47176635190398,76.47176635190398,1
lane_01772,site_1530,site_0925,1,98.48,76.0700964680354,76.0700964680354,1
lane_01707,site_1497,site_0925,1,98.46,76.05464762634814,76.05464762634814,1
lane_01261,site_1162,site_1165,1,98.39,76.00057668044276,76.00057668044276,1
lane_01221,site_1119,site_1287,1,98.3,75.93105689285011,75.93105689285011,1
lane_00693,site_0665,site_0964,1,86.0,75.73454963946665,75.73454963946665,1
lane_03025,site_2390,site_1439,1,149.0,45.98110145962666,75.72951744347732,1
lane_00298,site_0328,site_1847,1,97.89,75.61435563826143,75.61435563826143,1
lane_02861,site_2316,site_0714,4,148.76,45.907037940497055,75.60753701269587,4
lane_00073,site_0164,site_0152,7,148.75,45.90395196053333,75.60245449474667,7
lane_00250,site_0298,site_2070,3,148.56,45.84531834122239,75.50588665371134,3
lane_01523,site_1339,site_1337,4,148.0,45.67250346325332,75.22126564855465,4
lane_00970,site_0921,site_0923,1,148.0,45.67250346325332,75.22126564855465,1
lane_01891,site_1573,site_1933,1,97.06,74.97322870824041,74.97322870824041,1
lane_01518,site_1339,site_1332,3,147.5,45.51820446506665,74.96713975109331,3
lane_00267,site_0328,site_0318,2,96.98,74.9114333414914,74.9114333414914,2
lane_00527,site_0534,site_0619,3,147.38,45.48117270550186,74.9061495357026,3
lane_02276,site_1847,site_1864,9,147.15,45.41019516633599,74.7892516228704,9
lane_01775,site_1530,site_1494,3,147.0,45.36390546687999,74.71301385363198,3
lane_03058,site_2408,site_0773,1,146.99,45.360819486916256,74.70793133568276,1
lane_01527,site_1339,site_1343,2,146.92,45.33921762717012,74.67235371003817,2
lane_02915,site_2316,site_1143,2,146.82,45.30835782753279,74.6215285305459,2
lane_01657,site_1414,site_1689,2,96.6,74.61790534943358,74.61790534943358,3
lane_02095,site_1762,site_0066,3,146.76,45.28984194775039,74.59103342285054,5
lane_02901,site_2316,site_0754,4,146.44,45.191090588910924,74.42839284847528,4
lane_00057,site_0164,site_0071,6,146.28,45.141714909491185,74.34707256128766,9
lane_02887,site_2316,site_0740,4,146.27,45.13862892952746,74.34199004333844,4
lane_01145,site_1063,site_1067,2,146.08,45.079995310216525,74.24542220230315,2
lane_01966,site_1626,site_1650,3,145.98000000000002,45.0491355105792,74.19459702281085,3
lane_01194,site_1089,site_1094,2,96.0,74.15444009881598,74.15444009881598,2
lane_01407,site_1248,site_1250,1,96.0,74.15444009881598,74.15444009881598,1
lane_00416,site_0421,site_0925,2,96.0,74.15444009881598,74.15444009881598,2
lane_00990,site_0925,site_0431,4,96.0,74.15444009881598,74.15444009881598,4
lane_00956,site_0895,site_2050,1,145.87,45.01518973097813,74.13868932536937,1
lane_02294,site_1855,site_1783,3,95.97,74.1312668362851,74.1312668362851,4
lane_02109,site_1762,site_0092,3,145.68,44.95655611166719,74.04212148433406,3
lane_02119,site_1762,site_0118,3,145.53,44.910266412211186,73.96588371509566,3
lane_02918,site_2316,site_1158,2,114.78,62.04089023343902,73.49902173218526,2
lane_00309,site_0361,site_0354,5,119.3,58.95038084618964,73.24159974635091,7
lane_01078,site_0964,site_1016,3,144.0,44.438111477759996,73.18825846886399,3
lane_01048,site_0964,site_0985,6,144.0,44.438111477759996,73.18825846886399,9
lane_00915,site_0857,site_1777,1,94.71,73.15798980998814,73.15798980998814,1
lane_01243,site_1133,site_1146,8,143.84,44.388735798340264,73.10693818167636,9
lane_00557,site_0551,site_0665,9,252.0,72.76190777855999,72.76190777855999,17
lane_01072,site_0964,site_1010,3,143.04,44.141857401241595,72.70033674573821,3
lane_03012,site_2373,site_1401,1,142.97,44.12025554149545,72.66475912009363,1
lane_00328,site_0361,site_1686,4,142.92,44.10482564167678,72.6393465303475,4
lane_02460,site_2011,site_2146,1,93.99,72.60183150924702,72.60183150924702,1
lane_01732,site_1521,site_1534,3,142.62,44.012246242764796,72.48687099187072,3
lane_02426,site_1991,site_2150,1,93.54,72.25423257128382,72.25423257128382,1
lane_00719,site_0686,site_0586,2,142.0,43.82091548501333,72.17175487901865,2
lane_01974,site_1626,site_1660,2,142.0,43.82091548501333,72.17175487901865,1
lane_00733,site_0686,site_0685,2,142.0,43.82091548501333,72.17175487901865,4
lane_01412,site_1248,site_1256,1,93.0,71.83711384572798,71.83711384572798,1
lane_00095,site_0164,site_0240,8,141.2,43.574037087914654,71.76515344308051,9
lane_00639,site_0665,site_0572,4,141.08,43.53700532834986,71.7041632276898,3
lane_01798,site_1530,site_1523,3,141.06,43.53083336842239,71.69399819179134,3
lane_00115,site_0191,site_0019,7,140.28,43.29012693125119,71.29756179175166,7
lane_01052,site_0964,site_0989,2,140.0,43.20371949226666,71.15525128917332,2
lane_01632,site_1414,site_1412,5,139.8,43.14199989299199,71.0536009301888,7
lane_01149,site_1063,site_1071,3,139.64999999999998,43.095710193535986,70.97736316095039,3
lane_01645,site_1414,site_1427,5,139.5,43.04942049407999,70.90112539171199,6
lane_01954,site_1626,site_1638,2,139.32,42.99387285473279,70.8096400686259,2
lane_01263,site_1170,site_2095,1,91.62,70.7711437693075,70.7711437693075,1
lane_00135,site_0191,site_0103,9,139.14000000000001,42.938325215385596,70.71815474553983,12
lane_00104,site_0164,site_0284,7,139.09,42.92289531556693,70.6927421557937,6
lane_00195,site_0191,site_2128,1,91.44,70.63210419412222,70.63210419412222,1
lane_01121,site_1044,site_1488,2,138.74,42.81488601683626,70.51485402757076,2
lane_01226,site_1119,site_1984,1,138.33,42.6883608383232,70.30647079165247,1
lane_00497,site_0534,site_0545,4,138.2,42.64824309879465,70.24039805831252,5
lane_01076,site_0964,site_1014,3,138.0,42.58652349952,70.13874769932798,3
lane_02668,site_2128,site_2115,2,138.0,42.58652349951999,70.13874769932798,2
lane_00042,site_0164,site_0013,6,138.0,42.58652349952,70.13874769932798,8
lane_00881,site_0857,site_0495,1,90.7,70.06049705169386,70.06049705169386,1
lane_01498,site_1300,site_1867,1,90.46,69.8751109514468,69.8751109514468,1
lane_02091,site_1762,site_0058,4,137.36,42.38902078184106,69.81346655057747,4
lane_00296,site_0328,site_0361,1,90.25,69.71289811373065,69.71289811373065,1
lane_00480,site_0534,site_0518,4,137.0,42.277925503146655,69.63049590440532,4
lane_00653,site_0665,site_0603,4,137.0,42.277925503146655,69.63049590440532,4
lane_01855,site_1536,site_0385,1,136.68,42.1791741443072,69.46785533003008,1
lane_01235,site_1133,site_1135,7,119.0,52.493860560063986,69.46443343675732,7
lane_02141,site_1762,site_0179,4,136.6,42.15448630459732,69.42719518643624,4
lane_01232,site_1133,site_1131,7,136.08,41.99401534648319,69.16290425307646,7
lane_02643,site_2128,site_2072,2,136.0,41.969327506773325,69.12224410948265,2
lane_02164,site_1762,site_0259,8,135.84,41.91995182735359,69.04092382229503,8
lane_00359,site_0385,site_1513,1,135.79,41.90452192753492,69.01551123254889,1
lane_01169,site_1063,site_1318,1,89.33,69.00225139611699,69.00225139611699,1
lane_00028,site_0123,site_2070,3,135.66,41.86440418800639,68.94943849920895,3
lane_02172,site_1762,site_0290,3,135.42000000000002,41.790340668876794,68.82745806842752,3
lane_01262,site_1169,site_2095,1,88.81,68.60058151224841,68.60058151224841,1
lane_00889,site_0857,site_0851,5,134.85,41.61443981094399,68.53775454532158,7
lane_02970,site_2325,site_2338,4,134.6,41.537290311850654,68.41069159659091,4
lane_01463,site_1293,site_1752,2,134.4,41.47557071257599,68.3090412376064,3
lane_00599,site_0611,site_1034,1,88.27,68.18346278669257,68.18346278669257,1
lane_02649,site_2128,site_2081,2,134.0,41.35213151402665,68.10574051963731,2
lane_02654,site_2128,site_2089,2,134.0,41.35213151402665,68.10574051963731,2
lane_01276,site_1187,site_1186,4,133.78,41.28423995482453,67.99392512475433,5
lane_02609,site_2128,site_1038,5,87.85,67.85903711126025,67.85903711126025,5
lane_01151,site_1063,site_1073,3,133.47,41.1885745759488,67.8363670683283,3
lane_00280,site_0328,site_0332,2,105.86,57.219451473356465,67.78712703057266,2
lane_01945,site_1626,site_1624,2,132.62,40.92626627903146,67.40435304264403,2
lane_01965,site_1626,site_1649,3,132.25,40.81208502037333,67.21629987852265,3
lane_01852,site_1530,site_1923,1,87.0,67.20246133955199,67.20246133955199,1
lane_02099,site_1762,site_0079,3,132.12,40.77196728084479,67.1502271451827,3
lane_00158,site_0191,site_0193,5,132.05,40.75036542109865,67.11464951953812,5
lane_00548,site_0534,site_0674,4,132.04,40.74727944113492,67.10956700158889,4
lane_01038,site_0964,site_0975,3,132.0,40.734935521279986,67.08923692979198,3
lane_00086,site_0164,site_0198,5,131.85,40.68864582182399,67.01299916055359,6
lane_01602,site_1391,site_1676,3,131.22,40.494229084108795,66.69280052975232,3
lane_00927,site_0888,site_0890,2,104.0,56.21408419827199,66.59608172283731,2
lane_00363,site_0385,site_1535,1,130.99,40.42325154494293,66.5759026169201,1
lane_02951,site_2325,site_0883,1,130.96,40.41399360505173,66.56065506307242,1
lane_02949,site_2325,site_0881,1,130.81,40.367703905595725,66.48441729383401,1
lane_01893,site_1573,site_1936,1,130.62,40.3090702862848,66.3878494527987,1
lane_02279,site_1847,site_1868,9,130.59,40.29981234639359,66.37260189895102,9
lane_00862,site_0828,site_0832,2,85.8,66.27553083831678,66.27553083831678,2
lane_02057,site_1725,site_1733,1,85.59,66.11331800060063,66.11331800060063,1
lane_01032,site_0964,site_0969,2,130.0,40.11773952853332,66.07273333994665,2
lane_02642,site_2128,site_2069,2,130.0,40.11773952853332,66.07273333994665,2
lane_00571,site_0566,site_0616,2,130.0,40.11773952853332,66.07273333994665,2
lane_01949,site_1626,site_1631,2,130.0,40.11773952853332,66.07273333994665,2
lane_00255,site_0325,site_0347,1,85.53,66.06697147553886,66.06697147553886,1
lane_00374,site_0385,site_2160,1,129.93,40.09613766878719,66.03715571430207,1
lane_00491,site_0534,site_0535,3,129.89999999999998,40.08687972889598,66.02190816045439,3
lane_00292,site_0328,site_0344,3,84.99,65.64985274998301,65.64985274998301,4
lane_02377,site_1895,site_1842,3,84.92999999999999,65.60350622492126,65.60350622492126,3
lane_02653,site_2128,site_2088,3,128.88,39.772109772595186,65.50349132963326,3
lane_02645,site_2128,site_2075,3,128.76,39.73507801303039,65.44250111424255,3
lane_00413,site_0408,site_0409,1,128.74,39.728906053102925,65.4323360783441,1
lane_02948,site_2325,site_0880,1,128.5,39.65484253397333,65.31035564756264,1
lane_02931,site_2316,site_2317,1,84.25,65.07824560755465,65.07824560755465,1
lane_01929,site_1626,site_1603,2,128.0,39.50054353578666,65.05622975010131,2
lane_02950,site_2325,site_0882,1,127.91,39.472769716113056,65.01048708855828,1
lane_02221,site_1763,site_1979,1,127.71,39.41105011683839,64.90883672957375,1
lane_01013,site_0941,site_0950,2,127.64,39.389448257092255,64.87325910392916,2
lane_00421,site_0445,site_1063,2,127.54,39.35858845745492,64.8224339244369,3
lane_01014,site_0941,site_0951,2,127.42,39.321556697890124,64.76144370904618,2
lane_01133,site_1063,site_0447,1,83.79,64.72292224874784,64.72292224874784,1
lane_01610,site_1398,site_1109,1,83.62,64.59160709440617,64.59160709440617,1
lane_02952,site_2325,site_0884,1,127.0,39.191945539413325,64.54797795517865,1
lane_03028,site_2390,site_1442,1,127.0,39.191945539413325,64.54797795517865,1
lane_00364,site_0385,site_1546,1,126.82,39.13639790006613,64.45649263209256,1
lane_02868,site_2316,site_0721,2,126.74,39.11171006035625,64.41583248849875,2
lane_00278,site_0328,site_0330,1,83.3,64.34442562741012,64.34442562741012,1
lane_00326,site_0361,site_1684,4,126.12,38.92037930260479,64.1007163756467,4
lane_02941,site_2317,site_2322,1,82.93,64.05862205619594,64.05862205619594,1
lane_03026,site_2390,site_1440,1,126.0,38.88334754303999,64.03972616025598,1
lane_01630,site_1414,site_1410,7,125.72,38.79694010405546,63.897415657677655,8
lane_02295,site_1855,site_1792,3,82.71000000000001,63.888684797636145,63.888684797636145,3
lane_03010,site_2366,site_2369,1,82.48,63.71102311823273,63.71102311823273,1
lane_00568,site_0566,site_0573,2,125.14,38.61795326615893,63.602629616622494,2
lane_01661,site_1424,site_1430,2,82.2,63.49473933461119,63.49473933461119,2
lane_02076,site_1762,site_0015,2,124.8,38.513029947391985,63.429824006348795,3
lane_00872,site_0828,site_0842,1,82.0,63.34025091773865,63.34025091773865,1
lane_02183,site_1762,site_2084,2,124.02,38.272323510220794,63.033387606309105,2
lane_01972,site_1626,site_1657,2,124.0,38.26615155029332,63.02322257041065,2
lane_02058,site_1725,site_1734,3,81.42,62.8922345088083,62.8922345088083,3
lane_00097,site_0164,site_0260,7,123.27,38.04087501294079,62.6521987601171,7
lane_01771,site_1530,site_0432,1,81.0,62.567808833375985,62.567808833375985,1
lane_01039,site_0964,site_0976,3,123.0,37.95755355391999,62.51497077548799,3
lane_01935,site_1626,site_1611,3,122.97,37.948295614028794,62.49972322164031,3
lane_00961,site_0916,site_0914,1,122.0,37.64895555754666,62.006718980565324,1
lane_02971,site_2325,site_2340,2,122.0,37.64895555754666,62.006718980565324,2
lane_01800,site_1530,site_1525,3,121.77000000000001,37.57797801838079,61.88982106773311,4
lane_01370,site_1232,site_1199,3,80.1,61.87261095744959,61.87261095744959,3
lane_00168,site_0191,site_0219,8,121.68,37.5502041987072,61.84407840619007,8
lane_02147,site_1762,site_0212,3,121.68,37.55020419870719,61.844078406190064,4
lane_00330,site_0361,site_1975,2,96.48,52.14937349470463,61.78067273672447,2
lane_00451,site_0479,site_0467,7,121.30999999999999,37.43602294004906,61.65602524206867,8
lane_01725,site_1521,site_1513,3,103.32,47.85913537564542,61.6112890197235,4
lane_01499,site_1300,site_1895,1,79.73,61.5868073862354,61.5868073862354,1
lane_00080,site_0164,site_0176,4,120.96,37.32801364131839,61.47813711384574,5
lane_02478,site_2059,site_1063,1,120.96,37.32801364131839,61.47813711384574,1
lane_02049,site_1725,site_1723,3,79.38,61.316452656708464,61.316452656708464,3
lane_02890,site_2316,site_0743,3,120.30000000000001,37.12433896371199,61.142690929196775,3
lane_02396,site_1907,site_1906,1,79.12,61.115617714774174,61.115617714774174,1
lane_01058,site_0964,site_0995,2,120.0,37.03175956479999,60.99021539071998,2
lane_00650,site_0665,site_0600,3,120.0,37.03175956479999,60.99021539071998,3
lane_00668,site_0665,site_0642,2,120.0,37.03175956479999,60.99021539071998,2
lane_02885,site_2316,site_0738,3,119.67,36.9299222259968,60.82249229839552,3
lane_00492,site_0534,site_0536,5,119.39999999999999,36.84660076697599,60.68526431376639,5
lane_00122,site_0191,site_0044,3,119.34,36.8280848871936,60.65476920607103,4
lane_00058,site_0164,site_0074,6,119.16,36.772537247846394,60.56328388298495,8
lane_02403,site_1907,site_1914,2,118.98,36.7169896084992,60.47179855989887,2
lane_00155,site_0191,site_0183,5,118.9,36.69230176878932,60.43113841630506,5
lane_00177,site_0191,site_0250,2,118.86,36.67995784893439,60.41080834450814,2
lane_00049,site_0164,site_0042,4,118.84,36.67378588900692,60.4006433086097,4
lane_00124,site_0191,site_0053,4,118.8,36.66144196915199,60.38031323681278,6
lane_00636,site_0665,site_0566,3,78.0,60.25048258028798,60.25048258028798,3
lane_00165,site_0191,site_0207,8,110.88,40.64622489740735,60.01663643266367,9
lane_01593,site_1391,site_1393,1,77.48,59.8488126964194,59.8488126964194,1
lane_00164,site_0191,site_0206,8,117.68,36.31581221321387,59.81107122649941,12
lane_01766,site_1521,site_1935,1,77.36,59.75611964629588,59.75611964629588,1
lane_02398,site_1907,site_1909,3,117.42,36.235576734156794,59.678925759819506,3
lane_01191,site_1089,site_1091,1,77.0,59.47804049592532,59.47804049592532,1
lane_02424,site_1989,site_1725,1,117.01,36.109051555643724,59.47054252390121,1
lane_02154,site_1762,site_0230,3,116.67,36.004128236876795,59.2977369136275,3
lane_02873,site_2316,site_0726,4,116.52,35.95783853742079,59.2214991443891,4
lane_02938,site_2316,site_2401,1,76.61,59.17678808302388,59.17678808302388,1
lane_02605,site_2128,site_0258,2,116.3,35.88994697821866,59.10968374950611,3
lane_02833,site_2279,site_2281,2,116.25999999999999,35.877603058363725,59.08935367770921,2
lane_02093,site_1762,site_0061,4,116.12,35.834399338871464,59.018198426420035,4
lane_02034,site_1701,site_2393,1,116.09,35.82514139898026,59.00295087257236,1
lane_00269,site_0328,site_0320,2,76.38,58.999126403620465,58.999126403620465,2
lane_00367,site_0385,site_1669,1,76.33,58.96050429940233,58.96050429940233,1
lane_01408,site_1248,site_1251,2,116.0,35.79736757930666,58.95720821102932,2
lane_01529,site_1339,site_1345,4,116.0,35.79736757930666,58.95720821102932,4
lane_01054,site_0964,site_0991,2,116.0,35.79736757930666,58.95720821102932,2
lane_01496,site_1300,site_1847,1,76.26,58.90643335349695,58.90643335349695,1
lane_01549,site_1339,site_2217,1,115.25,35.56591908202666,58.576019364837315,1
lane_00325,site_0361,site_1683,2,75.74,58.50476346962836,58.50476346962836,2
lane_00186,site_0191,site_0273,6,114.60000000000001,35.365330384383995,58.24565569813758,7
lane_00713,site_0686,site_0562,2,114.0,35.18017158655999,57.94070462118398,2
lane_01055,site_0964,site_0992,2,114.0,35.18017158655999,57.94070462118398,2
lane_01680,site_1472,site_1475,1,75.0,57.93315632719999,57.93315632719999,1
lane_00554,site_0534,site_0688,2,113.91,35.152397766886395,57.89496195964095,2
lane_03040,site_2392,site_1701,1,113.8,35.11845198728533,57.83905426219945,1
lane_00584,site_0611,site_0574,2,90.3,48.80895964523039,57.82332864973279,2
lane_00597,site_0611,site_0958,1,74.61,57.63190391429855,57.63190391429855,1
lane_00795,site_0782,site_0780,1,74.4,57.46969107658239,57.46969107658239,1
lane_02083,site_1762,site_0038,6,112.92,34.84688575047679,57.3917926826675,7
lane_03044,site_2401,site_2322,1,74.26,57.36154918477162,57.36154918477162,1
lane_00895,site_0857,site_0858,6,112.74,34.79133811112959,57.300307359581424,8
lane_02540,site_2095,site_2128,4,74.16,57.28430497633534,57.28430497633534,4
lane_01446,site_1293,site_1719,1,112.62,34.75430635156479,57.23931714419071,1
lane_02485,site_2064,site_2065,1,74.04,57.191611926211834,57.191611926211834,1
lane_01951,site_1626,site_1633,2,112.39,34.683328812398926,57.12241923135849,2
lane_02862,site_2316,site_0715,1,73.91,57.091194455244676,57.091194455244676,1
lane_02268,site_1847,site_1851,6,112.32,34.661726952652785,57.0868416057139,7
lane_01157,site_1063,site_1079,4,112.24,34.63703911294293,57.04618146212009,4
lane_00180,site_0191,site_0264,5,112.2,34.624695193087994,57.0258513903232,7
lane_01735,site_1521,site_1537,3,112.08,34.5876634335232,56.964861174932466,3
lane_01473,site_1295,site_1489,1,112.0,34.56297559381332,56.92420103133866,1
lane_00044,site_0164,site_0030,7,112.0,34.56297559381333,56.92420103133865,9
lane_01783,site_1530,site_1504,3,111.78,34.49508403461119,56.81238563645567,3
lane_02318,site_1855,site_1866,4,73.4,56.69724899221973,56.69724899221973,4
lane_01812,site_1530,site_1538,3,111.53999999999999,34.421020515481594,56.690405205674224,4
lane_02491,site_2070,site_1762,15,73.35,56.658626888001585,56.658626888001585,17
lane_00156,site_0191,site_0187,4,111.4,34.37781679598933,56.619249954385054,4
lane_02886,site_2316,site_0739,2,111.26,34.33461307649706,56.548094703095884,2
lane_02048,site_1725,site_1379,1,73.19,56.53503615450356,56.53503615450356,1
lane_00259,site_0328,site_0310,2,111.14,34.29758131693226,56.48710448770516,2
lane_01734,site_1521,site_1536,3,111.09,34.282151417113596,56.46169189795903,3
lane_01068,site_0964,site_1006,3,111.0,34.25437759743999,56.41594923641598,3
lane_00053,site_0164,site_0059,5,110.64999999999999,34.14636829870932,56.23806110819305,5
lane_00490,site_0534,site_0533,2,110.58,34.12476643896319,56.20248348254846,2
lane_00261,site_0328,site_0312,4,97.8,41.521871996651186,56.16647812024479,4
lane_02870,site_2316,site_0723,2,110.48,34.09390663932586,56.151658303056195,2
lane_01230,site_1128,site_1129,1,72.65,56.11791742894773,56.11791742894773,1
lane_03007,site_2366,site_0435,1,110.25,34.02292910015999,56.03476039022399,1
lane_01216,site_1119,site_1121,1,72.42,55.940255749544306,55.940255749544306,1
lane_02388,site_1907,site_0410,2,110.04,33.958123520921596,55.928027513290225,2
lane_00657,site_0665,site_0617,3,110.01,33.9488655810304,55.912779959442545,3
lane_00190,site_0191,site_0291,4,109.92,33.92109176135679,55.86703729789951,4
lane_01726,site_1521,site_1514,3,109.85999999999999,33.902575881574386,55.83654219020414,3
lane_01220,site_1119,site_1286,2,72.28,55.83211385773353,55.83211385773353,2
lane_01959,site_1626,site_1643,2,109.6,33.82234040251732,55.70439672352424,2
lane_01805,site_1530,site_1531,2,109.58,33.81616844258986,55.6942316876258,2
lane_00726,site_0686,site_0646,1,72.0,55.61583007411198,55.61583007411198,1
lane_00682,site_0665,site_0673,1,72.0,55.61583007411198,55.61583007411198,1
lane_02192,site_1762,site_2104,2,109.22,33.70507316389546,55.51126104145363,2
lane_00800,site_0782,site_0786,4,109.16,33.686557284113064,55.48076593375827,4
lane_00312,site_0361,site_0357,7,75.46,53.288240417481795,55.440508365843606,8
lane_01069,site_0964,site_1007,1,109.0,33.637181604693325,55.39944564657065,1
lane_01608,site_1398,site_0879,1,108.94,33.618665724910926,55.36895053887529,1
lane_02929,site_2316,site_2314,1,108.84,33.58780592527359,55.31812535938303,1
lane_02331,site_1855,site_1893,2,71.46,55.198711348556145,55.198711348556145,2
lane_01640,site_1414,site_1421,3,108.0,33.328583608319995,54.891193851647984,3
lane_02791,site_2249,site_1397,1,108.0,33.32858360831999,54.891193851647984,1
lane_01686,site_1472,site_1481,1,71.0,54.84338798974932,54.84338798974932,1
lane_01715,site_1521,site_1496,3,107.85000000000001,33.282293908864,54.814956082409594,3
lane_02073,site_1736,site_1760,1,70.86,54.73524609793855,54.73524609793855,1
lane_02900,site_2316,site_0753,3,107.64000000000001,33.217488329625596,54.70822320547583,5
lane_00138,site_0191,site_0114,10,107.6,33.205144409770654,54.68789313367892,10
lane_01794,site_1530,site_1515,2,107.52,33.18045657006079,54.64723299008511,2
lane_02100,site_1762,site_0080,4,107.32,33.118736970786124,54.545582631100565,4
lane_01815,site_1530,site_1541,3,107.28,33.10639305093119,54.52525255930367,3
lane_00386,site_0385,site_2292,2,107.06,33.03850149172906,54.413437164420685,3
lane_01147,site_1063,site_1069,5,107.0,33.01998561194665,54.38294205672533,5
lane_01471,site_1293,site_2055,1,106.8,32.958266012672,54.28129169774078,1
lane_02834,site_2279,site_2282,2,106.58,32.89037445346986,54.169476302857795,2
lane_02778,site_2230,site_2231,1,106.55,32.881116513578654,54.15422874901012,1
lane_02404,site_1907,site_1915,4,70.0,54.07094590538665,54.07094590538665,4
lane_01200,site_1105,site_1106,2,70.0,54.07094590538665,54.07094590538665,2
lane_00977,site_0925,site_0418,3,69.99,54.06322148454303,54.06322148454303,3
lane_02655,site_2128,site_2090,2,106.2,32.77310721484799,53.976340620787184,2
lane_02181,site_1762,site_2079,2,106.2,32.77310721484799,53.976340620787184,3
lane_00389,site_0385,site_2295,2,106.12,32.74841937513813,53.93568047719337,2
lane_00479,site_0534,site_0512,2,106.0,32.71138761557333,53.874690261802655,3
lane_01785,site_1530,site_1506,2,83.82,45.30638978364574,53.6738804808483,2
lane_02569,site_2119,site_1762,4,69.4,53.607480654769056,53.607480654769056,8
lane_02383,site_1898,site_1232,1,69.39,53.599756233925426,53.599756233925426,1
lane_00045,site_0164,site_0031,4,105.24,32.476853138329595,53.488418897661425,5
lane_00546,site_0534,site_0670,3,105.0,32.40278961919999,53.36643846687999,4
lane_02431,site_1998,site_1995,3,105.0,32.40278961919999,53.36643846687999,3
lane_02256,site_1847,site_1827,8,104.88,32.36575785963519,53.305448251489274,9
lane_02690,site_2139,site_1959,1,69.0,53.298503821023985,53.298503821023985,1
lane_00110,site_0175,site_2070,2,104.82,32.34724197985279,53.2749531437939,2
lane_01590,site_1391,site_1389,1,68.9,53.22125961258772,53.22125961258772,1
lane_02096,site_1762,site_0068,3,104.67,32.3009522803968,53.198715374555505,3
lane_03033,site_2390,site_2382,2,104.16,32.143567302246396,52.93950695914494,2
lane_01084,site_0964,site_1022,2,104.0,32.09419162282666,52.85818667195731,2
lane_01950,site_1626,site_1632,2,104.0,32.09419162282666,52.85818667195731,1
lane_02611,site_2128,site_1040,4,103.96,32.08184770297172,52.83785660016041,4
lane_01252,site_1133,site_1159,4,103.76,32.02012810369706,52.736206241175886,4
lane_00898,site_0857,site_0861,4,103.64,31.98309634413226,52.67521602578516,4
lane_02081,site_1762,site_0034,5,103.55000000000001,31.95532252445866,52.62947336424212,5
lane_01599,site_1391,site_1673,1,67.9,52.44881752822506,52.44881752822506,1
lane_00459,site_0479,site_1232,1,67.76,52.34067563641428,52.34067563641428,1
lane_02596,site_2128,site_0200,2,102.94,31.767077746670928,52.31943976933929,2
lane_02492,site_2070,site_2128,3,67.56,52.18618721954175,52.18618721954175,3
lane_00874,site_0828,site_1904,1,67.52,52.15528953616724,52.15528953616724,1
lane_02911,site_2316,site_0764,4,102.6,31.662154427903992,52.14663415906559,6
lane_02166,site_1762,site_0277,3,102.44999999999999,31.61586472844799,52.07039638982718,3
lane_02921,site_2316,site_1948,1,102.02,31.483167590007458,51.85184811801043,1
lane_01468,site_1293,site_1757,2,102.0,31.476995630079994,51.841683082111985,2
lane_01807,site_1530,site_1533,2,102.0,31.476995630079994,51.841683082111985,2
lane_00506,site_0534,site_0575,3,102.0,31.476995630079994,51.841683082111985,3
lane_02187,site_1762,site_2096,2,101.76,31.402932110950395,51.71970265133055,2
lane_02698,site_2143,site_2140,1,101.63,31.36281437142186,51.65362991799061,1
lane_01222,site_1119,site_1288,1,66.83,51.622304497956996,51.622304497956996,1
lane_02867,site_2316,site_0720,2,80.6,43.56591525366079,51.61196333519892,2
lane_00265,site_0328,site_0316,1,66.67,51.49871376445898,51.49871376445898,1
lane_02595,site_2128,site_0199,2,101.04,31.180741553561596,51.35376135898623,2
lane_02499,site_2095,site_0246,2,66.08,51.042972934685,51.042972934685,4
lane_00544,site_0534,site_0661,3,100.41,30.98632481584639,51.03356272818495,6
lane_00598,site_0611,site_1024,1,66.05,51.01979967215412,51.01979967215412,1
lane_01218,site_1119,site_1123,1,66.02,50.99662640962324,50.99662640962324,3
lane_00189,site_0191,site_0286,6,100.19999999999999,30.921519236607992,50.926829851251185,6
lane_01030,site_0964,site_0967,4,100.0,30.859799637333328,50.825179492266656,19
lane_03030,site_2390,site_1957,1,100.0,30.859799637333328,50.825179492266656,1
lane_01939,site_1626,site_1615,2,100.0,30.859799637333328,50.825179492266656,2
lane_02875,site_2316,site_0728,3,99.84,30.810423957913592,50.743859205079026,3
lane_00899,site_0857,site_0862,3,99.42,30.6808127994368,50.53039345121151,3
lane_02919,site_2316,site_1946,1,99.2,30.61292124023466,50.41857805632852,1
lane_00911,site_0857,site_0876,3,99.09,30.5789754606336,50.36267035888703,3
lane_00520,site_0534,site_0603,3,99.0,30.551201640959995,50.316927697344,3
lane_02922,site_2316,site_1949,1,98.87,30.511083901431462,50.25085496400404,1
lane_02084,site_1762,site_0041,2,98.36,30.353698923281062,49.99164654859348,4
lane_00388,site_0385,site_2294,1,64.64,49.93065633320276,49.93065633320276,1
lane_01464,site_1293,site_1753,2,98.0,30.242603644586662,49.80867590242132,2
lane_00274,site_0328,site_0325,1,64.44,49.77616791633022,49.77616791633022,1
lane_00620,site_0665,site_0519,3,97.89000000000001,30.208657864985597,49.75276820497983,5
lane_01283,site_1187,site_1197,4,97.88,30.205571885021858,49.747685687030604,4
lane_02163,site_1762,site_0254,5,97.8,30.18088404531199,49.707025543436785,5
lane_02476,site_2054,site_1290,1,97.38,30.051272886835193,49.49355978956927,1
lane_00787,site_0773,site_0779,3,97.32,30.032757007052794,49.4630646818739,3
lane_01993,site_1627,site_1639,2,97.2,29.99572524748799,49.402074466483185,2
lane_00001,site_0002,site_2270,1,63.87,49.3358759282435,49.3358759282435,1
lane_00753,site_0690,site_0686,1,97.0,29.93400564821333,49.30042410749865,1
lane_00736,site_0686,site_0690,1,97.0,29.93400564821333,49.30042410749865,1
lane_00587,site_0611,site_0590,1,97.0,29.93400564821333,49.30042410749865,1
lane_02836,site_2279,site_2285,2,96.96,29.92166172835839,49.280094035701744,2
lane_02793,site_2249,site_2243,4,96.96,29.92166172835839,49.280094035701744,4
lane_00263,site_0328,site_0314,2,76.81,41.51038663934623,49.18108557961162,2
lane_00288,site_0328,site_0340,1,63.56,49.096418882091086,49.096418882091086,2
lane_02386,site_1905,site_0828,1,63.53,49.073245619560204,49.073245619560204,1
lane_00627,site_0665,site_0542,2,96.54,29.792050569881596,49.06662828183423,2
lane_01312,site_1187,site_1902,1,96.37,29.73958891049813,48.98022547669738,1
lane_02910,site_2316,site_0763,1,63.37,48.94965488606217,48.94965488606217,1
lane_02842,site_2303,site_1993,1,96.18,29.680955291187193,48.883657635662075,1
lane_01357,site_1222,site_1217,5,96.13000000000001,29.665525391368533,48.858245045915936,5
lane_02641,site_2128,site_2068,1,96.0,29.625407651839996,48.79217231257599,1
lane_01086,site_0964,site_1025,2,96.0,29.625407651839996,48.79217231257599,2
lane_00508,site_0534,site_0578,2,96.0,29.625407651839996,48.79217231257599,4
lane_01790,site_1530,site_1511,2,96.0,29.625407651839996,48.79217231257599,2
lane_02412,site_1921,site_1907,2,95.78,29.55751609263786,48.680356917693,2
lane_02904,site_2316,site_0757,2,95.72,29.53900021285546,48.64986180999764,2
lane_00299,site_0340,site_0328,1,62.92,48.60205594809898,48.60205594809898,1
lane_02428,site_1993,site_2303,1,95.62,29.508140413218126,48.59903663050538,1
lane_00689,site_0665,site_0684,2,95.58,29.495796493363194,48.57870655870847,2
lane_00499,site_0534,site_0560,4,95.52,29.477280613580792,48.54821145101311,5
lane_00489,site_0534,site_0531,2,95.48,29.46493669372586,48.527881379216204,2
lane_01137,site_1063,site_1058,3,95.42999999999999,29.44950679390719,48.502468789470065,4
lane_02009,site_1643,site_1637,2,95.38,29.434076894088527,48.47705619972393,2
lane_02405,site_1907,site_1916,2,95.36,29.427904934161063,48.46689116382548,2
lane_02481,site_2064,site_1114,1,62.6,48.354874481102925,48.354874481102925,1
lane_00382,site_0385,site_2203,1,62.55,48.31625237688478,48.31625237688478,1
lane_02271,site_1847,site_1854,5,95.0,29.316809655466656,48.28392051765333,6
lane_01598,site_1391,site_1672,1,62.39,48.192661643386764,48.192661643386764,1
lane_01284,site_1187,site_1198,4,94.2,29.069931258367998,47.877319081715186,4
lane_01896,site_1573,site_2040,1,61.91,47.821889442892676,47.821889442892676,1
lane_02427,site_1991,site_2151,1,93.95,28.99278175927466,47.75025613298452,1
lane_02397,site_1907,site_1908,3,93.92999999999999,28.986609799347196,47.740091097086065,3
lane_00820,site_0782,site_0806,4,83.04,35.25538088550015,47.68981945915263,4
lane_02942,site_2320,site_2322,1,61.72,47.675125446863774,47.675125446863774,1
lane_02055,site_1725,site_1731,1,61.46,47.474290504929485,47.474290504929485,1
lane_00458,site_0479,site_0481,3,61.44,47.45884166324223,47.45884166324223,4
lane_02479,site_2060,site_1063,1,93.28,28.78602110170453,47.40972743038633,1
lane_01759,site_1521,site_1576,2,93.16,28.748989342139723,47.348737214995616,2
lane_00067,site_0164,site_0138,6,93.16,28.74898934213973,47.348737214995616,6
lane_01037,site_0964,site_0974,1,93.0,28.699613662719997,47.267416927807986,1
lane_00336,site_0373,site_0370,3,93.0,28.69961366271999,47.267416927807986,3
lane_01310,site_1187,site_1899,1,92.95,28.68418376290133,47.24200433806186,1
lane_00902,site_0857,site_0866,4,92.68,28.60086230388053,47.10477635343274,4
lane_00538,site_0534,site_0651,2,92.06,28.409531546129063,46.78966024058068,2
lane_00723,site_0686,site_0615,1,92.0,28.391015666346664,46.75916513288532,1
lane_01108,site_1029,site_0964,1,92.0,28.391015666346664,46.75916513288532,1
lane_01761,site_1521,site_1579,2,92.0,28.391015666346664,46.75916513288532,2
lane_01846,site_1530,site_1579,2,92.0,28.391015666346664,46.75916513288532,2
lane_01150,site_1063,site_1072,2,92.0,28.391015666346664,46.75916513288532,2
lane_01691,site_1472,site_1486,2,92.0,28.391015666346664,46.75916513288532,2
lane_02615,site_2128,site_1169,1,60.47,46.70957284141044,46.70957284141044,1
lane_00815,site_0782,site_0801,1,60.46,46.70184842056682,46.70184842056682,1
lane_00358,site_0385,site_1127,1,91.85,28.34472596689066,46.682927363646925,1
lane_01132,site_1063,site_0446,1,60.42,46.67095073719231,46.67095073719231,1
lane_02274,site_1847,site_1860,6,91.74,28.31078018728959,46.62701966620542,6
lane_00166,site_0191,site_0217,6,68.03999999999999,42.03697550443775,46.56512365553663,6
lane_01814,site_1530,site_1540,1,60.0,46.34652506175999,46.34652506175999,1
lane_01737,site_1521,site_1540,1,60.0,46.34652506175999,46.34652506175999,1
lane_01741,site_1521,site_1546,3,91.08,28.107105509683194,46.29157348155646,3
lane_01801,site_1530,site_1526,3,91.08,28.107105509683194,46.29157348155646,3
lane_01087,site_0964,site_1026,1,91.0,28.082417669973328,46.250913337962665,1
lane_01873,site_1573,site_1519,3,67.56,41.74041835802196,46.23662190135295,4
lane_01728,site_1521,site_1517,3,90.75,28.005268170879994,46.12385038923198,3
lane_01247,site_1133,site_1152,3,59.58,46.02209938632767,46.02209938632767,4
lane_02480,site_2064,site_1113,1,59.58,46.02209938632767,46.02209938632767,1
lane_01460,site_1293,site_1749,2,90.52,27.934290631714124,46.006952476399775,2
lane_00784,site_0773,site_0776,3,90.39,27.894172892185594,45.940879743059824,3
lane_00659,site_0665,site_0620,3,90.0,27.773819673599995,45.742661543039986,3
lane_00652,site_0665,site_0602,3,90.0,27.773819673599995,45.742661543039986,4
lane_00056,site_0164,site_0069,4,89.92,27.749131833890132,45.70200139944618,5
lane_01281,site_1187,site_1194,3,89.91,27.746045853926397,45.69691888149695,3
lane_01609,site_1398,site_1108,1,89.68,27.675068314760527,45.58002096866473,1
lane_01767,site_1523,site_1497,2,89.52,27.62569263534079,45.498700681477104,2
lane_02895,site_2316,site_0748,2,89.48,27.613348715485863,45.478370609680205,2
lane_02884,site_2316,site_0737,2,89.48,27.613348715485866,45.478370609680205,2
lane_02879,site_2316,site_0732,3,89.4,27.588660875775997,45.43771046608639,3
lane_02090,site_1762,site_0057,4,89.2,27.52694127650133,45.33606010710186,4
lane_02282,site_1847,site_1874,7,89.11,27.499167456827728,45.29031744555881,8
lane_00160,site_0191,site_0195,5,89.0,27.465221677226662,45.23440974811733,5
lane_00903,site_0857,site_0867,6,88.92,27.440533837516796,45.193749604523504,7
lane_02622,site_2128,site_1448,6,88.80000000000001,27.403502077951998,45.13275938913279,4
lane_02032,site_1701,site_2222,1,88.79,27.400416097988266,45.12767687118357,1
lane_02112,site_1762,site_0099,4,88.72,27.378814238242125,45.09209924553898,4
lane_02008,site_1637,site_2266,1,58.16,44.92523162653268,44.92523162653268,1
lane_02839,site_2279,site_2289,2,88.34,27.261546999620265,44.898963563468364,2
lane_00965,site_0916,site_0920,1,58.0,44.80164089303466,44.80164089303466,1
lane_00987,site_0925,site_0428,2,58.0,44.80164089303466,44.80164089303466,2
lane_02930,site_2316,site_2315,1,57.92,44.73984552628564,44.73984552628564,1
lane_01978,site_1626,site_1664,2,88.0,27.156623680853325,44.72615795319466,2
lane_01093,site_0964,site_1032,1,88.0,27.156623680853325,44.72615795319466,1
lane_02806,site_2249,site_2258,4,88.0,27.156623680853325,44.72615795319466,4
lane_00340,site_0373,site_0375,2,88.0,27.156623680853325,44.72615795319466,2
lane_02263,site_1847,site_1841,8,87.92,27.131935841143463,44.68549780960085,10
lane_00975,site_0925,site_0416,2,57.82,44.66260131784938,44.66260131784938,2
lane_02735,site_2192,site_2179,3,87.87,27.116505941324796,44.66008521985471,3
lane_01877,site_1573,site_1548,3,87.84,27.107248001433597,44.64483766600703,3
lane_01538,site_1339,site_1360,3,87.66,27.051700362086393,44.553352342920945,3
lane_02054,site_1725,site_1730,1,57.63,44.51583732182047,44.51583732182047,1
lane_00481,site_0534,site_0519,3,102.0,30.801746548906664,44.378204850261326,3
lane_01487,site_1300,site_1309,2,70.22,36.879198950505696,44.35224063020724,2
lane_02324,site_1855,site_1877,2,69.24,37.42560759508031,44.337622100858226,2
lane_01838,site_1530,site_1570,2,87.2,26.909745283754663,44.31955651725652,2
lane_01622,site_1414,site_1402,3,87.0,26.848025684479992,44.21790615827199,4
lane_02597,site_2128,site_0203,2,86.92,26.82333784477013,44.177246014678175,2
lane_01195,site_1093,site_1089,1,57.0,44.02919880867199,44.02919880867199,1
lane_02691,site_2139,site_2138,1,57.0,44.02919880867199,44.02919880867199,1
lane_01193,site_1089,site_1093,1,57.0,44.02919880867199,44.02919880867199,1
lane_01165,site_1063,site_1087,4,86.24,26.613491207236258,43.83163479413076,4
lane_00673,site_0665,site_0649,2,85.76,26.465364168977068,43.58767393256789,2
lane_00543,site_0534,site_0659,2,85.6,26.41598848955732,43.50635364538026,2
lane_03009,site_2366,site_2368,1,56.18,43.395796299494606,43.395796299494606,1
lane_01932,site_1626,site_1608,2,85.34,26.335753010500262,43.374208178700364,2
lane_00034,site_0143,site_2070,2,85.14,26.27403341122559,43.272557819715836,2
lane_01953,site_1626,site_1636,2,85.14,26.27403341122559,43.272557819715836,2
lane_00973,site_0925,site_0414,2,55.98,43.24130788262207,43.24130788262207,2
lane_01036,site_0964,site_0973,1,85.0,26.23082969173333,43.201402568426666,1
lane_00054,site_0164,site_0063,3,84.63,26.11664843307519,43.013349404305266,4
lane_03045,site_2402,site_2322,1,55.68,43.00957525731327,43.00957525731327,1
lane_00679,site_0665,site_0666,3,84.57000000000001,26.098132553292796,42.98285429660991,3
lane_00283,site_0328,site_0335,1,55.64,42.97867757393876,42.97867757393876,1
lane_01621,site_1414,site_1275,1,55.62,42.96322873225151,42.96322873225151,1
lane_00094,site_0164,site_0239,9,84.51,26.079616673510397,42.95235918891455,7
lane_01541,site_1339,site_1364,4,108.24000000000001,32.30953802663253,42.93112010945706,4
lane_00379,site_0385,site_2200,1,55.45,42.83191357790986,42.83191357790986,1
lane_01400,site_1248,site_0665,1,55.0,42.48431463994665,42.48431463994665,2
lane_00695,site_0665,site_1247,1,55.0,42.48431463994665,42.48431463994665,1
lane_00076,site_0164,site_0166,3,83.49,25.764846717209593,42.433942358093425,3
lane_01748,site_1521,site_1559,2,83.41,25.74015887749973,42.39328221449962,2
lane_02384,site_1901,site_1232,1,54.88,42.39162158982314,42.39162158982314,1
lane_01704,site_1496,site_1497,2,83.4,25.737072897535995,42.388199696550394,2
lane_02579,site_2128,site_0084,2,83.36,25.724728977681064,42.36786962475348,2
lane_00378,site_0385,site_2199,1,54.8,42.32982622307412,42.32982622307412,1
lane_01625,site_1414,site_1405,4,83.08,25.638321538696527,42.225559122175135,4
lane_00344,site_0373,site_1586,1,83.0,25.61363369898666,42.18489897858132,1
lane_01432,site_1278,site_1281,3,54.480000000000004,42.08264475607807,42.08264475607807,3
lane_01577,site_1369,site_1375,3,54.449999999999996,42.05947149354719,42.05947149354719,3
lane_01217,site_1119,site_1122,1,54.38,42.005400547641806,42.005400547641806,1
lane_00877,site_0839,site_0828,1,54.33,41.96677844342367,41.96677844342367,1
lane_02843,site_2303,site_1994,1,82.56,25.477850580582395,41.961268188815346,1
lane_01948,site_1626,site_1629,2,82.48,25.453162740872525,41.920608045221535,2
lane_01466,site_1293,site_1755,2,82.08,25.329723542323194,41.71730732725247,3
lane_01687,site_1472,site_1482,2,82.0,25.305035702613328,41.67664718365866,2
lane_01152,site_1063,site_1074,2,82.0,25.305035702613328,41.67664718365866,2
lane_01791,site_1530,site_1512,2,82.0,25.305035702613328,41.67664718365866,3
lane_01684,site_1472,site_1479,2,82.0,25.305035702613328,41.67664718365866,2
lane_01282,site_1187,site_1196,3,81.72,25.218628263628794,41.534336681080305,3
lane_02102,site_1762,site_0082,3,81.57000000000001,25.172338564172797,41.458098911841915,3
lane_01300,site_1187,site_1228,4,81.44,25.13222082464426,41.39202617850196,4
lane_02101,site_1762,site_0081,2,81.4,25.11987690478933,41.37169610670505,2
lane_02261,site_1847,site_1836,4,81.36,25.107532984934394,41.351366034908146,4
lane_00439,site_0469,site_0478,3,81.24,25.070501225369597,41.290375819517436,3
lane_01203,site_1107,site_0773,1,81.16,25.045813385659727,41.24971567592361,1
lane_01042,site_0964,site_0979,1,81.0,24.99643770623999,41.168395388735995,1
lane_01712,site_1521,site_0432,1,81.0,24.99643770623999,41.168395388735995,1
lane_02783,site_2237,site_2238,1,81.0,24.99643770623999,41.168395388735995,1
lane_00596,site_0611,site_0692,3,81.0,24.99643770623999,41.16839538873599,3
lane_00985,site_0925,site_0426,1,53.09,41.00895025881397,41.00895025881397,1
lane_02107,site_1762,site_0090,7,80.64,24.88534242754559,40.98542474256383,7
lane_00831,site_0792,site_0782,1,80.56,24.86065458783573,40.94476459897002,1
lane_01952,site_1626,site_1634,1,53.0,40.93943047122132,40.93943047122132,1
lane_01745,site_1521,site_1554,2,80.48,24.835966748125863,40.904104455376206,2
lane_02999,site_2355,site_2359,4,80.44,24.823622828270928,40.8837743835793,4
lane_00904,site_0857,site_0868,2,80.32,24.786591068706127,40.82278416818857,2
lane_01215,site_1119,site_1120,1,52.69,40.6999734250689,40.6999734250689,1
lane_01619,site_1414,site_1273,1,52.67,40.684524583381645,40.684524583381645,1
lane_01519,site_1339,site_1333,2,80.0,24.68783970986666,40.66014359381332,2
lane_02246,site_1847,site_1793,4,80.0,24.68783970986666,40.66014359381332,6
lane_00064,site_0164,site_0121,3,79.89,24.653893930265596,40.604235896371826,4
lane_01490,site_1300,site_1312,3,52.56,40.59955595410175,40.59955595410175,3
lane_00670,site_0665,site_0644,2,79.72,24.60143227088213,40.51783309123498,3
lane_00888,site_0857,site_0850,3,79.71000000000001,24.598346290918393,40.51275057328574,3
lane_00924,site_0885,site_0887,1,79.7,24.59526031095466,40.507668055336524,1
lane_01607,site_1391,site_1964,5,72.0,28.898410605926394,40.398469402367986,7
lane_02869,site_2316,site_0722,3,79.41,24.505766892006392,40.36027503480895,4
lane_00996,site_0925,site_1569,1,79.18,24.434789352840532,40.24337712197674,1
lane_00887,site_0857,site_0849,3,79.14,24.422445432985594,40.22304705017983,3
lane_02332,site_1855,site_1894,2,78.64,24.268146434798926,39.9689211527185,2
lane_00387,site_0385,site_2293,2,51.72,39.95070460323711,39.95070460323711,2
lane_00680,site_0665,site_0670,2,78.58,24.24963055501653,39.938426045023135,2
lane_00464,site_0483,site_2406,1,78.56,24.243458595089063,39.92826100912469,1
lane_00945,site_0895,site_0907,3,78.15,24.116933416575993,39.71987777320639,3
lane_00477,site_0534,site_0508,2,78.08,24.095331556829862,39.68430014756181,2
lane_02328,site_1855,site_1882,2,61.96,33.49062170120128,39.675896380259616,2
lane_01046,site_0964,site_0983,2,78.0,24.070643717119996,39.64364000396799,2
lane_01749,site_1521,site_1560,2,78.0,24.070643717119996,39.64364000396799,4
lane_03054,site_2405,site_1096,1,78.0,24.070643717119996,39.64364000396799,1
lane_01946,site_1626,site_1625,2,77.72,23.984236278135466,39.50132950138964,2
lane_01153,site_1063,site_1075,3,77.64,23.959548438425593,39.46066935779584,4
lane_00550,site_0534,site_0676,2,77.58,23.941032558643194,39.43017425010047,2
lane_01398,site_1248,site_0487,1,51.0,39.39454630249599,39.39454630249599,1
lane_02926,site_2316,site_2311,1,77.44,23.89782883915093,39.3590189988113,1
lane_00989,site_0925,site_0430,9,50.94,39.34819977743423,39.34819977743423,9
lane_01840,site_1530,site_1572,2,77.4,23.885484919295997,39.338688927014395,2
lane_01155,site_1063,site_1077,3,77.37,23.876226979404795,39.32344137316671,3
lane_00635,site_0665,site_0564,2,77.32,23.860797079586128,39.29802878342057,2
lane_01264,site_1174,site_2404,1,77.31,23.857711099622396,39.29294626547136,1
lane_01016,site_0941,site_0953,1,77.29,23.85153913969493,39.282781229572905,1
lane_01627,site_1414,site_1407,2,50.84,39.27095556899797,39.27095556899797,2
lane_00074,site_0164,site_0158,4,77.24,23.83610923987626,39.25736863982676,4
lane_00101,site_0164,site_0271,5,77.15,23.80833542020266,39.21162597828372,5
lane_00082,site_0164,site_0184,3,77.07000000000001,23.783647580492797,39.17096583468991,4
lane_00149,site_0191,site_0142,4,77.0,23.76204572074666,39.135388209045324,4
lane_02202,site_1762,site_2132,1,76.95,23.746615820927996,39.10997561929919,1
lane_00194,site_0191,site_0301,3,76.89,23.728099941145594,39.07948051160383,3
lane_01483,site_1300,site_1305,2,50.5,39.008325260314656,39.008325260314656,2
lane_01001,site_0935,site_0937,1,50.49,39.00060083947103,39.00060083947103,1
lane_01366,site_1222,site_1890,1,76.37,23.567628983031465,38.815189578244045,1
lane_02907,site_2316,site_0760,1,50.17,38.75341937247498,38.75341937247498,1
lane_02087,site_1762,site_0049,2,76.2,23.515167323647997,38.728786773107196,2
lane_00994,site_0925,site_1526,1,76.11,23.487393503974396,38.68304411156416,1
lane_02445,site_2008,site_1396,1,50.0,38.62210421813332,38.62210421813332,1
lane_01723,site_1521,site_1510,1,50.0,38.62210421813332,38.62210421813332,1
lane_00855,site_0819,site_1953,1,75.34,23.249773046766933,38.291690229473694,1
lane_01717,site_1521,site_1499,1,75.0,23.144849727999993,38.118884619199996,1
lane_02677,site_2128,site_2134,1,75.0,23.144849727999993,38.118884619199996,1
lane_01994,site_1627,site_1653,1,75.0,23.144849727999993,38.118884619199996,1
lane_01962,site_1626,site_1646,1,75.0,23.144849727999993,38.118884619199996,1
lane_00711,site_0686,site_0555,3,75.0,23.144849727999997,38.11888461919999,3
lane_00474,site_0504,site_0506,3,75.0,23.144849727999997,38.11888461919999,3
lane_02170,site_1762,site_0285,6,74.76,23.0707862088704,37.996904188418554,6
lane_00905,site_0857,site_0869,2,74.72,23.058442289015463,37.97657411662164,2
lane_01171,site_1063,site_1320,1,74.65,23.036840429269333,37.94099649097706,1
lane_00354,site_0385,site_0388,4,74.04,22.848595651481595,37.63096289607424,3
lane_01747,site_1521,site_1558,1,74.0,22.83625173162666,37.610632824277324,1
lane_01830,site_1530,site_1558,1,74.0,22.83625173162666,37.610632824277324,1
lane_02616,site_2128,site_1171,1,73.99,22.833165751662925,37.6055503063281,1
lane_00324,site_0361,site_1682,2,58.68,31.71771596879423,37.57555841823167,2
lane_00162,site_0191,site_0201,2,73.72,22.749844292642127,37.46832232169898,2
lane_02794,site_2249,site_2244,2,73.62,22.718984493004797,37.41749714220671,2
lane_01753,site_1521,site_1567,2,73.52,22.688124693367463,37.36667196271444,2
lane_00588,site_0611,site_0609,3,73.32000000000001,22.626405094092796,37.265021603729906,3
lane_02593,site_2128,site_0185,2,73.21000000000001,22.592459314491727,37.20911390628842,2
lane_00632,site_0665,site_0559,2,73.18,22.58320137460053,37.19386635244074,2
lane_00870,site_0828,site_0840,1,48.07,37.13129099531338,37.13129099531338,1
lane_00976,site_0925,site_0417,2,73.02,22.533825695180795,37.112546065253106,2
lane_01062,site_0964,site_0999,1,73.0,22.527653735253327,37.10238102935465,1
lane_02661,site_2128,site_2105,1,73.0,22.527653735253327,37.10238102935465,1
lane_00769,site_0712,site_2322,1,48.02,37.092668891095244,37.092668891095244,1
lane_01615,site_1414,site_1269,1,47.96,37.046322366033486,37.046322366033486,1
lane_01597,site_1391,site_1671,1,47.95,37.03859794518986,37.03859794518986,1
lane_02359,site_1890,site_1867,5,47.88,36.984526999284476,36.984526999284476,7
lane_02985,site_2355,site_1939,1,72.73,22.444332276232533,36.96515304472554,1
lane_02178,site_1762,site_2067,1,72.7,22.43507433634133,36.94990549087786,1
lane_00993,site_0925,site_1503,1,72.56,22.39187061684906,36.87875023958868,1
lane_00178,site_0191,site_0257,5,72.30000000000001,22.311635137791995,36.74660477290879,5
lane_01834,site_1530,site_1565,2,72.26,22.299291217937064,36.72627470111188,2
lane_02056,site_1725,site_1732,2,47.54,36.72189669060116,36.72189669060116,2
lane_00448,site_0479,site_0462,5,72.25,22.29620523797333,36.72119218316266,5
lane_01167,site_1063,site_1316,1,72.25,22.296205237973332,36.72119218316266,1
lane_00552,site_0534,site_0681,3,72.0,22.219055738879998,36.594129234431996,4
lane_00576,site_0566,site_0654,1,72.0,22.219055738879998,36.59412923443199,1
lane_01088,site_0964,site_1027,1,72.0,22.219055738879998,36.59412923443199,1
lane_01021,site_0964,site_0956,2,72.0,22.219055738879998,36.59412923443199,2
lane_00127,site_0191,site_0065,6,71.94,22.200539859097596,36.56363412673663,8
lane_01776,site_1530,site_1496,2,71.9,22.188195939242664,36.54330405493973,2
lane_00332,site_0361,site_1977,1,47.18,36.443817540230604,36.443817540230604,1
lane_01738,site_1521,site_1541,2,71.52,22.070928700620794,36.35016837286911,2
lane_02116,site_1762,site_0112,2,71.46,22.05241282083839,36.31967326517375,2
lane_00612,site_0665,site_0507,2,71.44,22.046240860910924,36.3095082292753,2
lane_00641,site_0665,site_0581,2,71.34,22.015381061273594,36.25868304978303,2
lane_02319,site_1855,site_1867,2,46.84,36.1811872315473,36.1811872315473,2
lane_02969,site_2325,site_2337,2,71.18,21.96600538185386,36.17736276259541,2
lane_01986,site_1627,site_1607,1,71.0,21.910457742506665,36.085877439509325,1
lane_01095,site_0964,site_1035,1,71.0,21.910457742506665,36.085877439509325,1
lane_01931,site_1626,site_1607,1,71.0,21.910457742506665,36.085877439509325,1
lane_02180,site_1762,site_2076,1,71.0,21.910457742506665,36.085877439509325,1
lane_00578,site_0566,site_0700,1,70.94,21.891941862724263,36.05538233181396,1
lane_00810,site_0782,site_0796,2,70.6,21.787018543957327,35.882576721540254,2
lane_01535,site_1339,site_1354,2,92.85,27.626548154538664,35.84230196484373,2
lane_02262,site_1847,site_1837,5,70.45,21.740728844501326,35.80633895230186,6
lane_01500,site_1321,site_1063,1,70.34,21.70678306490026,35.750431254860366,1
lane_02814,site_2259,site_2249,11,46.26,35.73317082261695,35.73317082261695,18
lane_00402,site_0407,site_0399,3,70.02000000000001,21.608031706060796,35.587790680485114,3
lane_00503,site_0534,site_0568,2,70.0,21.60185974613333,35.57762564458666,2
lane_02372,site_1895,site_1826,2,70.0,21.60185974613333,35.57762564458666,2
lane_02998,site_2355,site_2357,3,69.92999999999999,21.580257886387194,35.54204801894207,3
lane_02197,site_1762,site_2117,1,69.9,21.570999946496,35.52680046509439,1
lane_01089,site_0964,site_1028,2,69.84,21.5524840667136,35.49630535739903,2
lane_01973,site_1626,site_1658,1,69.8,21.54014014685866,35.475975285602125,1
lane_00282,site_0328,site_0334,1,45.46,35.11521715512682,35.11521715512682,1
lane_02198,site_1762,site_2122,1,69.08,21.31794958946986,35.11003399325781,1
lane_02743,site_2192,site_2193,3,69.03,21.302519689651195,35.08462140351167,3
lane_01105,site_1008,site_0964,1,69.0,21.293261749759996,35.06937384966399,1
lane_01077,site_0964,site_1015,1,69.0,21.293261749759996,35.06937384966399,1
lane_01070,site_0964,site_1008,1,69.0,21.293261749759996,35.06937384966399,1
lane_00262,site_0328,site_0313,1,45.3,34.99162642162879,34.99162642162879,1
lane_02963,site_2325,site_2329,1,68.84,21.243886070340263,34.98805356247637,1
lane_02283,site_1847,site_1879,3,68.55000000000001,21.154392651391994,34.84066054194879,3
lane_02981,site_2354,site_2353,2,68.54,21.151306671428262,34.83557802399957,2
lane_00442,site_0479,site_0454,5,68.4,21.108102951935997,34.7644227727104,6
lane_02376,site_1895,site_1839,5,45.0,34.759893796319986,34.759893796319986,5
lane_00890,site_0857,site_0852,2,68.36,21.095759032081062,34.744092700913484,3
lane_01305,site_1187,site_1239,3,68.34,21.089587072153595,34.73392766501504,3
lane_00268,site_0328,site_0319,2,68.3,21.07724315229866,34.71359759321812,2
lane_00808,site_0782,site_0794,2,44.94,34.71354727125823,34.71354727125823,2
lane_01081,site_0964,site_1019,1,68.0,20.984663753386663,34.561122054741325,1
lane_01106,site_1019,site_0964,1,68.0,20.984663753386663,34.561122054741325,1
lane_00946,site_0895,site_0908,2,68.0,20.984663753386663,34.561122054741325,2
lane_01765,site_1521,site_1584,1,68.0,20.984663753386663,34.561122054741325,1
lane_01586,site_1383,site_1384,1,68.0,20.984663753386663,34.561122054741325,1
lane_00329,site_0361,site_1974,1,67.93,20.963061893640532,34.52554442909674,1
lane_00048,site_0164,site_0040,6,67.86,20.9414600338944,34.48996680345215,7
lane_02190,site_1762,site_2102,1,67.83,20.932202094003195,34.47471924960447,1
lane_00429,site_0469,site_0450,4,44.6,34.45091696257493,34.45091696257493,4
lane_01733,site_1521,site_1535,2,67.68,20.885912394547198,34.39848148036608,3
lane_00171,site_0191,site_0233,4,67.64,20.873568474692263,34.37815140856917,4
lane_00616,site_0665,site_0511,2,67.35,20.784075055743997,34.230758388041586,2
lane_01904,site_1573,site_2048,1,67.35,20.784075055743997,34.230758388041586,1
lane_01461,site_1293,site_1750,1,67.1,20.706925556650663,34.10369543931092,1
lane_01011,site_0941,site_0948,1,67.07,20.697667616759457,34.08844788546324,1
lane_01083,site_0964,site_1021,1,67.0,20.676065757013326,34.052870259818654,1
lane_00487,site_0534,site_0527,1,67.0,20.676065757013326,34.052870259818654,1
lane_02248,site_1847,site_1796,6,66.9,20.645205957375996,34.0020450803264,6
lane_01743,site_1521,site_1551,2,66.72,20.589658318028793,33.910559757240314,3
lane_02984,site_2355,site_1938,1,66.68,20.577314398173865,33.89022968544341,1
lane_02012,site_1675,site_1391,1,43.84,33.8638609784593,33.8638609784593,1
lane_01517,site_1339,site_1331,2,66.52,20.52793871875413,33.80890939825578,3
lane_01633,site_1414,site_1413,3,66.36,20.478563039334396,33.72758911106815,3
lane_00909,site_0857,site_0873,2,66.28,20.453875199624534,33.68692896747434,2
lane_02284,site_1847,site_1884,4,66.28,20.453875199624534,33.68692896747434,3
lane_00683,site_0665,site_0675,2,66.24,20.441531279769595,33.66659889567743,1
lane_01429,site_1278,site_1277,4,66.24,20.441531279769595,33.66659889567743,5
lane_02553,site_2098,site_2070,1,66.22,20.435359319842128,33.65643385977898,1
lane_00142,site_0191,site_0128,3,66.21000000000001,20.432273339878392,33.65135134182975,4
lane_01863,site_1553,site_0925,1,66.17,20.419929420023465,33.631021270032846,1
lane_01012,site_0941,site_0949,1,66.07,20.389069620386127,33.580196090540575,1
lane_00327,site_0361,site_1685,2,66.03,20.376725700531196,33.559866018743676,2
lane_01533,site_1339,site_1350,3,77.31,23.337967909789864,33.54826316760277,3
lane_03055,site_2405,site_1097,1,66.0,20.367467760639997,33.544618464896,1
lane_00486,site_0534,site_0526,1,66.0,20.367467760639997,33.544618464896,1
lane_02011,site_1655,site_1637,1,66.0,20.367467760639997,33.544618464896,1
lane_00705,site_0686,site_0530,1,66.0,20.367467760639997,33.544618464896,1
lane_01970,site_1626,site_1655,1,66.0,20.367467760639997,33.544618464896,1
lane_02124,site_1762,site_0131,3,65.97,20.35820982074879,33.52937091104832,3
lane_00510,site_0534,site_0582,2,65.96,20.35512384078506,33.52428839309908,4
lane_02752,site_2204,site_0385,1,65.81,20.308834141329065,33.44805062386069,1
lane_00822,site_0782,site_0809,2,52.04,28.12866290075071,33.32365473900436,2
lane_00866,site_0828,site_0836,1,43.08,33.27680499434367,33.27680499434367,1
lane_01908,site_1577,site_1497,1,43.0,33.21500962759466,33.21500962759466,1
lane_01760,site_1521,site_1577,1,43.0,33.21500962759466,33.21500962759466,1
lane_01015,site_0941,site_0952,1,65.1,20.089729563903994,33.08719184946559,1
lane_00516,site_0534,site_0599,1,65.0,20.05886976426666,33.036366669973326,1
lane_01450,site_1293,site_1739,1,65.0,20.05886976426666,33.036366669973326,1
lane_00582,site_0576,site_0686,1,65.0,20.05886976426666,33.036366669973326,2
lane_01999,site_1631,site_1637,1,65.0,20.05886976426666,33.036366669973326,1
lane_00572,site_0566,site_0624,1,65.0,20.05886976426666,33.036366669973326,1
lane_00864,site_0828,site_0834,1,42.7,32.98327700228586,32.98327700228586,1
lane_01377,site_1242,site_0479,1,42.69,32.97555258144223,32.97555258144223,1
lane_01683,site_1472,site_1478,2,64.86,20.015666044774395,32.965211418684156,2
lane_01237,site_1133,site_1138,5,64.80000000000001,19.997150164991996,32.9347163109888,5
lane_00530,site_0534,site_0627,2,64.76,19.984806245137065,32.91438623919189,3
lane_01677,site_1472,site_1471,2,64.72,19.97246232528213,32.89405616739498,2
lane_00566,site_0566,site_0556,1,64.42,19.87988292637013,32.74158062891818,1
lane_00068,site_0164,site_0141,3,64.17,19.8027334272768,32.61451768018752,4
lane_02312,site_1855,site_1843,3,47.64,29.43329678176682,32.603799102730235,3
lane_01166,site_1063,site_1088,1,64.0,19.75027176789333,32.528114875050655,1
lane_02755,site_2207,site_2205,2,64.0,19.75027176789333,32.528114875050655,2
lane_01626,site_1414,site_1406,2,64.0,19.75027176789333,32.528114875050655,3
lane_00343,site_0373,site_0378,2,64.0,19.75027176789333,32.528114875050655,3
lane_00722,site_0686,site_0614,1,64.0,19.75027176789333,32.528114875050655,1
lane_02790,site_2249,site_1264,1,64.0,19.75027176789333,32.528114875050655,1
lane_01060,site_0964,site_0997,1,64.0,19.75027176789333,32.528114875050655,1
lane_01675,site_1472,site_1469,1,64.0,19.75027176789333,32.528114875050655,1
lane_00476,site_0534,site_0507,2,64.0,19.75027176789333,32.528114875050655,2
lane_00539,site_0534,site_0653,1,64.0,19.75027176789333,32.528114875050655,1
lane_01071,site_0964,site_1009,1,64.0,19.75027176789333,32.528114875050655,1
lane_00535,site_0534,site_0644,2,64.0,19.75027176789333,32.528114875050655,2
lane_01462,site_1293,site_1751,1,64.0,19.75027176789333,32.528114875050655,1
lane_00783,site_0773,site_0775,2,64.0,19.75027176789333,32.528114875050655,2
lane_02226,site_1774,site_1771,1,63.88,19.713240008328533,32.46712465965994,1
lane_00824,site_0782,site_0811,2,42.0,32.442567543231995,32.442567543231995,2
lane_01746,site_1521,site_1557,1,41.86,32.33442565142122,32.33442565142122,1
lane_02960,site_2325,site_2324,2,63.6,19.626832569343996,32.3248141570816,2
lane_01552,site_1341,site_1358,1,63.54,19.608316689561594,32.29431904938623,1
lane_00046,site_0164,site_0032,6,63.480000000000004,19.589800809779195,32.26382394169087,6
lane_02646,site_2128,site_2077,2,63.48,19.589800809779195,32.263823941690866,3
lane_02898,site_2316,site_0751,2,63.400000000000006,19.56511297006933,32.223163798097055,2
lane_02849,site_2310,site_2322,1,63.39,19.562026990105597,32.218081280147835,1
lane_00974,site_0925,site_0415,2,63.38,19.558941010141865,32.21299876219861,2
lane_02675,site_2128,site_2129,2,63.3,19.534253170431995,32.17233861860479,2
lane_00333,site_0361,site_1978,1,63.24,19.515737290649597,32.14184351090943,1
lane_01143,site_1063,site_1065,1,63.15,19.487963470975995,32.096100849366394,1
lane_00241,site_0256,site_2095,1,62.94,19.423157891737596,31.989367972432632,1
lane_00109,site_0167,site_0255,2,62.92,19.416985931810128,31.97920293653418,3
lane_02534,site_2095,site_1762,4,41.36,31.948204609239884,31.948204609239884,4
lane_01007,site_0941,site_0943,1,62.84,19.392298092100262,31.938542792940364,1
lane_00785,site_0773,site_0777,2,62.78,19.373782212317863,31.908047685245005,2
lane_00551,site_0534,site_0678,3,62.44,19.26885889355093,31.735242074971303,3
lane_02554,site_2118,site_2095,1,62.42,19.262686933623463,31.72507703907285,1
lane_01835,site_1530,site_1566,4,62.36,19.24417105384106,31.694581931377485,5
lane_01752,site_1521,site_1566,4,62.36,19.24417105384106,31.694581931377485,4
lane_01358,site_1222,site_1218,3,46.29,28.59922980747242,31.67988791908863,3
lane_03043,site_2400,site_2322,1,62.22,19.200967334348796,31.62342668008831,1
lane_02940,site_2316,site_2403,1,62.16,19.182451454566397,31.59293157239295,1
lane_00826,site_0782,site_0813,2,62.04,19.145419695001596,31.531941357002232,2
lane_02313,site_1855,site_1849,2,40.82,31.531085883684046,31.531085883684046,2
lane_01930,site_1626,site_1606,1,62.0,19.13307577514666,31.511611285205326,1
lane_00732,site_0686,site_0672,1,62.0,19.13307577514666,31.511611285205326,1
lane_00567,site_0566,site_0571,1,62.0,19.13307577514666,31.511611285205326,1
lane_00496,site_0534,site_0544,1,62.0,19.13307577514666,31.511611285205326,1
lane_01355,site_1222,site_1207,8,58.08,21.290879708165757,31.43728575044287,8
lane_02225,site_1771,site_1774,1,61.8,19.071356175871994,31.40996092622079,1
lane_01572,site_1369,site_1368,1,40.62,31.37659746681151,31.37659746681151,1
lane_02681,site_2136,site_1940,1,40.61,31.368873045967884,31.368873045967884,1
lane_02131,site_1762,site_0151,2,61.64,19.021980496452265,31.328640639033164,2
lane_00564,site_0566,site_0543,1,61.6,19.00963657659733,31.30831056723626,1
lane_01563,site_1358,site_1339,2,40.44,31.23755789162623,31.23755789162623,5
lane_01005,site_0941,site_0940,1,40.4,31.206660208251726,31.206660208251726,1
lane_00120,site_0191,site_0029,2,61.36,18.935573057467728,31.18633013645482,2
lane_02666,site_2128,site_2112,1,61.33,18.92631511757653,31.17108258260714,1
lane_02371,site_1895,site_1825,2,61.24,18.89854129790293,31.125339921064104,2
lane_02260,site_1847,site_1833,6,61.230000000000004,18.895455317939195,31.120257403114877,6
lane_00420,site_0439,site_0442,1,61.19,18.883111398084264,31.099927331317964,1
lane_01960,site_1626,site_1644,1,61.19,18.883111398084264,31.099927331317964,1
lane_00565,site_0566,site_0553,1,40.24,31.0830694747537,31.0830694747537,1
lane_02850,site_2315,site_2322,1,61.14,18.867681498265597,31.074514741571832,1
lane_00245,site_0274,site_2095,1,61.1,18.855337578410662,31.054184669774926,1
lane_01756,site_1521,site_1571,2,61.05,18.839907678592,31.028772080028794,2
lane_00803,site_0782,site_0789,1,40.15,31.01354968716106,31.01354968716106,1
lane_01969,site_1626,site_1654,1,61.0,18.82447777877333,31.003359490282662,1
lane_01043,site_0964,site_0980,1,61.0,18.82447777877333,31.003359490282662,1
lane_01998,site_1627,site_1665,1,61.0,18.82447777877333,31.003359490282662,1
lane_02495,site_2080,site_2119,1,61.0,18.82447777877333,31.003359490282662,1
lane_01564,site_1358,site_1341,1,61.0,18.82447777877333,31.003359490282662,1
lane_00281,site_0328,site_0333,1,40.07,30.951754320412046,30.951754320412046,1
lane_01839,site_1530,site_1571,2,60.82,18.76893013942613,30.91187416719658,2
lane_01295,site_1187,site_1220,2,60.78,18.756586219571197,30.891544095399677,2
lane_00422,site_0446,site_1063,1,60.68,18.72572641993386,30.840718915907402,1
lane_01581,site_1369,site_1380,3,39.87,30.79726590353951,30.79726590353951,3
lane_01957,site_1626,site_1641,1,60.59,18.697952600260265,30.79497625436437,1
lane_02594,site_2128,site_0190,1,60.57,18.691780640332794,30.78481121846591,1
lane_01009,site_0941,site_0946,1,60.51,18.673264760550396,30.75431611077055,1
lane_03046,site_2403,site_2322,1,60.39,18.636233000985595,30.693325895379832,1
lane_01489,site_1300,site_1311,1,39.52,30.526911174012582,30.526911174012582,1
lane_01685,site_1472,site_1480,2,60.0,18.515879782399995,30.49510769535999,2
lane_00717,site_0686,site_0570,3,60.0,18.515879782399995,30.49510769535999,5
lane_00757,site_0697,site_0592,1,60.0,18.515879782399995,30.49510769535999,1
lane_00549,site_0534,site_0675,1,60.0,18.515879782399995,30.49510769535999,1
lane_01118,site_1044,site_1049,2,60.0,18.515879782399995,30.49510769535999,2
lane_00663,site_0665,site_0633,1,60.0,18.515879782399995,30.49510769535999,1
lane_00964,site_0916,site_0919,3,60.0,18.515879782399995,30.49510769535999,3
lane_00634,site_0665,site_0561,1,60.0,18.515879782399995,30.49510769535999,1
lane_02962,site_2325,site_2327,1,59.93,18.49427792265386,30.459530069715406,1
lane_01668,site_1459,site_2095,2,59.9,18.485019982762662,30.444282515867727,2
lane_00444,site_0479,site_0457,2,39.12,30.21793434026751,30.21793434026751,2
lane_01859,site_1544,site_1497,1,59.33,18.309119124829863,30.154578992761802,1
lane_00193,site_0191,site_0300,2,59.26,18.287517265083732,30.119001367117217,2
lane_00113,site_0190,site_2095,1,59.18,18.262829425373862,30.078341223523406,1
lane_00687,site_0665,site_0680,1,59.14,18.250485505518927,30.0580111517265,1
lane_02340,site_1867,site_1895,1,38.86,30.01709939833322,30.01709939833322,2
lane_01991,site_1627,site_1630,1,59.0,18.207281786026662,29.986855900437327,1
lane_01944,site_1626,site_1622,1,59.0,18.207281786026662,29.986855900437327,1
lane_01409,site_1248,site_1253,1,59.0,18.207281786026662,29.986855900437327,1
lane_00728,site_0686,site_0663,1,59.0,18.207281786026662,29.986855900437327,1
lane_00949,site_0895,site_0911,2,58.94,18.188765906244264,29.956360792741968,2
lane_02608,site_2128,site_1037,3,58.86,18.1640780665344,29.915700649148157,3
lane_02014,site_1681,site_0368,1,58.74,18.127046306969596,29.854710433757432,1
lane_01163,site_1063,site_1085,2,58.72,18.12087434704213,29.84454539785898,2
lane_00284,site_0328,site_0336,2,58.72,18.12087434704213,29.84454539785898,2
lane_02039,site_1712,site_1714,2,58.599999999999994,18.083842587477328,29.78355518246826,2
lane_01341,site_1202,site_1187,1,58.56,18.071498667622397,29.763225110671353,1
lane_00478,site_0534,site_0510,2,58.5,18.052982787839994,29.732730002975995,2
lane_02475,site_2052,site_2053,2,38.49,29.731295827119034,29.731295827119034,2
lane_01476,site_1300,site_1297,1,38.27,29.56135856855925,29.56135856855925,1
lane_01452,site_1293,site_1741,1,58.1,17.929543589290663,29.529429285006923,1
lane_03038,site_2390,site_2389,1,58.0,17.89868378965333,29.47860410551466,1
lane_01410,site_1248,site_1254,1,58.0,17.89868378965333,29.47860410551466,1
lane_01418,site_1254,site_1257,1,58.0,17.89868378965333,29.47860410551466,1
lane_02416,site_1955,site_1954,1,58.0,17.89868378965333,29.47860410551466,1
lane_02414,site_1954,site_1956,2,58.0,17.89868378965333,29.47860410551466,2
lane_00816,site_0782,site_0802,2,57.98,17.892511829725862,29.468439069616206,2
lane_02399,site_1907,site_1910,2,38.1,29.430043414217593,29.430043414217593,2
lane_02977,site_2336,site_2339,1,57.82,17.84313615030613,29.38711878242858,1
lane_00254,site_0310,site_0347,1,57.79,17.833878210414927,29.3718712285809,1
lane_01718,site_1521,site_1501,1,38.0,29.352799205781327,29.352799205781327,1
lane_01192,site_1089,site_1092,1,38.0,29.352799205781327,29.352799205781327,1
lane_02185,site_1762,site_2091,1,57.72,17.812276350668796,29.336293602936315,1
lane_01750,site_1521,site_1561,2,57.7,17.806104390741332,29.326128567037863,2
lane_00601,site_0636,site_0686,1,57.7,17.806104390741332,29.326128567037863,1
lane_02311,site_1855,site_1840,4,37.88,29.26010615565781,29.26010615565781,4
lane_00286,site_0328,site_0338,1,37.85,29.236932893126927,29.236932893126927,1
lane_00111,site_0180,site_2095,1,57.45,17.728954891647998,29.199065618307195,1
lane_00796,site_0782,site_0781,1,37.79,29.190586368065166,29.190586368065166,1
lane_02413,site_1951,site_0349,1,57.42,17.719696951756795,29.183818064459516,1
lane_00509,site_0534,site_0580,2,73.2,21.862487558911997,29.1698165858176,2
lane_02882,site_2316,site_0735,1,57.39,17.710439011865596,29.168570510611833,1
lane_00196,site_0192,site_0191,2,57.39,17.7104390118656,29.16857051061183,2
lane_01253,site_1133,site_1160,8,57.28,17.67649323226453,29.112662813170342,9
lane_01641,site_1414,site_1422,1,37.63,29.066995634567142,29.066995634567142,1
lane_02044,site_1717,site_1716,1,37.58,29.028373530349004,29.028373530349004,1
lane_01976,site_1626,site_1662,1,57.0,17.590085793279997,28.97035231059199,2
lane_02700,site_2147,site_2148,1,57.0,17.590085793279997,28.97035231059199,1
lane_01092,site_0964,site_1031,1,57.0,17.590085793279997,28.97035231059199,1
lane_01996,site_1627,site_1662,1,57.0,17.590085793279997,28.97035231059199,1
lane_01739,site_1521,site_1542,2,56.92,17.56539795357013,28.92969216699818,2
lane_01481,site_1300,site_1303,1,37.45,28.927956059381863,28.927956059381863,1
lane_00891,site_0857,site_0853,3,56.79,17.525280214041597,28.863619433658236,3
lane_01720,site_1521,site_1504,1,37.26,28.78119206335295,28.78119206335295,1
lane_00024,site_0096,site_2095,1,56.6,17.466646594730662,28.767051592622927,1
lane_02230,site_1810,site_1867,1,56.57,17.457388654839463,28.751804038775248,1
lane_01236,site_1133,site_1136,1,37.12,28.67305017154218,28.67305017154218,1
lane_02195,site_1762,site_2114,1,56.4,17.404926995455998,28.66540123363839,1
lane_01961,site_1626,site_1645,1,56.39,17.401841015492263,28.660318715689165,1
lane_01197,site_1101,site_1103,1,37.1,28.657601329854927,28.657601329854927,1
lane_00320,site_0361,site_0366,3,56.37,17.395669055564795,28.650153679790712,3
lane_02494,site_2074,site_2070,1,56.33,17.383325135709864,28.629823607993806,1
lane_02802,site_2249,site_2254,2,56.28,17.367895235891197,28.604411018247674,2
lane_01233,site_1133,site_1132,4,56.24,17.355551316036262,28.58408094645077,4
lane_02899,site_2316,site_0752,2,56.18,17.337035436253863,28.553585838755406,2
lane_02402,site_1907,site_1913,1,36.94,28.534010596356897,28.534010596356897,1
lane_00979,site_0925,site_0420,1,36.9,28.50311291298239,28.50311291298239,1
lane_00885,site_0857,site_0846,3,56.04,17.2938317167616,28.482430587466233,3
lane_01056,site_0964,site_0993,1,56.0,17.28148779690666,28.46210051566933,1
lane_01937,site_1626,site_1613,1,56.0,17.28148779690666,28.46210051566933,1
lane_01061,site_0964,site_0998,1,56.0,17.28148779690666,28.46210051566933,1
lane_00211,site_0245,site_2070,1,56.0,17.28148779690666,28.46210051566933,1
lane_01647,site_1414,site_1429,2,55.92,17.256799957196797,28.421440372075516,3
lane_00279,site_0328,site_0331,1,55.87,17.24137005737813,28.396027782329377,1
lane_01244,site_1133,site_1147,7,55.800000000000004,17.219768197631996,28.36045015668479,8
lane_02233,site_1829,site_1855,1,36.71,28.356348916953486,28.356348916953486,1
lane_01006,site_0941,site_0942,1,55.63,17.16730653824853,28.274047351547942,1
lane_02193,site_1762,site_2108,1,55.6,17.15804859835733,28.25879979770026,1
lane_01431,site_1278,site_1280,2,36.58,28.255931445986338,28.255931445986338,2
lane_00814,site_0782,site_0800,1,36.51,28.20186050008095,28.20186050008095,1
lane_01381,site_1242,site_1199,1,36.36,28.085994187426554,28.085994187426554,1
lane_00271,site_0328,site_0322,1,55.06,16.99140568031573,27.98434382844202,1
lane_00675,site_0665,site_0652,1,55.03,16.98214774042453,27.96909627459434,1
lane_02751,site_2200,site_0385,1,55.02,16.979061760460798,27.964013756645112,1
lane_02330,site_1855,site_1892,4,36.2,27.96240345392853,27.96240345392853,4
lane_00710,site_0686,site_0552,1,55.0,16.97288980053333,27.95384872074666,1
lane_01968,site_1626,site_1652,1,55.0,16.97288980053333,27.95384872074666,1
lane_01990,site_1627,site_1628,1,55.0,16.97288980053333,27.95384872074666,1
lane_01947,site_1626,site_1628,1,55.0,16.97288980053333,27.95384872074666,1
lane_01804,site_1530,site_1529,1,55.0,16.97288980053333,27.95384872074666,1
lane_01354,site_1222,site_1204,5,45.45,22.458464454814074,27.903023541254395,5
lane_00455,site_0479,site_0474,2,36.1,27.88515924549226,27.88515924549226,2
lane_02216,site_1763,site_1765,1,54.79,16.90808422129493,27.8471158438129,1
lane_00654,site_0665,site_0604,1,54.78,16.904998241331196,27.842033325863675,1
lane_02069,site_1732,site_1724,2,35.96,27.777017353681487,27.777017353681487,2
lane_01303,site_1187,site_1233,1,54.64,16.86179452183893,27.770878074574505,1
lane_01542,site_1339,site_1365,2,54.62,16.855622561911463,27.760713038676045,2
lane_00950,site_0895,site_0912,2,54.6,16.849450601983996,27.7505480027776,2
lane_02252,site_1847,site_1815,4,54.56,16.837106682129065,27.730217930980693,6
lane_02219,site_1763,site_1768,2,54.54,16.830934722201597,27.72005289508223,3
lane_00577,site_0566,site_0682,1,54.33,16.766129142963198,27.61332001814847,1
lane_01919,site_1604,site_1637,1,54.27,16.7476132631808,27.582824910453116,1
lane_00664,site_0665,site_0636,1,54.22,16.73218336336213,27.55741232070698,1
lane_00038,site_0157,site_2070,1,54.18,16.719839443507198,27.537082248910075,1
lane_02203,site_1762,site_2133,1,54.15,16.710581503615995,27.521834695062395,1
lane_02701,site_2152,site_2306,1,54.13,16.70440954368853,27.511669659163942,1
lane_00621,site_0665,site_0521,1,54.0,16.664291804159994,27.445596925823992,1
lane_01774,site_1530,site_1493,1,54.0,16.664291804159994,27.445596925823992,1
lane_01985,site_1627,site_1605,1,54.0,16.664291804159994,27.445596925823992,1
lane_02785,site_2237,site_2240,2,54.0,16.664291804159994,27.445596925823992,2
lane_01995,site_1627,site_1659,1,54.0,16.664291804159994,27.445596925823992,1
lane_01729,site_1521,site_1524,1,53.98,16.658119844232527,27.43543188992554,1
lane_01799,site_1530,site_1524,1,53.98,16.658119844232527,27.43543188992554,1
lane_01004,site_0941,site_0939,1,53.95,16.64886190434133,27.42018433607786,1
lane_01356,site_1222,site_1208,6,53.94,16.6457759243776,27.415101818128633,6
lane_01439,site_1286,site_1118,1,35.44,27.375347469812898,27.375347469812898,1
lane_02186,site_1762,site_2092,1,53.83,16.61183014477653,27.35919412068714,1
lane_02293,site_1855,site_1782,2,35.28,27.251756736314874,27.251756736314874,2
lane_01491,site_1300,site_1313,1,35.23,27.213134632096736,27.213134632096736,1
lane_01484,site_1300,site_1306,1,35.14,27.1436148445041,27.1436148445041,1
lane_01492,site_1300,site_1314,1,35.06,27.08181947775509,27.08181947775509,1
lane_01199,site_1105,site_0443,1,35.0,27.035472952693326,27.035472952693326,1
lane_00929,site_0888,site_0892,1,53.0,16.355693807786665,26.937345130901328,1
lane_03035,site_2390,site_2384,1,53.0,16.355693807786665,26.937345130901328,1
lane_01938,site_1626,site_1614,1,53.0,16.355693807786665,26.937345130901328,1
lane_01100,site_0981,site_0964,1,53.0,16.355693807786665,26.937345130901328,1
lane_01044,site_0964,site_0981,1,53.0,16.355693807786665,26.937345130901328,2
lane_00507,site_0534,site_0577,1,53.0,16.355693807786665,26.937345130901328,1
lane_01731,site_1521,site_1528,1,53.0,16.355693807786665,26.937345130901328,1
lane_00449,site_0479,site_0465,3,34.83,26.90415779835167,26.90415779835167,4
lane_01926,site_1626,site_1600,1,52.84,16.306318128366932,26.856024843713698,1
lane_01277,site_1187,site_1188,4,52.83,16.303232148403197,26.850942325764475,4
lane_00414,site_0410,site_1907,1,52.82,16.30014616843946,26.845859807815245,1
lane_00775,site_0768,site_0767,2,52.82,16.30014616843946,26.845859807815245,2
lane_01239,site_1133,site_1140,6,52.800000000000004,16.293974208512,26.8356947719168,7
lane_01285,site_1187,site_1199,1,34.69,26.796015906540898,26.796015906540898,1
lane_02835,site_2279,site_2283,1,52.72,16.26928636880213,26.79503462832298,1
lane_00910,site_0857,site_0875,2,52.68,16.256942448947196,26.77470455652607,3
lane_01975,site_1626,site_1661,1,52.66,16.25077048901973,26.76453952062762,1
lane_00203,site_0215,site_2070,1,52.65,16.247684509055997,26.759457002678392,1
lane_01010,site_0941,site_0947,1,52.63,16.24151254912853,26.74929196677994,1
lane_02304,site_1855,site_1809,1,34.62,26.74194496063551,26.74194496063551,1
lane_00482,site_0534,site_0520,1,52.57,16.222996669346127,26.71879685908458,1
lane_01988,site_1627,site_1618,1,52.51,16.20448078956373,26.688301751389222,1
lane_01742,site_1521,site_1550,1,34.5,26.649251910511992,26.649251910511992,1
lane_00206,site_0234,site_0191,2,52.4,16.170535009962663,26.632394053947728,2
lane_00293,site_0328,site_0345,2,52.38,16.164363050035195,26.622229018049275,2
lane_00896,site_0857,site_0859,2,52.36,16.15819109010773,26.612063982150822,2
lane_01649,site_1414,site_1432,3,52.349999999999994,16.155105110143996,26.606981464201596,3
lane_02215,site_1763,site_1764,1,52.33,16.14893315021653,26.596816428303143,1
lane_00070,site_0164,site_0147,4,52.32,16.145847170252797,26.591733910353916,5
lane_01709,site_1502,site_1497,1,52.27,16.13041727043413,26.566321320607784,1
lane_00515,site_0534,site_0598,1,52.23,16.118073350579195,26.545991248810868,1
lane_00322,site_0361,site_0701,1,52.17,16.099557470796796,26.515496141115513,1
lane_01257,site_1157,site_1133,1,34.29,26.487039072795834,26.487039072795834,1
lane_02633,site_2128,site_1459,2,52.1,16.077955611050662,26.479918515470928,2
lane_02975,site_2333,site_2339,1,52.08,16.071783651123198,26.46975347957247,1
lane_02000,site_1632,site_1637,1,52.0,16.04709581141333,26.429093335978656,1
lane_00941,site_0895,site_0903,2,52.0,16.04709581141333,26.429093335978656,2
lane_02760,site_2207,site_2211,2,52.0,16.04709581141333,26.429093335978656,2
lane_02763,site_2207,site_2214,2,52.0,16.04709581141333,26.429093335978656,2
lane_01465,site_1293,site_1754,1,52.0,16.04709581141333,26.429093335978656,1
lane_02245,site_1847,site_1790,4,52.0,16.04709581141333,26.429093335978656,5
lane_02251,site_1847,site_1808,2,52.0,16.04709581141333,26.429093335978656,2
lane_01134,site_1063,site_0448,1,51.98,16.04092385148586,26.418928300080204,1
lane_01380,site_1242,site_1187,3,34.2,26.4175192852032,26.4175192852032,3
lane_00944,site_0895,site_0906,2,51.96,16.034751891558397,26.40876326418175,2
lane_02189,site_1762,site_2099,1,51.68,15.948344452573863,26.266452761603404,1
lane_02239,site_1847,site_1784,6,44.04,20.39988697196501,26.261722497373434,6
lane_02742,site_2192,site_2187,2,51.62,15.929828572791463,26.235957653908045,2
lane_00249,site_0287,site_2070,1,51.56,15.911312693009064,26.205462546212686,1
lane_03036,site_2390,site_2386,1,51.5,15.892796813226665,26.174967438517324,1
lane_00105,site_0164,site_0289,3,51.480000000000004,15.8866248532992,26.164802402618875,4
lane_02578,site_2128,site_0077,1,51.47,15.883538873335464,26.159719884669645,1
lane_02829,site_2279,site_2275,1,51.42,15.868108973516797,26.134307294923513,1
lane_01382,site_1242,site_1222,1,33.74,26.06219592639637,26.06219592639637,1
lane_00901,site_0857,site_0864,2,51.26,15.818733294097063,26.05298700773589,2
lane_02385,site_1902,site_1232,1,51.18,15.794045454387199,26.012326864142075,1
lane_00181,site_0191,site_0266,2,51.16,15.78787349445973,26.00216182824362,2
lane_02667,site_2128,site_2113,1,51.16,15.78787349445973,26.00216182824362,1
lane_01493,site_1300,site_1315,1,33.64,25.9849517179601,25.9849517179601,2
lane_01426,site_1277,site_1278,3,51.12,15.775529574604796,25.98183175644671,3
lane_01435,site_1278,site_1284,3,51.12,15.775529574604796,25.98183175644671,3
lane_00617,site_0665,site_0515,1,51.11,15.772443594641064,25.97674923849749,1
lane_01543,site_1339,site_1366,2,51.06,15.757013694822396,25.951336648751358,2
lane_01449,site_1293,site_1738,1,51.0,15.738497815039997,25.920841541055992,1
lane_02441,site_1998,site_2006,1,51.0,15.738497815039997,25.920841541055992,1
lane_02776,site_2226,site_2227,3,51.0,15.738497815039997,25.920841541055992,3
lane_02762,site_2207,site_2213,1,51.0,15.738497815039997,25.920841541055992,1
lane_01027,site_0964,site_0963,1,51.0,15.738497815039997,25.920841541055992,1
lane_01984,site_1627,site_1601,1,51.0,15.738497815039997,25.920841541055992,1
lane_03021,site_2385,site_2381,1,50.95,15.72306791522133,25.89542895130986,1
lane_02571,site_2119,site_2128,10,33.5,25.876809826149326,25.876809826149326,12
lane_00613,site_0665,site_0508,1,50.72,15.652090376055463,25.778531038477645,1
lane_02200,site_1762,site_2127,1,50.54,15.596542736708265,25.687045715391566,1
lane_00638,site_0665,site_0568,1,50.45,15.568768917034664,25.64130305384853,1
lane_01874,site_1573,site_1520,3,50.37,15.544081077324794,25.600642910254706,3
lane_00797,site_0782,site_0783,1,33.14,25.598730675778768,25.598730675778768,1
lane_00521,site_0534,site_0604,1,50.25,15.507049317759996,25.539652694863992,1
lane_00812,site_0782,site_0798,2,50.24,15.503963337796263,25.534570176914766,2
lane_01190,site_1089,site_1090,1,50.2,15.491619417941331,25.514240105117864,1
lane_02821,site_2272,site_2278,1,50.17,15.482361478050128,25.49899255127018,1
lane_01063,site_0964,site_1000,2,50.12,15.466931578231463,25.473579961524045,2
lane_01504,site_1336,site_1358,1,50.06,15.448415698449063,25.443084853828687,1
lane_02217,site_1763,site_1766,1,50.05,15.445329718485329,25.43800233587946,1
lane_01943,site_1626,site_1619,1,50.01,15.432985798630398,25.417672264082555,1
lane_01624,site_1414,site_1404,2,50.0,15.429899818666664,25.412589746133328,2
lane_01050,site_0964,site_0987,2,50.0,15.429899818666664,25.412589746133328,2
lane_01565,site_1358,site_1353,1,50.0,15.429899818666664,25.412589746133328,1
lane_01074,site_0964,site_1012,1,50.0,15.429899818666664,25.412589746133328,1
lane_02759,site_2207,site_2210,2,50.0,15.429899818666664,25.412589746133328,2
lane_02329,site_1855,site_1890,2,50.0,15.429899818666664,25.412589746133328,2
lane_00559,site_0558,site_0686,2,50.0,15.429899818666664,25.412589746133328,2
lane_01034,site_0964,site_0971,1,50.0,15.429899818666664,25.412589746133328,1
lane_00865,site_0828,site_0835,1,50.0,15.429899818666664,25.412589746133328,1
lane_00154,site_0191,site_0178,2,49.88,15.392868059101863,25.35159953074261,2
lane_01436,site_1278,site_1285,3,32.82,25.351549208782714,25.351549208782714,3
lane_00629,site_0665,site_0548,1,49.85,15.383610119210664,25.33635197689493,1
lane_01485,site_1300,site_1307,1,32.76,25.305202683720953,25.305202683720953,1
lane_02160,site_1762,site_0249,1,49.54,15.28794474033493,25.1787939204689,1
lane_00488,site_0534,site_0529,1,49.41,15.247827000806394,25.112721187128955,1
lane_01180,site_1063,site_2267,3,49.349999999999994,15.229311121023997,25.08222607943359,3
lane_02976,site_2335,site_2339,1,49.11,15.155247601894398,24.96024564865215,1
lane_00948,site_0895,site_0910,2,49.1,15.152161621930663,24.95516313070293,2
lane_00093,site_0164,site_0238,5,49.0,15.121301822293331,24.904337951210664,4
lane_01956,site_1626,site_1640,1,49.0,15.121301822293331,24.90433795121066,1
lane_01453,site_1293,site_1742,1,49.0,15.121301822293331,24.90433795121066,2
lane_00875,site_0835,site_0828,1,49.0,15.121301822293331,24.90433795121066,1
lane_01040,site_0964,site_0977,1,49.0,15.121301822293331,24.90433795121066,1
lane_00624,site_0665,site_0529,1,49.0,15.121301822293331,24.90433795121066,1
lane_01934,site_1626,site_1610,1,49.0,15.121301822293331,24.90433795121066,1
lane_01977,site_1626,site_1663,1,49.0,15.121301822293331,24.90433795121066,1
lane_01713,site_1521,site_1494,1,49.0,15.121301822293331,24.90433795121066,1
lane_01082,site_0964,site_1020,1,49.0,15.121301822293331,24.90433795121066,1
lane_02325,site_1855,site_1878,1,32.24,24.903532799852368,24.903532799852368,1
lane_00526,site_0534,site_0613,1,48.94,15.102785942510929,24.873842843515302,1
lane_00562,site_0566,site_0528,1,48.92,15.096613982583463,24.86367780761685,1
lane_01559,site_1358,site_0436,1,48.82,15.065754182946131,24.81285262812458,1
lane_02471,site_2035,site_2034,1,32.11,24.80311532888522,24.80311532888522,1
lane_01703,site_1494,site_1497,1,48.8,15.05958222301866,24.802687592226125,1
lane_02586,site_2128,site_0122,1,48.62,15.004034583671462,24.71120226914005,1
lane_02634,site_2128,site_1460,2,48.6,14.997862623743995,24.701037233241593,2
lane_01955,site_1626,site_1639,1,48.6,14.997862623743995,24.701037233241593,1
lane_00773,site_0757,site_2322,1,48.5,14.967002824106665,24.650212053749325,1
lane_02316,site_1855,site_1858,1,31.71,24.494138495140156,24.494138495140156,1
lane_01254,site_1133,site_1161,3,48.150000000000006,14.858993525375997,24.472323925526393,3
lane_00811,site_0782,site_0797,2,31.68,24.470965232609274,24.470965232609274,2
lane_01724,site_1521,site_1511,1,48.0,14.812703825919998,24.396086156287996,1
lane_01057,site_0964,site_0994,1,48.0,14.812703825919998,24.396086156287996,1
lane_01103,site_1003,site_0964,1,48.0,14.812703825919998,24.396086156287996,1
lane_01066,site_0964,site_1003,1,48.0,14.812703825919998,24.396086156287996,2
lane_00731,site_0686,site_0669,1,48.0,14.812703825919998,24.396086156287996,1
lane_02789,site_2249,site_1263,1,47.97,14.803445886028797,24.380838602440313,1
lane_00204,site_0221,site_2070,1,47.95,14.79727392610133,24.37067356654186,1
lane_00630,site_0665,site_0554,1,47.94,14.794187946137596,24.36559104859263,1
lane_01642,site_1414,site_1423,2,31.46,24.30102797404949,24.30102797404949,2
lane_02624,site_2128,site_1450,2,47.74,14.73246834686293,24.263940689608102,2
lane_00290,site_0328,site_0342,2,31.36,24.22378376561322,24.22378376561322,2
lane_01808,site_1530,site_1534,1,47.54,14.670748747588265,24.16229033062357,1
lane_00310,site_0361,site_0355,2,47.54,14.670748747588265,24.16229033062357,2
lane_02050,site_1725,site_1726,2,31.28,24.16198839886421,24.16198839886421,2
lane_01933,site_1626,site_1609,1,47.5,14.65840482773333,24.141960258826664,1
lane_00146,site_0191,site_0135,3,47.49,14.655318847769596,24.13687774087743,3
lane_01781,site_1530,site_1502,1,47.34,14.6090291483136,24.060639971639034,1
lane_01719,site_1521,site_1502,1,47.34,14.6090291483136,24.060639971639034,1
lane_02051,site_1725,site_1727,1,31.12,24.038397665366183,24.038397665366183,1
lane_01505,site_1338,site_1358,1,47.21,14.568911408785064,23.994567238299087,1
lane_03037,site_2390,site_2387,1,47.2,14.565825428821329,23.98948472034986,1
lane_01029,site_0964,site_0966,1,47.0,14.504105829546663,23.88783436136533,1
lane_01035,site_0964,site_0972,1,47.0,14.504105829546663,23.88783436136533,1
lane_01053,site_0964,site_0990,1,47.0,14.504105829546663,23.88783436136533,1
lane_01992,site_1627,site_1635,1,47.0,14.504105829546663,23.88783436136533,1
lane_02818,site_2266,site_2411,1,30.92,23.883909248493648,23.883909248493648,1
lane_00574,site_0566,site_0639,1,46.95,14.488675929727998,23.862421771619196,1
lane_00023,site_0094,site_2070,1,46.9,14.47324602990933,23.83700918187306,1
lane_01878,site_1573,site_1549,2,46.9,14.47324602990933,23.83700918187306,3
lane_00770,site_0719,site_2322,1,46.76,14.430042310417063,23.765853930583884,1
lane_02224,site_1771,site_1773,2,46.6,14.38066663099733,23.68453364339626,2
lane_01787,site_1530,site_1508,1,46.59,14.377580651033599,23.679451125447034,1
lane_01721,site_1521,site_1508,1,46.59,14.377580651033599,23.679451125447034,1
lane_00560,site_0566,site_0516,1,46.43,14.328204971613864,23.598130838259408,1
lane_02840,site_2287,site_2278,1,46.39,14.315861051758931,23.577800766462502,1
lane_00561,site_0566,site_0524,1,46.3,14.288087232085328,23.53205810491946,1
lane_02074,site_1743,site_1290,1,46.3,14.288087232085328,23.53205810491946,1
lane_01451,site_1293,site_1740,1,46.28,14.281915272157866,23.521893069021008,1
lane_00202,site_0214,site_2070,1,46.27,14.27882929219413,23.51681055107178,1
lane_00317,site_0361,site_0363,2,30.44,23.513137047999567,23.513137047999567,2
lane_00661,site_0665,site_0629,1,46.21,14.260313412411731,23.486315443376423,1
lane_00628,site_0665,site_0547,1,46.13,14.235625572701863,23.44565529978261,1
lane_01648,site_1414,site_1431,2,30.34,23.4358928395633,23.4358928395633,2
lane_00573,site_0566,site_0630,1,46.08,14.220195672883195,23.420242710036472,1
lane_01513,site_1339,site_1327,2,46.0,14.195507833173332,23.37958256644266,2
lane_02036,site_1705,site_1707,2,46.0,14.195507833173332,23.37958256644266,2
lane_02433,site_1998,site_1997,1,46.0,14.195507833173332,23.37958256644266,1
lane_00519,site_0534,site_0602,1,46.0,14.195507833173332,23.37958256644266,1
lane_02756,site_2207,site_2206,1,46.0,14.195507833173332,23.37958256644266,1
lane_00926,site_0888,site_0889,1,46.0,14.195507833173332,23.37958256644266,1
lane_01033,site_0964,site_0970,1,46.0,14.195507833173332,23.37958256644266,1
lane_03034,site_2390,site_2383,1,46.0,14.195507833173332,23.37958256644266,1
lane_01918,site_1600,site_1637,1,45.87,14.155390093644796,23.313509833102714,1
lane_00662,site_0665,site_0632,1,45.84,14.146132153753598,23.298262279255038,1
lane_00022,site_0079,site_2070,1,45.82,14.13996019382613,23.28809724335658,1
lane_02990,site_2355,site_2346,1,45.75,14.118358334079998,23.252519617711997,1
lane_02854,site_2316,site_0707,1,45.74,14.115272354116266,23.24743709976277,1
lane_03001,site_2355,site_2361,1,45.62,14.078240594551461,23.18644688437205,1
lane_02812,site_2256,site_2246,1,45.57,14.062810694732796,23.161034294625917,1
lane_01259,site_1162,site_1163,1,29.96,23.142364847505487,23.142364847505487,1
lane_01329,site_1199,site_1189,2,45.480000000000004,14.035036875059198,23.115291633082872,2
lane_00992,site_0925,site_0434,1,29.91,23.103742743287356,23.103742743287356,1
lane_02841,site_2296,site_0385,1,45.45,14.025778935167997,23.100044079235197,1
lane_01525,site_1339,site_1340,2,45.24,13.9609733559296,22.993311202301435,2
lane_02118,site_1762,site_0117,1,45.14,13.930113556292264,22.94248602280917,2
lane_01813,site_1530,site_1539,1,45.1,13.917769636437333,22.92215595101226,1
lane_01856,site_1537,site_1497,1,45.09,13.914683656473597,22.917073433063035,1
lane_01456,site_1293,site_1745,1,45.0,13.886909836799997,22.871330771519997,1
lane_02831,site_2279,site_2277,1,45.0,13.886909836799997,22.871330771519997,1
lane_01104,site_1005,site_0964,1,45.0,13.886909836799997,22.871330771519997,1
lane_01031,site_0964,site_0968,1,45.0,13.886909836799997,22.871330771519997,1
lane_01676,site_1472,site_1470,1,45.0,13.886909836799997,22.871330771519997,1
lane_00148,site_0191,site_0139,3,44.980000000000004,13.88073787687253,22.861165735621544,3
lane_02368,site_1895,site_1821,4,32.36,21.24372717814218,22.858926408406287,4
lane_02444,site_2008,site_1395,1,44.96,13.874565916945066,22.85100069972309,1
lane_03000,site_2355,site_2360,1,44.92,13.862221997090131,22.830670627926185,1
lane_00625,site_0665,site_0533,1,44.92,13.862221997090131,22.830670627926185,1
lane_03003,site_2355,site_2363,1,44.84,13.837534157380263,22.790010484332367,1
lane_00671,site_0665,site_0645,1,44.69,13.791244457924263,22.713772715093967,1
lane_00175,site_0191,site_0244,3,44.67,13.785072497996797,22.703607679195517,3
lane_00646,site_0665,site_0596,1,44.63,13.772728578141864,22.68327760739861,1
lane_00685,site_0665,site_0677,1,44.61,13.766556618214397,22.673112571500155,1
lane_01553,site_1348,site_1358,1,44.54,13.744954758468264,22.63753494585557,1
lane_02713,site_2182,site_2181,1,44.54,13.744954758468264,22.63753494585557,1
lane_02182,site_1762,site_2082,1,44.51,13.735696818577061,22.622287392007888,1
lane_00090,site_0164,site_0227,2,44.5,13.732610838613331,22.61720487405866,1
lane_02804,site_2249,site_2256,1,44.45,13.717180938794662,22.59179228431253,1
lane_02285,site_1847,site_1886,3,44.37,13.692493099084796,22.551132140718714,2
lane_00907,site_0857,site_0871,1,44.35,13.686321139157332,22.540967104820265,1
lane_01073,site_0964,site_1011,1,44.21,13.643117419665066,22.469811853531088,1
lane_01616,site_1414,site_1270,1,29.08,22.46261581326634,22.46261581326634,1
lane_01351,site_1222,site_1187,1,29.04,22.431718129891834,22.431718129891834,1
lane_01425,site_1271,site_1430,1,28.98,22.385371604830073,22.385371604830073,1
lane_00187,site_0191,site_0276,1,44.02,13.58448380035413,22.373244012495785,1
lane_01045,site_0964,site_0982,1,44.0,13.578311840426663,22.36307897659733,1
lane_01989,site_1627,site_1621,1,44.0,13.578311840426663,22.36307897659733,1
lane_02244,site_1847,site_1789,2,44.0,13.578311840426663,22.36307897659733,2
lane_01682,site_1472,site_1477,1,44.0,13.578311840426663,22.36307897659733,1
lane_02716,site_2182,site_2190,1,44.0,13.578311840426663,22.36307897659733,1
lane_01690,site_1472,site_1485,1,44.0,13.578311840426663,22.36307897659733,1
lane_01764,site_1521,site_1583,1,44.0,13.578311840426663,22.36307897659733,1
lane_02434,site_1998,site_1999,2,44.0,13.578311840426663,22.36307897659733,2
lane_01997,site_1627,site_1664,1,44.0,13.578311840426663,22.36307897659733,1
lane_01512,site_1339,site_1326,1,44.0,13.578311840426663,22.36307897659733,1
lane_01554,site_1349,site_1358,1,43.96,13.565967920571731,22.342748904800423,1
lane_01454,site_1293,site_1743,1,43.94,13.559795960644262,22.33258386890197,1
lane_00523,site_0534,site_0606,2,43.88,13.541280080861863,22.30208876120661,2
lane_00692,site_0665,site_0698,1,43.88,13.541280080861863,22.30208876120661,1
lane_02457,site_2011,site_2023,1,43.82,13.522764201079465,22.27159365351125,1
lane_02599,site_2128,site_0211,1,43.73,13.494990381405861,22.225850991968205,1
lane_02717,site_2182,site_2191,1,43.62,13.461044601804796,22.169943294526714,1
lane_02715,site_2182,site_2189,1,43.61,13.457958621841062,22.164860776577488,1
lane_00242,site_0268,site_0191,2,43.6,13.454872641877332,22.15977825862826,2
lane_01755,site_1521,site_1570,1,43.6,13.454872641877332,22.15977825862826,1
lane_02728,site_2192,site_2170,1,43.52,13.430184802167464,22.11911811503445,1
lane_01784,site_1530,site_1505,1,43.48,13.41784088231253,22.09878804323754,1
lane_01568,site_1359,site_1358,1,43.46,13.411668922385065,22.088623007339088,1
lane_00303,site_0350,site_0368,1,28.59,22.084119191928636,22.084119191928636,1
lane_00433,site_0469,site_0463,2,28.56,22.060945929397754,22.060945929397754,2
lane_02580,site_2128,site_0086,1,43.36,13.38080912274773,22.037797827846823,1
lane_00540,site_0534,site_0655,1,43.32,13.368465202892796,22.017467756049914,1
lane_02199,site_1762,site_2125,1,43.32,13.368465202892796,22.017467756049914,1
lane_00016,site_0052,site_0191,2,43.22,13.337605403255463,21.96664257655765,2
lane_00019,site_0069,site_0255,2,43.2,13.331433443327997,21.956477540659197,2
lane_02968,site_2325,site_2335,1,43.18,13.32526148340053,21.946312504760744,2
lane_02813,site_2259,site_1263,1,43.07,13.291315703799464,21.890404807319246,1
lane_01570,site_1364,site_1358,1,43.06,13.288229723835732,21.88532228937002,1
lane_00768,site_0708,site_2322,1,43.03,13.278971783944533,21.87007473552234,1
lane_00504,site_0534,site_0569,1,43.0,13.269713844053332,21.85482718167466,1
lane_02738,site_2192,site_2183,1,42.97,13.26045590416213,21.83957962782698,1
lane_00771,site_0725,site_2322,1,42.85,13.223424144597331,21.778589412436265,1
lane_02996,site_2355,site_2352,1,42.79,13.204908264814929,21.748094304740903,1
lane_02496,site_2088,site_2095,1,42.64,13.158618565358932,21.671856535502503,1
lane_02819,site_2266,site_2412,1,28.0,21.628378362154663,21.628378362154663,1
lane_02013,site_1680,site_0368,1,42.5,13.115414845866665,21.600701284213333,1
lane_00688,site_0665,site_0681,1,42.48,13.109242885939198,21.590536248314873,1
lane_00438,site_0469,site_0477,1,27.95,21.58975625793653,21.58975625793653,1
lane_02995,site_2355,site_2351,1,42.47,13.106156905975464,21.585453730365646,1
lane_01458,site_1293,site_1747,1,42.45,13.099984946047998,21.575288694467194,1
lane_02305,site_1855,site_1813,1,42.27,13.044437306700798,21.483803371381118,1
lane_00493,site_0534,site_0538,1,42.21,13.0259214269184,21.453308263685756,1
lane_03004,site_2358,site_2353,1,42.21,13.0259214269184,21.453308263685756,1
lane_01967,site_1626,site_1651,1,42.19,13.01974946699093,21.443143227787303,1
lane_01971,site_1626,site_1656,1,42.0,12.961115847679997,21.346575386751997,1
lane_00637,site_0665,site_0567,1,42.0,12.961115847679997,21.346575386751997,1
lane_02270,site_1847,site_1853,3,42.0,12.961115847679995,21.346575386751997,4
lane_01681,site_1472,site_1476,1,42.0,12.961115847679997,21.346575386751997,1
lane_00335,site_0373,site_0369,1,42.0,12.961115847679997,21.346575386751997,1
lane_00758,site_0697,site_0595,1,42.0,12.961115847679997,21.346575386751997,1
lane_00581,site_0567,site_0665,1,42.0,12.961115847679997,21.346575386751997,1
lane_01085,site_0964,site_1023,1,42.0,12.961115847679997,21.346575386751997,1
lane_01467,site_1293,site_1756,1,42.0,12.961115847679997,21.346575386751997,1
lane_01107,site_1023,site_0964,1,42.0,12.961115847679997,21.346575386751997,1
lane_01047,site_0964,site_0984,1,42.0,12.961115847679997,21.346575386751997,1
lane_00672,site_0665,site_0647,1,42.0,12.961115847679997,21.346575386751997,1
lane_02757,site_2207,site_2208,2,42.0,12.961115847679997,21.346575386751997,2
lane_00821,site_0782,site_0808,1,27.61,21.327125949253222,21.327125949253222,1
lane_01941,site_1626,site_1617,1,41.94,12.942599967897596,21.31608027905663,1
lane_01708,site_1498,site_1497,1,41.93,12.939513987933863,21.310997761107412,1
lane_01592,site_1391,site_1392,1,27.54,21.273055003347835,21.273055003347835,1
lane_01865,site_1554,site_1497,1,41.79,12.896310268441596,21.23984250981823,1
lane_00315,site_0361,site_0360,2,41.74,12.88088036862293,21.214429920072103,2
lane_02758,site_2207,site_2209,3,41.55,12.822246749311999,21.117862079036797,3
lane_00801,site_0782,site_0787,1,41.54,12.819160769348263,21.112779561087567,1
lane_00040,site_0162,site_2119,1,41.53,12.816074789384531,21.10769704313834,1
lane_01936,site_1626,site_1612,1,41.51,12.809902829457064,21.097532007239888,1
lane_00912,site_0857,site_0877,4,41.44,12.78830096971093,21.061954381595303,5
lane_01503,site_1334,site_1358,1,41.32,12.75126921014613,21.000964166204586,1
lane_01744,site_1521,site_1553,1,41.23,12.723495390472529,20.95522150466154,1
lane_00500,site_0534,site_0561,1,41.19,12.711151470617597,20.93489143286463,2
lane_00537,site_0534,site_0649,2,41.14,12.69572157079893,20.909478843118503,2
lane_00184,site_0191,site_0269,3,41.13,12.692635590835199,20.904396325169277,3
lane_02241,site_1847,site_1786,2,41.1,12.683377650943997,20.889148771321597,2
lane_00275,site_0328,site_0326,1,27.01,20.863660698635623,20.863660698635623,1
lane_02711,site_2182,site_2169,1,41.04,12.664861771161597,20.858653663626235,1
lane_02997,site_2355,site_2356,1,41.02,12.658689811234133,20.848488627727782,1
lane_00484,site_0534,site_0522,1,41.0,12.652517851306664,20.83832359182933,1
lane_01714,site_1521,site_1495,1,41.0,12.652517851306664,20.83832359182933,1
lane_01099,site_0976,site_0964,1,41.0,12.652517851306664,20.83832359182933,1
lane_01762,site_1521,site_1580,1,41.0,12.652517851306664,20.83832359182933,1
lane_01964,site_1626,site_1648,1,41.0,12.652517851306664,20.83832359182933,1
lane_00014,site_0049,site_2070,1,40.96,12.64017393145173,20.81799352003242,1
lane_02826,site_2279,site_2271,1,40.89,12.618572071705596,20.782415894387835,1
lane_01987,site_1627,site_1611,1,40.81,12.59388423199573,20.741755750794024,1
lane_00655,site_0665,site_0606,1,40.78,12.584626292104533,20.726508196946344,1
lane_00273,site_0328,site_0324,1,40.78,12.584626292104533,20.726508196946344,1
lane_02987,site_2355,site_2343,1,40.78,12.584626292104533,20.726508196946344,1
lane_02798,site_2249,site_2250,1,40.74,12.572282372249598,20.70617812514944,1
lane_00470,site_0497,site_0499,1,40.68,12.553766492467197,20.675683017454073,1
lane_02150,site_1762,site_0220,2,40.56,12.516734732902398,20.614692802063356,2
lane_01304,site_1187,site_1234,1,40.42,12.473531013410133,20.543537550774182,1
lane_01754,site_1521,site_1568,1,40.33,12.445757193736531,20.49779488923114,1
lane_00848,site_0819,site_0820,1,40.23,12.414897394099196,20.446969709738877,1
lane_02800,site_2249,site_2252,1,40.19,12.402553474244263,20.42663963794197,1
lane_00276,site_0328,site_0327,1,26.34,20.346124502112634,20.346124502112634,1
lane_02676,site_2128,site_2131,1,40.0,12.34391985493333,20.33007179690666,1
lane_02816,site_2263,site_2264,1,40.0,12.34391985493333,20.33007179690666,1
lane_00593,site_0611,site_0683,1,40.0,12.34391985493333,20.33007179690666,1
lane_01788,site_1530,site_1509,1,40.0,12.34391985493333,20.33007179690666,1
lane_00633,site_0665,site_0560,1,40.0,12.34391985493333,20.33007179690666,1
lane_00645,site_0665,site_0593,1,40.0,12.34391985493333,20.33007179690666,1
lane_01722,site_1521,site_1509,1,40.0,12.34391985493333,20.33007179690666,1
lane_00725,site_0686,site_0631,1,40.0,12.34391985493333,20.33007179690666,2
lane_02764,site_2207,site_2215,2,40.0,12.34391985493333,20.33007179690666,2
lane_00600,site_0631,site_0686,1,40.0,12.34391985493333,20.33007179690666,1
lane_02638,site_2128,site_1465,2,26.3,20.31522681873813,20.31522681873813,4
lane_00569,site_0566,site_0607,1,39.95,12.328489955114664,20.30465920716053,1
lane_02303,site_1855,site_1807,1,39.9,12.313060055295999,20.279246617414394,1
lane_02679,site_2131,site_2095,1,39.88,12.306888095368532,20.26908158151594,1
lane_02346,site_1876,site_1855,1,39.82,12.28837221558613,20.238586473820583,1
lane_00772,site_0755,site_2322,1,39.58,12.21430869645653,20.11660604303914,1
lane_01514,site_1339,site_1328,1,39.58,12.21430869645653,20.11660604303914,1
lane_02321,site_1855,site_1872,1,39.57,12.211222716492797,20.111523525089915,1
lane_00015,site_0051,site_2070,1,39.57,12.211222716492797,20.111523525089915,1
lane_01872,site_1571,site_1497,1,39.49,12.186534876782932,20.070863381496103,1
lane_00524,site_0534,site_0608,1,39.38,12.152589097181863,20.01495568405461,1
lane_01606,site_1391,site_1963,1,25.88,19.99080114330581,19.99080114330581,1
lane_00013,site_0046,site_2070,1,39.26,12.115557337617064,19.953965468663885,1
lane_00098,site_0164,site_0261,2,39.24,12.1093853776896,19.94380043276544,2
lane_01768,site_1525,site_1497,1,39.13,12.075439598088531,19.887892735323945,1
lane_02085,site_1762,site_0045,2,39.1,12.066181658197332,19.872645181476262,2
lane_01864,site_1553,site_1497,1,39.09,12.063095678233598,19.867562663527035,1
lane_01091,site_0964,site_1030,1,39.0,12.035321858559998,19.821820001983994,2
lane_01109,site_1030,site_0964,1,39.0,12.035321858559998,19.821820001983994,1
lane_00755,site_0697,site_0523,1,39.0,12.035321858559998,19.821820001983994,1
lane_02375,site_1895,site_1838,1,25.63,19.797690622215143,19.797690622215143,1
lane_02795,site_2249,site_2245,1,38.92,12.010634018850132,19.781159858390183,1
lane_01520,site_1339,site_1334,2,49.62,14.820296558801063,19.77770037678101,2
lane_00318,site_0361,site_0364,1,25.6,19.774517359684264,19.774517359684264,1
lane_00511,site_0534,site_0584,1,38.76,11.961258339430398,19.699839571202553,1
lane_02367,site_1895,site_1820,2,38.72,11.948914419575464,19.67950949940565,2
lane_00756,site_0697,site_0532,3,38.61,11.914968639974397,19.623601801964153,3
lane_00021,site_0078,site_2070,1,38.61,11.914968639974399,19.623601801964153,1
lane_00644,site_0665,site_0591,1,38.6,11.911882660010665,19.61851928401493,1
lane_01561,site_1358,site_1294,1,38.5,11.88102286037333,19.567694104522662,1
lane_01125,site_1054,site_1055,2,25.3,19.542784734375463,19.542784734375463,2
lane_02797,site_2249,site_2248,1,38.31,11.8223892410624,19.471126263487356,1
lane_02168,site_1762,site_0279,1,38.23,11.797701401352532,19.43046611989354,3
lane_00843,site_0812,site_0782,1,38.2,11.78844346146133,19.415218566045862,1
lane_00323,site_0361,site_1679,1,25.12,19.403745159190184,19.403745159190184,1
lane_00027,site_0112,site_2070,1,38.14,11.76992758167893,19.384723458350503,1
lane_00129,site_0191,site_0070,2,38.14,11.76992758167893,19.384723458350503,2
lane_02787,site_2248,site_2246,1,38.1,11.757583661823999,19.364393386553598,2
lane_00691,site_0665,site_0688,1,38.0,11.726723862186663,19.31356820706133,1
lane_01963,site_1626,site_1647,1,38.0,11.726723862186663,19.31356820706133,1
lane_02744,site_2192,site_2196,1,38.0,11.726723862186663,19.31356820706133,1
lane_01907,site_1575,site_1497,1,38.0,11.726723862186663,19.31356820706133,1
lane_02380,site_1895,site_1870,2,38.0,11.726723862186663,19.31356820706133,3
lane_01758,site_1521,site_1575,1,38.0,11.726723862186663,19.31356820706133,1
lane_02010,site_1647,site_1637,1,38.0,11.726723862186663,19.31356820706133,1
lane_00643,site_0665,site_0585,1,37.95,11.711293962367998,19.288155617315198,1
lane_00445,site_0479,site_0458,1,24.96,19.280154425692157,19.280154425692157,1
lane_00647,site_0665,site_0597,1,37.91,11.698950042513063,19.26782554551829,1
lane_01763,site_1521,site_1581,1,37.83,11.674262202803197,19.227165401924474,2
lane_01848,site_1530,site_1581,1,37.83,11.674262202803197,19.227165401924474,1
lane_02272,site_1847,site_1857,3,37.8,11.665004262911998,19.211917848076794,3
lane_00397,site_0407,site_0394,1,37.71,11.637230443238398,19.166175186533753,1
lane_00069,site_0164,site_0146,1,37.56,11.590940743782399,19.089937417295356,1
lane_01185,site_1069,site_1063,2,37.54,11.58476878385493,19.079772381396904,2
lane_00514,site_0534,site_0594,1,66.0,19.056690132479996,19.056690132479996,1
lane_00469,site_0497,site_0498,1,37.44,11.553908984217596,19.028947201904632,1
lane_02373,site_1895,site_1828,2,24.62,19.01752411700885,19.01752411700885,2
lane_01940,site_1626,site_1616,1,37.39,11.538479084398931,19.003534612158504,1
lane_00674,site_0665,site_0651,1,37.22,11.486017425015463,18.917131807021647,1
lane_01736,site_1521,site_1538,1,37.18,11.473673505160532,18.89680173522474,1
lane_02327,site_1855,site_1881,1,37.12,11.45515762537813,18.86630662752938,1
lane_00401,site_0407,site_0398,2,37.12,11.45515762537813,18.86630662752938,2
lane_02400,site_1907,site_1911,1,24.4,18.847586858449063,18.847586858449063,1
lane_02964,site_2325,site_2330,1,37.06,11.436641745595733,18.83581151983402,2
lane_00542,site_0534,site_0658,1,37.05,11.433555765631997,18.830729001884794,1
lane_00531,site_0534,site_0632,1,37.04,11.430469785668265,18.825646483935568,1
lane_01331,site_1199,site_1211,2,29.38,15.880478786011835,18.81339308670154,2
lane_01049,site_0964,site_0986,1,37.0,11.41812586581333,18.805316412138662,1
lane_02223,site_1771,site_1772,1,37.0,11.41812586581333,18.805316412138662,1
lane_01101,site_0986,site_0964,1,37.0,11.41812586581333,18.805316412138662,1
lane_00586,site_0611,site_0587,1,37.0,11.41812586581333,18.805316412138662,1
lane_01348,site_1215,site_1232,1,36.88,11.381094106248533,18.744326196747945,1
lane_01928,site_1626,site_1602,1,36.85,11.37183616635733,18.729078642900262,1
lane_00035,site_0144,site_2070,1,36.83,11.365664206429864,18.718913607001806,1
lane_01836,site_1530,site_1567,1,36.76,11.344062346683732,18.68333598135722,1
lane_00809,site_0782,site_0795,1,24.17,18.66992517904565,18.66992517904565,1
lane_02307,site_1855,site_1818,1,24.16,18.662200758202022,18.662200758202022,1
lane_01604,site_1391,site_1961,1,24.16,18.662200758202022,18.662200758202022,1
lane_02974,site_2330,site_2339,1,36.67,11.316288527010132,18.637593319814183,1
lane_01434,site_1278,site_1283,1,24.12,18.631303074827517,18.631303074827517,1
lane_01022,site_0964,site_0957,1,36.64,11.30703058711893,18.6223457659665,1
lane_01183,site_1064,site_1063,1,36.44,11.245310987844263,18.520695406981968,1
lane_00666,site_0665,site_0640,1,36.42,11.239139027916798,18.510530371083515,1
lane_00036,site_0151,site_2070,1,36.36,11.220623148134397,18.480035263388157,1
lane_02240,site_1847,site_1785,3,36.36,11.220623148134397,18.480035263388153,3
lane_02020,site_1701,site_1695,2,36.34,11.214451188206931,18.469870227489704,2
lane_01477,site_1300,site_1298,1,36.27,11.1928493284608,18.434292601845115,1
lane_01347,site_1211,site_1232,1,36.22,11.17741942864213,18.408880012098983,1
lane_02364,site_1895,site_1810,1,36.21,11.174333448678397,18.403797494149757,1
lane_00305,site_0361,site_0350,1,23.82,18.399570449518716,18.399570449518716,1
lane_01291,site_1187,site_1212,2,36.2,11.171247468714665,18.39871497620053,2
lane_01751,site_1521,site_1564,1,36.16,11.158903548859731,18.37838490440362,1
lane_02801,site_2249,site_2253,1,36.16,11.158903548859731,18.37838490440362,1
lane_02333,site_1855,site_1897,1,36.12,11.146559629004797,18.358054832606715,1
lane_00594,site_0611,site_0686,1,23.72,18.322326241082447,18.322326241082447,1
lane_01571,site_1369,site_1367,3,36.03,11.118785809331197,18.312312171063677,3
lane_02320,site_1855,site_1871,1,36.01,11.112613849403731,18.30214713516522,2
lane_02038,site_1709,site_1705,1,36.0,11.109527869439999,18.297064617215995,1
lane_02465,site_2026,site_2028,2,36.0,11.109527869439999,18.297064617215995,3
lane_02731,site_2192,site_2173,1,36.0,11.109527869439999,18.297064617215995,1
lane_01555,site_1352,site_1358,1,36.0,11.109527869439999,18.297064617215995,1
lane_00522,site_0534,site_0605,1,36.0,11.109527869439999,18.297064617215995,1
lane_01871,site_1570,site_1497,1,35.99,11.106441889476265,18.29198209926677,1
lane_02857,site_2316,site_0710,1,35.98,11.10335590951253,18.28689958131754,1
lane_01778,site_1530,site_1498,1,35.92,11.084840029730131,18.256404473622187,1
lane_01716,site_1521,site_1498,1,35.92,11.084840029730131,18.256404473622187,2
lane_00258,site_0328,site_0309,1,23.62,18.245082032646184,18.245082032646184,1
lane_02714,site_2182,site_2188,1,35.79,11.044722290201598,18.190331740282236,1
lane_00857,site_0823,site_0819,1,35.75,11.032378370346665,18.17000166848533,1
lane_02108,site_1762,site_0091,1,35.7,11.016948470527998,18.144589078739198,1
lane_00631,site_0665,site_0557,1,35.68,11.01077651060053,18.13442404284074,1
lane_00513,site_0534,site_0589,1,35.67,11.007690530636797,18.129341524891515,1
lane_00285,site_0328,site_0337,1,23.41,18.082869194930023,18.082869194930023,1
lane_02314,site_1855,site_1850,2,23.4,18.075144774086393,18.075144774086393,2
lane_01636,site_1414,site_1417,4,35.56,10.973744751035731,18.07343382745002,4
lane_02832,site_2279,site_2280,1,35.54,10.967572791108264,18.063268791551568,1
lane_03056,site_2405,site_1098,1,35.45,10.939798971434668,18.01752613000853,1
lane_02378,site_1895,site_1861,1,35.45,10.939798971434668,18.01752613000853,1
lane_00141,site_0191,site_0126,3,35.400000000000006,10.924369071615997,17.992113540262395,3
lane_00615,site_0665,site_0510,1,35.4,10.924369071615997,17.992113540262395,1
lane_03022,site_2388,site_2381,1,35.34,10.9058531918336,17.96161843256704,1
lane_01459,site_1293,site_1748,1,35.32,10.899681231906131,17.95145339666858,2
lane_01334,site_1199,site_1231,1,35.31,10.896595251942397,17.946370878719357,1
lane_01182,site_1063,site_2269,2,35.3,10.893509271978663,17.941288360770127,2
lane_02302,site_1855,site_1806,1,35.28,10.887337312051196,17.931123324871674,1
lane_01920,site_1617,site_1637,1,35.28,10.887337312051196,17.931123324871674,1
lane_02381,site_1895,site_1883,4,23.2,17.92065635721386,17.92065635721386,4
lane_01562,site_1358,site_1325,1,35.13,10.8410476125952,17.854885555633278,1
lane_00197,site_0195,site_0191,2,35.1,10.831789672703998,17.839638001785595,2
lane_00724,site_0686,site_0625,1,35.0,10.800929873066664,17.78881282229333,1
lane_02348,site_1884,site_1847,2,35.0,10.800929873066664,17.78881282229333,2
lane_00850,site_0819,site_0822,1,34.97,10.791671933175465,17.773565268445648,1
lane_02967,site_2325,site_2334,1,34.94,10.782413993284264,17.75831771459797,1
lane_00244,site_0272,site_0255,1,34.93,10.77932801332053,17.753235196648742,1
lane_02344,site_1873,site_1847,2,34.88,10.763898113501865,17.72782260690261,2
lane_00533,site_0534,site_0634,1,34.87,10.760812133538131,17.72274008895338,1
lane_00161,site_0191,site_0196,2,34.84,10.751554193646934,17.707492535105704,2
lane_00512,site_0534,site_0588,1,34.76,10.726866353937062,17.666832391511885,1
lane_02909,site_2316,site_0762,1,22.84,17.642577206843303,17.642577206843303,1
lane_02365,site_1895,site_1811,2,34.7,10.708350474154667,17.63633728381653,4
lane_01501,site_1325,site_1358,1,34.69,10.70526449419093,17.6312547658673,1
lane_01248,site_1133,site_1153,1,34.68,10.702178514227198,17.626172247918074,1
lane_00853,site_0819,site_0825,1,34.66,10.69600655429973,17.61600721201962,1
lane_02335,site_1860,site_1867,1,34.66,10.69600655429973,17.61600721201962,1
lane_00547,site_0534,site_0671,1,34.65,10.692920574335997,17.610924694070395,2
lane_02796,site_2249,site_2247,1,34.64,10.689834594372265,17.60584217612117,1
lane_01710,site_1506,site_1497,1,34.6,10.677490674517331,17.585512104324263,1
lane_00980,site_0925,site_0421,1,34.58,10.671318714589864,17.57534706842581,1
lane_02451,site_2011,site_2015,1,34.55,10.662060774698663,17.56009951457813,1
lane_02961,site_2325,site_2326,1,34.53,10.655888814771199,17.549934478679678,1
lane_00658,site_0665,site_0618,1,34.53,10.655888814771199,17.549934478679678,1
lane_01287,site_1187,site_1201,1,34.5,10.646630874879998,17.534686924831995,1
lane_01861,site_1550,site_1497,1,34.5,10.646630874879998,17.534686924831995,1
lane_02741,site_2192,site_2186,1,34.49,10.643544894916264,17.52960440688277,1
lane_00851,site_0819,site_0823,1,34.44,10.628114995097597,17.504191817136633,1
lane_00300,site_0347,site_0328,2,22.62,17.472639948283515,17.472639948283515,2
lane_00398,site_0407,site_0395,1,34.35,10.600341175423997,17.458449155593595,1
lane_01186,site_1074,site_1063,1,34.34,10.597255195460265,17.45336663764437,1
lane_00686,site_0665,site_0679,1,34.31,10.587997255569066,17.43811908379669,1
lane_00667,site_0665,site_0641,1,34.26,10.572567355750396,17.412706494050553,1
lane_01269,site_1187,site_1176,1,34.24,10.566395395822932,17.402541458152104,1
lane_02708,site_2174,site_2194,1,34.21,10.55713745593173,17.387293904304425,1
lane_01080,site_0964,site_1018,1,34.0,10.492331876693331,17.280561027370663,1
lane_01515,site_1339,site_1329,2,34.0,10.492331876693331,17.280561027370663,2
lane_00760,site_0697,site_0637,1,34.0,10.492331876693331,17.280561027370663,1
lane_01585,site_1383,site_1382,1,34.0,10.492331876693331,17.280561027370663,1
lane_01479,site_1300,site_1301,2,22.36,17.271805006349222,17.271805006349222,3
lane_00935,site_0895,site_0896,2,33.98,10.486159916765864,17.27039599147221,2
lane_01333,site_1199,site_1219,1,22.32,17.240907322974717,17.240907322974717,1
lane_02707,site_2167,site_2182,1,33.83,10.439870217309863,17.19415822223381,1
lane_01674,site_1472,site_1468,1,33.81,10.433698257382398,17.183993186335357,1
lane_01638,site_1414,site_1419,2,22.24,17.1791119562257,17.1791119562257,2
lane_01279,site_1187,site_1192,1,22.17,17.125041010320317,17.125041010320317,2
lane_02965,site_2325,site_2331,1,33.68,10.393580517853865,17.11792045299541,1
lane_00436,site_0469,site_0470,2,22.14,17.101867747789438,17.101867747789438,2
lane_01457,site_1293,site_1746,1,33.53,10.347290818397864,17.04168268375701,1
lane_01880,site_1573,site_1574,1,33.47,10.328774938615464,17.011187576061648,1
lane_00385,site_0385,site_2291,1,21.97,16.97055259344778,16.97055259344778,1
lane_02629,site_2128,site_1455,3,33.39,10.304087098905597,16.97052743246784,3
lane_00454,site_0479,site_0473,2,33.36,10.294829159014396,16.955279878620157,2
lane_01757,site_1521,site_1574,1,33.35,10.291743179050663,16.95019736067093,1
lane_01655,site_1414,site_1438,1,21.94,16.947379330916903,16.947379330916903,1
lane_00353,site_0385,site_0387,1,21.94,16.947379330916903,16.947379330916903,1
lane_01335,site_1199,site_1238,1,21.92,16.93193048922965,16.93193048922965,1
lane_00917,site_0865,site_0874,1,33.31,10.279399259195731,16.92986728887402,1
lane_01665,site_1437,site_1430,1,33.27,10.2670553393408,16.90953721707712,1
lane_02972,site_2325,site_2341,1,33.25,10.26088337941333,16.899372181178663,1
lane_01510,site_1339,site_1244,1,33.21,10.248539459558398,16.879042109381757,1
lane_01854,site_1535,site_1497,1,33.2,10.245453479594666,16.873959591432527,1
lane_01352,site_1222,site_1195,3,33.12,10.220765639884798,16.833299447838712,3
lane_01866,site_1555,site_1497,1,33.08,10.208421720029863,16.812969376041806,1
lane_02411,site_1912,site_1907,1,33.04,10.196077800174931,16.792639304244904,1
lane_00483,site_0534,site_0521,1,33.02,10.189905840247466,16.78247426834645,1
lane_00339,site_0373,site_0374,1,33.0,10.183733880319998,16.772309232448,1
lane_00498,site_0534,site_0548,1,33.0,10.183733880319998,16.772309232448,1
lane_00495,site_0534,site_0541,1,33.0,10.183733880319998,16.772309232448,1
lane_01041,site_0964,site_0978,1,33.0,10.183733880319998,16.772309232448,1
lane_00735,site_0686,site_0689,3,33.0,10.183733880319997,16.772309232447995,3
lane_00541,site_0534,site_0657,1,32.98,10.17756192039253,16.76214419654954,1
lane_01870,site_1569,site_1497,1,32.87,10.143616140791464,16.706236499108048,1
lane_01025,site_0964,site_0961,1,32.87,10.143616140791464,16.706236499108048,1
lane_00792,site_0779,site_0773,1,32.87,10.143616140791464,16.706236499108048,1
lane_01862,site_1551,site_1497,1,32.86,10.14053016082773,16.70115398115882,1
lane_00707,site_0686,site_0537,1,32.76,10.109670361190396,16.650328801666557,1
lane_00517,site_0534,site_0600,1,32.68,10.084982521480532,16.609668658072742,1
lane_01268,site_1187,site_1175,1,32.62,10.06646664169813,16.579173550377384,1
lane_00349,site_0385,site_0382,5,22.97,15.69744224977749,16.57791550138005,6
lane_01455,site_1293,site_1744,1,32.44,10.010919002350931,16.4876882272913,1
lane_00916,site_0862,site_0874,1,32.4,9.998575082495996,16.46735815549439,1
lane_02709,site_2179,site_2194,1,32.37,9.989317142604797,16.452110601646712,1
lane_01644,site_1414,site_1426,1,32.31,9.970801262822398,16.421615493951357,1
lane_02257,site_1847,site_1830,3,32.28,9.961543322931197,16.406367940103674,3
lane_02830,site_2279,site_2276,1,32.02,9.881307843874133,16.274222473423787,1
lane_02418,site_1966,site_1967,1,32.0,9.875135883946665,16.264057437525327,1
lane_00528,site_0534,site_0621,1,32.0,9.875135883946665,16.264057437525327,2
lane_00505,site_0534,site_0572,1,32.0,9.875135883946665,16.264057437525327,1
lane_00501,site_0534,site_0565,1,32.0,9.875135883946665,16.264057437525327,3
lane_01443,site_1293,site_1291,1,31.9,9.844276084309332,16.213232258033063,1
lane_01580,site_1369,site_1378,2,31.88,9.838104124381864,16.20306722213461,2
lane_01631,site_1414,site_1411,2,25.3,13.675157021310397,16.200777572959463,2
lane_00243,site_0270,site_0191,1,31.85,9.828846184490665,16.18781966828693,1
lane_02196,site_1762,site_2116,1,31.8,9.813416284671998,16.1624070785408,1
lane_01126,site_1058,site_1063,1,31.77,9.804158344780797,16.147159524693116,2
lane_01205,site_1110,site_1112,1,31.71,9.785642464998398,16.116664416997757,1
lane_01292,site_1187,site_1213,1,31.61,9.754782665361065,16.06583923750549,1
lane_01246,site_1133,site_1151,4,31.6,9.751696685397333,16.060756719556263,4
lane_00618,site_0665,site_0517,1,31.6,9.751696685397333,16.060756719556263,1
lane_00253,site_0308,site_0347,1,31.54,9.73318080561493,16.0302616118609,1
lane_01267,site_1186,site_1242,1,31.35,9.674547186304,15.933693770825597,1
lane_02152,site_1762,site_0225,1,31.32,9.665289246412797,15.918446216977918,1
lane_01488,site_1300,site_1310,1,20.6,15.91230693787093,15.91230693787093,1
lane_02247,site_1847,site_1794,3,31.200000000000003,9.628257486848,15.857456001587197,3
lane_02827,site_2279,site_2273,1,31.15,9.612827587029331,15.832043411841061,1
lane_02146,site_1762,site_0210,5,31.05,9.581967787392,15.781218232348795,5
lane_00782,site_0773,site_0774,1,31.0,9.56653788757333,15.755805642602663,1
lane_01123,site_1049,site_1489,1,31.0,9.56653788757333,15.755805642602663,1
lane_00575,site_0566,site_0647,1,31.0,9.56653788757333,15.755805642602663,1
lane_02552,site_2097,site_2095,1,30.96,9.5541939677184,15.735475570805754,1
lane_00133,site_0191,site_0093,1,30.84,9.517162208153598,15.674485355415035,1
lane_02362,site_1895,site_1791,1,30.79,9.50173230833493,15.649072765668903,1
lane_00400,site_0407,site_0397,1,30.78,9.4986463283712,15.643990247719676,1
lane_00030,site_0130,site_0255,1,30.7,9.473958488661332,15.603330104125863,1
lane_02874,site_2316,site_0727,1,30.7,9.473958488661332,15.603330104125863,1
lane_00017,site_0056,site_0255,1,30.69,9.470872508697598,15.598247586176637,1
lane_02299,site_1855,site_1801,1,20.18,15.587881262438609,15.587881262438609,1
lane_01265,site_1179,site_1242,2,30.66,9.461614568806398,15.583000032328957,2
lane_01478,site_1300,site_1299,1,30.66,9.461614568806398,15.583000032328957,1
lane_00460,site_0481,site_0479,1,20.16,15.572432420751356,15.572432420751356,1
lane_00456,site_0479,site_0475,1,20.16,15.572432420751356,15.572432420751356,1
lane_02992,site_2355,site_2348,1,30.62,9.449270648951465,15.562669960532052,1
lane_01769,site_1526,site_1497,1,30.52,9.418410849314132,15.511844781039784,1
lane_01921,site_1623,site_1620,1,30.5,9.412238889386664,15.501679745141331,1
lane_01913,site_1588,site_1591,1,30.5,9.412238889386664,15.501679745141331,1
lane_02042,site_1717,site_1713,1,20.05,15.487463791471464,15.487463791471464,1
lane_00878,site_0847,site_0874,1,30.44,9.393723009604265,15.47118463744597,1
lane_00131,site_0191,site_0076,2,30.42,9.3875510496768,15.461019601547518,2
lane_02991,site_2355,site_2347,1,30.27,9.341261350220798,15.384781832309116,1
lane_00083,site_0164,site_0186,2,30.24,9.332003410329598,15.369534278461435,1
lane_01534,site_1339,site_1351,1,30.2,9.319659490474663,15.34920420666453,1
lane_00289,site_0328,site_0341,1,19.84,15.325250953755303,15.325250953755303,1
lane_00084,site_0164,site_0189,2,30.14,9.301143610692264,15.31870909896917,3
lane_00789,site_0773,site_1678,1,30.14,9.301143610692264,15.31870909896917,1
lane_01635,site_1414,site_1416,2,30.12,9.294971650764799,15.308544063070716,2
lane_00762,site_0697,site_0693,1,30.0,9.257939891199998,15.247553847679995,1
lane_00651,site_0665,site_0601,1,30.0,9.257939891199998,15.247553847679995,1
lane_01740,site_1521,site_1543,1,30.0,9.257939891199998,15.247553847679995,1
lane_00665,site_0665,site_0638,1,30.0,9.257939891199998,15.247553847679995,1
lane_00681,site_0665,site_0671,1,30.0,9.257939891199998,15.247553847679995,1
lane_00676,site_0665,site_0656,1,30.0,9.257939891199998,15.247553847679995,1
lane_00622,site_0665,site_0522,1,30.0,9.257939891199998,15.247553847679995,1
lane_01115,site_1044,site_1046,1,30.0,9.257939891199998,15.247553847679995,1
lane_00642,site_0665,site_0583,1,30.0,9.257939891199998,15.247553847679995,1
lane_02761,site_2207,site_2212,2,30.0,9.257939891199998,15.247553847679995,2
lane_02799,site_2249,site_2251,1,29.97,9.248681951308798,15.232306293832316,1
lane_00260,site_0328,site_0311,1,29.96,9.245595971345065,15.22722377588309,1
lane_02822,site_2273,site_2278,1,29.9,9.227080091562664,15.196728668187728,1
lane_01522,site_1339,site_1336,1,29.86,9.214736171707731,15.176398596390822,1
lane_01273,site_1187,site_1182,2,29.82,9.202392251852798,15.156068524593918,2
lane_00100,site_0164,site_0265,1,29.82,9.202392251852798,15.156068524593918,1
lane_02620,site_2128,site_1445,4,26.21,11.24249328327253,15.11777351311509,4
lane_01711,site_1517,site_1497,1,29.73,9.174618432179198,15.110325863050875,1
lane_01556,site_1357,site_1358,1,53.67,15.092970059999999,15.092970059999999,1
lane_02805,site_2249,site_2257,1,29.69,9.162274512324265,15.089995791253973,1
lane_02959,site_2325,site_2323,1,29.62,9.140672652578132,15.054418165609382,1
lane_02727,site_2192,site_2167,1,29.52,9.109812852940799,15.003592986117116,1
lane_00163,site_0191,site_0205,2,29.52,9.109812852940799,15.003592986117116,2
lane_00823,site_0782,site_0810,1,19.42,15.000825278322985,15.000825278322985,1
lane_00355,site_0385,site_0389,2,19.42,15.000825278322985,15.000825278322985,1
lane_00937,site_0895,site_0898,1,29.51,9.106726872977065,14.99851046816789,1
lane_00313,site_0361,site_0358,2,29.48,9.097468933085866,14.98326291432021,2
lane_02218,site_1763,site_1767,1,29.47,9.094382953122132,14.978180396370984,2
lane_00010,site_0034,site_2070,1,29.41,9.075867073339731,14.947685288675622,1
lane_02463,site_2025,site_2011,1,29.4,9.072781093375998,14.942602770726396,1
lane_01670,site_1464,site_2095,1,29.3,9.041921293738666,14.891777591234131,1
lane_00614,site_0665,site_0509,2,29.3,9.041921293738666,14.891777591234131,2
lane_01207,site_1111,site_1110,1,29.29,9.038835313774932,14.886695073284903,1
lane_02417,site_1962,site_1391,1,19.26,14.877234544824958,14.877234544824958,1
lane_01474,site_1299,site_1300,1,29.24,9.023405413956265,14.86128248353877,1
lane_00897,site_0857,site_0860,1,29.23,9.020319433992531,14.856199965589544,1
lane_01669,site_1460,site_2095,1,29.22,9.017233454028798,14.851117447640316,1
lane_02989,site_2355,site_2345,2,52.78,14.842686039999998,14.842686039999998,2
lane_02635,site_2128,site_1462,2,29.2,9.011061494101332,14.84095241174186,1
lane_00798,site_0782,site_0784,1,19.21,14.838612440606823,14.838612440606823,1
lane_01275,site_1187,site_1184,5,29.1,8.980201694463998,14.790127232249597,5
lane_01350,site_1222,site_1185,5,29.049999999999997,8.964771794645332,14.764714642503463,6
lane_00026,site_0105,site_0255,1,29.05,8.964771794645332,14.764714642503462,1
lane_00025,site_0097,site_0255,1,29.03,8.958599834717866,14.754549606605009,1
lane_00134,site_0191,site_0100,1,29.02,8.95551385475413,14.749467088655782,1
lane_00943,site_0895,site_0905,1,29.0,8.949341894826665,14.73930205275733,1
lane_00465,site_0486,site_0485,1,29.0,8.949341894826665,14.73930205275733,1
lane_01000,site_0935,site_0936,1,29.0,8.949341894826665,14.73930205275733,1
lane_00611,site_0662,site_0686,1,29.0,8.949341894826665,14.73930205275733,1
lane_01204,site_1110,site_1111,1,29.0,8.949341894826665,14.73930205275733,1
lane_02345,site_1873,site_1867,1,28.99,8.946255914862931,14.734219534808103,1
lane_01480,site_1300,site_1302,1,19.03,14.699572865421544,14.699572865421544,1
lane_00435,site_0469,site_0468,1,28.91,8.921568075153065,14.69355939121429,1
lane_02730,site_2192,site_2172,1,28.91,8.921568075153065,14.69355939121429,1
lane_00452,site_0479,site_0471,2,28.9,8.918482095189331,14.688476873265063,2
lane_02452,site_2011,site_2016,1,28.87,8.909224155298132,14.673229319417384,1
lane_02619,site_2128,site_1444,2,18.98,14.66095076120341,14.66095076120341,2
lane_01587,site_1386,site_1385,1,28.8,8.887622295551997,14.637651693772796,1
lane_02729,site_2192,site_2171,1,28.75,8.87219239573333,14.612239104026663,1
lane_00649,site_0665,site_0599,1,28.67,8.847504556023466,14.57157896043285,1
lane_01144,site_1063,site_1066,2,28.66,8.84441857605973,14.566496442483624,2
lane_02342,site_1868,site_1847,2,28.65,8.841332596095999,14.561413924534397,2
lane_01367,site_1228,site_1242,2,28.56,8.813558776422397,14.515671262991354,1
lane_01588,site_1386,site_1387,1,28.46,8.782698976785065,14.464846083499094,1
lane_00892,site_0857,site_0854,2,28.44,8.7765270168576,14.454681047600637,2
lane_02249,site_1847,site_1803,2,28.32,8.739495257292798,14.393690832209916,2
lane_00199,site_0202,site_0255,1,28.3,8.733323297365331,14.383525796311464,1
lane_01536,site_1339,site_1355,1,28.27,8.72406535747413,14.368278242463784,1
lane_02448,site_2011,site_2012,1,28.23,8.711721437619198,14.347948170666875,1
lane_01858,site_1542,site_1497,1,28.13,8.680861637981865,14.29712299117461,1
lane_00308,site_0361,site_0353,1,18.48,14.274729719022076,14.274729719022076,1
lane_00938,site_0895,site_0899,1,28.08,8.665431738163198,14.271710401428475,1
lane_02277,site_1847,site_1865,2,28.04,8.653087818308265,14.251380329631571,2
lane_00005,site_0020,site_0191,1,28.02,8.6469158583808,14.241215293733118,1
lane_01117,site_1044,site_1048,1,28.0,8.64074389845333,14.231050257834665,1
lane_02636,site_2128,site_1463,1,28.0,8.64074389845333,14.231050257834665,1
lane_01256,site_1145,site_1133,2,28.0,8.64074389845333,14.231050257834665,2
lane_01119,site_1044,site_1050,2,28.0,8.64074389845333,14.231050257834665,2
lane_01909,site_1582,site_1497,1,28.0,8.64074389845333,14.231050257834665,1
lane_01867,site_1561,site_1497,1,27.95,8.625313998634665,14.205637668088528,1
lane_00041,site_0163,site_0191,1,27.92,8.616056058743466,14.190390114240852,1
lane_00304,site_0355,site_0368,1,27.86,8.597540178961065,14.159895006545488,1
lane_00007,site_0024,site_0191,1,27.81,8.582110279142398,14.134482416799356,1
lane_02860,site_2316,site_0713,1,27.77,8.569766359287465,14.114152345002449,1
lane_02627,site_2128,site_1453,2,18.26,14.10479246046229,14.10479246046229,2
lane_02243,site_1847,site_1788,3,27.75,8.563594399359998,14.103987309103996,3
lane_01146,site_1063,site_1068,1,18.24,14.089343618775036,14.089343618775036,1
lane_02610,site_2128,site_1039,1,27.72,8.554336459468798,14.088739755256316,1
lane_01860,site_1546,site_1497,1,27.54,8.498788820121598,13.997254432170237,1
lane_01583,site_1376,site_1369,1,18.09,13.973477306120637,13.973477306120637,1
lane_03014,site_2373,site_2374,1,27.48,8.480272940339198,13.966759324474877,1
lane_00037,site_0152,site_0255,1,27.44,8.467929020484265,13.946429252677971,1
lane_02625,site_2128,site_1451,1,27.44,8.467929020484265,13.946429252677971,1
lane_01430,site_1278,site_1279,3,23.34,10.811384239910613,13.917997345338238,3
lane_01187,site_1075,site_1063,1,27.31,8.427811280955732,13.880356519338022,1
lane_02306,site_1855,site_1814,1,17.95,13.865335414309863,13.865335414309863,1
lane_00807,site_0782,site_0793,3,20.25,12.511004614415995,13.858667754623996,4
lane_02015,site_1688,site_1430,1,17.9,13.826713310091728,13.826713310091728,1
lane_00678,site_0665,site_0660,1,27.19,8.390779521390932,13.819366303947305,1
lane_00210,site_0241,site_0255,1,27.18,8.387693541427199,13.814283785998075,1
lane_02631,site_2128,site_1457,2,27.02,8.338317862007466,13.732963498810449,1
lane_01364,site_1222,site_1236,2,21.44,11.588749665489917,13.729038385938772,2
lane_01343,site_1202,site_1199,1,27.01,8.335231882043733,13.727880980861222,1
lane_01158,site_1063,site_1080,1,27.0,8.332145902079997,13.722798462911996,1
lane_00472,site_0504,site_0503,1,27.0,8.332145902079997,13.722798462911996,1
lane_02712,site_2182,site_2175,2,26.96,8.319801982225064,13.70246839111509,2
lane_02326,site_1855,site_1880,1,17.72,13.687673734906449,13.687673734906449,1
lane_01875,site_1573,site_1543,1,26.84,8.282770222660266,13.641478175724371,2
lane_01298,site_1187,site_1223,2,26.810000000000002,8.273512282769065,13.62623062187669,3
lane_00392,site_0393,site_0391,1,17.62,13.610429526470185,13.610429526470185,1
lane_01306,site_1187,site_1240,2,26.76,8.258082382950398,13.600818032130558,2
lane_00277,site_0328,site_0329,1,26.75,8.254996402986665,13.595735514181332,1
lane_00677,site_0665,site_0659,1,26.69,8.236480523204266,13.565240406485973,1
lane_01914,site_1590,site_1588,1,26.68,8.233394543240532,13.560157888536741,1
lane_02408,site_1907,site_1919,1,26.66,8.227222583313065,13.54999285263829,1
lane_02236,site_1842,site_1895,1,26.66,8.227222583313065,13.54999285263829,1
lane_00314,site_0361,site_0359,1,17.52,13.533185318033917,13.533185318033917,1
lane_01299,site_1187,site_1227,2,26.54,8.190190823748265,13.48900263724757,2
lane_02737,site_2192,site_2182,13,17.42,13.45594110959765,13.45594110959765,13
lane_00078,site_0164,site_0169,1,26.45,8.162417004074666,13.443259975704528,1
lane_00136,site_0191,site_0110,2,26.4,8.146987104255997,13.417847385958396,2
lane_02486,site_2064,site_2066,2,26.4,8.146987104255997,13.417847385958396,2
lane_00319,site_0361,site_0365,1,17.29,13.355523638630503,13.355523638630503,1
lane_02632,site_2128,site_1458,2,26.14,8.06675162519893,13.285701919278505,2
lane_00619,site_0665,site_0518,1,26.09,8.051321725380266,13.26028932953237,1
lane_02973,site_2328,site_2339,1,26.07,8.045149765452798,13.250124293633917,1
lane_00939,site_0895,site_0901,1,26.0,8.023547905706666,13.214546667989328,1
lane_02808,site_2249,site_2260,1,26.0,8.023547905706666,13.214546667989328,1
lane_00940,site_0895,site_0902,1,26.0,8.023547905706666,13.214546667989328,2
lane_00908,site_0857,site_0872,1,25.98,8.017375945779198,13.204381632090875,1
lane_00405,site_0407,site_0402,1,25.95,8.008118005887999,13.189134078243196,1
lane_00039,site_0160,site_0191,1,25.93,8.001946045960532,13.178969042344743,1
lane_02447,site_2011,site_2010,1,25.88,7.986516146141865,13.153556452598611,1
lane_02436,site_1998,site_2001,1,25.88,7.986516146141865,13.153556452598611,1
lane_02370,site_1895,site_1824,1,25.8,7.961828306431998,13.112896309004796,1
lane_01526,site_1339,site_1342,1,25.73,7.940226446685864,13.07731868336021,2
lane_00640,site_0665,site_0580,1,25.73,7.940226446685864,13.07731868336021,1
lane_00684,site_0665,site_0676,1,25.73,7.940226446685864,13.07731868336021,1
lane_01127,site_1061,site_1063,1,25.62,7.906280667084799,13.021410985918717,1
lane_01189,site_1082,site_1063,1,25.61,7.903194687121065,13.01632846796949,1
lane_01271,site_1187,site_1180,1,25.44,7.850733027737599,12.929925662832638,1
lane_00900,site_0857,site_0863,1,25.43,7.847647047773865,12.92484314488341,1
lane_00701,site_0678,site_0686,1,25.42,7.844561067810131,12.919760626934185,1
lane_00610,site_0649,site_0686,1,25.42,7.844561067810131,12.919760626934185,1
lane_01332,site_1199,site_1215,2,20.16,10.896884013818877,12.909394303196157,2
lane_02027,site_1701,site_1703,2,25.38,7.832217147955197,12.899430555137275,2
lane_00626,site_0665,site_0539,1,25.31,7.810615288209064,12.86385292949269,1
lane_02028,site_1701,site_1704,1,25.3,7.807529308245332,12.858770411543464,1
lane_00776,site_0768,site_0769,1,25.25,7.792099408426665,12.83335782179733,1
lane_00936,site_0895,site_0897,1,25.21,7.779755488571731,12.813027750000426,1
lane_02702,site_2153,site_2154,2,25.2,7.776669508607998,12.807945232051196,2
lane_02290,site_1847,site_1895,1,16.57,12.799365337889384,12.799365337889384,1
lane_02019,site_1701,site_1694,1,25.16,7.764325588753066,12.787615160254289,1
lane_01671,site_1467,site_2095,1,25.13,7.755067648861865,12.77236760640661,1
lane_00832,site_0798,site_0782,1,25.01,7.718035889297065,12.71137739101589,1
lane_02694,site_2139,site_2342,1,25.0,7.714949909333332,12.706294873066664,1
lane_02037,site_1705,site_1708,1,25.0,7.714949909333332,12.706294873066664,3
lane_01102,site_0987,site_0964,1,25.0,7.714949909333332,12.706294873066664,1
lane_00558,site_0555,site_0686,1,25.0,7.714949909333332,12.706294873066664,1
lane_01531,site_1339,site_1347,1,25.0,7.714949909333332,12.706294873066664,1
lane_01537,site_1339,site_1356,1,25.0,7.714949909333332,12.706294873066664,1
lane_00648,site_0665,site_0598,1,25.0,7.714949909333332,12.706294873066664,1
lane_00150,site_0191,site_0155,1,24.86,7.671746189841064,12.635139621777489,1
lane_00081,site_0164,site_0177,2,24.86,7.671746189841064,12.635139621777489,2
lane_00321,site_0361,site_0367,1,16.3,12.590805975111465,12.590805975111465,1
lane_01278,site_1187,site_1191,1,24.73,7.631628450312532,12.569066888437543,1
lane_02043,site_1717,site_1715,1,24.71,7.625456490385065,12.55890185253909,1
lane_02462,site_2018,site_2021,1,24.63,7.600768650675199,12.518241708945277,1
lane_01912,site_1588,site_1589,1,24.51,7.563736891110398,12.457251493554558,1
lane_00951,site_0895,site_0913,1,24.49,7.557564931182931,12.447086457656104,1
lane_02630,site_2128,site_1456,3,24.48,7.554478951219199,12.442003939706877,3
lane_00847,site_0819,site_0818,1,24.4,7.52979111150933,12.401343796113062,1
lane_00430,site_0469,site_0452,1,24.3,7.498931311871997,12.350518616620796,1
lane_01272,site_1187,site_1181,1,24.28,7.492759351944532,12.340353580722343,1
lane_01346,site_1210,site_1232,1,24.27,7.489673371980798,12.335271062773115,1
lane_00432,site_0469,site_0461,1,24.23,7.477329452125867,12.31494099097621,1
lane_02458,site_2011,site_2024,1,24.13,7.446469652488531,12.264115811483943,1
lane_00942,site_0895,site_0904,1,24.07,7.427953772706132,12.233620703788585,1
lane_00018,site_0064,site_0255,1,24.05,7.421781812778664,12.223455667890132,1
lane_02781,site_2234,site_2235,1,24.0,7.406351912959999,12.198043078143998,1
lane_02442,site_1998,site_2007,1,24.0,7.406351912959999,12.198043078143998,1
lane_03016,site_2373,site_2376,1,24.0,7.406351912959999,12.198043078143998,1
lane_02425,site_1991,site_1992,1,23.98,7.4001799530325325,12.187878042245543,1
lane_00852,site_0819,site_0824,1,41.9,12.098110856831997,12.098110856831997,1
lane_02264,site_1847,site_1844,4,23.76,7.332288393830399,12.076062647362559,4
lane_01241,site_1133,site_1144,1,23.76,7.332288393830399,12.076062647362559,1
lane_00246,site_0280,site_0255,1,23.71,7.316858494011731,12.050650057616425,1
lane_02415,site_1954,site_1958,1,23.53,7.261310854664531,11.959164734530344,1
lane_01213,site_1119,site_1117,1,15.46,11.941954624246824,11.941954624246824,1
lane_02229,site_1807,site_1867,1,23.47,7.242794974882131,11.928669626834983,1
lane_00591,site_0611,site_0628,1,23.4,7.221193115135997,11.893092001190398,1
lane_00415,site_0411,site_0412,1,23.33,7.199591255389864,11.85751437554581,1
lane_01516,site_1339,site_1330,1,23.33,7.199591255389864,11.85751437554581,1
lane_01349,site_1222,site_1177,1,23.31,7.193419295462398,11.847349339647357,1
lane_00350,site_0385,site_0383,2,18.48,9.988810346000637,11.833611444596478,2
lane_01876,site_1573,site_1545,1,23.25,7.174903415679999,11.816854231951996,1
lane_02242,site_1847,site_1787,4,23.24,7.171817435716265,11.81177171400277,4
lane_02018,site_1701,site_1693,1,23.23,7.168731455752532,11.806689196053544,1
lane_01296,site_1187,site_1221,1,23.13,7.137871656115198,11.755864016561278,1
lane_00208,site_0237,site_0246,1,23.12,7.1347856761514645,11.750781498612051,79
lane_02733,site_2192,site_2177,1,23.07,7.1193557763327995,11.725368908865919,1
lane_00844,site_0816,site_0817,1,23.0,7.097753916586666,11.68979128322133,1
lane_02703,site_2155,site_2156,1,23.0,7.097753916586666,11.68979128322133,2
lane_01139,site_1063,site_1060,1,23.0,7.097753916586666,11.68979128322133,1
lane_00846,site_0817,site_0816,1,23.0,7.097753916586666,11.68979128322133,1
lane_01024,site_0964,site_0960,1,23.0,7.097753916586666,11.68979128322133,1
lane_00963,site_0916,site_0917,1,23.0,7.097753916586666,11.68979128322133,1
lane_02315,site_1855,site_1856,1,15.07,11.640702211345385,11.640702211345385,1
lane_02828,site_2279,site_2274,1,22.88,7.060722157021865,11.628801067830612,1
lane_02740,site_2192,site_2185,1,22.88,7.060722157021865,11.628801067830612,1
lane_02234,site_1833,site_1895,1,22.78,7.029862357384531,11.577975888338345,1
lane_00959,site_0900,site_0895,1,22.76,7.023690397457066,11.567810852439893,1
lane_02026,site_1701,site_1702,1,22.61,6.977400698001065,11.49157308320149,1
lane_00947,site_0895,site_0909,1,22.55,6.9588848182186664,11.46107797550613,1
lane_02993,site_2355,site_2349,1,40.63,11.42588734,11.42588734,1
lane_01727,site_1521,site_1516,1,22.46,6.931110998545066,11.415335313963093,1
lane_01138,site_1063,site_1059,1,22.44,6.924939038617599,11.40517027806464,1
lane_01539,site_1339,site_1362,1,22.29,6.878649339161598,11.328932508826238,1
lane_02343,site_1872,site_1867,1,22.28,6.875563359197867,11.323849990877012,1
lane_01795,site_1530,site_1516,1,22.2,6.850875519487999,11.283189847283198,1
lane_02994,site_2355,site_2350,1,40.0,11.248719999999999,11.248719999999999,1
lane_00759,site_0697,site_0610,1,40.0,11.248719999999999,11.248719999999999,1
lane_00906,site_0857,site_0870,1,22.11,6.823101699814398,11.237447185740157,1
lane_02347,site_1878,site_1867,1,14.53,11.223583485789543,11.223583485789543,1
lane_02469,site_2026,site_2032,1,22.0,6.789155920213331,11.181539488298665,1
lane_01249,site_1133,site_1155,1,22.0,6.789155920213331,11.181539488298665,1
lane_00962,site_0916,site_0915,1,22.0,6.789155920213331,11.181539488298665,1
lane_02623,site_2128,site_1449,1,22.0,6.789155920213331,11.181539488298665,1
lane_00818,site_0782,site_0804,2,14.46,11.169512539884158,11.169512539884158,2
lane_02322,site_1855,site_1875,2,14.44,11.154063698196904,11.154063698196904,2
lane_00485,site_0534,site_0525,1,21.93,6.767554060467198,11.145961862654078,1
lane_02310,site_1855,site_1835,1,14.42,11.138614856509651,11.138614856509651,1
lane_00786,site_0773,site_0778,1,21.84,6.739780240793599,11.10021920111104,1
lane_02454,site_2011,site_2019,1,21.84,6.739780240793599,11.10021920111104,1
lane_00431,site_0469,site_0456,1,21.76,6.715092401083732,11.059559057517225,1
lane_00043,site_0164,site_0027,2,21.72,6.702748481228798,11.039228985720317,1
lane_01360,site_1222,site_1225,1,14.24,10.99957528132437,10.99957528132437,1
lane_01245,site_1133,site_1150,2,21.62,6.671888681591466,10.988403806228051,2
lane_02461,site_2017,site_2011,1,21.61,6.668802701627731,10.983321288278825,1
lane_00251,site_0304,site_0303,1,21.56,6.6533728018090645,10.95790869853269,1
lane_00207,site_0235,site_0191,1,21.52,6.641028881954131,10.937578626735784,1
lane_01579,site_1369,site_1377,1,21.5,6.634856922026666,10.92741359083733,1
lane_01667,site_1453,site_2095,1,21.47,6.625598982135464,10.91216603698965,1
lane_00453,site_0479,site_0472,1,14.12,10.90688223120085,10.90688223120085,1
lane_00434,site_0469,site_0464,1,14.09,10.883708968669971,10.883708968669971,1
lane_02041,site_1717,site_1711,1,21.36,6.591653202534399,10.856258339548157,1
lane_01623,site_1414,site_1403,1,21.35,6.588567222570666,10.851175821598932,1
lane_02450,site_2011,site_2014,1,21.23,6.551535463005865,10.79018560620821,1
lane_02267,site_1847,site_1848,5,21.22,6.548449483042131,10.785103088258985,6
lane_00091,site_0164,site_0228,1,21.18,6.536105563187198,10.764773016462076,1
lane_00311,site_0361,site_0356,1,13.93,10.760118235171944,10.760118235171944,1
lane_01650,site_1414,site_1433,1,21.16,6.529933603259732,10.754607980563623,2
lane_00198,site_0198,site_0255,1,21.06,6.499073803622397,10.703782801071357,1
lane_02455,site_2011,site_2020,1,21.01,6.483643903803732,10.678370211325227,1
lane_00737,site_0686,site_0695,1,21.0,6.480557923839998,10.673287693375999,1
lane_00589,site_0611,site_0623,1,21.0,6.480557923839998,10.673287693375999,1
lane_02435,site_1998,site_2000,1,16.88,10.660405271643304,10.660405271643304,1
lane_00033,site_0141,site_0255,1,20.95,6.465128024021331,10.647875103629863,1
lane_02456,site_2011,site_2022,1,20.86,6.437354204347732,10.602132442086823,1
lane_00833,site_0806,site_0782,1,20.82,6.4250102844927985,10.581802370289918,1
lane_02369,site_1895,site_1823,1,13.65,10.543834451550397,10.543834451550397,1
lane_00252,site_0304,site_0305,1,20.67,6.378720585036799,10.50556460105152,1
lane_02407,site_1907,site_1918,1,13.6,10.505212347332264,10.505212347332264,1
lane_02220,site_1763,site_1965,1,13.6,10.505212347332264,10.505212347332264,1
lane_01688,site_1472,site_1483,1,13.56,10.474314663957758,10.474314663957758,1
lane_01124,site_1052,site_0927,1,20.53,6.335516865544532,10.434409349762344,1
lane_02734,site_2192,site_2178,1,20.53,6.335516865544532,10.434409349762344,1
lane_02446,site_2011,site_2009,1,20.46,6.3139150057984,10.398831724117759,1
lane_01576,site_1369,site_1374,1,13.46,10.397070455521492,10.397070455521492,1
lane_00112,site_0184,site_0255,1,20.35,6.279969226197332,10.342924026676263,1
lane_02449,site_2011,site_2013,2,20.34,6.276883246233599,10.337841508727037,2
lane_01521,site_1339,site_1335,1,20.3,6.2645393263786655,10.31751143693013,1
lane_00144,site_0191,site_0133,1,20.3,6.2645393263786655,10.31751143693013,1
lane_00306,site_0361,site_0351,1,13.35,10.312101826241598,10.312101826241598,1
lane_02017,site_1701,site_0306,1,20.26,6.252195406523732,10.297181365133225,1
lane_00913,site_0857,site_0878,1,20.23,6.242937466632532,10.281933811285544,1
lane_00886,site_0857,site_0848,1,20.11,6.205905707067732,10.220943595894825,1
lane_01188,site_1076,site_1063,1,20.06,6.190475807249064,10.19553100614869,1
lane_02374,site_1895,site_1834,3,20.04,6.184303847321599,10.185365970250237,3
lane_01605,site_1391,site_1962,1,20.01,6.175045907430399,10.170118416402557,1
lane_03005,site_2364,site_2365,1,20.0,6.171959927466665,10.16503589845333,1
lane_02809,site_2249,site_2261,1,20.0,6.171959927466665,10.16503589845333,1
lane_02467,site_2026,site_2030,1,20.0,6.171959927466665,10.16503589845333,1
lane_02420,site_1966,site_1969,1,20.0,6.171959927466665,10.16503589845333,1
lane_01120,site_1044,site_1051,1,20.0,6.171959927466665,10.16503589845333,1
lane_00968,site_0919,site_0916,1,20.0,6.171959927466665,10.16503589845333,1
lane_01111,site_1044,site_1041,1,20.0,6.171959927466665,10.16503589845333,1
lane_00020,site_0074,site_0255,1,19.94,6.153444047684266,10.13454079075797,1
lane_02232,site_1823,site_1895,1,13.05,10.080369200932799,10.080369200932799,1
lane_00971,site_0921,site_0924,2,15.74,8.507785435392318,10.079060829975571,2
lane_00072,site_0164,site_0149,2,19.8,6.110240328191998,10.063385539468797,2
lane_02739,site_2192,site_2184,1,19.76,6.097896408337066,10.043055467671893,1
lane_00394,site_0399,site_0407,1,19.76,6.097896408337066,10.043055467671893,1
lane_01112,site_1044,site_1042,1,19.6,6.048520728917333,9.961735180484265,1
lane_02844,site_2303,site_2302,1,19.56,6.036176809062399,9.941405108687357,1
lane_00443,site_0479,site_0455,1,12.87,9.941329625747517,9.941329625747517,1
lane_01679,site_1472,site_1474,1,19.35,5.971371229823999,9.834672231753599,1
lane_02888,site_2316,site_0741,1,19.33,5.965199269896532,9.824507195855142,1
lane_01286,site_1187,site_1200,1,19.29,5.952855350041598,9.804177124058237,1
lane_00119,site_0191,site_0026,1,19.25,5.940511430186665,9.783847052261331,1
lane_02176,site_1762,site_1446,1,19.14,5.906565650585598,9.727939354819837,1
lane_02024,site_1701,site_1699,1,19.13,5.903479670621865,9.72285683687061,1
lane_00411,site_0407,site_1487,1,19.05,5.878791830911999,9.682196693276799,1
lane_02845,site_2303,site_2304,1,19.05,5.878791830911999,9.682196693276799,1
lane_00774,site_0765,site_0766,1,12.51,9.663250475376957,9.663250475376957,1
lane_02421,site_1966,site_1970,1,19.0,5.863361931093332,9.656784103530665,1
lane_02468,site_2026,site_2031,1,19.0,5.863361931093332,9.656784103530665,1
lane_00802,site_0782,site_0788,2,12.46,9.624628371158826,9.624628371158826,2
lane_02847,site_2306,site_2307,1,18.86,5.820158211601066,9.585628852241491,1
lane_00032,site_0134,site_0191,1,18.76,5.789298411963733,9.534803672749225,1
lane_01003,site_0939,site_0945,1,18.67,5.761524592290132,9.489061011206186,1
lane_01359,site_1222,site_1224,1,12.25,9.462415533442664,9.462415533442664,1
lane_00446,site_0479,site_0459,2,18.58,5.733750772616531,9.443318349663144,2
lane_02736,site_2192,site_2180,1,18.44,5.690547053124266,9.372163098373973,1
lane_00700,site_0673,site_0691,1,18.4,5.678203133269332,9.351833026577063,1
lane_01196,site_1101,site_1102,1,18.34,5.659687253486933,9.321337918881705,1
lane_01198,site_1101,site_1104,1,18.31,5.650429313595731,9.306090365034024,1
lane_02820,site_2269,site_1063,1,18.24,5.628827453849598,9.270512739389437,1
lane_01313,site_1191,site_1242,1,18.13,5.594881674248532,9.214605041947943,1
lane_02719,site_2182,site_2195,1,18.1,5.585623734357332,9.199357488100265,1
lane_02846,site_2306,site_2305,1,18.03,5.564021874611199,9.163779862455678,1
lane_02732,site_2192,site_2176,1,18.01,5.557849914683733,9.153614826557225,1
lane_01288,site_1187,site_1205,1,18.01,5.557849914683733,9.153614826557225,1
lane_02437,site_1998,site_2002,1,18.0,5.5547639347199995,9.148532308607997,1
lane_00583,site_0603,site_0665,1,32.52,9.145209359999999,9.145209359999999,1
lane_00406,site_0407,site_0403,1,17.98,5.548591974792533,9.138367272709544,1
lane_01915,site_1595,site_1596,1,17.97,5.5455059948287975,9.133284754760316,1
lane_00922,site_0878,site_0874,1,17.96,5.5424200148650655,9.128202236811093,1
lane_00404,site_0407,site_0401,1,17.94,5.5362480549376,9.118037200912639,1
lane_00407,site_0407,site_0404,1,17.87,5.5146461951914665,9.082459575268052,1
lane_00884,site_0857,site_0845,1,17.86,5.511560215227731,9.077377057318825,1
lane_01438,site_1284,site_1278,1,17.85,5.508474235263999,9.072294539369599,1
lane_02837,site_2279,site_2286,1,17.78,5.486872375517866,9.03671691372501,1
lane_01064,site_0964,site_1001,1,17.59,5.428238756206932,8.940149072689705,1
lane_01116,site_1044,site_1047,1,17.59,5.428238756206932,8.940149072689705,1
lane_01573,site_1369,site_1370,1,17.36,5.357261217041065,8.82325115985749,1
lane_01634,site_1414,site_1415,1,11.25,8.689973449079998,8.689973449079998,1
lane_01502,site_1329,site_1358,1,30.9,8.689636199999999,8.689636199999999,1
lane_00849,site_0819,site_0821,1,17.04,5.258509858201599,8.660610585482237,1
lane_02440,site_1998,site_2005,1,17.0,5.246165938346666,8.640280513685331,1
lane_02777,site_2226,site_2228,1,17.0,5.246165938346666,8.640280513685331,1
lane_02807,site_2249,site_2259,3,11.07,8.550933873894717,8.550933873894717,3
lane_02484,site_2064,site_2063,1,16.71,5.156672519398399,8.492887493157758,1
lane_00011,site_0036,site_0191,1,16.7,5.153586539434666,8.487804975208531,1
lane_00399,site_0407,site_0396,1,16.66,5.1412426195797325,8.467474903411624,1
lane_00051,site_0164,site_0048,1,16.6,5.122726739797333,8.436979795716264,2
lane_00669,site_0665,site_0643,1,16.55,5.107296839978666,8.411567205970131,1
lane_02361,site_1891,site_1847,1,16.53,5.101124880051199,8.401402170071679,1
lane_01374,site_1239,site_1242,1,16.5,5.091866940159999,8.386154616224,1
lane_00883,site_0857,site_0844,1,16.42,5.067179100450132,8.345494472630186,1
lane_02848,site_2306,site_2308,1,16.34,5.042491260740266,8.304834329036371,1
lane_01916,site_1595,site_1597,1,16.31,5.033233320849065,8.289586775188692,1
lane_01361,site_1222,site_1226,3,16.29,5.027061360921598,8.279421739290239,3
lane_02453,site_2011,site_2017,1,16.07,4.959169801719466,8.16760634440725,1
lane_00714,site_0686,site_0563,1,16.0,4.937567941973333,8.132028718762664,1
lane_00997,site_0929,site_0930,1,16.0,4.937567941973333,8.132028718762664,1
lane_01114,site_1044,site_1045,1,16.0,4.937567941973333,8.132028718762664,1
lane_02035,site_1705,site_1706,1,16.0,4.937567941973333,8.132028718762664,1
lane_00462,site_0483,site_0484,1,16.0,4.937567941973333,8.132028718762664,1
lane_02296,site_1855,site_1795,1,15.99,4.934481962009599,8.126946200813437,1
lane_01589,site_1386,site_1388,1,15.99,4.934481962009599,8.126946200813437,1
lane_01603,site_1391,site_1960,1,10.43,8.056570939902612,8.056570939902612,1
lane_02025,site_1701,site_1700,1,15.83,4.885106282589866,8.04562591362581,1
lane_00556,site_0550,site_0566,1,15.8,4.875848342698666,8.030378359778132,1
lane_02771,site_2218,site_2219,1,15.76,4.863504422843732,8.010048287981224,1
lane_02773,site_2223,site_2224,1,15.6,4.814128743423998,7.928728000793599,1
lane_01184,site_1066,site_1063,1,15.59,4.811042763460265,7.923645482844371,1
lane_01294,site_1187,site_1216,1,15.52,4.789440903714132,7.888067857199784,1
lane_03002,site_2355,site_2362,1,15.51,4.786354923750399,7.882985339250558,1
lane_01869,site_1566,site_1497,1,15.44,4.764753064004266,7.847407713605971,1
lane_01365,site_1222,site_1237,2,15.36,4.740065224294399,7.806747570012158,3
lane_01405,site_1248,site_1247,10,10.0,7.724420843626665,7.724420843626665,18
lane_02750,site_2197,site_2198,1,9.98,7.7089720019394115,7.7089720019394115,1
lane_02291,site_1847,site_1896,1,9.97,7.701247581095785,7.701247581095785,1
lane_00351,site_0385,site_0384,2,15.06,4.647485825382399,7.654272031535358,2
lane_00248,site_0285,site_2070,1,15.0,4.628969945599999,7.623776923839998,1
lane_02419,site_1966,site_1968,1,15.0,4.628969945599999,7.623776923839998,1
lane_02438,site_1998,site_2003,1,15.0,4.628969945599999,7.623776923839998,1
lane_03039,site_2390,site_2391,1,15.0,4.628969945599999,7.623776923839998,1
lane_02227,site_1789,site_1847,1,14.79,4.564164366361599,7.517044046906238,1
lane_00201,site_0206,site_0191,1,14.76,4.554906426470399,7.501796493058558,1
lane_00008,site_0030,site_0255,1,14.62,4.511702706978133,7.430641241769385,1
lane_02259,site_1847,site_1832,1,14.47,4.465413007522133,7.354403472530985,1
lane_01238,site_1133,site_1139,1,14.45,4.4592410475946656,7.344238436632532,1
lane_00969,site_0921,site_0922,1,14.33,4.422209288029865,7.283248221241812,1
lane_00418,site_0439,site_0440,2,14.14,4.363575668718933,7.186680380206505,2
lane_01422,site_1258,site_1259,1,14.01,4.3234579291904,7.120607646866559,1
lane_02692,site_2139,site_2141,1,14.0,4.320371949226665,7.115525128917333,1
lane_01250,site_1133,site_1156,1,14.0,4.320371949226665,7.115525128917333,1
lane_00395,site_0405,site_0406,1,14.0,4.320371949226665,7.115525128917333,1
lane_00427,site_0463,site_0469,1,13.88,4.283340189661866,7.054534913526613,1
lane_01841,site_1530,site_1573,3,9.09,7.021498546856638,7.021498546856638,4
lane_01330,site_1199,site_1190,1,13.8,4.2586523499519995,7.013874769932798,1
lane_01917,site_1595,site_1598,1,13.75,4.243222450133333,6.988462180186665,1
lane_00765,site_0699,site_0566,1,13.59,4.193846770713599,6.907141892999038,1
lane_02334,site_1857,site_1847,1,13.57,4.187674810786133,6.896976857100585,1
lane_01353,site_1222,site_1203,1,13.53,4.175330890931199,6.876646785303679,1
lane_00450,site_0479,site_0466,1,8.81,6.805214763235092,6.805214763235092,1
lane_02422,site_1973,site_1972,1,13.38,4.129041191475199,6.800409016065279,1
lane_02023,site_1701,site_1698,1,13.26,4.092009431910399,6.739418800674558,1
lane_00879,site_0854,site_0874,1,13.11,4.0457197324543985,6.663181031436159,1
lane_02710,site_2182,site_2168,1,13.04,4.024117872708265,6.627603405791571,1
lane_00473,site_0504,site_0505,1,13.0,4.011773952853333,6.607273333994664,1
lane_00475,site_0505,site_0504,1,13.0,4.011773952853333,6.607273333994664,1
lane_02784,site_2237,site_2239,1,13.0,4.011773952853333,6.607273333994664,1
lane_00708,site_0686,site_0546,1,13.0,4.011773952853333,6.607273333994664,1
lane_02464,site_2026,site_2027,1,13.0,4.011773952853333,6.607273333994664,1
lane_02466,site_2026,site_2029,1,13.0,4.011773952853333,6.607273333994664,1
lane_02016,site_1698,site_1701,1,12.94,3.9932580730709324,6.5767782262993055,1
lane_02626,site_2128,site_1452,1,12.89,3.977828173252266,6.551365636553172,1
lane_00002,site_0002,site_2284,1,8.46,6.534860033708159,6.534860033708159,1
lane_02228,site_1799,site_1867,1,12.84,3.962398273433599,6.525953046807039,1
lane_00918,site_0867,site_0874,1,12.82,3.956226313506132,6.515788010908586,1
lane_01428,site_1278,site_1276,1,12.77,3.940796413687466,6.490375421162453,1
lane_00356,site_0385,site_0390,1,8.38,6.473064666959146,6.473064666959146,1
lane_00447,site_0479,site_0460,1,12.68,3.913022594013866,6.444632759619411,1
lane_02697,site_2142,site_2140,1,12.6,3.888334754303999,6.403972616025598,1
lane_00294,site_0328,site_0346,1,8.29,6.403544879366504,6.403544879366504,1
lane_02021,site_1701,site_1696,1,12.54,3.8698188745215987,6.373477508330238,1
lane_00403,site_0407,site_0400,1,12.49,3.8543889747029327,6.348064918584106,1
lane_00393,site_0393,site_0392,1,12.37,3.8173572151381325,6.287074703193385,1
lane_01363,site_1222,site_1235,1,8.12,6.272229725024851,6.272229725024851,1
lane_02472,site_2035,site_2036,1,12.31,3.7988413353557324,6.256579595498026,1
lane_01280,site_1187,site_1193,1,12.26,3.783411435537066,6.2311670057518915,1
lane_00029,site_0126,site_0191,1,12.13,3.743293696008533,6.165094272411945,1
lane_02639,site_2128,site_1466,1,12.13,3.743293696008533,6.165094272411945,1
lane_02258,site_1847,site_1831,1,12.1,3.7340357561173323,6.149846718564265,1
lane_00930,site_0893,site_0894,1,12.08,3.727863796189866,6.139681682665812,1
lane_02250,site_1847,site_1804,2,9.56,5.1673715859180795,6.121716742983892,2
lane_00623,site_0665,site_0526,1,7.9,6.102292466465065,6.102292466465065,1
lane_00709,site_0686,site_0549,1,12.0,3.7031759564799995,6.099021539071999,1
lane_00342,site_0373,site_0377,1,12.0,3.7031759564799995,6.099021539071999,1
lane_01148,site_1063,site_1070,1,11.99,3.7000899765162663,6.093939021122772,1
lane_02640,site_2128,site_1467,1,11.92,3.678488116770133,6.058361395478185,1
lane_00012,site_0040,site_0255,1,11.73,3.6198544974591997,5.961793554442879,1
lane_00766,site_0703,site_0702,1,11.68,3.6044245976405325,5.9363809646967445,1
lane_02621,site_2128,site_1447,1,7.65,5.909181945374399,5.909181945374399,1
lane_02235,site_1839,site_1895,1,7.64,5.901457524530771,5.901457524530771,1
lane_02273,site_1847,site_1859,2,11.6,3.579736757930666,5.895720821102932,2
lane_01266,site_1183,site_1242,1,11.57,3.5704788180394664,5.880473267255252,1
lane_01018,site_0954,site_0955,1,11.55,3.5643068581119994,5.870308231356799,1
lane_00426,site_0453,site_0469,1,11.39,3.5149311786922657,5.788987944169173,1
lane_00923,site_0885,site_0886,1,11.33,3.496415298909866,5.7584928364738115,1
lane_02988,site_2355,site_2344,1,11.32,3.4933293189461327,5.753410318524585,1
lane_01293,site_1187,site_1214,1,11.13,3.434695699635199,5.656842477489279,1
lane_00763,site_0697,site_0694,1,20.0,5.624359999999999,5.624359999999999,1
lane_02693,site_2139,site_2142,1,11.0,3.3945779601066657,5.590769744149332,1
lane_00341,site_0373,site_0376,1,11.0,3.3945779601066657,5.590769744149332,1
lane_02298,site_1855,site_1800,1,7.23,5.584756269942079,5.584756269942079,1
lane_03008,site_2366,site_2367,1,10.93,3.3729761003605323,5.555192118504745,1
lane_01122,site_1044,site_1489,1,7.18,5.546134165723945,5.546134165723945,1
lane_02022,site_1701,site_1697,1,10.78,3.3266864009045323,5.478954349266345,1
lane_00170,site_0191,site_0232,1,10.78,3.3266864009045323,5.478954349266345,1
lane_01307,site_1187,site_1241,1,10.61,3.2742247415210657,5.392551544129492,1
lane_02266,site_1847,site_1846,2,10.5,3.240278961919999,5.336643846687999,2
lane_02339,site_1867,site_1890,1,10.19,3.144613583044266,5.179085790261973,1
lane_00461,site_0483,site_0482,1,10.07,3.107581823479466,5.118095574871252,1
lane_00457,site_0479,site_0480,1,6.61,5.105842177637226,5.105842177637226,1
lane_00764,site_0697,site_0696,1,10.0,3.0859799637333327,5.082517949226665,1
lane_01424,site_1265,site_1267,2,10.0,3.0859799637333327,5.082517949226665,2
lane_00931,site_0894,site_0893,1,9.98,3.079808003805866,5.072352913328213,1
lane_01258,site_1160,site_1133,1,9.9,3.055120164095999,5.0316927697343985,1
lane_02286,site_1847,site_1887,1,9.88,3.048948204168533,5.0215277338359465,1
lane_00761,site_0697,site_0668,1,17.78,5.00005604,5.00005604,1
lane_00352,site_0385,site_0386,1,6.47,4.997700285826452,4.997700285826452,1
lane_01328,site_1199,site_1178,1,9.81,3.0273463444224,4.98595010819136,1
lane_01302,site_1187,site_1230,1,9.59,2.959454785220266,4.874134713308372,1
lane_01260,site_1162,site_1164,1,6.23,4.812314185579413,4.812314185579413,1
lane_00437,site_0469,site_0476,1,6.21,4.796865343892159,4.796865343892159,1
lane_02265,site_1847,site_1845,1,9.34,2.882305286126933,4.747071764577705,1
lane_02786,site_2237,site_2241,1,9.2,2.839101566634666,4.675916513288532,1
lane_00065,site_0164,site_0129,1,9.19,2.836015586670933,4.670833995339305,1
lane_02779,site_2232,site_0437,1,9.05,2.792811867178666,4.5996787440501326,1
lane_00307,site_0361,site_0352,1,5.95,4.596030401957866,4.596030401957866,1
lane_01002,site_0935,site_0938,1,9.0,2.7773819673599998,4.574266154303999,1
lane_02432,site_1998,site_1996,1,8.93,2.7557801076138655,4.538688528659413,1
lane_02824,site_2278,site_2279,1,5.87,4.5342350352088525,4.5342350352088525,1
lane_02979,site_2339,site_2325,5,5.85,4.518786193521598,4.518786193521598,4
lane_02177,site_1762,site_1461,1,8.89,2.743436187758933,4.518358456862505,1
lane_00316,site_0361,site_0362,1,8.81,2.718748348049066,4.477698313268693,1
lane_02070,site_1735,site_1736,1,8.6,2.6539427688106656,4.370965436334933,1
lane_00893,site_0857,site_0855,2,8.48,2.6169110092458663,4.309975220944212,2
lane_01229,site_1125,site_1126,1,8.31,2.5644493498623997,4.223572415807359,1
lane_02072,site_1736,site_1737,1,8.26,2.549019450043733,4.198159826061226,1
lane_00009,site_0032,site_0255,1,8.1,2.499643770623999,4.116839538873598,8
lane_01345,site_1208,site_1222,1,8.04,2.481127890841599,4.086344431178239,1
lane_02297,site_1855,site_1797,1,5.25,4.055320942903999,4.055320942903999,1
lane_02483,site_2064,site_2062,1,5.24,4.047596522060372,4.047596522060372,1
lane_01289,site_1187,site_1206,1,7.94,2.4502680912042663,4.035519251685972,1
lane_02255,site_1847,site_1819,1,7.87,2.428666231458133,3.9999416260413856,1
lane_02231,site_1819,site_1847,1,7.61,2.3484307524010664,3.8677961593614927,1
lane_02288,site_1847,site_1889,1,7.47,2.3052270329087996,3.7966409080723187,1
lane_01344,site_1204,site_1222,1,7.45,2.299055072981333,3.7864758721738663,1
lane_00338,site_0373,site_0372,1,7.4,2.2836251731626667,3.7610632824277324,1
lane_00182,site_0191,site_0267,2,7.3,2.252765373525333,3.710238102935465,2
lane_02439,site_1998,site_2004,1,5.71,3.6060968069362125,3.6060968069362125,1
lane_00205,site_0224,site_0191,1,7.06,2.1787018543957326,3.5882576721540262,1
lane_00031,site_0133,site_0191,1,7.05,2.1756158744319998,3.583175154204799,1
lane_01540,site_1339,site_1363,1,6.81,2.1015523553023994,3.461194723423359,1
lane_00337,site_0373,site_0371,1,6.7,2.067606575701333,3.405287025981866,1
lane_02782,site_2237,site_2236,1,6.7,2.067606575701333,3.405287025981866,1
lane_02071,site_1736,site_1735,1,6.65,2.0521766758826665,3.379874436235733,1
lane_00079,site_0164,site_0174,1,6.56,2.024402856209066,3.334131774692693,1
lane_02269,site_1847,site_1852,1,6.49,2.0028009964629327,3.298554149048106,1
lane_02473,site_2035,site_2037,1,6.47,1.9966290365354662,3.2883891131496528,1
lane_01575,site_1369,site_1373,1,6.37,1.9657692368981325,3.237563933657386,1
lane_01301,site_1187,site_1229,1,6.18,1.9071356175871994,3.1409960926220792,1
lane_00734,site_0686,site_0687,1,6.0,1.8515879782399998,3.0495107695359995,1
lane_02254,site_1847,site_1817,1,5.74,1.7713524991829332,2.9173653028561057,1
lane_02238,site_1847,site_1781,1,5.45,1.6818590802346665,2.7699722823285327,1
lane_00767,site_0703,site_2137,1,3.56,2.7498938203310925,2.7498938203310925,1
lane_01113,site_1044,site_1043,1,5.35,1.6509992805973326,2.719147102836266,1
lane_02775,site_2225,site_2223,1,2.48,1.9156563692194128,1.9156563692194128,1
lane_00192,site_0191,site_0295,2,3.48,1.0739210273791997,1.7687162463308794,2
lane_00468,site_0492,site_1399,1,3.33,1.0276313279231997,1.6924784770924797,1
lane_00466,site_0492,site_0493,1,3.21,0.9905995683583998,1.6314882617017596,1
lane_00050,site_0164,site_0047,1,3.01,0.928879969083733,1.5298379027172262,1
lane_00369,site_0385,site_1761,1,1.63,1.2590805975111463,1.2590805975111463,2
lane_01274,site_1187,site_1183,1,2.39,0.7375492113322666,1.214721789865173,1
lane_02774,site_2223,site_2225,1,1.36,1.0505212347332264,1.0505212347332264,1
lane_02287,site_1847,site_1888,1,1.53,0.47215493445119994,0.7776252462316798,1
lane_01413,site_1248,site_1257,1,1.0,0.7724420843626665,0.7724420843626665,1
lane_01440,site_1290,site_1293,2,0.88,0.6797490342391465,0.6797490342391465,2
lane_02718,site_2182,site_2194,1,0.6,0.46346525061759986,0.46346525061759986,1
lane_01777,site_1530,site_1497,4,0.52,0.4016698838685866,0.4016698838685866,4
lane_02539,site_2095,site_2071,1,0.45,0.3475989379631999,0.3475989379631999,1
lane_01214,site_1119,site_1118,1,0.4,0.3089768337450666,0.3089768337450666,1
lane_03020,site_2381,site_2390,3,0.39,0.30125241290143995,0.30125241290143995,2
lane_01664,site_1430,site_1414,2,0.28,0.21628378362154663,0.21628378362154663,2
lane_02470,site_2026,site_2033,1,0.2,0.06171959927466666,0.10165035898453331,1
lane_00920,site_0874,site_0857,1,0.13,0.10041747096714665,0.10041747096714665,1
