waybill_id,physical_legs,transported_weight_kg,carried_distance_km,emissions_kgco2_min,emissions_kgco2_max
waybill_11506,5,0.5,4582.94,4016.089416988797,4021.755591791627
waybill_04822,6,1.25,4611.51,3558.772600082225,3606.7684822538586
waybill_03183,3,0.3,3532.21,2821.4729586494277,2821.4729586494277
waybill_00257,3,0.46,2896.69,2506.8262865571664,2522.2175978873347
waybill_02833,5,0.03,3019.38,2497.998245803498,2498.746729338401
waybill_00031,5,0.3,2991.6,2391.3297514925684,2396.5866360083724
waybill_02809,3,1.0,2724.01,2276.7081825253463,2280.2946772440164
waybill_00084,5,1.05,2513.81,2028.1509805529597,2077.4203856788436
waybill_03027,3,0.33,2323.94,1996.31742868577,2002.4739663098896
waybill_01562,3,0.46,2293.89,1987.05271440046,1995.1566620835774
waybill_09789,5,1.6,2342.22,1988.2640792782743,1988.273116302486
waybill_01394,4,0.48,2319.4700000000003,1971.5546368391356,1977.4574041133258
waybill_02151,3,0.1,2249.67,1973.4614058367245,1973.4614058367245
waybill_01454,3,0.33,2295.92,1963.9462278344388,1964.2873257409522
waybill_11665,2,2.52,2232.4,1957.0270337259403,1957.0270337259403
waybill_05100,2,0.32,2230.93,1942.0115647572882,1942.0115647572882
waybill_11540,4,1.0,2206.36,1923.474639502046,1927.1482693953537
waybill_12031,4,1.05,2307.4,1858.6886226206962,1919.1697478152455
waybill_11608,3,4.21,2187.19,1886.8018377771718,1886.8018377771718
waybill_05003,3,0.05,2424.24,1872.5849985953507,1872.5849985953507
waybill_11876,6,1.0,2174.14,1863.55926311215,1869.466787368696
waybill_03213,4,1.0,2128.5299999999997,1865.6412601457455,1865.7442292960868
waybill_10009,2,0.41,2085.71,1829.8375252661417,1829.8375252661417
waybill_11734,4,1.0,2077.93,1796.4850182862806,1804.541306675551
waybill_11542,5,1.0,2069.46,1783.9379244479321,1787.847145823528
waybill_00775,2,0.71,2078.84,1781.497579235285,1782.1419164942395
waybill_09311,4,0.95,2376.16,1714.5770793919373,1774.804644262329
waybill_02995,5,1.0,2306.91,1760.9852571079307,1767.3787651882617
waybill_11845,3,1.0,2014.96,1765.4339961994142,1765.6049193293918
waybill_11602,2,0.24,2004.43,1765.169806207397,1765.169806207397
waybill_00050,3,1.42,1993.98,1742.5985246166936,1742.8151606271304
waybill_05462,4,0.3,2390.1,1734.879626788555,1735.3130343845328
waybill_11903,3,1.0,1966.6399999999999,1719.8083298522479,1721.9106843509724
waybill_03176,3,1.01,1994.3600000000001,1716.7201006033347,1716.949481226469
waybill_02248,2,1.0,2215.76,1711.546272847422,1711.546272847422
waybill_09431,2,3.0,1986.27,1701.662759802312,1701.662759802312
waybill_11745,3,1.0,1936.41,1668.7801605975803,1678.7967916708005
waybill_11906,4,1.0,1929.05,1644.1250988564038,1660.4847311095361
waybill_11553,4,1.05,2145.06,1629.2709560752978,1641.17830862078
waybill_00558,2,1.0,2113.92,1632.880770975928,1632.880770975928
waybill_11676,3,0.29,1906.01,1607.3412834736691,1630.061885748583
waybill_08722,2,1.0,1892.6599999999999,1617.0185862808826,1617.0185862808826
waybill_05351,4,1.0,1926.0900000000001,1600.3145089352558,1613.510059348516
waybill_04989,3,1.0,1912.0100000000002,1598.7536777653115,1610.8347291155317
waybill_00353,3,0.29,1904.13,1596.283644013417,1606.7914234310683
waybill_10445,3,1.0,1860.02,1580.2928782837246,1580.3026188876333
waybill_02253,2,0.29,2046.6699999999998,1569.4167920977634,1574.3741959157435
waybill_04777,3,2.36,1820.3,1529.381505301604,1552.736320015857
waybill_11760,3,1.0,1805.15,1543.7735220162226,1546.357042169451
waybill_03251,5,1.0,2031.6,1511.4399236842348,1543.233749347191
waybill_10337,4,1.0,1838.99,1532.5362969183186,1542.8110759589692
waybill_03124,4,1.0,1823.1100000000001,1528.8115273565402,1535.9562026360977
waybill_06591,2,1.2,1778.6200000000001,1518.833451960448,1518.833451960448
waybill_05807,3,0.36,1837.95,1506.5037255910158,1506.6921579314737
waybill_07343,4,0.42,1780.5,1499.256703788597,1502.886973753899
waybill_10803,4,1.2,1778.67,1499.2433167605125,1502.5113731321273
waybill_05477,4,1.2,1834.12,1490.0566309213405,1490.072934918436
waybill_11390,1,1.0,1928.5,1489.6545596934022,1489.6545596934022
waybill_11789,3,1.5,1950.27,1471.1303428060703,1486.341965717544
waybill_02709,4,1.2,2377.81,1485.6643862043238,1485.6904027788378
waybill_09705,3,1.0,1925.66,1459.166334806463,1471.3452165179724
waybill_00957,2,1.0,1722.4499999999998,1466.7767774524077,1466.7767774524077
waybill_11749,5,0.4,1694.48,1458.9361214531525,1459.0018200312377
waybill_11486,2,1.0,1875.76,1448.9159641641154,1448.9159641641154
waybill_12033,4,0.34,1671.59,1442.6664259847016,1444.768780483426
waybill_11808,4,4.82,1624.52,1411.5292097124368,1415.1044346593956
waybill_11532,3,1.0,1636.8700000000001,1408.3938752089687,1410.4962297076931
waybill_11547,4,0.46,1621.89,1398.3852923975085,1401.2503244066916
waybill_11691,3,0.41,1638.58,1397.1591531743982,1397.2754777822897
waybill_11601,2,0.295,1590.91,1394.9511472721438,1394.9511472721438
waybill_11626,3,1.0,1595.54,1377.4271634342147,1377.5888830110396
waybill_03182,4,1.25,1585.39,1373.8889147994169,1374.6221261630549
waybill_04819,5,1.06,1621.5,1367.992356780853,1368.1185810290474
waybill_04784,3,1.0,1582.5,1361.1431553823957,1361.2181576030148
waybill_11897,5,1.5,1567.6299999999999,1356.0927849073732,1360.9044414524121
waybill_06923,4,1.0,1840.29,1346.2694554985972,1356.7998110286785
waybill_12025,5,1.0,1569.1,1350.3221764142331,1355.268463145703
waybill_02870,3,1.23,1544.61,1351.93629650119,1354.833273118141
waybill_11860,4,1.0,1550.5900000000001,1354.2983506844748,1354.2983506844748
waybill_11909,5,1.0,1565.3899999999999,1350.0370904482193,1354.0143318075968
waybill_06045,3,0.64,1689.33,1353.037054334828,1353.404994247487
waybill_02062,2,1.36,1792.69,1324.0041784530256,1350.1508399110462
waybill_00079,4,2.04,1549.61,1340.8439049425117,1343.571148228788
waybill_11594,4,2.89,1537.51,1340.4349704287035,1342.7090271941804
waybill_02798,4,1.0,1552.96,1329.508510926429,1337.580676157148
waybill_00221,2,0.36,1518.22,1336.9966041119892,1336.9966041119892
waybill_12000,4,1.0,1544.33,1326.1248157882071,1333.7318603997587
waybill_11563,4,0.92,1539.29,1330.2744353146543,1330.6011525678343
waybill_00119,5,1.0,1543.2099999999998,1318.9535983659816,1320.5682920463169
waybill_11950,4,6.27,1531.95,1311.6182735787309,1317.1780073189263
waybill_09391,2,1.0,1696.67,1294.3725988412582,1301.3485025625719
waybill_04783,3,1.56,1701.67,1293.4671821166605,1299.8573079312464
waybill_00208,3,0.42,1489.36,1298.6445252171477,1298.687563840806
waybill_07108,2,1.0,1689.03,1292.0149101489658,1297.4654588493627
waybill_00101,3,1.0,1701.67,1290.6043375444551,1295.1422873883141
waybill_00164,4,0.6,1715.05,1290.0590846252842,1294.2442719179862
waybill_02999,4,1.0,1490.43,1285.4943691701828,1291.6822338380082
waybill_03132,4,1.05,3972.49,1289.8734031520346,1289.9248313951045
waybill_03022,4,0.93,1485.48,1283.944730806247,1289.1300251742855
waybill_09511,3,1.2,1471.8799999999999,1282.213055192312,1286.2780065307763
waybill_10420,1,1.56,1661.73,1283.590184847974,1283.590184847974
waybill_11868,4,0.23,1485.3,1273.5984798702696,1280.000907416103
waybill_02866,3,1.2,1460.04,1276.3523702558862,1276.625631358479
waybill_12028,3,1.0,1463.32,1274.3787464311984,1276.4811009299228
waybill_11514,3,1.4,1463.32,1272.4290242901116,1273.2699660896014
waybill_11790,4,1.22,1464.29,1267.4401178405842,1269.8582668540932
waybill_04701,3,1.87,1448.6,1267.4119084721774,1267.6180629880562
waybill_03123,4,1.2,1445.49,1264.7818143593631,1264.8405894943003
waybill_02029,3,0.98,1441.77,1261.663603795056,1264.4587569747466
waybill_07986,5,2.0,2302.02,1261.3769628267964,1264.3855695566854
waybill_11753,2,0.1,1431.0500000000002,1254.2941236519723,1254.2941236519723
waybill_04734,4,1.0,2318.8,867.8714929780341,1254.2673003474133
waybill_00100,6,4.7,1461.27,1232.933076399001,1248.1403332286523
waybill_06944,5,1.2,1452.76,1239.4133331138685,1240.0477462846984
waybill_05259,6,1.2,1676.9,1235.2919110802559,1239.2902957829697
waybill_12014,3,1.0,1411.36,1221.5715193650976,1227.604887959124
waybill_03144,5,0.99,3991.0499999999997,1221.893930356036,1225.6479943434347
waybill_11934,4,2.07,1589.4999999999998,1222.9124148479304,1225.014769346655
waybill_11702,2,1.56,1386.7,1215.1520389639602,1217.2543934626847
waybill_08003,4,1.2,1443.1,1213.459271451116,1213.4673928000045
waybill_12007,4,2.35,1449.3,1204.6215625354182,1208.0729074183523
waybill_01102,5,1.28,1629.92,1201.7486100499345,1204.9518578821558
waybill_06647,2,0.4,1376.03,1193.6399421316007,1199.9709640836002
waybill_06891,5,1.0,1492.3999999999999,1166.9253809112909,1198.1079253633152
waybill_02998,5,1.17,1423.69,1193.4157802871298,1196.2479647955704
waybill_00059,3,0.35,1408.06,1190.706360897067,1190.8224169647617
waybill_00120,5,1.08,1408.96,1182.2088205532189,1189.2751786060467
waybill_11924,3,1.5,1422.8,1175.3214621813345,1185.064567550542
waybill_01091,5,1.11,1606.55,1176.1935813937225,1182.5322233703544
waybill_11603,3,1.0,1527.55,1167.5778225823954,1172.9005928517206
waybill_02863,3,1.2,1365.64,1166.813490516514,1167.086751619107
waybill_00481,4,1.3,1933.1100000000001,1153.329261183075,1165.3075736034223
waybill_00069,4,0.31,1397.81,1157.5256874530535,1164.1783996533356
waybill_03217,4,1.2,1381.6399999999999,1163.2620037075394,1163.3855666879492
waybill_10294,2,1.0,2468.41,1161.8764856149483,1161.8764856149483
waybill_04840,3,0.46,1340.77,1153.5406103597375,1158.9891625221487
waybill_03051,3,1.3,1363.55,1149.8036723982052,1149.8991957447595
waybill_11508,4,1.0,1318.04,1141.2097629142918,1145.9076167941575
waybill_02839,2,1.26,1307.52,1144.0818168295348,1144.1710104815609
waybill_06963,4,0.57,1487.18,1079.1980526224022,1136.7123223705084
waybill_03091,4,0.37,1344.41,1115.9452802590095,1122.557872218555
waybill_03194,4,0.3,1341.96,1115.3002205636776,1121.4954779326633
waybill_12003,3,2.5,1273.01,1107.0200933573499,1107.8583527268572
waybill_02897,3,2.5,1309.9799999999998,1095.254337716965,1105.8359890400798
waybill_11729,3,1.0,1287.9,1089.9743912271272,1095.0495907862512
waybill_04750,3,6.28,1444.32,1091.6220766968618,1092.1503950096046
waybill_11606,2,2.86,1244.37,1090.0076689344876,1090.0076689344876
waybill_11538,4,4.2,1252.0,1082.2296914614003,1089.3233909238581
waybill_00702,2,2.52,1971.5,1079.726955442739,1088.3120687803603
waybill_07315,4,1.2,1324.5,1075.0122455683875,1086.799135241829
waybill_11970,3,1.07,1249.07,1085.6674076167672,1086.1809965011587
waybill_03131,6,0.41,4635.91,1083.8509620735385,1085.2825959337192
waybill_11798,4,1.2,1252.96,1081.8610513620963,1083.8449368684956
waybill_02040,5,1.2,1294.75,1082.2294936166254,1082.2417948124573
waybill_09041,2,4.5,1697.32,1061.1931539301784,1068.298832620549
waybill_06825,4,2.36,1445.39,1067.560025671635,1067.5867123621767
waybill_09704,3,2.5,1994.79,1066.404089075039,1066.4182094253697
waybill_11494,3,1.0,1279.68,1064.2592770916854,1066.3616315904098
waybill_06220,4,0.45,1294.84,1059.49470568574,1064.0680008696168
waybill_11765,4,2.5,1319.0,1044.4860032586528,1063.8097684064298
waybill_02904,4,1.0,1244.99,1053.0249496202123,1063.5240993736786
waybill_03011,3,1.0,1235.4699999999998,1052.535273460678,1062.7176171866938
waybill_10132,3,5.16,1896.08,1060.1754989484916,1062.6502169399416
waybill_11917,3,1.0,1279.68,1061.756760167302,1062.2400600520664
waybill_11557,2,1.0,1269.15,1061.0097401898743,1061.0097401898743
waybill_03153,3,1.2,1210.82,1049.7048359697712,1053.2986043436592
waybill_11932,4,1.0,1295.0,1037.2273575685024,1051.8549931192192
waybill_07027,4,0.39,1431.88,1044.1615298167974,1048.757360556936
waybill_02889,3,2.36,1201.34,1045.2660867171876,1045.9881152888047
waybill_11855,3,0.1,1402.68,1042.8142071321404,1042.8368740270053
waybill_03041,4,0.35,1256.19,1034.4896669254204,1040.0107677064905
waybill_11893,4,2.0,1269.0,1029.7453991464308,1039.5324283513191
waybill_11546,4,1.0,1266.44,1029.1461906122402,1039.4343508514871
waybill_07289,3,1.1,1408.8700000000001,1037.7553572561487,1037.7620631852603
waybill_03174,4,1.06,1241.56,1026.675806274279,1036.6995785027236
waybill_01381,4,2.7,2252.4500000000003,1035.54520784639,1035.5643838139144
waybill_04848,4,1.2,1246.99,1023.8782737227738,1035.1455932340493
waybill_00090,4,0.37,1260.8899999999999,1014.9059223190254,1028.9347116913243
waybill_11783,3,1.0,1522.31,1028.7826164406254,1028.7826164406254
waybill_11555,4,1.0,1237.53,1021.1169991678325,1025.3217081652815
waybill_00565,4,0.6,1248.6999999999998,1009.0339328131473,1020.4197138658936
waybill_02542,3,2.19,1224.58,1005.5890223919104,1015.4351915488702
waybill_03302,3,1.0,1320.29,1007.4814761773891,1012.8042464467144
waybill_11889,4,2.12,1448.41,1000.1238956941085,1012.740141947047
waybill_10650,4,1.2,1236.74,1011.7632902071075,1011.7690035104264
waybill_01292,2,1.0,1829.39,706.139134885036,1010.4374788680313
waybill_09476,4,2.5,2249.36,1007.8080401827096,1007.8080401827096
waybill_02558,3,1.56,1202.1699999999998,1001.3973238677942,1001.4113139488111
waybill_02793,4,1.2,1195.6,990.8186975403221,1000.0995992985326
waybill_10434,3,1.2,1192.99,993.0795705393207,993.0912592640113
waybill_04329,3,1.0,1979.27,601.2002522412961,990.1590771831823
waybill_02642,4,3.97,1179.9399999999998,980.7586724735194,980.7942754361071
waybill_06111,4,1.2,1194.82,969.3600646360775,978.3259444709804
waybill_07586,6,2.62,1757.47,959.6378281954989,978.2854929800067
waybill_11821,3,1.0,1273.01,976.0953318055712,976.679319166328
waybill_05169,3,1.0,1184.25,967.999744222984,976.5429302629099
waybill_09238,4,1.0,1192.4499999999998,967.9415592132738,976.4269093822554
waybill_03210,5,0.5,1203.94,971.8735701267165,975.6669922991538
waybill_11198,4,1.0,1191.0,967.1543415975613,975.3490608686661
waybill_11138,4,1.0,1814.0700000000002,666.693640362306,973.087945583386
waybill_00022,2,1.09,1670.25,971.6938339943573,971.7503628021734
waybill_07460,2,1.2,1774.13,663.453985303155,967.7523292861504
waybill_10826,4,2.36,1189.9799999999998,967.0805837859505,967.0918199491442
waybill_04817,5,0.385,2272.27,925.6093325785224,966.4025219240359
waybill_07744,5,1.0,1262.38,958.1392185232983,961.8885397284716
waybill_02882,3,0.32,1301.2,942.8500501724329,959.1165106529089
waybill_07816,3,3.0,1149.9799999999998,958.3066475500618,958.3387559660238
waybill_09634,3,1.7,1309.98,944.8843498684813,955.466001191596
waybill_08219,3,1.2,1149.98,955.3277459822734,955.3358673311618
waybill_02834,4,0.35,1760.9499999999998,950.2079912915764,953.7990584670134
waybill_00211,3,1.06,1250.06,940.5513712269709,951.3326763486349
waybill_00056,4,2.03,1556.62,947.0012925456527,950.9047588781228
waybill_05503,6,0.38,1268.3000000000002,948.691266660647,949.2402496155523
waybill_08063,5,0.88,1151.6,948.9420746770712,948.9480303329227
waybill_11674,4,0.5,1249.22,942.9726667410757,948.3540021246421
waybill_11589,2,2.05,1262.48,944.4729461288485,944.4729461288485
waybill_11037,3,5.16,2025.41,934.2389619008972,942.0534115761182
waybill_11703,3,1.0,1242.43,939.4317318652104,939.7154504210437
waybill_03538,4,1.0,1164.18,938.8649387824139,938.8649387824139
waybill_02872,3,1.2,1081.86,926.6081120951751,933.528112752895
waybill_04726,4,1.71,1344.41,919.388401087027,928.9019604351191
waybill_02669,3,1.06,1253.06,925.136777207052,925.9452948014455
waybill_06610,4,5.16,2030.99,918.1634654172734,925.44928179052
waybill_05587,4,4.09,1172.24,921.0331950392787,921.0726822774877
waybill_08270,2,2.36,1687.78,909.6082743058878,914.809255758098
waybill_02015,4,1.2,1131.06,895.655287872373,910.7095062509119
waybill_11474,4,1.0,1250.99,891.517285212323,903.1126555769005
waybill_06280,2,0.45,2211.46,902.6745839500327,902.9332917011208
waybill_11680,4,0.96,1048.82,893.502533382002,901.9019686869725
waybill_11636,4,1.0,1645.02,897.4140919809425,901.4071679519292
waybill_11627,5,1.2,1054.87,890.7456941950178,897.361535885838
waybill_02659,3,0.94,1219.61,881.2634203555402,889.3941106854822
waybill_10108,3,0.29,1160.3100000000002,879.6712949977074,886.816904447788
waybill_11792,3,0.83,1017.28,883.7693525763871,885.8717070751115
waybill_00886,2,4.6,1504.73,885.2692274102886,885.2692274102886
waybill_11929,3,3.9,1017.28,883.154575324693,884.8591870804156
waybill_11819,3,0.2,1017.28,880.5840992928115,880.6256888971384
waybill_00115,9,0.97,1170.83,840.1126099280044,875.7098527606637
waybill_06411,5,1.14,1603.8400000000001,869.5681181699239,875.3711070661948
waybill_04513,4,1.0,1052.34,875.2009129046089,875.2009129046089
waybill_09186,3,0.43,1055.72,871.3656595577565,871.3682624959308
waybill_08466,3,2.2,2017.21,863.1344485038129,869.3975881643055
waybill_01071,4,1.2,1054.72,867.5964493579208,867.6046872223883
waybill_10280,4,1.0,2028.0500000000002,860.4196855904748,867.0687516494696
waybill_11489,5,1.0,1064.4299999999998,847.3697623075648,853.0129769235616
waybill_05793,4,1.0,2398.92,851.0116461394691,851.0116461394691
waybill_10217,3,1.0,1994.7900000000002,850.1557162310978,850.1642969503417
waybill_02134,4,1.0,1038.5,844.791006268175,849.0658624017155
waybill_07974,3,4.16,1994.7900000000002,846.3373245136106,846.3654785230906
waybill_07087,3,1.56,1762.3300000000002,845.0923975403305,845.0995848824049
waybill_06047,4,0.38,2317.7200000000003,844.3382334421823,844.5566977653234
waybill_06880,4,1.0,1148.29,841.7221094301497,841.7221094301497
waybill_09784,4,1.2,1030.6399999999999,840.0975371454084,840.1043149135671
waybill_02723,3,1.0,1020.0,838.9515289679988,839.7142814155397
waybill_02940,4,1.0,2702.22,831.3182648320121,835.7448472413447
waybill_06216,4,1.32,1182.42,831.5200437565479,831.5347876152939
waybill_10459,4,1.2,2026.16,823.2492325088226,829.5240608940059
waybill_01126,2,1.2,1958.5,821.7967906330557,827.7864045895358
waybill_02944,3,1.0,2680.22,824.5291089117987,824.563307753046
waybill_07858,3,1.5,1035.49,802.1317113331432,823.4547370182121
waybill_02176,4,1.2,1232.57,814.8693242019183,816.4765669024657
waybill_11842,4,2.0,964.42,799.2238832332062,809.3799384872657
waybill_09840,5,4.31,1162.43,808.1898623853224,808.2142058692925
waybill_11881,3,0.5,1499.02,782.4074142220351,804.7686396595603
waybill_05870,4,2.36,974.88,798.4535547765478,802.845938344633
waybill_10224,2,1.0,2003.5,802.7604361739011,802.7604361739011
waybill_04716,4,1.0,1584.0700000000002,486.3819720796605,801.0567574406822
waybill_06269,2,1.43,1399.92,798.9475062435095,798.9475062435095
waybill_11649,3,1.0,918.1199999999999,796.5635850864957,798.6659395852201
waybill_11862,3,3.0,918.1199999999999,795.3535064912605,796.6729758419244
waybill_10469,4,1.0,988.64,783.7519121865406,793.9439965164655
waybill_09457,3,1.2,978.12,783.6208706390366,793.403906767954
waybill_11559,4,1.57,928.76,784.387063287894,792.7151670295073
waybill_10104,3,2.36,1995.47,766.1729537231294,792.2896671113676
waybill_03232,4,1.0,1067.1599999999999,791.0118282181264,791.1479122472176
waybill_10517,3,2.36,959.9,788.9504131963685,788.9734010215935
waybill_01718,2,4.6,1678.72,782.1529286821566,785.5450467195097
waybill_02120,3,0.1,927.17,784.9055757792478,784.9055757792478
waybill_02699,2,1.2,1544.13,476.5154241399551,784.8068440939371
waybill_00244,4,0.6,965.15,779.385292059907,784.2336676843605
waybill_11811,4,1.0,1280.0,772.0627239410212,783.345160097044
waybill_11997,3,3.77,901.46,780.4959302996509,781.7600254288681
waybill_11907,3,1.0,895.84,776.8424341652784,778.9447886640029
waybill_00109,5,1.28,915.95,762.3685922794642,775.346089185171
waybill_01681,1,1.0,1524.13,470.3434642124884,774.6418081954838
waybill_10480,1,1.0,1524.13,470.3434642124884,774.6418081954838
waybill_02620,1,1.0,1524.13,470.3434642124884,774.6418081954838
waybill_09819,1,3.0,1524.13,470.3434642124884,774.6418081954838
waybill_02141,1,1.0,1524.13,470.3434642124884,774.6418081954838
waybill_11705,3,1.0,893.48,771.8964495445272,772.143494726516
waybill_07673,2,1.56,929.12,770.1513853174788,770.1513853174788
waybill_08183,3,1.2,937.64,768.3338591166415,768.3419804655299
waybill_07369,3,1.2,937.64,768.0802027963663,768.087518355397
waybill_10722,3,1.2,937.64,767.9505261721936,767.9562394755125
waybill_10833,3,1.2,937.64,767.7084205696269,767.7131032940155
waybill_00683,4,1.1,2030.99,757.1052931476148,764.3428706367304
waybill_09617,3,3.0,2114.54,759.8738351849717,763.068295961761
waybill_10468,5,2.04,1034.9,758.0742674228648,762.6861756214738
waybill_11761,4,0.34,894.67,756.0591616572372,762.1436381482711
waybill_01833,1,0.45,860.0,757.3454963946665,757.3454963946665
waybill_11628,3,1.0,982.9300000000001,755.2674388258876,756.9844614934118
waybill_09509,2,3.0,1357.12,756.9259456344485,756.9259456344485
waybill_02265,4,4.07,1041.85,747.4924874768149,752.467666969899
waybill_00195,5,1.11,913.47,738.3945279457288,750.8937130342949
waybill_08254,3,1.2,984.56,688.1506861476108,747.9830613583522
waybill_00646,3,1.1,1994.79,745.9340456789001,745.9441556605298
waybill_02813,2,1.24,855.05,745.6190276427592,745.7068055225309
waybill_02786,5,1.01,917.47,726.3177031921208,739.87549627101
waybill_09665,4,2.5,912.04,734.364172730279,734.3782930806098
waybill_02026,2,0.34,843.02,731.5731046352957,731.5731046352957
waybill_05091,4,1.0,895.37,731.4798164905264,731.4798164905264
waybill_00082,5,0.39,912.47,714.5574991450956,726.838287099588
waybill_11634,2,3.0,1208.3899999999999,724.3977416638694,724.3977416638694
waybill_10911,5,2.36,907.8199999999999,708.6297142211164,720.0191900963924
waybill_07837,4,1.0,895.94,707.8635168359533,718.6448219576173
waybill_05228,3,2.71,2114.93,717.0080385323234,717.0200274181404
waybill_10157,4,0.33,883.72,707.5506899290705,715.8922256324615
waybill_07231,2,3.87,1864.66,715.5485220407137,715.5485220407137
waybill_00030,4,0.96,887.07,708.5023795547359,715.1981014071774
waybill_10730,4,0.94,1069.68,668.0367742354812,714.3010347802948
waybill_00049,3,0.35,1547.52,713.9305039715035,713.9827750537927
waybill_01667,4,2.3,885.61,704.8139923095111,711.729142735169
waybill_10791,4,3.87,1150.03,710.7506256835886,710.7506256835886
waybill_01638,3,1.0,2114.93,708.3206158322932,708.3280556956752
waybill_03599,2,1.0,2686.59,659.9720242352405,708.1010680480392
waybill_06601,3,3.87,2118.77,702.5697085545627,702.7282170180314
waybill_01161,2,1.0,1975.5,691.6198147810932,701.0035433129118
waybill_02626,1,1.2,1661.73,700.1401008261676,700.1401008261676
waybill_06622,2,0.4,904.3299999999999,698.5425501516902,698.5425501516902
waybill_00630,3,1.0,2287.86,696.6075087393805,698.4043929263245
waybill_04721,4,0.48,851.16,697.598886766765,697.6511263172798
waybill_02844,3,0.93,843.16,694.143460252464,694.2754016067747
waybill_05516,4,1.0,850.46,691.9271152468582,691.9407019111045
waybill_09307,3,1.05,842.37,691.055618850685,691.055618850685
waybill_05823,4,1.0,1493.06,690.4459728096856,690.4459728096856
waybill_05610,2,1.95,1986.27,686.171411377646,686.171411377646
waybill_03086,5,2.64,895.16,675.9265365398468,684.9967946461389
waybill_02671,3,0.53,845.08,683.8159051879711,684.2201639851678
waybill_06527,3,0.3,868.17,681.3983364746505,681.3983364746505
waybill_01395,4,1.0,1312.06,667.8534121503579,680.6666162845063
waybill_01698,4,1.0,813.19,675.2560934598453,680.2474384235786
waybill_10430,3,1.0,1994.7900000000002,677.9737611354926,677.9835017394016
waybill_08311,4,1.15,1694.4,616.9061037543806,673.9229392576012
waybill_02606,3,1.56,1826.44,671.2545615012085,671.2685515822254
waybill_09137,5,1.06,1207.24,669.6813790259869,669.6877955712539
waybill_00034,3,0.35,2127.87,665.4967282038646,665.5148796559156
waybill_04997,2,0.4,765.53,660.285814295348,665.125422372184
waybill_07562,2,0.99,1399.92,659.287301280904,659.287301280904
waybill_11587,3,3.74,772.8299999999999,658.0674407789919,659.1343072410313
waybill_08787,2,1.0,1695.38,652.1794150019496,658.8977653231346
waybill_10312,4,1.2,824.9499999999999,651.9481871553046,657.9740529686886
waybill_00932,2,1.0,1873.65,505.1556894326834,657.3048614241811
waybill_02567,3,0.86,800.39,655.1965904728664,655.6941516932471
waybill_10735,2,1.0,1687.73,649.8186403296936,655.0096390919763
waybill_00035,3,0.35,1469.42,653.6027771827793,653.6550482650686
waybill_05801,3,1.2,2015.49,647.7333374866864,653.5672214802979
waybill_04692,2,0.34,746.53,650.2465873614068,652.7502459952154
waybill_07088,3,1.2,1762.3300000000002,650.0710750310235,650.076603755696
waybill_03028,3,1.0,794.8199999999999,648.833697938384,648.9325962153398
waybill_07058,4,5.16,1558.3,645.1129505268848,645.136724042977
waybill_11660,4,1.2,768.8000000000001,629.5710914863625,643.4170824157588
waybill_02735,3,1.0,794.8199999999999,643.0895673413722,643.1112478201339
waybill_02193,3,1.2,794.8199999999999,642.9293239419193,642.9416288453876
waybill_10741,3,1.08,794.8199999999999,642.0865304629848,642.0916724359718
waybill_10761,1,1.0,1661.73,641.795092423987,641.795092423987
waybill_08793,1,1.0,1661.73,641.795092423987,641.795092423987
waybill_11354,4,2.36,1240.9899999999998,627.0198545200859,636.6148491233363
waybill_07601,3,0.79,1542.71,636.3949527129271,636.3949527129271
waybill_09329,2,0.62,865.8599999999999,611.0456451254271,635.9165188107175
waybill_06926,4,1.2,882.44,631.4540948827741,633.4901027386934
waybill_08287,4,1.0,890.4300000000001,629.9365005765774,633.153360078769
waybill_00774,4,0.1,801.24,625.8471225241385,632.5264496028799
waybill_04987,3,1.2,864.5799999999999,631.7754701612624,631.7754701612624
waybill_02768,3,1.0,1513.25,630.1704015200039,630.1920819987656
waybill_03884,5,1.0,888.26,626.4855165294332,629.9251529021736
waybill_11857,3,1.8,1273.01,627.3851236996032,627.6927853335629
waybill_08750,3,1.2,1983.23,622.7933421681663,627.6868567706105
waybill_02164,4,1.0,790.38,620.2015579646061,626.6007305147114
waybill_05242,5,1.0,1246.55,609.831539159387,626.007920784989
waybill_06684,5,2.36,1171.41,620.3342026907568,620.4308641826913
waybill_01208,4,0.03,874.01,614.0089073627245,618.1738915470753
waybill_00290,3,2.01,853.15,614.2090652480211,614.2384365325406
waybill_11646,2,4.5,1269.15,613.9280855674772,613.9280855674772
waybill_02780,3,1.2,758.38,611.365110342722,611.391126917236
waybill_00467,2,0.97,2190.13,607.2317026044598,607.2317026044598
waybill_05881,2,2.36,781.3199999999999,598.1138977640272,598.1138977640272
waybill_04802,3,1.2,693.03,596.1831632350359,596.5152645993618
waybill_07521,3,1.2,1772.5500000000002,424.48942849538804,590.6764136613001
waybill_04860,3,1.0,683.64,588.736228527451,589.0535886699212
waybill_10915,3,3.87,824.73,587.7605484724614,587.7756502586144
waybill_11554,3,1.0,690.84,582.377265587812,585.7793663150926
waybill_00149,4,1.0,736.37,561.2026898997686,583.739900254229
waybill_02577,1,1.0,1661.73,583.4500840218063,583.4500840218063
waybill_07264,4,5.16,850.89,583.3043578515035,583.3358147553361
waybill_10384,3,1.0,718.69,572.7881022039538,581.5728693401245
waybill_10914,4,5.16,1577.92,351.9576606206334,579.6638826222703
waybill_09493,2,1.8,1986.27,579.3021015895697,579.3021015895697
waybill_01205,3,0.32,721.76,574.4691736519183,578.534687395449
waybill_00508,3,0.84,2298.47,571.6455286826684,577.940612950929
waybill_02185,3,6.18,1460.04,577.5601665123886,577.6235367652507
waybill_02423,2,1.0,1854.78,576.9833393355374,576.9833393355374
waybill_07571,3,1.2,2015.0700000000002,569.8058619595788,575.5558913577995
waybill_02103,4,1.2,816.38,570.5179930209044,574.8348301134602
waybill_04691,2,2.0,1672.5,574.7962966366133,574.7962966366133
waybill_07351,3,0.62,1071.29,543.2307351362035,572.7794973215049
waybill_04842,4,0.96,665.61,564.2292593234774,568.3686937525026
waybill_00139,2,0.45,692.17,564.8114792880913,568.3432861382915
waybill_11645,2,1.0,687.58,547.3704813626485,567.6612969092173
waybill_03142,4,1.2,1238.99,558.0339695618549,567.2768194300613
waybill_11962,3,3.0,737.83,565.0466648587785,567.149019357503
waybill_10714,4,1.2,1594.7,565.1101460614685,565.1158593647874
waybill_06468,3,1.0,794.8199999999999,564.6208247146325,564.6322534324747
waybill_04885,3,1.2,707.12,554.148668334298,560.5375898878767
waybill_06042,3,0.62,787.14,555.793703769543,559.9156162005715
waybill_00450,2,2.56,1532.65,338.26426608697795,557.1112658454103
waybill_00478,3,1.3,901.52,555.9442902320565,555.9442902320565
waybill_09467,1,4.5,1661.73,555.3995992130656,555.3995992130656
waybill_09800,4,3.0,1543.7900000000002,553.5813110015627,553.5982554219595
waybill_00566,4,1.0,672.61,543.4860897012212,552.6701644344905
waybill_00490,3,0.83,2234.1,548.9436949274789,551.4753050930843
waybill_03016,3,0.3,683.64,548.3925237889481,548.4267501544138
waybill_04747,5,1.0,654.4599999999999,538.5819576380028,547.155364272184
waybill_05836,3,1.0,2015.27,541.2127619220414,547.002722079972
waybill_11268,4,1.2,784.19,537.4626444759853,544.9435872392057
waybill_10956,3,0.31,640.0,535.6256403754666,541.6152543319465
waybill_02914,4,1.0,1247.34,531.5413042388273,540.8425312009974
waybill_09662,3,3.0,1526.74,540.4111734631791,540.4281178835761
waybill_02994,4,1.2,704.88,538.5611710496247,538.7056339255178
waybill_04762,3,0.93,635.76,538.2280855579276,538.3287202168452
waybill_05224,3,4.37,864.5799999999999,535.9749218069439,535.9749218069439
waybill_08202,3,5.16,1898.3100000000002,528.9546366489055,535.6729869700906
waybill_10194,2,0.84,643.61,535.1434674051865,535.1434674051865
waybill_10514,4,5.16,699.49,533.8119945256105,533.8622560417807
waybill_07284,3,2.36,2054.7000000000003,495.0011342943759,532.9433421706912
waybill_11662,3,2.4,691.6500000000001,525.9799506788287,529.5437709829343
waybill_01662,4,3.86,1566.31,524.8267166426181,528.6069293900143
waybill_03181,3,1.05,690.8000000000001,527.9737569312208,528.5896544766767
waybill_02416,4,1.0,667.64,528.5030336394249,528.5111808225449
waybill_06171,4,1.0,698.37,524.9825330885444,528.3958034057841
waybill_08366,4,1.0,698.37,524.9782877164982,528.3888114032827
waybill_08296,4,1.11,1438.16,519.4381838471595,525.2953930917188
waybill_00017,2,4.72,1532.65,318.8892817470349,525.2012382914351
waybill_09477,3,1.2,680.59,522.1076511918302,523.660957744544
waybill_08604,4,1.2,883.61,514.8209690995832,523.0546917517578
waybill_01478,4,3.1,1188.52,522.8775542103798,522.8995710619822
waybill_03148,4,1.2,1404.13,517.8461362638764,521.8181258503805
waybill_03139,4,1.2,1402.1200000000001,517.225854291166,520.796539742586
waybill_11738,2,1.0,673.8000000000001,520.4714764435647,520.4714764435647
waybill_10283,3,2.36,652.51,518.6705806567387,518.6908311541545
waybill_10605,4,1.87,1589.0700000000002,314.5066467095958,517.9831676932884
waybill_02066,3,1.36,652.51,517.5099919056499,517.5239332609262
waybill_04719,4,1.0,629.94,508.0809424385422,516.4664019776142
waybill_07322,2,1.0,668.6,516.4547776048788,516.4547776048788
waybill_00648,3,4.4,1513.25,515.71693859462,515.7573785211384
waybill_09792,4,1.0,1381.64,515.0834984979773,515.0891466381096
waybill_05651,3,1.12,1124.29,498.53712001159136,513.9284313417595
waybill_07190,3,1.0,647.96,512.8034377927302,512.8095340919225
waybill_03020,3,1.0,692.94,507.4328313439905,509.3919552142935
waybill_11530,3,1.0,582.59,507.02519349196575,509.12754799069023
waybill_10880,4,2.36,1770.51,493.48124224315023,507.95120034915516
waybill_00263,3,1.01,717.01,505.7275852182408,505.74234392339736
waybill_09701,3,1.0,1365.64,502.7244251481746,502.73007328830687
waybill_01332,4,1.0,654.16,493.4142237679602,502.60540071142384
waybill_02937,2,1.0,1143.22,499.6807290163748,499.7149278576221
waybill_00816,3,1.44,700.17,497.54584256287654,497.54584256287654
waybill_07454,5,1.2,1310.01,494.98189938729666,496.64833801227246
waybill_05125,2,1.0,699.68,496.33641906211625,496.33641906211625
waybill_06897,3,1.0,708.1999999999999,496.24935653126374,496.2539638018242
waybill_00089,3,2.12,1094.61,495.8847551969437,496.18856537141016
waybill_03239,4,1.0,1814.0700000000002,336.7854075689306,492.2072247647296
waybill_03240,4,1.0,1814.0700000000002,336.7854075689306,492.2072247647296
waybill_11890,2,1.0,1269.15,490.0613474418766,490.0613474418766
waybill_11878,2,1.0,1269.15,490.0613474418766,490.0613474418766
waybill_05814,6,0.3,699.42,483.9465261657483,489.4962022149473
waybill_09389,3,1.2,1089.1000000000001,488.66580868910614,488.66580868910614
waybill_10765,4,1.2,1499.91,484.73324660705595,487.819618021991
waybill_07727,3,1.0,2025.41,479.5103919647413,487.3248416399622
waybill_07778,2,1.2,1693.15,484.1166476168616,485.9089682884102
waybill_08723,3,4.0,864.5799999999999,485.5003024349369,485.5003024349369
waybill_08107,2,1.56,1549.13,294.3304984138184,484.75364674218963
waybill_06606,2,5.1,1684.85,484.1595246693446,484.36841179174525
waybill_09557,3,1.0,711.98,481.6685526794857,483.57513712140883
waybill_03193,3,1.2,636.52,480.19359439103346,482.52063620304847
waybill_02448,5,2.4,947.99,410.8836294743308,481.9120527058748
waybill_02842,3,1.11,631.61,441.489828363009,481.53239420006327
waybill_02806,2,0.33,1181.61,481.1085945713286,481.4241817940776
waybill_07334,2,2.36,667.88,480.0970630316956,480.9869400378949
waybill_07222,4,4.33,691.27,480.3835203164659,480.3835203164659
waybill_10113,2,1.2,1446.0,477.1777103159732,480.3721710927625
waybill_03129,4,1.0,1242.99,468.62861792590127,478.66028713248227
waybill_07794,2,5.16,785.8699999999999,478.5306381248684,478.5306381248684
waybill_08448,3,1.0,1149.9799999999998,478.0735906633274,478.0820136228313
waybill_08410,3,1.0,1149.9799999999998,478.0735906633274,478.0820136228313
waybill_09944,3,1.0,1547.52,477.7426036860486,477.7509913429175
waybill_03886,2,1.0,675.12,477.6220785704506,477.6220785704506
waybill_10874,4,1.87,1913.5900000000001,395.9855642166549,477.5048862297426
waybill_10781,3,2.36,679.23,474.9957997059112,475.007035869105
waybill_00750,3,0.46,679.23,473.70965452391016,473.71388233440985
waybill_04871,4,1.0,663.4399999999999,470.2401359874652,472.60805619377976
waybill_11031,4,2.36,1260.99,457.33409684213586,470.9197645014546
waybill_11148,4,2.36,1259.99,457.0254988457625,470.41151270653194
waybill_11372,3,1.0,2027.8,447.2769837220402,468.5500959574716
waybill_10555,4,1.0,732.16,468.4580159761299,468.4580159761299
waybill_07559,2,1.0,1986.27,467.431866386689,467.431866386689
waybill_00245,3,0.72,1244.6599999999999,456.6094204853547,466.3125950948523
waybill_04694,6,2.8,1206.1,396.88122185353853,465.9631111863278
waybill_08512,2,1.2,1985.8400000000001,465.5202160132262,465.5202160132262
waybill_06312,2,5.16,1539.0,463.807640558896,463.807640558896
waybill_08050,1,0.32,525.98,463.19602813217057,463.19602813217057
waybill_02783,4,0.92,589.63,452.26417591905926,460.21324189014064
waybill_11814,3,0.039,612.99,448.9990285658743,459.5447422052501
waybill_09199,4,2.5,707.98,400.9180776732651,458.83281261405034
waybill_10983,3,1.0,601.1500000000001,457.77838406061477,457.7822863309385
waybill_10034,3,2.36,864.4499999999999,456.40070733887467,456.40070733887467
waybill_00590,3,2.73,598.48,451.37688725897965,456.0747411388454
waybill_01289,4,2.7,1168.0,451.66380911030177,455.6980229666535
waybill_10014,4,1.0,701.96,455.0507976469487,455.0507976469487
waybill_12010,4,0.93,614.7,445.0452023489703,454.97692383797767
waybill_09999,3,1.2,652.51,454.3325937449034,454.3426589331461
waybill_05232,3,1.2,652.51,453.2868460397705,453.29215477149756
waybill_07990,4,0.96,598.95,442.53686072544446,452.0628509193874
waybill_03573,3,1.0,1805.5500000000002,349.98932083366174,451.4852755988941
waybill_05625,3,1.24,2015.49,445.3518745351986,451.1857585288101
waybill_02152,3,1.0,1651.33,450.6053914786356,450.6156424751623
waybill_03002,4,0.44,590.41,441.19459427263655,449.06201366901826
waybill_02838,4,0.36,729.37,440.2892029414058,443.7706392825748
waybill_00006,2,1.05,709.9499999999999,436.88874908605834,439.59935750907937
waybill_06487,5,1.0,699.58,439.4601909748861,439.4716196927283
waybill_02404,2,1.0,1698.79,433.5817158221225,437.28130070924163
waybill_02399,2,1.0,1698.79,433.5817158221225,437.28130070924163
waybill_11697,4,0.4,913.61,429.7132887012272,436.88254136429396
waybill_04779,2,1.0,503.62,436.11796935365726,436.19297157427627
waybill_03209,3,1.0,570.75,434.449268958601,434.55223810894245
waybill_08431,2,1.0,1864.66,434.2714457408499,434.2714457408499
waybill_11951,3,1.24,570.6999999999999,433.03863161819754,433.258439339818
waybill_04225,4,0.5,692.77,432.92533064295975,432.92533064295975
waybill_01328,3,1.4,1992.7,432.91286185424514,432.9228049485172
waybill_01293,3,1.4,1992.7,432.91286185424514,432.9228049485172
waybill_11905,3,1.14,510.03999999999996,424.08064595076684,432.8334684791696
waybill_08816,3,2.2,1526.74,432.7064970432057,432.7229340449099
waybill_02933,4,1.0,1545.1999999999998,428.1457463480482,431.9733673617328
waybill_00171,3,1.35,595.27,430.689334299814,431.80799260318236
waybill_09956,3,0.79,587.02,418.4860684335077,430.8246731838565
waybill_11446,3,1.0,551.27,430.3602596051376,430.3757096538537
waybill_11883,3,1.0,573.11,419.72008529097616,429.6089379331246
waybill_05857,3,1.0,633.36,386.3723170524951,428.898576143503
waybill_11651,2,1.0,571.58,419.24793035652493,428.83131268689294
waybill_11725,3,1.0,571.11,419.1028892982295,428.5924343432793
waybill_09832,3,1.0,1994.79,426.56163563001564,426.5672837701479
waybill_05348,4,2.36,895.37,421.53935407863696,425.74452089188827
waybill_02666,4,1.2,614.43,425.33119034499515,425.35720691950917
waybill_07736,5,0.97,638.51,405.83927474280307,424.95812249188725
waybill_02802,4,1.0,580.0,422.34585608583865,424.63986145354033
waybill_04760,3,0.58,521.67,410.19763708205323,423.5944069647135
waybill_11904,3,1.0,489.84,417.8469664240255,422.5667822217317
waybill_02934,3,1.0,1526.1999999999998,422.28238441695487,422.3165832582022
waybill_00593,2,2.34,478.87,421.0742580522754,421.0742580522754
waybill_00378,3,0.49,549.65,413.7652244197882,418.4171579259876
waybill_03397,2,1.0,530.4399999999999,416.4254208093808,416.4254208093808
waybill_04768,2,0.42,480.84,416.011438963434,416.05688687391296
waybill_11523,2,1.0,476.72999999999996,413.8012466915711,415.9036011902956
waybill_06672,3,2.36,1994.79,414.8258981315114,414.85258482205313
waybill_03030,3,4.7,496.77,414.3822798572619,414.8471017589543
waybill_05179,4,1.0,997.64,402.64561834797917,414.629270204045
waybill_00053,3,0.93,1460.04,412.50291456612194,412.6447958969009
waybill_11933,2,1.2,476.72999999999996,411.77028612793913,412.5586690649608
waybill_11561,3,4.0,544.64,408.7972175069101,411.61929696916184
waybill_01971,3,2.87,940.54,410.07387714229606,411.0451044677593
waybill_06050,4,1.23,530.89,409.2882888023741,409.30202739802377
waybill_00088,5,0.4,588.07,408.2586455129597,408.36316473653204
waybill_03125,5,0.23,654.14,401.9296865122825,407.5250261607029
waybill_00145,2,1.0,534.61,406.79139821459347,407.0614062088221
waybill_10015,1,1.56,1661.73,406.99200982984536,406.99200982984536
waybill_00226,2,1.06,534.61,406.68032102222855,406.8784653503009
waybill_11576,2,2.1,534.11,405.77065265463693,406.6346339554826
waybill_00664,2,1.1,534.61,406.38968281257144,406.399792794201
waybill_11926,2,1.0,534.11,405.45070681242095,406.10769259327236
waybill_11630,2,2.0,534.11,404.9351552847298,405.25859443837965
waybill_11799,2,1.0,534.11,404.69941652262213,404.87033965259974
waybill_12021,1,2.0,523.58,404.43522653060495,404.43522653060495
waybill_11818,1,1.0,523.58,404.43522653060495,404.43522653060495
waybill_11872,1,1.0,523.58,404.43522653060495,404.43522653060495
waybill_11593,1,1.0,523.58,404.43522653060495,404.43522653060495
waybill_11844,1,1.0,523.58,404.43522653060495,404.43522653060495
waybill_07032,3,0.3,537.59,403.4273661711813,403.4273661711813
waybill_02718,3,1.1,642.8000000000001,400.5526606961702,402.33864651479416
waybill_09902,3,1.0,1454.87,398.591993731222,401.8647209943724
waybill_06703,2,1.0,528.73,401.84957496814616,401.8608828878672
waybill_06278,1,1.0,520.21,401.83209670630276,401.83209670630276
waybill_11319,4,1.2,970.08,394.09030533529204,400.57297910576585
waybill_10834,4,1.0,1483.59,394.282220908166,398.98882895010183
waybill_05677,2,0.94,1047.2,398.4486271811613,398.4486271811613
waybill_06851,4,9.16,699.49,397.18916172980687,397.231364328141
waybill_09460,2,1.0,1047.2,397.1397481935618,397.1397481935618
waybill_05585,3,1.28,1253.4699999999998,383.3384760868039,397.11458818670786
waybill_06975,3,2.36,794.8199999999999,396.68117896796883,396.6920521264916
waybill_03065,4,1.2,574.87,364.95738522601516,396.3625844417011
waybill_04872,3,1.2,496.77,395.9670497619497,396.18989478775404
waybill_05941,3,0.345,580.53,386.5732312535226,394.1161517627164
waybill_09763,4,1.66,586.05,386.7803093072173,393.7336443333827
waybill_06951,4,2.36,522.4,388.30473171776055,393.43273173310274
waybill_02215,4,1.0,757.44,392.1369607315189,392.1472148177425
waybill_00784,3,1.37,574.16,385.563323985781,391.83444979821553
waybill_11639,2,1.0,1262.48,391.6130523460437,391.6130523460437
waybill_08461,3,1.2,506.75,387.05965530090407,390.8391017074429
waybill_10295,4,1.95,574.47,381.97665668564423,390.7095138341921
waybill_05270,4,1.0,1426.81,386.21848739872473,389.80470048780563
waybill_08424,4,0.333,570.3199999999999,389.41674571280504,389.4195505583198
waybill_10418,4,1.0,515.7,385.60993142480527,389.39911843525306
waybill_10857,2,0.63,504.68,358.6330723179306,388.5811421003306
waybill_08540,2,1.0,1985.8400000000001,387.9335133443552,387.9335133443552
waybill_02474,3,1.53,1994.7900000000002,387.86872676039167,387.8811919505654
waybill_00940,1,1.0,1524.13,235.1717321062442,387.3209040977419
waybill_11025,2,1.87,1689.03,381.7238925895941,387.17444128999085
waybill_06292,2,0.69,1399.92,385.5061393762389,385.5061393762389
waybill_09261,3,2.5,1484.08,385.36833422850594,385.36833422850594
waybill_05754,3,1.04,2023.27,377.3762119338912,384.7634024802166
waybill_11140,3,1.2,937.64,384.0793863329411,384.08529087847455
waybill_02763,3,1.0,498.07,381.7613393703056,381.7830198490673
waybill_05305,4,1.0,1410.21,381.7173117368331,381.72173567993894
waybill_00051,4,1.22,502.59999999999997,379.9691714015224,381.0018274036622
waybill_00240,3,0.5,496.77,380.447837988414,380.4551442780955
waybill_00123,3,0.5,511.77000000000004,373.57401648879573,380.2742367569697
waybill_05835,4,1.0,898.62,366.9743366030577,378.2048627714577
waybill_11853,4,1.0,1330.71,366.35339533496534,378.0443426412395
waybill_11679,2,1.0,498.56,370.9893115414557,377.0667731692974
waybill_05256,4,1.0,498.98,374.2708451307067,376.7449865618678
waybill_00134,3,1.0,504.65000000000003,371.3530480507309,376.6163672685772
waybill_07965,3,4.0,1460.04,376.49113872228526,376.5339499435679
waybill_06734,3,1.73,551.27,376.2219201463455,376.2414828474629
waybill_01726,3,2.08,549.18,375.72705925629924,375.7425341721336
waybill_08473,4,4.5,607.51,374.3878760257497,375.72574572133686
waybill_02501,4,4.61,650.84,307.87198076140476,375.7157532317633
waybill_08608,2,0.595,542.75,375.2171532297767,375.2171532297767
waybill_07580,2,0.337,542.1600000000001,374.86332391582675,374.86332391582675
waybill_02024,3,1.2,1479.13,374.83526285246774,374.8475640482998
waybill_08571,3,2.2,504.35,372.74518112391183,372.74518112391183
waybill_05741,4,0.63,551.56,369.4037164795052,371.9254367275524
waybill_11918,3,1.0,489.55,367.2236162393144,371.8242988092649
waybill_00275,4,1.15,891.28,362.2269629299019,371.6274959279879
waybill_00150,4,1.5,509.92,364.5642204042232,371.3923555128963
waybill_01522,2,1.9,1693.53,363.2657860254183,369.61477681928716
waybill_00280,4,1.14,892.88,359.6970427058353,369.4168756558066
waybill_10926,4,4.64,586.05,362.27750279282833,369.2395684406764
waybill_00242,4,3.56,484.24,368.72568064910166,369.14130148971736
waybill_02516,5,0.47,514.6,360.4391539540796,368.49540660988055
waybill_02386,6,1.02,645.9399999999999,355.77450119092634,367.0408263464082
waybill_01069,3,1.2,538.96,366.3650207380133,366.3732586024807
waybill_10631,2,0.33,531.03,356.669348594356,366.02087490060217
waybill_00269,3,0.31,538.9599999999999,365.86942183221515,365.87395173181767
waybill_00394,2,0.31,530.4399999999999,365.620397362584,365.620397362584
waybill_01629,3,1.0,536.87,365.5025625513766,365.5100024147585
waybill_00259,3,0.54,1265.72,351.37486301487047,365.282746621817
waybill_04044,2,1.0,1774.13,297.63129091566407,365.25314513410746
waybill_00746,2,0.36,530.4399999999999,365.24118524692796,365.24118524692796
waybill_02517,6,1.1,1042.71,284.79162546403575,363.67871645763785
waybill_07871,3,0.56,511.57,363.1262047969693,363.502190003441
waybill_04717,4,0.43,480.99,357.15775142992965,363.347019184959
waybill_07002,6,1.56,593.27,362.408154616622,363.23289173870097
waybill_02209,4,1.0,595.26,356.3668533944956,362.3043020195382
waybill_06062,4,1.0,921.8599999999999,362.18944216132354,362.2006117512826
waybill_10207,2,1.0,1741.13,285.20579835982073,361.2803843555696
waybill_06164,3,5.87,551.27,360.71637238784746,360.7819378809074
waybill_05574,3,2.36,1023.8199999999999,360.72955746074274,360.72955746074274
waybill_10427,4,1.885,519.45,334.85168839620025,360.62738598541813
waybill_00448,3,4.8,551.27,360.391766210892,360.4399887584084
waybill_07636,2,1.0,1537.98,218.06656598271994,359.14920017580795
waybill_09648,2,1.7,1854.78,358.93757075559313,358.93757075559313
waybill_06965,1,1.7,635.17,358.82989741399757,358.82989741399757
waybill_10910,4,1.0,1411.67,349.2354773816773,358.42944399922686
waybill_05339,4,1.0,529.57,358.2001158425218,358.2045397856277
waybill_09061,5,1.0,888.28,350.3680157433383,357.8391246156893
waybill_11529,4,2.3,465.15,354.41715729476664,356.5195117934911
waybill_10668,4,3.87,579.41,356.18795459860405,356.18795459860405
waybill_01955,2,4.87,1595.13,237.79647670499043,356.16172712010126
waybill_07637,1,1.0,1661.73,354.58292399115305,354.58292399115305
waybill_01530,3,1.9,940.54,353.3790736776731,354.4058864108798
waybill_01535,1,1.9,1661.73,353.45236974074635,353.45236974074635
waybill_06291,3,7.2,515.48,348.77575556098805,353.2337195297263
waybill_07689,2,2.36,1504.73,353.0700452047234,353.0700452047234
waybill_02792,4,0.32,540.88,334.4245110786205,352.94736610633873
waybill_10976,4,1.0,1400.4,345.7575779625498,352.70144627044846
waybill_02841,4,1.19,526.3,349.2932841906345,349.4621123751826
waybill_08965,2,0.46,521.9100000000001,343.38879672922076,348.70589262742936
waybill_02087,3,1.2,1448.58,346.5708856500156,348.5917040592539
waybill_02663,4,2.27,880.5,281.40787908730175,347.5775329841465
waybill_11029,4,1.0,1381.64,347.3897849584155,347.3936872287392
waybill_10542,4,2.36,513.3000000000001,347.3340014472159,347.356989272441
waybill_02323,4,1.2,621.4300000000001,342.8786248079517,346.6441299141061
waybill_08601,3,1.0,504.78000000000003,346.47872238478607,346.47872238478607
waybill_02525,5,1.2,1568.6399999999999,340.15395262608104,346.1583212593143
waybill_07433,4,1.0,513.3,345.8920890032896,345.8981853024819
waybill_10672,4,1.0,1148.1599999999999,345.80499988665053,345.80499988665053
waybill_05337,3,4.16,636.07,345.7759518393545,345.79435544267494
waybill_10220,2,1.0,1875.76,344.59815150161273,344.59815150161273
waybill_07792,3,3.87,495.93,344.0387258986474,344.0387258986474
waybill_02022,3,1.0,1513.25,343.9465884698386,343.9568394663653
waybill_07517,4,2.36,697.8900000000001,340.5127296361296,343.8333838062006
waybill_05817,3,0.372,514.14,335.26027866278105,343.269441756475
waybill_05353,4,2.14,582.58,336.3634071675835,342.62403483840967
waybill_07828,2,1.5,497.62,341.961417820006,341.961417820006
waybill_01218,2,2.1,396.44,341.6379396525376,341.65235591535554
waybill_02360,2,1.2,396.44,341.63076831612,341.64054493586406
waybill_03088,5,0.6,496.28,331.64399375391037,341.461429283508
waybill_11796,4,0.3,1553.73,337.85394137754895,340.70899069680445
waybill_05778,6,1.0,511.95,330.0047894439228,340.07204540697546
waybill_02943,3,1.0,395.52,337.99815183922817,339.03061967322213
waybill_00307,3,2.74,447.23,338.9399529101693,338.97999137762383
waybill_11925,4,0.03,448.74,338.58649249444204,338.6477261206185
waybill_09602,3,1.0,2017.3700000000001,331.43189857030495,337.6411317051892
waybill_06388,5,0.52,1428.31,332.51468642848414,336.13436311550504
waybill_06271,3,0.29,453.57,325.46531658167834,334.01749889367386
waybill_00477,2,0.48,488.25,333.45911051038627,333.45911051038627
waybill_01085,4,1.0,493.62,331.08830072437024,331.0951656114264
waybill_03133,4,1.05,1425.53,327.4667746085106,330.84443513541254
waybill_11209,4,2.36,1490.01,324.2796073229722,330.2748439383782
waybill_07897,4,2.5,1573.12,328.88832022196533,328.915077235267
waybill_11572,2,1.0,425.75,328.86721741740524,328.86721741740524
waybill_05831,3,1.0,683.75,327.24122682982187,327.24122682982187
waybill_07448,2,0.58,763.29,322.31176537078824,326.7041489388736
waybill_02665,4,1.83,905.7,254.4568816317198,325.65386533172097
waybill_11693,3,1.0,603.11,310.6141004093241,324.67393106506137
waybill_11234,4,1.2,2023.7900000000002,318.23885901720786,324.03472372067193
waybill_02486,3,5.18,496.77,323.7449402193327,323.7871426278947
waybill_10165,5,1.0,691.9,321.0453971770288,323.60355690374774
waybill_04459,3,1.0,681.9100000000001,323.5489536665683,323.5489536665683
waybill_06424,6,1.0,488.0,320.3841766178455,323.5102045930574
waybill_00369,4,0.35,1906.43,315.79337887260357,322.43538390179197
waybill_10411,3,1.0,794.8199999999999,321.61108230473275,321.6208229086417
waybill_10410,3,1.0,794.8199999999999,321.61108230473275,321.6208229086417
waybill_11299,4,1.2,2017.7900000000002,316.3872710389678,320.98521295113596
waybill_02320,4,1.2,2025.89,313.80816377379233,320.0271735284207
waybill_08670,3,1.9,1541.09,317.61228997417913,319.8064852202363
waybill_11392,4,1.2,2015.0900000000001,315.5540564487598,319.6129331048447
waybill_05874,2,2.36,1518.22,318.9204530199893,318.9204530199893
waybill_00761,3,1.4,1516.54,318.7085472468784,318.7085472468784
waybill_07659,3,0.6,626.91,316.8016720596604,316.8016720596604
waybill_04732,4,1.0,423.01,315.5407152357568,315.6495476326628
waybill_02912,3,1.0,421.5,290.57970647141326,314.93746989443196
waybill_00383,2,0.47,2266.94,314.4050641819025,314.4050641819025
waybill_07214,4,1.0,1180.25,308.3476066207583,314.397223402039
waybill_03018,4,1.2,447.28,314.18700235453167,314.32390781639407
waybill_11957,3,1.0,450.07,310.53675045932437,313.938851186605
waybill_08036,4,1.0,1585.0700000000002,190.5826308861287,313.88396997813174
waybill_00415,4,0.35,426.61,310.222131416191,310.2256476436141
waybill_03000,1,1.0,351.92,309.9128221990826,309.9128221990826
waybill_09067,3,1.0,864.5799999999999,309.83607353986207,309.83607353986207
waybill_09182,3,1.0,864.5799999999999,309.83607353986207,309.83607353986207
waybill_07574,4,1.0,1170.09,305.21225097760527,309.23338516562467
waybill_10092,4,1.0,1904.6,308.52427665281954,309.15810023694866
waybill_03189,4,1.5,523.74,302.3812776453983,308.1984110237078
waybill_00261,3,0.47,1237.06,299.76849099228235,307.95429673280506
waybill_04696,5,2.5,518.41,283.68864963925836,307.8974214151096
waybill_08800,4,2.2,706.49,307.340598091476,307.35703509318023
waybill_10099,4,1.2,699.62,306.7277924749676,306.73785766321026
waybill_11338,2,1.0,1841.63,269.44847702222495,305.36619538125
waybill_01325,4,1.0,696.0500000000001,301.74824971775945,305.06161883193073
waybill_05808,2,0.58,567.0,303.3664803721499,303.6700658095541
waybill_09206,4,0.635,463.41,298.293064113404,303.669764963012
waybill_05038,3,0.03,531.08,302.8809477869236,302.8809477869236
waybill_03222,3,1.0,400.01,302.62028683231364,302.760637522383
waybill_02331,4,1.0,456.28,302.18092481443625,302.18907199755637
waybill_01978,1,4.87,1524.13,182.9530887152411,301.31833913035194
waybill_05709,3,0.96,1238.4699999999998,288.1982025569429,298.97950767860686
waybill_06681,5,1.07,626.11,297.0077466746038,297.05157201204867
waybill_03679,4,1.0,702.01,296.8669703666521,296.8669703666521
waybill_09628,4,1.0,1436.12,284.1093956661388,296.6875849747468
waybill_03083,4,0.1,496.40999999999997,276.87210564686694,296.67077458001154
waybill_02006,4,1.2,449.22,296.47128257192657,296.4776656997178
waybill_02553,4,1.2,1493.87,296.32305749972426,296.3338191005065
waybill_06346,2,0.63,761.29,291.77432193014226,295.7673979011289
waybill_02543,3,1.0,1547.52,295.50317730407295,295.51214530472475
waybill_12029,3,0.88,407.17999999999995,285.0609821358852,295.1951802446596
waybill_06374,3,1.2,437.85,295.0326422080535,295.0326422080535
waybill_00614,4,0.34,448.07,295.0164575902403,295.01958249365305
waybill_00971,3,1.0,437.68,294.298813580851,294.298813580851
waybill_03238,3,1.0,388.38,293.63019056033056,293.76627458942176
waybill_03214,3,1.0,388.38,293.57900603338146,293.6819751837229
waybill_09565,3,1.0,401.12,290.4199131119029,293.55647428711285
waybill_05245,4,1.0,445.65,293.3767761228068,293.3812000659127
waybill_09610,3,2.5,433.2,293.37278112284946,293.37278112284946
waybill_07079,4,1.0,734.99,290.6677579885619,290.6723652591224
waybill_04807,5,2.36,429.49,290.1830915239044,290.55968428733695
waybill_11300,4,1.0,1252.9899999999998,277.925689398572,289.9098377661432
waybill_03478,3,1.0,391.3,286.88416878751735,289.51959892836857
waybill_07409,4,1.0,439.47999999999996,288.87041433563746,288.8765106348298
waybill_07333,2,1.56,1864.66,288.43816392338846,288.43816392338846
waybill_11946,3,1.0,421.92999999999995,287.61267912885717,287.77502310559265
waybill_07940,4,2.0,692.27,287.0911030739253,287.1125086845666
waybill_02891,3,0.32,346.13,280.7900000000561,287.0591292745052
waybill_11778,3,1.0,380.77,286.2428273848876,286.4070738301005
waybill_08649,3,1.0,425.78999999999996,285.463522140979,285.463522140979
waybill_06544,2,1.0,378.62,285.39152302813955,285.39152302813955
waybill_09949,4,1.0,434.11,285.3342508902057,285.3426385470746
waybill_10460,2,0.55,377.8,279.82433447505144,284.99137478150817
waybill_04907,2,3.87,378.1,284.7593625859272,284.7593625859272
waybill_05954,3,2.36,1511.61,284.7418635208522,284.7418635208522
waybill_05846,2,1.0,379.05,284.26194096908705,284.26194096908705
waybill_11877,3,0.5,1453.76,283.5279006881215,283.81828114374645
waybill_07056,4,1.0,762.76,260.9796639704892,282.99610253111365
waybill_02455,7,1.56,670.21,252.52093122109906,282.6913470976432
waybill_00620,2,0.27,651.15,282.52372938591924,282.52372938591924
waybill_12016,3,3.0,372.1,280.91665289391494,281.9678301432772
waybill_08907,3,4.86,551.27,281.48526677419216,281.52157760522965
waybill_02324,4,1.0,2049.7200000000003,270.4602596796053,281.4353900170403
waybill_10616,4,2.36,1452.64,281.1969745772754,281.20821074046916
waybill_05715,2,2.36,1504.73,280.84506463261823,280.84506463261823
waybill_08184,4,3.87,441.40999999999997,270.39970377976175,280.41499056050833
waybill_06559,3,2.36,412.15,280.33597746176395,280.33597746176395
waybill_05556,2,0.99,1184.4699999999998,280.0193454638074,280.0193454638074
waybill_11368,2,1.0,1790.23,253.58654000863564,279.24205312222495
waybill_00899,4,2.44,502.23,270.6905559137657,277.90719251506954
waybill_06285,3,2.36,413.74,277.74408765692044,277.74408765692044
waybill_10856,2,1.0,1537.98,168.15682239349482,276.9493250584538
waybill_06041,4,0.295,569.72,271.15339263174155,276.86631893024946
waybill_06572,3,2.87,1475.99,271.3898812310382,276.27540968154034
waybill_01946,4,1.1,586.05,268.9688966384175,275.91870695243864
waybill_05230,4,0.7,1427.31,272.1681145937752,275.85282739919904
waybill_03062,3,0.1,418.15,243.73852045515952,275.03907781570956
waybill_02921,3,1.0,327.33,271.6552997301562,274.8839593481928
waybill_04671,3,1.0,1587.5500000000002,166.7539356269418,274.63881194575276
waybill_04164,4,1.0,982.23,269.8004641780176,274.45838729817353
waybill_11977,3,0.53,411.83000000000004,246.74405829842715,274.1370698103976
waybill_03160,3,1.2,362.47999999999996,273.7020010873093,273.8885879644911
waybill_06235,5,2.4,450.13,246.89462761522822,273.63043470346383
waybill_00146,4,2.5,372.33,264.6435258976979,272.8175425567824
waybill_00979,2,0.3,408.92,272.2586337785096,272.5308889583496
waybill_01989,4,1.08,444.25,265.3636505641485,272.4393577807749
waybill_02549,2,0.36,408.92,272.1597517750499,272.3680332161395
waybill_06115,2,0.33,408.92,272.1310604765116,272.32077949397626
waybill_03034,3,0.4,360.58,272.0071056841878,272.0466649949702
waybill_06252,5,4.73,604.47,269.50175382072905,271.9082314133882
waybill_08692,1,0.29,351.92,271.8378183289096,271.8378183289096
waybill_11248,4,1.0,2020.3200000000002,265.6197711160621,270.7218530476378
waybill_11306,3,1.2,416.15999999999997,270.5471068223137,270.55301136784715
waybill_07502,2,1.0,364.65999999999997,260.82430028768954,269.80073507046757
waybill_02310,2,0.68,320.46,269.6523607717221,269.6523607717221
waybill_03450,3,1.0,563.89,238.3637018501018,269.4078709865376
waybill_00199,3,0.43,356.98,269.23327592300956,269.27733927580266
waybill_02370,4,1.0,2024.99,262.82863122929274,268.8663231286027
waybill_11205,3,0.61,355.69,268.1733577082389,268.1763591855517
waybill_09342,2,1.0,347.17,268.16871842818693,268.16871842818693
waybill_05408,4,1.0,1052.7,267.96052843592133,267.96052843592133
waybill_04375,4,1.0,1931.67,260.7537687951277,267.92262092306567
waybill_00234,4,6.5,386.13,254.66830720677567,267.87926068286527
waybill_02305,4,2.73,459.52,251.63101660693943,267.7025382768771
waybill_04656,4,1.0,1930.6100000000001,260.42665491897196,267.3838740204476
waybill_08326,3,0.28,429.01,260.89309523862994,266.2658834883771
waybill_03627,3,1.0,1570.5500000000002,161.50776968859515,265.9985314320674
waybill_04355,4,1.0,1927.88,259.58418238887276,265.9963466203087
waybill_09545,3,0.033,554.91,161.67288953731725,265.9740304374744
waybill_00342,3,1.52,418.98,265.3821087381048,265.3821087381048
waybill_03040,5,0.3,509.40999999999997,257.486762367311,264.7436861581317
waybill_05326,4,4.16,1553.84,256.51143192390776,264.63378321034565
waybill_02409,8,1.0,685.1,231.31537211878617,264.4540706331826
waybill_11659,3,4.05,345.86,262.2725410511441,264.3748955498686
waybill_06297,3,1.0,794.8199999999999,264.0583997638904,264.0695693538495
waybill_07331,4,1.56,442.77,259.2394659894103,263.8207657441558
waybill_00506,4,0.69,463.41,239.35346410514126,262.8495318426741
waybill_02452,4,1.0,2030.9900000000002,259.09459547317545,262.71647641003847
waybill_02328,4,1.0,2030.9900000000002,259.09459547317545,262.71647641003847
waybill_11969,3,1.0,308.9,259.9456284646965,262.04798296342096
waybill_11791,2,1.8,534.11,261.0772531655164,261.7780379984246
waybill_00243,5,1.0,422.17,251.45054037326878,261.749631526424
waybill_04695,2,1.0,367.12,245.07987870810746,261.65114398770214
waybill_02155,4,2.51,465.88,261.5502847452416,261.5760147465236
waybill_05785,3,1.0,393.0,261.4077767260481,261.4524120019243
waybill_01682,3,1.11,417.38,257.97748638409445,260.2745633030931
waybill_03243,3,2.33,343.66,259.46928603760267,259.8529692270782
waybill_00129,3,0.5,344.12,259.37944061723465,259.4751127411739
waybill_00346,5,2.35,664.24,247.6538217847104,259.2373965034842
waybill_01277,5,2.44,510.4,239.29602531341365,258.97616739494975
waybill_00108,2,0.83,375.82,253.75704749467067,258.60095580716757
waybill_11280,3,1.0,1994.7900000000002,257.7412642686509,257.74618472326216
waybill_11335,3,1.0,1994.7900000000002,257.7412642686509,257.74618472326216
waybill_04605,4,1.0,505.89,253.12950273028738,257.56740809577457
waybill_08865,3,1.2,1513.52,256.78496888759884,256.79393452489205
waybill_05542,4,2.36,461.21999999999997,256.54718210015886,256.5792466277802
waybill_02106,3,0.29,417.38,255.2839292280549,255.83835413980452
waybill_08265,4,3.87,515.56,251.40260530579997,255.18669703382182
waybill_04226,5,1.0,1188.37,239.20488692982798,254.77788321667595
waybill_02988,3,0.45,356.5,253.92143159058452,254.5623727586434
waybill_05405,4,1.0,399.82,251.85301343500663,254.4928675189637
waybill_05099,4,0.5,604.5699999999999,254.0440594787306,254.26119869867549
waybill_11980,3,1.0,358.97999999999996,241.51535382092078,254.18628298006024
waybill_05898,3,0.89,356.52,253.66840666652138,254.13425328598635
waybill_00813,2,1.0,328.85,254.0175794426629,254.0175794426629
waybill_04735,3,1.0,337.0,253.89999435699576,254.00882675390173
waybill_11316,2,1.0,1740.29,238.17515606975138,253.859958483787
waybill_00379,4,2.96,555.83,219.4925573267704,252.93267588925656
waybill_08074,4,2.5,1904.6000000000001,252.18070034062777,252.78587210090143
waybill_09447,3,1.2,1541.25,250.556528798288,252.7826686521131
waybill_03611,3,1.0,351.88,248.70537584946726,252.36103690090553
waybill_04933,2,1.0,383.76,252.30651577026265,252.30651577026265
waybill_04968,4,5.17,1480.3999999999999,248.03358339311063,252.12140651743246
waybill_00617,2,1.0,296.85,247.11538385688,252.1067288206133
waybill_07537,4,2.36,482.46999999999997,251.46946803644937,251.87473955977245
waybill_01484,3,2.5,556.1700000000001,249.5456041335101,250.99098447867573
waybill_00095,3,1.07,1094.61,250.2814566324197,250.43479478651363
waybill_00016,2,2.25,1532.65,152.01289913788742,250.36075977875615
waybill_11218,4,1.0,1762.67,235.99583031258666,250.27067326218054
waybill_02745,3,1.2,387.57,250.0949790864806,250.1209956609946
waybill_02307,4,4.41,546.33,154.3738273923382,250.10113432936697
waybill_04322,3,1.0,1896.08,249.7707661042008,249.83393954176793
waybill_04550,3,1.0,1896.08,249.7707661042008,249.83393954176793
waybill_07644,2,1.0,378.62,249.79392509191618,249.79392509191618
waybill_11504,3,1.0,340.69,238.40329630464623,249.06081607120964
waybill_09068,3,1.2,659.27,247.44573595279002,249.04329097403078
waybill_11810,3,2.0,346.34000000000003,238.2830681044387,248.86280377276984
waybill_00099,3,0.34,384.65,248.60186992867153,248.650594201935
waybill_00745,2,1.0,378.1,248.28085137868086,248.28085137868086
waybill_09884,3,1.2,386.43,248.2472037838844,248.25398155204314
waybill_08001,3,1.0,386.43,248.10374202709409,248.11050981783447
waybill_07299,3,1.0,386.43,247.89236176019804,247.8984580593904
waybill_03180,3,0.6,344.15999999999997,238.02896504282083,247.7546523392583
waybill_05732,3,0.34,386.62,247.530593375428,247.53387593312752
waybill_07274,2,1.0,443.09,246.8528040752487,247.22987060329925
waybill_00480,2,0.34,328.5,247.17129778273772,247.17471354652014
waybill_11401,4,1.0,425.4,221.67562169008795,247.09701760420668
waybill_00557,3,2.3,1452.68,243.77483529897708,246.62307213893388
waybill_07640,3,1.2,1535.69,246.6141261230151,246.6141261230151
waybill_09209,2,1.0,1687.73,241.4035815144292,246.59458027671187
waybill_03004,3,0.03,298.38,240.47298225852228,246.13716052336687
waybill_08457,3,1.2,416.45,220.5278265627739,245.93377242817655
waybill_04521,3,1.0,374.01,244.49095914436765,244.49095914436765
waybill_03562,2,1.0,330.72,235.96667912222938,244.35812827525785
waybill_07923,4,1.2,380.73,244.32844908158862,244.34129244797342
waybill_08113,3,1.2,1994.7900000000002,244.13576668661844,244.14388803550688
waybill_00158,3,1.5,336.93,235.7817805877758,244.05360584439637
waybill_00172,4,0.32,413.97,216.8923271482488,243.84760254834055
waybill_02962,4,1.0,379.18999999999994,243.50858511504265,243.57592677631106
waybill_12012,3,2.0,340.96,227.96199540718905,243.20356638844515
waybill_09178,4,4.53,568.77,242.98818053965005,243.01560219064925
waybill_11963,3,1.0,424.58,182.35779104178064,242.94193115593652
waybill_09374,3,0.443,597.77,231.22740800983388,242.2123600060182
waybill_03692,3,1.0,689.26,242.14624809470064,242.14624809470064
waybill_01406,3,0.71,353.28,223.71084764855746,242.0540916145517
waybill_06968,3,0.32,396.75,240.44872768613388,241.71500042648282
waybill_07983,2,3.0,528.73,241.1488868958822,241.1809953118442
waybill_07156,6,1.2,659.4,193.61677821568708,240.906106347171
waybill_07422,3,1.0,434.26,240.03214047032637,240.4092069983769
waybill_04510,4,1.0,1029.9099999999999,218.28520574291744,240.0354905568818
waybill_01586,4,1.0,417.83,214.52689663220215,239.94028236098674
waybill_11111,1,1.2,1661.73,239.55026777878206,239.55026777878206
waybill_03097,5,0.505,410.74,225.96889955488072,239.36127941904812
waybill_11956,2,2.35,476.72999999999996,238.81104677324672,239.1925551185751
waybill_08273,3,1.56,480.17999999999995,234.5597032146909,238.6370858274046
waybill_07962,4,2.36,1904.6000000000001,238.05858112155258,238.6298632632509
waybill_08711,3,1.2,1544.28,237.8953205689655,237.8953205689655
waybill_02564,3,1.1,316.23,237.70340146176463,237.71326626248165
waybill_10394,3,0.46,576.94,230.55076432456747,237.49472343811328
waybill_02610,5,0.41,518.38,220.0220581890615,237.43554630283063
waybill_00190,4,0.35,537.4,229.0715387075072,237.12767791713813
waybill_09826,4,4.5,426.63,237.06423418397975,237.089650814575
waybill_12032,5,2.35,332.23,208.12784326175642,236.71450284363965
waybill_05965,5,2.36,435.09,230.16754390462046,236.42980458307562
waybill_11898,4,1.36,309.37,234.08612939275048,236.18848389147496
waybill_00706,4,2.44,465.04,221.6301276910062,235.90683925226242
waybill_04851,4,1.0,365.64,226.9227589140614,235.37381898694247
waybill_10237,4,1.0,409.34999999999997,232.33287283943335,234.53625818139096
waybill_08761,3,1.2,1484.48,234.35325075770697,234.3622163950002
waybill_07098,4,1.0,409.34999999999997,232.08083844449772,234.12116496914174
waybill_09604,3,0.595,330.44,229.81731024011518,233.51290205126335
waybill_03579,2,1.0,2072.13,185.3372610777564,233.46630489055508
waybill_11974,3,1.0,308.9,232.09831316219442,233.14949041155666
waybill_11894,4,1.0,309.37,231.91977145820965,232.62055629111782
waybill_11573,2,0.32,319.64,221.3826861245096,232.3676381206939
waybill_08736,4,0.46,913.37,218.1906873215355,232.36610701853817
waybill_11230,4,3.87,589.63,224.53157603565978,232.20933790735756
waybill_02205,3,2.36,1460.44,232.17314600300472,232.19734564649252
waybill_07868,3,1.5,355.69,231.66311389032074,231.67916809830172
waybill_02228,4,2.87,339.8,212.67272492277954,231.3258604789232
waybill_03033,5,6.3,380.04,192.71330021489857,231.1172106661171
waybill_05365,3,2.36,1453.81,227.88849206814916,230.9732631755898
waybill_11027,5,1.0,519.84,140.41990103597283,230.90690480885442
waybill_01303,4,2.7,654.99,229.31335526158972,230.8743660343686
waybill_11195,4,1.0,1724.22,224.130237352032,230.728391747404
waybill_05617,3,0.61,2017.64,224.32921193616176,230.59235159665434
waybill_08279,4,1.44,850.89,229.4121624282728,229.42429148995836
waybill_00851,3,1.0,556.14,228.8863425077735,229.27177726648432
waybill_04289,3,1.0,1722.66,223.13606935313837,229.09102638589636
waybill_08224,5,4.0,372.38,228.9023374831694,228.9294086461309
waybill_02283,3,1.87,1513.25,228.2758990876252,228.2950742288634
waybill_02611,3,1.0,1460.04,227.9299437640269,227.93891176467872
waybill_00599,4,1.24,583.22,227.2473709211817,227.25876762774595
waybill_00114,3,5.0,346.56,216.15902664836818,227.193226581528
waybill_10070,2,1.56,528.73,227.14271408170097,227.15579882641646
waybill_05117,2,1.0,643.99,227.04379740118165,227.04379740118165
waybill_05077,2,1.0,643.99,227.04379740118165,227.04379740118165
waybill_06853,4,1.2,2026.16,220.6091419249661,226.88585108912397
waybill_05616,3,1.0,1082.98,166.57148175665606,226.79904662704794
waybill_03763,3,1.0,1557.48,226.72453912958443,226.72453912958443
waybill_07175,2,0.95,686.67,216.41538654457824,226.6975571698689
waybill_06351,2,0.52,373.58,224.20563303900224,226.54224629261284
waybill_10775,4,1.0,635.31,226.15017969601573,226.15494078211478
waybill_06345,2,0.49,747.9399999999999,224.1873471224081,225.51504488276117
waybill_06956,4,1.2,577.93,219.94554190453206,225.27384089852987
waybill_07184,4,0.93,630.39,225.1973151887189,225.20159995034015
waybill_04589,2,0.5,2044.3,148.62200654035502,225.00356025137344
waybill_08302,4,8.36,409.34999999999997,215.45018033010396,224.8658285743275
waybill_01412,4,1.2,358.84000000000003,222.20858643577122,224.6748473481467
waybill_10617,3,0.3,394.75,209.85545625321535,224.45203194961948
waybill_10455,3,2.36,372.34000000000003,224.3759780081332,224.39896583335832
waybill_08469,4,2.2,706.4100000000001,218.78110055425572,224.32255045469793
waybill_06669,2,2.36,1684.85,224.04244670973597,224.13910820167035
waybill_04790,4,1.0,308.78,218.01810493690084,224.13263456363723
waybill_04711,2,1.2,297.21,223.20078400704452,223.333075674988
waybill_03151,4,3.87,373.78,190.50356372620934,222.94467810372302
waybill_08704,2,1.5,348.46,222.93533547853366,222.93533547853366
waybill_06168,5,1.0,444.34999999999997,214.2002193144309,222.8071796612911
waybill_11727,2,1.0,297.84,222.36886925308403,222.65258780891727
waybill_09480,2,1.2,1807.6,193.12174952112895,222.24524911552018
waybill_10777,3,2.36,316.75,222.06094755231334,222.0721837155071
waybill_09575,2,1.2,308.23,222.00514228377622,222.00514228377622
waybill_03847,3,1.0,1557.79,218.24836576241728,221.99986063715926
waybill_11882,1,1.0,287.31,221.9303352582377,221.9303352582377
waybill_11669,1,1.0,287.31,221.9303352582377,221.9303352582377
waybill_01316,2,1.2,534.61,221.6717492584247,221.6802719106579
waybill_08597,3,1.2,1523.05,221.4963751179461,221.4963751179461
waybill_00294,4,0.52,318.34,221.4611907492093,221.468789290478
waybill_06938,4,3.87,317.12,221.42884765549456,221.4466777925637
waybill_00364,3,0.56,309.82,221.14418868097758,221.14418868097758
waybill_06435,3,1.0,308.18,220.59363685332747,220.59363685332747
waybill_04728,4,0.38,1351.6200000000001,212.51724027842556,219.94215561941382
waybill_03490,3,1.0,1553.74,216.99854387710528,219.94144086772246
waybill_10201,2,1.0,1575.13,133.3243638681621,219.58129358992693
waybill_07961,4,1.0,2025.89,213.0438699260594,219.259870851684
waybill_07596,1,1.2,520.21,219.1811436579833,219.1811436579833
waybill_02970,4,2.36,377.09000000000003,201.99065741439367,219.00864368237885
waybill_11423,3,6.18,391.40999999999997,218.82667913268165,218.8570875421789
waybill_10081,4,0.705,519.45,192.85691960579274,218.6201694547348
waybill_06323,3,2.36,1487.91,218.51487822257357,218.51487822257357
waybill_08491,2,1.2,1518.22,217.7654798504744,217.7654798504744
waybill_01496,4,1.22,1544.4299999999998,216.5483466865811,217.71741188947868
waybill_00209,3,1.0,311.95,200.1450284738725,217.7145627462138
waybill_00519,1,1.0,1524.13,132.1189506214855,217.59601353805726
waybill_06870,4,1.0,313.87,217.36418277624117,217.37549069596224
waybill_01745,5,1.24,912.16,205.05280954657252,217.2382871567995
waybill_01637,2,1.1,1685.8,212.0582730962962,216.86394002737865
waybill_00873,3,1.2,626.79,216.57188466038986,216.57188466038986
waybill_04109,3,1.0,1562.86,214.90419214171826,216.4921053528473
waybill_05110,4,1.2,884.53,214.18371798320146,216.21950584617525
waybill_00509,4,0.61,453.49,205.64661946404112,215.6860970186555
waybill_09880,4,1.2,368.15,201.65787632248148,215.64041998909357
waybill_11826,2,1.0,251.58,215.50852350742994,215.50852350742994
waybill_00598,4,0.36,484.79,188.82197667392632,215.31406409792595
waybill_06627,3,0.55,369.58,204.24439232523346,215.2107752132259
waybill_04151,2,1.0,1861.15,215.16374259922074,215.16374259922074
waybill_08176,3,1.2,681.33,214.99485937602134,215.00298072490978
waybill_09222,3,5.0,355.69,214.92556302250398,214.9558297454612
waybill_10952,3,1.2,1994.7900000000002,214.46315334963862,214.46783607402713
waybill_11008,2,1.0,1690.73,208.5745650438117,214.36452520174237
waybill_02634,4,0.94,589.63,206.4921274098431,214.15927704280827
waybill_08541,2,2.5,488.25,214.08670282288838,214.08670282288838
waybill_05018,2,2.54,542.75,213.7215183546134,213.7215183546134
waybill_05541,4,0.94,588.62,206.07821340938494,213.6339053829703
waybill_01590,4,1.0,1580.53,207.03377728773992,213.6317890412353
waybill_01462,5,2.2,687.47,212.2387818742686,213.52634144044183
waybill_05067,4,1.2,706.49,213.1348871770381,213.14019590876515
waybill_01274,2,0.33,1245.06,212.3439759175119,212.68507382402532
waybill_08836,4,1.0,1548.59,212.0718177037796,212.0792890681906
waybill_08812,4,2.69,574.82,203.26046178620695,211.99331893475477
waybill_08138,3,1.1,285.3,205.62284622972805,211.97383356158235
waybill_06657,2,1.2,1567.07,211.0399764894501,211.0399764894501
waybill_05577,2,2.87,781.3199999999999,210.88705518984108,210.88705518984108
waybill_11226,3,1.0,1547.52,210.64024300747084,210.64516346208205
waybill_00127,4,1.35,315.63,210.00228843534777,210.26060316998382
waybill_00439,2,2.62,280.37,210.0290648290904,210.05538630294308
waybill_10098,4,0.336,598.95,200.45757008101546,209.97988144855563
waybill_11492,2,0.7,275.15,207.65316126586,209.7555157645845
waybill_01232,1,1.2,271.24,209.51719096252967,209.51719096252967
waybill_05498,3,1.2,496.34,209.19746229665233,209.2137662937479
waybill_01509,4,1.0,1554.9699999999998,205.8478407157762,209.1196201854397
waybill_07651,3,1.2,1486.68,208.7567395684008,208.7567395684008
waybill_01117,4,1.2,295.69,203.26357578314884,208.2549207468822
waybill_09028,3,1.0,659.27,206.20477996065833,207.53607581169229
waybill_01858,4,2.2,675.94,206.68001947621147,207.42451429015543
waybill_01255,3,0.92,278.51,201.55149001951858,207.39735324104305
waybill_01191,3,1.2,404.87,204.5354740214759,207.38937655748728
waybill_08503,2,1.2,1504.73,207.34523613242203,207.34523613242203
waybill_09992,4,0.343,586.05,200.34631462808974,207.2931507079416
waybill_01129,5,0.3,516.64,197.12608863636066,207.26683753523727
waybill_02672,5,0.79,415.17,203.9550771840009,207.2115583240879
waybill_08881,4,1.0,1544.07,206.05242920291846,207.14801376942336
waybill_11395,4,1.0,409.34999999999997,204.66307490350897,207.09978420748632
waybill_00010,3,4.66,497.53000000000003,203.87837893895355,206.18892428742961
waybill_10969,4,1.0,306.04,202.80659552629817,205.80530477486192
waybill_02845,4,1.0,318.34000000000003,205.513258726522,205.65513115051203
waybill_08516,2,1.2,287.69,204.97655314413294,204.97655314413294
waybill_00297,3,3.56,337.0,204.90948406407674,204.96150484660882
waybill_11699,2,1.0,275.15,204.72696136920413,204.9361508715648
waybill_04814,4,2.36,354.78999999999996,204.49234211954175,204.86893488297432
waybill_10344,2,1.0,1864.66,204.71907221464585,204.71907221464585
waybill_07723,3,1.0,519.66,204.66014200572394,204.66014200572394
waybill_11644,2,1.5,1269.15,204.64269518915904,204.64269518915904
waybill_00507,3,0.3,370.09000000000003,192.9629496176086,204.4366237854824
waybill_00255,3,1.0,281.98,198.79110790591506,204.1704180522986
waybill_02356,3,1.0,281.98,198.7811145657392,204.15395931587986
waybill_02233,4,1.0,522.75,198.8018585464818,203.99911831901713
waybill_10680,4,1.2,329.27,203.78451711422744,203.7902304175463
waybill_08276,3,0.03,293.11,203.47721882345346,203.47721882345346
waybill_07967,3,1.0,1994.7900000000002,203.4464722388487,203.4532400295891
waybill_02603,4,0.4,886.86,135.77797774642895,203.20065964082852
waybill_04348,1,1.0,526.09,203.18702808117763,203.18702808117763
waybill_00587,3,1.04,359.40999999999997,191.94008406215545,202.75199439503524
waybill_01539,4,1.0,1555.05,202.66344632270705,202.67088618608898
waybill_04876,2,2.36,270.57,197.87667353602245,202.66437162523545
waybill_08594,3,1.0,318.3,202.6436870012538,202.6436870012538
waybill_11885,1,0.5,523.58,202.21761326530248,202.21761326530248
waybill_11888,1,0.5,523.58,202.21761326530248,202.21761326530248
waybill_07446,3,0.34,448.43,202.2079877752729,202.21006051699828
waybill_09848,3,1.23,337.77,192.2468194190881,202.06278257922654
waybill_04816,4,0.88,317.12,201.89969272422903,202.00448266612636
waybill_07852,3,1.2,1540.1599999999999,199.19659305786237,201.20511027126867
waybill_01757,4,4.6,436.90999999999997,201.14276737716713,201.1672360337003
waybill_11579,2,1.0,362.73,141.40576613446152,201.142182660422
waybill_00105,6,0.5,354.51,162.59870263157393,200.9790600971213
waybill_10264,2,1.0,528.73,200.92931127519628,200.93789199444024
waybill_09341,1,1.0,520.21,200.91604835315138,200.91604835315138
waybill_09367,1,1.0,520.21,200.91604835315138,200.91604835315138
waybill_05950,1,1.0,520.21,200.91604835315138,200.91604835315138
waybill_10728,5,1.2,1501.56,191.10984476504566,200.8826218933979
waybill_09234,4,1.0,517.0,196.44559456221108,200.49064425145554
waybill_09138,4,1.0,324.60999999999996,200.07592627057033,200.08197961516177
waybill_02302,4,1.2,323.44,200.03216799152153,200.0444728949899
waybill_08038,4,1.0,515.45,196.2427137690561,199.97901451669804
waybill_10356,3,1.0,298.0,198.5292988679609,199.80109356472016
waybill_04759,3,1.0,1490.85,189.26070267371307,199.7927130716632
waybill_07602,3,1.2,1544.44,191.7815680655054,199.70982040589945
waybill_08855,4,1.0,323.81,199.64121862265992,199.64868998707092
waybill_07417,4,0.5,545.48,196.60051818536795,199.47553288447835
waybill_02109,3,2.32,357.38,189.85179416855792,199.31264255473425
waybill_10202,4,1.0,303.57,199.16185760203933,199.17043832128326
waybill_00716,2,0.19,651.15,198.81299475305423,198.81299475305423
waybill_10341,3,3.87,283.37,198.7383048301794,198.7715122136535
waybill_09193,4,1.0,513.19,195.26983619602868,198.55420491280017
waybill_10199,3,2.36,384.11,198.2562690401819,198.2765195375976
waybill_03166,3,1.06,338.78999999999996,189.6036646114159,198.14600565462436
waybill_06362,4,1.2,319.81,198.1318997662074,198.1456142276181
waybill_09254,3,1.2,636.07,197.7343315583687,197.74159557187843
waybill_11095,4,1.0,2031.7900000000002,190.13742032384553,197.52851314049462
waybill_07921,3,0.345,551.27,197.36764388105348,197.3713363488891
waybill_00831,2,0.33,255.14000000000001,197.08087340429074,197.08087340429074
waybill_00316,3,0.38,372.34000000000003,197.00203272498047,197.0058503433255
waybill_02959,5,2.36,301.15000000000003,174.32062296268998,196.71663729189257
waybill_00574,3,1.15,486.85,196.65877795149845,196.66934747774758
waybill_00925,2,1.0,1451.52,196.52396027415122,196.52396027415122
waybill_05345,5,0.525,425.07,194.49350537956607,196.28780043807066
waybill_11815,3,1.77,364.06,135.52567002787845,196.05551245207826
waybill_00157,2,1.0,261.43,195.7103027809412,195.9380203664352
waybill_01138,4,1.0,318.34000000000003,195.69465217728205,195.7015170643382
waybill_00032,2,1.91,261.43,195.51143355965536,195.61048862656244
waybill_04108,2,1.0,1570.13,118.71627765817075,195.52220660988348
waybill_02339,2,0.99,261.43,195.37079444815782,195.37886015944667
waybill_10667,2,1.0,261.43,195.36568660287887,195.37044768897792
waybill_08205,2,0.665,261.43,195.36528394888057,195.36978452972292
waybill_06073,4,1.0,317.12,194.7281015736041,194.73927116356322
waybill_02116,3,1.22,314.15,194.50838654564308,194.52089276140563
waybill_00124,3,0.5,234.89,194.10288313948078,194.20853844157025
waybill_07043,3,0.615,400.44,194.12911435792896,194.13194782932365
waybill_08720,2,5.2,364.87,170.34931785313887,193.96436914555403
waybill_05920,3,1.0,1553.74,190.96140269540692,193.9042996860241
waybill_03926,4,1.0,1066.15,189.11044494763888,193.76237845383835
waybill_02291,4,1.2,1552.26,190.97541516969707,193.71099788537833
waybill_10302,1,1.0,1524.13,117.5858660531221,193.66045204887095
waybill_10353,1,1.0,1524.13,117.5858660531221,193.66045204887095
waybill_09676,4,1.0,1514.68,182.5953822764828,193.51011396935067
waybill_10047,3,1.0,864.4499999999999,193.39013022833672,193.39013022833672
waybill_02444,4,5.3,312.59,190.80629578809055,193.24731797920444
waybill_11188,4,1.2,1452.64,193.1908942838145,193.19679882934793
waybill_11344,4,1.2,1452.64,193.1908942838145,193.19679882934793
waybill_01185,2,0.3,1245.06,192.79294767278137,192.94321527644306
waybill_09379,3,1.0,313.56,188.56253742333737,192.85509409214802
waybill_01948,4,1.0,901.3199999999999,192.77746951691313,192.78278879007252
waybill_05860,3,1.79,303.38,191.7624572501938,192.69938472080315
waybill_07756,3,0.311,561.37,192.632112964926,192.632112964926
waybill_04862,3,0.48,550.8399999999999,192.31568783453662,192.4680207029223
waybill_04857,3,0.48,550.8399999999999,192.31568783453662,192.4680207029223
waybill_11661,2,1.0,249.0,192.33807900630396,192.33807900630396
waybill_10551,3,1.62,551.27,192.29501823740205,192.31079801573455
waybill_04880,3,2.12,279.45,184.17774891208893,192.1665452752351
waybill_11936,3,1.5,241.67000000000002,181.00623172599143,192.11097600130535
waybill_00900,5,0.29,501.04,185.70388950772707,191.88437478294497
waybill_11809,3,0.5,250.24,180.74781215862328,191.68536659845262
waybill_06529,3,1.2,1548.2,188.06841636491964,191.6821501186626
waybill_03137,4,1.0,851.8199999999999,180.2391284757974,191.66837427222373
waybill_04646,3,1.0,510.92999999999995,165.7228205410419,191.48015709189139
waybill_02508,4,4.85,308.74,191.39393224342243,191.43742704658385
waybill_05915,2,1.2,488.25,191.36158613103305,191.36158613103305
waybill_05887,2,1.2,488.25,191.36158613103305,191.36158613103305
waybill_08716,2,1.2,672.8100000000001,190.93504329307066,190.93504329307066
waybill_04850,4,0.65,316.63,173.31577491282206,190.88530918516338
waybill_04714,2,1.0,255.11,190.64689247664518,190.75713553326477
waybill_02733,4,1.0,316.52,187.45343740463483,190.65759943227286
waybill_06729,3,1.0,496.77,190.47645509779466,190.48776301751573
waybill_06838,3,1.0,496.77,190.47645509779466,190.48776301751573
waybill_08108,3,1.0,496.77,190.47810319680224,190.48487098754262
waybill_00223,6,0.39,342.42,152.4379315435879,190.28651401208552
waybill_06987,4,0.475,519.45,189.95173318487736,189.9539216383936
waybill_03128,3,2.36,339.73,189.6512599235127,189.76685102222248
waybill_11172,4,1.2,493.43,168.32091010327778,189.68977109358988
waybill_03249,3,3.0,1701.67,187.11096413966382,189.53124047739013
waybill_11960,3,1.7,509.12999999999994,182.755502535483,189.50027036893172
waybill_04771,4,1.0,253.31000000000003,189.2533532337517,189.36156254441585
waybill_06650,2,1.2,1539.0,189.35752718139005,189.35752718139005
waybill_08352,5,1.0,905.89,178.17508324860933,189.1644651283265
waybill_10788,3,0.339,551.27,189.10485264297316,189.10646665116073
waybill_07556,3,1.2,1516.43,188.56471401656356,188.56471401656356
waybill_00009,4,0.4,759.15,179.01963975260972,188.1949135268058
waybill_02018,3,2.68,607.04,186.94067110659623,187.8476011526734
waybill_12030,3,1.0,241.34,178.27030008041703,187.60497730400118
waybill_00083,4,0.41,292.78,185.44986708201787,187.6000556866713
waybill_00132,3,1.41,296.24,187.34438100965605,187.47168891903678
waybill_10928,4,1.0,2011.7900000000002,183.96546039637886,187.36347724204128
waybill_03197,2,1.0,250.61,187.1690461859926,187.27808787596953
waybill_11082,3,2.36,326.07,187.16085908490163,187.1700684428657
waybill_01589,3,1.0,940.54,185.98898614614376,186.52941390046308
waybill_06972,2,2.54,330.47,177.99218356777158,186.279391933927
waybill_10362,3,0.35,579.5500000000001,178.7910967012381,186.25615222899768
waybill_05510,4,1.0,519.51,181.48143415651376,186.12099933314812
waybill_01693,1,1.0,1661.73,186.0275630214455,186.0275630214455
waybill_01597,1,1.0,1661.73,186.0275630214455,186.0275630214455
waybill_05783,3,1.0,372.34000000000003,185.86062354912622,185.9052588250024
waybill_11292,4,1.0,312.41,182.42703282455597,185.82606785450585
waybill_10600,3,0.333,551.27,185.7578641006197,185.7594495422907
waybill_03455,3,1.0,437.13,185.6354229831902,185.6354229831902
waybill_11202,5,1.2,903.8199999999999,174.99409765081373,185.58165351946184
waybill_01814,5,1.0,913.16,173.16485034042844,185.5487051236465
waybill_04927,2,2.36,278.77,185.22469030611398,185.22469030611398
waybill_10333,3,3.87,300.58,185.18735556505396,185.22056294852806
waybill_11393,3,1.0,1514.38,185.04151233169208,185.04643278630328
waybill_01716,4,4.6,511.59,181.89298864249972,184.87632659353403
waybill_11539,3,1.0,246.15,180.8597373060837,184.85281327707037
waybill_00352,4,1.85,585.24,120.88971398346725,184.76723591029085
waybill_11668,5,0.95,256.21,183.5319870526111,184.75620462465685
waybill_11633,3,1.9,235.71,176.3923830822137,184.51210341541656
waybill_01547,2,1.0,362.14,111.7556784066389,184.05830501329444
waybill_03042,3,1.1,323.25,183.9597254588855,184.0405529059699
waybill_11920,2,3.8,225.54000000000002,176.02854604448956,183.91287454920274
waybill_11755,3,2.0,361.22999999999996,169.68194176347154,183.73956571933007
waybill_09295,2,1.0,1539.0,183.593267342784,183.593267342784
waybill_09366,2,1.0,1539.0,183.593267342784,183.593267342784
waybill_11153,4,1.0,529.91,176.91548355284732,183.53591270709597
waybill_05821,3,1.0,1534.88,183.2302068412898,183.2302068412898
waybill_08979,3,2.5,300.58,183.1858206835847,183.2044990946122
waybill_07843,2,1.74,291.63,183.18862832555445,183.18862832555445
waybill_08175,4,1.0,689.11,181.56327522513567,183.12334956858984
waybill_04866,3,1.0,231.37,175.31628626010982,183.05886056785297
waybill_08294,5,1.0,899.89,173.23372693291867,183.02518602133983
waybill_04114,2,1.0,1545.13,111.00132774883741,182.81591173681684
waybill_00653,3,1.1,1526.74,182.64292609002393,182.65303607165353
waybill_07540,1,1.0,520.21,182.65095304831942,182.65095304831942
waybill_11675,3,1.0,229.66,175.15197082055386,182.46918101850628
waybill_05183,3,0.5,511.57,182.2069456330026,182.4240848529475
waybill_01763,2,1.0,1687.71,176.9108213205126,182.09782700682428
waybill_11955,4,2.37,271.59999999999997,175.83433166393064,182.0669466483037
waybill_09195,2,2.5,289.7,181.93858611047762,181.93858611047762
waybill_08126,3,2.5,391.40999999999997,181.90123091365177,181.91815039050272
waybill_11275,3,1.0,348.77,179.45288008006668,181.889589384044
waybill_01863,3,2.72,345.29,179.19938463449162,181.4720898644996
waybill_07786,3,2.36,348.77,179.16712861969373,181.41896515983282
waybill_09535,2,1.7,289.63,181.30680575246927,181.30680575246927
waybill_11110,3,1.0,300.58,181.26839029538039,181.27229256570413
waybill_07544,3,1.2,437.85,181.18523770889087,181.18523770889087
waybill_00043,4,0.62,290.65,148.23576999104304,181.06684062449543
waybill_04782,2,1.2,242.46,180.84421523321492,180.9342178979578
waybill_11403,4,1.2,1484.77,175.98744908012537,180.93079206378383
waybill_00096,3,0.4,295.86,180.42824630378675,180.48556897821442
waybill_11036,4,1.0,523.74,175.01143391522385,180.39999913242312
waybill_09564,3,0.03,274.45000000000005,174.84542644175033,180.21012400877092
waybill_11835,2,11.0,244.61,173.54743453470599,180.17594064654386
waybill_04921,3,1.95,574.16,173.77060668478566,180.04173249722024
waybill_08185,3,1.0,298.15,179.91255481955787,179.91932261029825
waybill_04156,2,1.0,1539.13,109.14973977059742,179.76640096728084
waybill_01118,4,1.12,589.63,172.07587692094586,179.74228530680116
waybill_00183,3,0.29,497.24,179.53340148632773,179.5649225473792
waybill_10351,4,1.68,582.68,173.26970380813555,179.55524522889993
waybill_04039,3,1.0,428.39,178.8842791658605,178.8842791658605
waybill_09351,3,0.333,577.53,171.78202093472513,178.72598004827094
waybill_03138,4,1.0,826.2099999999999,172.33593378867636,178.65204580425424
waybill_00980,4,0.28,474.76,177.43670014000742,178.26483876638653
waybill_06645,2,1.2,284.09000000000003,178.20435717355844,178.20435717355844
waybill_00107,3,1.0,265.89,161.59722242099193,178.00543709843797
waybill_11652,2,0.29,213.59,172.34079998782823,177.83926559987685
waybill_04186,3,1.0,368.57,176.99129593666203,177.8354329282612
waybill_02467,4,2.3,401.95,177.62219338579084,177.640931906967
waybill_02084,4,1.2,1275.96,174.4301683855866,177.43727655965864
waybill_02082,4,1.2,1275.96,174.4301683855866,177.43727655965864
waybill_11181,3,1.0,295.59,177.3199064613946,177.32482691600578
waybill_06124,4,0.35,1349.74,170.90066837659333,177.1434094604314
waybill_08898,3,1.0,237.75,177.07844722896186,177.08591859337287
waybill_04480,3,1.0,2035.5,107.41139011269331,176.9033903702706
waybill_01517,2,2.8,237.33,176.77467203628922,176.79550365375857
waybill_02837,3,0.07,380.78,176.48482023427025,176.62796957532052
waybill_01262,2,1.0,283.85,176.00269836026243,176.50359037246807
waybill_02719,3,1.0,292.67,176.4243684551352,176.44604893389686
waybill_01951,3,4.87,404.87,172.32110755167545,176.39025257746175
waybill_02791,3,1.0,305.63,155.83873019288708,176.3873918257813
waybill_05514,4,1.2,1519.58,176.09044113992974,176.1067451370253
waybill_02941,2,1.0,1207.3799999999999,176.01239908044954,176.04659792169684
waybill_02942,2,1.0,1207.3799999999999,176.01239908044954,176.04659792169684
waybill_06184,3,0.96,292.67,175.7920202796392,175.80274308599994
waybill_06697,3,1.0,1994.79,175.77368564894553,175.78499356866658
waybill_11355,3,1.2,1469.42,175.60132738113464,175.60723192666808
waybill_06122,3,1.0,371.27,173.9846948688339,175.60377226646742
waybill_05026,2,1.0,284.15,175.36355974689744,175.36355974689744
waybill_05673,3,0.42,292.67,175.0454419545112,175.04949687872826
waybill_08644,4,1.0,553.33,174.9991721875681,174.9991721875681
waybill_06353,1,0.9,225.62,174.27838307390482,174.27838307390482
waybill_04718,2,1.0,341.63,105.42633350102183,173.63406069943056
waybill_08752,2,1.2,1460.9,173.48909957480635,173.48909957480635
waybill_02531,3,0.81,279.78999999999996,172.81672222897427,173.28535547142587
waybill_03134,4,1.0,815.49,169.0277632675542,173.20358656268326
waybill_10158,3,2.26,417.68,173.15556693434525,173.15556693434525
waybill_06736,4,1.0,1548.98,172.97588088875972,172.98718880848077
waybill_02530,3,0.42,279.78999999999996,172.46796099565555,172.71095601026008
waybill_06660,1,2.36,252.91,172.6762745440233,172.6762745440233
waybill_00137,4,1.22,290.55,154.61917267396856,172.6342782707412
waybill_11751,3,1.0,239.82,166.31273895649946,172.12865410824153
waybill_02689,3,1.2,396.40999999999997,152.28748252729213,172.11915591789997
waybill_02003,1,2.78,1524.13,104.43728678200621,172.00512993477994
waybill_03068,3,1.0,230.82,171.86258886791018,171.95880212377216
waybill_03115,2,1.0,297.21,171.62423610191954,171.6815684363867
waybill_06630,2,2.0,242.10000000000002,159.73419625042877,171.47383960512957
waybill_08061,3,0.32,300.84000000000003,168.666435773923,171.42244114997655
waybill_01060,3,1.86,327.5,166.8573854612422,171.28093439205983
waybill_06272,3,1.0,368.57,164.43859110156657,171.12593386936845
waybill_08433,3,0.33,300.57,168.34694249088017,171.03117689359897
waybill_00184,3,1.45,257.84000000000003,169.89138134932196,170.91116934729112
waybill_00654,3,2.3,247.99,159.97107597766103,170.76952707585227
waybill_00239,3,1.05,266.06,170.41169294329387,170.55906116786667
waybill_04678,3,1.0,707.12,165.93324172159774,170.19252275731685
waybill_07028,3,1.0,393.14,170.11946673158155,170.12407400214207
waybill_06857,4,1.0,887.6999999999999,169.9934995492478,170.03445780854202
waybill_05517,3,1.95,268.96,168.35542960024938,169.8853166986062
waybill_09452,1,1.2,1430.0,169.79420849402246,169.79420849402246
waybill_07477,2,2.36,489.12,169.69715966433884,169.69715966433884
waybill_11499,2,1.0,196.58,167.09154806951784,169.19390256824232
waybill_01808,1,1.0,1661.73,168.8934453747334,168.8934453747334
waybill_01932,1,1.0,1661.73,168.8934453747334,168.8934453747334
waybill_02655,4,0.73,586.05,161.90074579933506,168.85125155335672
waybill_07654,3,1.0,452.0,168.78862592488002,168.78862592488002
waybill_05459,4,2.36,350.3,168.59596301279012,168.60640351852
waybill_12004,3,1.0,232.46,164.02949578167173,168.3582250210431
waybill_06907,3,1.0,794.8199999999999,168.08524532541054,168.08985259597102
waybill_03035,5,0.4,329.67,107.52406221428704,168.06852035352975
waybill_08262,3,2.36,280.67,167.82834784467155,167.84822602910066
waybill_00040,4,0.59,231.68,163.49724141950966,167.46662537345338
waybill_05410,4,0.32,553.33,167.35199792251052,167.35199792251052
waybill_11620,2,1.6,222.44,163.11566371407173,166.8631655128427
waybill_04653,3,1.0,369.74,166.66351572282466,166.66351572282466
waybill_08271,4,1.2,430.47,166.59781741057876,166.60792496198337
waybill_07768,3,1.0,1475.8,161.5946481963665,166.44224242514431
waybill_11797,3,1.0,229.79,162.72514697684295,166.21999596872237
waybill_02609,3,0.55,286.77,156.6622246458367,166.15452444639877
waybill_07485,2,0.33,273.94,165.1744373781148,166.099149708238
waybill_01226,3,3.8,365.86,166.01169035843841,166.03777692925175
waybill_02204,3,1.15,551.27,165.91281738125855,165.92460958041573
waybill_09678,3,1.0,1460.04,165.73358775464388,165.7392358947762
waybill_08772,2,1.0,1438.52,165.70984380033235,165.71731516474335
waybill_03026,3,1.05,234.21000000000004,158.6294930521771,165.56149615336793
waybill_02896,2,1.08,229.09,156.73515487030835,165.44006048705927
waybill_08418,3,2.36,222.39,165.23291360731582,165.25279179174493
waybill_00055,5,0.91,293.39,118.55111062964808,165.07044569164273
waybill_00678,6,2.1,281.8,139.8063475631311,164.7900413242196
waybill_06445,3,1.5,1484.52,164.0178332590543,164.0178332590543
waybill_06419,2,0.32,778.0999999999999,156.42735866055983,163.7766149851608
waybill_06696,4,1.0,1552.8,163.59899285742284,163.6103007771439
waybill_11710,4,0.98,225.39,160.2574599906111,163.56007804930425
waybill_02977,2,1.0,194.01000000000002,163.45294364598954,163.52028530725795
waybill_02893,4,0.3,321.07,99.08155869558611,163.18440379582054
waybill_06756,4,1.2,423.01,136.75575293199597,162.79219853858132
waybill_11812,4,0.42,225.39,159.76409231895167,162.7475160507669
waybill_05457,3,1.0,1526.74,162.7084121670511,162.72199883129744
waybill_03145,3,1.0,794.8199999999999,162.6490426825174,162.69802196163172
waybill_02532,3,0.55,292.37,146.99836262450933,162.51222098931927
waybill_11182,5,1.0,914.8199999999999,149.60820804810476,162.3909716098733
waybill_02860,4,1.0,290.27,119.46061904799427,162.03067430191226
waybill_00748,3,1.2,229.96,154.48155091527116,161.72844126511586
waybill_05736,3,1.0,1516.61,161.44377997249637,161.44377997249637
waybill_09025,3,6.5,384.11,161.27079107412578,161.31013781397016
waybill_11315,5,1.0,905.8199999999999,150.20148244887275,161.1873618236973
waybill_06605,2,1.2,320.73,161.1651253617335,161.1651253617335
waybill_00265,3,0.6,225.89000000000001,155.91500257697308,161.0908104310476
waybill_02635,4,0.3,479.77,133.9206413047659,161.0343210099754
waybill_11871,3,5.0,238.51000000000002,151.2262952090791,160.73112372550034
waybill_10635,4,1.0,436.03999999999996,160.67214184272103,160.67690292882008
waybill_02160,4,1.0,1283.18,152.9870161250043,160.42838150353714
waybill_08521,2,1.0,1475.96,160.18530417064147,160.18530417064147
waybill_11748,3,1.3,359.56,159.5586404612771,160.1527841239601
waybill_05045,3,0.34,531.08,159.55048414203125,159.55048414203125
waybill_02169,4,1.0,1281.3600000000001,152.4253677716048,159.5033632367779
waybill_06595,4,1.0,360.08,153.70062323594544,159.34283249500362
waybill_09783,5,0.98,900.9,149.25438891740978,159.2446105601916
waybill_02895,3,0.85,250.0,154.68116232854445,158.3040936168273
waybill_06823,3,1.0,331.53,158.25659282089225,158.29755108018648
waybill_04556,3,1.0,843.3,146.8674549549115,158.24772147222347
waybill_08602,3,1.0,348.77,156.589079733862,158.19802024456544
waybill_11752,2,0.03,257.69,158.15602455559298,158.15602455559298
waybill_08240,4,1.0,850.89,158.11242511062534,158.12084807012917
waybill_09336,2,1.0,1451.52,158.11812740050328,158.11812740050328
waybill_02300,4,0.96,589.63,150.33895365045342,158.00751728558055
waybill_02282,3,4.87,352.17,157.9476917008994,157.99762910080855
waybill_09957,1,0.36,204.41,157.89488646457266,157.89488646457266
waybill_08751,3,1.0,531.08,157.81233581049875,157.81233581049875
waybill_09097,3,1.0,348.77,156.15993395101037,157.49122980204433
waybill_01832,3,1.0,357.38,147.32416352287828,157.39970776926089
waybill_00669,3,1.1,391.36,131.16861190873988,157.11973993588435
waybill_08991,4,2.2,467.09,157.0637885918449,157.07710594994606
waybill_11940,3,2.0,288.19,112.2085712145558,156.81836078425977
waybill_08231,2,1.56,1864.66,156.77707169586645,156.77707169586645
waybill_02892,3,1.48,308.28000000000003,95.13459032197119,156.68386333875966
waybill_08888,3,1.0,684.9200000000001,125.48687249680927,156.67827065664062
waybill_00714,2,1.26,320.55,156.5494625527162,156.5494625527162
waybill_02131,3,1.2,432.23,154.3616389900692,156.53847495587385
waybill_03109,4,1.05,359.3,150.03876996245415,156.30035667811157
waybill_05720,3,1.2,1545.32,151.76958869349625,156.18992379337848
waybill_05328,3,0.41,1408.8700000000001,156.07971813095273,156.08153194762613
waybill_11307,4,1.2,850.8199999999999,155.82952353625373,155.83542808178717
waybill_07136,4,1.2,1529.13,152.65133307642316,155.82736412205915
waybill_01925,5,0.71,914.68,155.69625954963385,155.700036233577
waybill_09913,3,1.56,309.68,155.41419512718608,155.42727987190156
waybill_11550,4,6.3,213.27999999999997,148.2614288657286,155.3571248661719
waybill_11913,4,1.88,212.17,152.41503619344223,155.20153225350728
waybill_07116,4,1.0,1500.3200000000002,154.82797462406327,154.8325818946238
waybill_10376,4,2.36,436.03999999999996,154.67646200406648,154.6967125014822
waybill_02989,6,1.0,414.59,129.00242766733786,154.49251259089095
waybill_08698,2,1.0,199.94,154.44207034747154,154.44207034747154
waybill_02219,4,1.21,354.74,151.08472754282718,154.36040342411115
waybill_09960,3,3.48,302.84000000000003,144.3656477869134,154.27520682544628
waybill_01917,5,0.7,914.68,154.19441816440965,154.1981416556212
waybill_05847,2,1.2,1504.73,154.14592103877567,154.14592103877567
waybill_04858,4,1.2,231.01,153.63807535497372,154.01890752593798
waybill_10876,3,6.18,298.15,153.2314589990493,153.25557502965012
waybill_06440,3,1.2,1541.25,150.77754545162367,153.00368530544873
waybill_11688,2,1.0,309.72999999999996,92.65585752005664,152.6014635483778
waybill_03059,3,3.87,210.34,148.89520880873357,152.52790063923015
waybill_00950,1,1.0,197.11,152.2560592487252,152.2560592487252
waybill_07548,2,0.92,253.35,149.59758514951807,152.1755710395586
waybill_05203,4,1.1,1571.38,151.87832035615494,151.88318669357142
waybill_03012,3,3.87,281.75,135.7585885806156,151.76550595575634
waybill_11264,2,1.2,1438.52,151.73286697432823,151.73877151986167
waybill_09404,2,1.0,1475.96,151.63844180139245,151.63844180139245
waybill_07418,4,0.31,573.0500000000001,151.55655264400812,151.55655264400812
waybill_08695,3,0.305,239.34,126.07013499607292,151.3822435761574
waybill_10698,2,1.2,226.02,133.76908016458856,151.3386144369299
waybill_02817,4,0.66,448.08000000000004,149.13989315377586,151.15443408999053
waybill_08996,4,2.5,441.71999999999997,150.9131199543747,150.92825331585328
waybill_08059,5,2.5,472.19,138.46904249836567,150.89644209304316
waybill_03235,4,1.0,304.59,91.57694918058084,150.82453334617318
waybill_04746,5,1.0,250.04,123.37077737744926,150.79952737093362
waybill_08342,2,0.29,273.98,147.78203584843232,150.4496614709344
waybill_02901,4,1.0,296.08,129.61899454084002,150.40556074116446
waybill_11722,2,2.5,229.05,150.24501760452796,150.24501760452796
waybill_10282,3,1.54,551.27,149.94525401354505,149.95846832118073
waybill_02853,2,0.92,242.97,121.3644639777621,149.90896755636027
waybill_11656,2,0.28,203.79,149.4472879557814,149.55412266715032
waybill_05910,3,1.2,1519.45,146.64704851024632,149.53204589928418
waybill_03195,5,2.8,252.92,121.391448686535,149.34613151819332
waybill_08261,4,1.0,421.96,149.29295513803402,149.30137809753785
waybill_00181,5,4.5,317.14,90.43517856029912,148.94407082221656
waybill_08920,4,1.2,460.78,148.84980863869745,148.85877427599067
waybill_01206,3,1.04,551.27,148.7924822243459,148.79962170688427
waybill_03867,4,0.5,702.01,148.43348518332604,148.43348518332604
waybill_03163,2,1.0,200.01000000000002,148.22244993099306,148.42140318989837
waybill_03414,4,1.0,919.29,137.25449272106158,148.19352434357955
waybill_11709,3,1.0,229.14000000000001,131.8196213392572,148.11292085275213
waybill_07891,3,2.0,384.11,148.08383108290266,148.10523669354401
waybill_00584,2,1.0,200.01000000000002,147.92914078025808,147.93833167264862
waybill_05789,3,1.0,339.47999999999996,93.3120024461131,147.91603125156556
waybill_07017,3,1.2,1513.25,147.75079689401463,147.7563256186872
waybill_06976,3,1.2,1513.25,147.75079689401463,147.7563256186872
waybill_03164,2,1.2,297.21,89.45817380868085,147.33497282257426
waybill_02240,3,1.18,309.68,147.0618073795676,147.07390720131147
waybill_07278,5,1.0,907.28,135.4272732672545,146.69184726664375
waybill_06834,4,1.0,371.34,146.63048251745548,146.63508978801596
waybill_05815,2,0.28,567.0,146.45278362793448,146.59934211495715
waybill_00659,4,1.1,1490.43,140.4993321728197,146.5769210923635
waybill_03205,4,1.0,295.65,88.77628468130985,146.21192154875686
waybill_08419,2,2.36,261.43,146.16246925051774,146.18234743494682
waybill_11947,3,5.5,229.44,137.7696072200635,145.9295325262846
waybill_11348,3,1.0,544.19,145.89359223681538,145.89851269142656
waybill_11440,3,6.18,197.29000000000002,145.86089349583057,145.89130190532782
waybill_04391,4,1.0,914.55,135.79173821825196,145.7844108356461
waybill_08747,3,1.2,864.5799999999999,145.65009073048108,145.65009073048108
waybill_01131,4,2.33,296.16,133.99916885072537,145.15088500856822
waybill_03992,4,1.0,395.25,130.9692739355569,145.07281826508182
waybill_04167,3,1.0,817.3,138.84390704920483,145.03317480423416
waybill_03945,3,1.0,1981.02,88.00601446955187,144.94330923661522
waybill_03724,3,1.0,816.43,138.57542679236002,144.59099574265144
waybill_02318,3,5.12,329.25,144.502788480113,144.55528940157805
waybill_03591,2,1.0,1971.5,87.66111834479997,144.37527549521997
waybill_04764,3,0.43,177.63,144.1857601562084,144.23229015979396
waybill_02782,4,1.26,290.27000000000004,87.56211650057385,144.2122223788034
waybill_00988,3,1.4,537.4,88.98631570318454,144.085317894956
waybill_03158,2,1.0,194.01000000000002,143.5206163170143,143.6761053813324
waybill_10912,5,1.0,327.8,143.2644594400591,143.57199783576618
waybill_01804,3,1.0,940.54,142.88288402170593,143.22129075531683
waybill_11743,3,1.3,358.23,130.51974801539893,143.17098457247616
waybill_00154,4,1.11,229.23999999999998,139.46352510595293,143.11040620118996
waybill_10719,3,1.2,496.77,142.9632639940943,142.96897729741315
waybill_06805,4,1.0,250.17,142.84913551282955,142.86044343255062
waybill_08839,4,1.0,473.40999999999997,142.7281686231214,142.7356399875324
waybill_11830,3,1.0,193.34,141.81190353526705,142.20122844243826
waybill_05750,3,1.2,1484.48,142.1069875242504,142.16054985530178
waybill_08495,3,0.61,279.38,86.21610822678184,141.9953864654946
waybill_11191,3,1.0,1469.02,135.85629470132687,141.95065601169273
waybill_02136,3,1.0,1245.96,141.50099869998883,141.5112496965155
waybill_02095,3,1.0,1245.96,141.50099869998883,141.5112496965155
waybill_02128,3,1.0,1245.96,141.50099869998883,141.5112496965155
waybill_11740,2,1.0,182.82,141.2178618631827,141.2178618631827
waybill_01245,3,2.87,496.77,141.04813988460657,141.0678421104577
waybill_01249,3,2.87,496.77,141.04813988460657,141.0678421104577
waybill_06478,3,1.0,388.38,141.05632027494715,141.0677489927894
waybill_08428,3,8.15,336.32,133.17536570097087,141.05247288219164
waybill_00143,4,3.02,225.58,137.78187815631645,140.64206506376388
waybill_01329,4,2.7,520.66,135.353434382436,140.55961603627233
waybill_07614,2,1.0,1435.81,139.27188954786646,140.4318781174381
waybill_03187,3,0.6,231.48999999999998,135.54078516667934,140.15869072112605
waybill_11509,3,1.0,211.17000000000002,122.80854370859123,140.1584588025283
waybill_04310,3,1.0,452.14000000000004,140.06451375937874,140.06451375937874
waybill_06550,2,1.035,329.24,139.8388519076534,139.8388519076534
waybill_11200,1,1.45,181.0,139.81201726964264,139.81201726964264
waybill_06244,3,1.0,333.13,139.75396861671442,139.7651382066735
waybill_02907,5,1.2,378.99000000000007,84.76669229852625,139.60824119630038
waybill_11827,2,1.0,245.38,127.53712656996761,139.38258643789956
waybill_05451,3,1.0,627.0300000000001,139.11904211012558,139.12346605323145
waybill_00067,5,1.0,286.37,91.89510587842669,138.8698395105713
waybill_08835,3,2.0,300.71,84.24230698723838,138.74459406046248
waybill_02771,3,1.0,283.8,138.71390038496673,138.7355808637284
waybill_05377,4,2.19,1556.7199999999998,135.05753444019808,138.6809566293429
waybill_01550,3,0.51,361.76,127.81580898575929,138.23698239524845
waybill_05671,2,1.0,186.45000000000002,137.45554282453057,137.46519740599976
waybill_07617,2,1.0,384.62,137.3421959986095,137.3421959986095
waybill_01689,3,1.0,373.39,137.2738995398303,137.2813394032122
waybill_01631,4,1.0,1474.95,133.87492001333652,136.85919801308899
waybill_06316,4,4.16,228.55,136.76712717891155,136.76712717891155
waybill_00121,3,1.5,184.5,136.42428128485648,136.74124719112487
waybill_09562,3,0.03,481.31,132.44357556542727,136.17310852232882
waybill_06326,3,2.76,531.08,136.1693848083347,136.1693848083347
waybill_06795,4,1.0,1564.62,130.82159099426755,136.0238976762713
waybill_06799,4,1.0,1519.58,135.94500736441347,135.95631528413455
waybill_10835,3,1.2,386.43,135.65582749351697,135.66154079683582
waybill_07956,4,0.62,321.8,82.36016260731844,135.6447577989184
waybill_09332,2,1.2,384.62,135.55331917034948,135.55331917034948
waybill_05293,3,1.0,397.11,135.32975033353875,135.33417427664463
waybill_00629,4,1.0,511.59,132.79881113655486,134.9997570619092
waybill_01057,3,0.91,305.63,130.69399242725413,134.97475061478005
waybill_11687,5,0.09,377.48,123.89878769734989,134.7845963380526
waybill_04801,5,1.06,226.68,128.8355946095216,134.57750297708748
waybill_06811,4,1.0,362.66999999999996,134.51518764263307,134.52649556235414
waybill_03556,3,1.0,1984.02,81.67975554389854,134.52414744070055
waybill_03647,2,1.0,1975.5,81.64345741551998,134.46436549422796
waybill_07392,3,1.0,412.15,134.42513536185345,134.42513536185345
waybill_07275,3,1.0,583.11,134.178148319864,134.18424461905633
waybill_10603,3,1.13,551.27,134.13171025201498,134.1427171344321
waybill_11216,2,1.0,528.73,133.95163761256853,133.95655806717974
waybill_11215,2,1.0,528.73,133.95163761256853,133.95655806717974
waybill_00461,2,0.84,349.17,133.1962394634543,133.9110000622609
waybill_00463,2,0.84,349.17,133.1962394634543,133.9110000622609
waybill_09521,3,0.03,476.85,131.06722850160222,133.90630551697373
waybill_07611,2,1.125,358.15,133.61992841087041,133.61992841087041
waybill_11988,4,4.4,268.35,81.04438955636856,133.4777184055481
waybill_10576,3,5.18,296.67,133.2717375490753,133.3221938773237
waybill_00189,3,0.33,186.81,116.56893078378238,133.301915640202
waybill_11147,4,1.0,850.8199999999999,133.22859264833943,133.23351310295064
waybill_10701,3,1.2,384.11,107.04497012339317,132.80602343957602
waybill_10682,4,1.0,523.34,127.3355020920514,132.64506460560622
waybill_10317,3,5.26,339.72999999999996,132.14924287254757,132.19437745577073
waybill_00141,4,1.0,290.3,80.17047972658393,132.03841470037673
waybill_07805,2,1.2,1460.9,131.80906437800638,131.80906437800638
waybill_01744,3,1.2,370.74,131.6554540806292,131.66183720842045
waybill_02482,5,1.0,343.02,121.45758642753158,131.52671243066823
waybill_04823,4,1.0,201.10999999999999,124.1787060897316,131.3123363118993
waybill_03185,4,0.6,523.3399999999999,125.82280463692327,131.30059423695263
waybill_05160,1,1.0,509.37,131.15294150393714,131.15294150393714
waybill_05173,1,1.0,509.37,131.15294150393714,131.15294150393714
waybill_05076,1,1.0,509.37,131.15294150393714,131.15294150393714
waybill_02073,4,1.0,234.59,130.88810075861727,130.89835175514398
waybill_10452,2,0.9,197.0,114.5997194923093,130.77167717480532
waybill_00436,3,0.84,291.65,107.02256642514703,130.7410333306842
waybill_11735,3,1.6,277.96999999999997,117.19527435718572,130.38114678000994
waybill_00085,4,0.36,293.51,79.08643512248884,130.25302522188832
waybill_07922,4,1.0,504.46,107.64749585546603,130.22512557220853
waybill_05488,4,1.0,1553.84,126.49565768331107,130.1928569307926
waybill_04275,2,1.0,353.33,130.0695914806185,130.0695914806185
waybill_02279,3,1.54,231.14,129.5710957810333,129.58688707381773
waybill_05609,3,1.2,1481.39,128.43981169931274,129.52393182543562
waybill_03188,3,1.7,269.52,78.58461394951121,129.4265405560983
waybill_04292,5,1.0,319.76,125.84491804063322,129.2845544133737
waybill_04469,2,1.0,786.3,129.2773691616315,129.2773691616315
waybill_02692,4,1.0,257.45,113.98999976109225,129.1753862396758
waybill_11770,5,1.0,261.19,116.06125287802308,129.09917625369695
waybill_10632,3,1.2,175.6,129.06845431137458,129.07416761469344
waybill_10732,4,1.2,1405.43,121.08988371860515,129.03982166620196
waybill_05265,4,0.29,298.09000000000003,124.87548583538911,128.9900383226491
waybill_00470,4,0.35,232.45000000000002,128.96532539309823,128.96884162052132
waybill_11565,3,1.0,189.08999999999997,115.99469994866801,128.93625917063582
waybill_02722,7,1.0,404.61,79.66143178597704,128.75626376830004
waybill_08662,2,1.0,379.86,128.6834232834166,128.6834232834166
waybill_01228,3,2.1,363.88,128.4853234061466,128.49973966896448
waybill_05843,2,1.0,1504.73,128.45493419897974,128.45493419897974
waybill_10962,4,1.2,391.67,128.23317049672278,128.2378532211113
waybill_07934,3,1.1,1476.39,128.2161326281844,128.22790571403712
waybill_02578,3,1.0,185.82,121.52183495702735,128.17927444937197
waybill_06701,3,1.06,239.95,118.4398544553245,128.1158082920264
waybill_05079,2,4.16,409.63,96.42324396641493,127.71298727506644
waybill_09086,3,0.63,222.98000000000002,118.40363165383272,127.55140569645673
waybill_11807,4,0.3,184.09,121.14360299663902,127.39641845412767
waybill_01451,4,2.42,520.66,122.14821350752344,127.35240654250535
waybill_01243,4,0.63,372.14,124.32287666093225,127.33814755339621
waybill_01497,3,2.15,311.38,116.07012632896777,127.32064127960986
waybill_06087,4,0.44,816.66,122.92547613690537,127.29082971680481
waybill_06773,3,1.2,1710.85,121.94343606319953,127.18358473663527
waybill_03038,3,2.3,182.71,120.80945553074059,127.00600655284876
waybill_02481,4,1.0,237.92000000000002,121.9746688047097,126.9482059577517
waybill_02640,4,0.47,251.97,112.39084408807888,126.88193867112486
waybill_02991,4,1.2,227.05,123.77980513047484,126.71942118605853
waybill_09599,2,0.03,462.63,126.67896499317341,126.67896499317341
waybill_04874,4,2.36,200.73000000000002,108.65491044565638,126.5229489430952
waybill_11279,2,1.0,1438.52,126.4440558119402,126.4489762665514
waybill_03069,3,0.47,183.06,114.96413494803774,126.34440146534973
waybill_04780,2,1.0,172.35,121.09827759746226,126.27729713183196
waybill_03192,4,1.25,200.65,108.47275432295675,126.26292296250854
waybill_10746,3,1.0,391.40999999999997,126.19805161761522,126.20281270371427
waybill_04865,4,1.0,200.73,108.41571330872947,126.12899831602631
waybill_00573,3,1.1,1461.37,121.54954962468017,126.12174890316203
waybill_11183,3,1.2,1365.64,125.98843294426248,125.99433748979594
waybill_09622,3,3.0,244.24,125.96049123322618,125.96049123322618
waybill_05648,4,0.56,389.1,123.33726533829056,125.89690136389103
waybill_05700,4,0.56,389.1,123.33726533829056,125.89690136389103
waybill_04715,4,1.56,311.59000000000003,76.425541512505,125.87061195522392
waybill_06361,2,1.34,1504.73,125.86569201667828,125.86569201667828
waybill_00103,3,1.27,211.0,106.74724102057928,125.83483262326985
waybill_08070,2,1.42,274.0,76.302367338583,125.66774772499656
waybill_08065,5,1.0,355.52,125.42169951438336,125.66376821849283
waybill_01439,3,1.0,314.87,113.69104069632145,125.62945390782392
waybill_08146,2,1.0,528.73,125.58299096164981,125.5897587523902
waybill_00698,3,6.68,170.46,125.18416752663938,125.24556268780816
waybill_05021,5,0.53,326.15999999999997,110.62907161225407,125.13168229747596
waybill_01870,4,1.0,505.33,125.10745753795216,125.11277681111154
waybill_00153,4,1.0,264.95,75.84970354252428,124.92222380861632
waybill_00220,3,0.39,218.53,122.07021066912415,124.86536384881481
waybill_02529,4,0.98,306.47,122.19072555020257,124.82528108784278
waybill_03015,4,1.2,316.8,103.11112564695904,124.62883895205863
waybill_10607,3,1.2,329.25,124.50468472588128,124.51039802920013
waybill_10881,3,1.2,386.43,124.1855739746624,124.1902566990509
waybill_01560,2,1.1,1438.52,123.9158472551181,123.92403110483819
waybill_05668,4,0.59,312.59,121.49935741180923,123.90289573545355
waybill_00046,3,0.35,176.7,118.77435331117078,123.65425324238288
waybill_03117,3,1.0,168.25,123.47079074896966,123.52812308343681
waybill_11754,2,2.0,214.18,117.90886908311961,123.52513043631237
waybill_04576,4,0.5,761.12,106.21433658758997,123.38456326283264
waybill_03231,3,1.0,276.11,74.88082905384104,123.32651611214669
waybill_03947,3,1.0,418.98,123.2795569410109,123.2795569410109
waybill_03731,4,1.0,562.2,123.037119606591,123.10029304415818
waybill_04019,4,1.0,562.2,123.037119606591,123.10029304415818
waybill_04107,4,1.0,562.2,123.037119606591,123.10029304415818
waybill_11312,4,1.0,1400.64,115.79129065995207,122.78409406378994
waybill_10478,3,1.0,167.41,122.74837850018619,122.75811910409514
waybill_11351,4,1.0,1400.4,115.71722714082246,122.6621136330085
waybill_11432,4,1.0,1400.19,115.65242156158406,122.55538075607474
waybill_03774,1,1.0,1928.5,74.39140450074665,122.5204483135453
waybill_01801,3,1.0,176.98,116.68697523814501,122.48025813124957
waybill_00236,3,1.65,173.35,118.01769953421649,122.40806679661351
waybill_04873,3,1.2,173.35,118.00420028985528,122.38583393944229
waybill_08844,4,1.0,310.26,114.33547623455016,122.34551799203003
waybill_04749,3,1.68,173.35,117.87821082815475,122.17833301330806
waybill_00636,3,1.1,1453.53,119.13014133311323,122.13705483096831
waybill_00493,2,1.0,261.43,122.1144830413415,122.1245294054074
waybill_03052,3,1.2,173.35000000000002,117.83821262958779,122.11245716040482
waybill_09268,2,4.5,273.25,116.72649107995288,122.04926134927811
waybill_00191,3,0.5,175.28,116.23813858201271,121.74103740140933
waybill_04774,5,0.44,208.20999999999998,96.88010034693225,121.6528388559739
waybill_03940,3,1.0,434.07,111.59971192730016,121.64429453231713
waybill_09682,4,1.0,227.5,118.57577797375536,121.46642350292552
waybill_07482,4,1.0,425.4,96.02597356249285,121.43801572708787
waybill_04761,3,1.47,157.07999999999998,115.87961259778578,121.34148517393236
waybill_02554,4,1.2,227.05,118.49874006572652,121.3046548461994
waybill_03070,3,0.1,174.38,115.89311353772209,121.17279133333753
waybill_05659,5,0.3,338.83,115.16303455841508,121.1597712213612
waybill_03080,4,0.1,227.10999999999999,118.20848170796923,121.02642816747138
waybill_03121,4,1.46,304.06,117.4119536326399,120.92660572285854
waybill_00147,3,0.31,221.0,108.57852499818534,120.85494749677221
waybill_07646,4,2.36,486.09,115.81445350133478,120.59048449456188
waybill_07889,4,1.0,1487.28,114.99620934339434,120.44548162119885
waybill_03623,3,1.0,864.5,120.34640849976664,120.34640849976664
waybill_03929,3,1.0,864.5,120.34640849976664,120.34640849976664
waybill_07629,2,1.0,362.22,120.03949330888577,120.03949330888577
waybill_02738,3,1.0,333.19,112.49882364872708,119.70404779929376
waybill_00019,3,2.7,497.53000000000003,118.1269577543293,119.4656857459356
waybill_03006,3,0.34,226.0,107.64365986701519,119.31525220868932
waybill_07034,2,4.6,234.34,72.31685447012691,119.10372562217768
waybill_09145,4,1.97,589.05,111.45061482058006,119.005460418619
waybill_04150,4,1.0,608.48,118.9920234473951,118.9920234473951
waybill_05074,3,1.87,285.82,114.95851544342995,118.9588770759781
waybill_03118,3,0.96,261.98,72.19797941001134,118.90794190554529
waybill_02969,4,1.0,220.21,117.38461887306228,118.88148173194394
waybill_02887,3,1.0,240.59,72.08922459553585,118.72882593488688
waybill_03574,5,1.0,925.39,112.68328752116466,118.55442438160065
waybill_04416,5,1.0,925.39,112.68328752116466,118.55442438160065
waybill_02861,3,1.2,240.59,71.9641987509858,118.52291205776821
waybill_02885,3,0.93,181.0,102.24064614250665,118.41260382500263
waybill_05824,2,1.0,1475.96,118.35349839574613,118.35349839574613
waybill_07761,3,1.0,315.17,118.34738143914171,118.34738143914171
waybill_03212,3,1.0,240.59,71.77549288573843,118.21211906542364
waybill_07001,4,2.36,706.49,118.15313714470035,118.16401030322312
waybill_10171,3,1.0,231.14,118.10807098983116,118.11665170907511
waybill_07296,3,3.87,240.58999999999997,71.65280340754921,118.01005311476737
waybill_07014,4,0.295,519.45,117.97002376745016,117.97138291226551
waybill_02288,4,1.2,1471.17,115.58230084767182,117.81675252899427
waybill_08683,3,1.2,689.37,116.46686765239318,117.63378538320856
waybill_03987,2,1.0,378.28,117.59593922163538,117.59593922163538
waybill_02755,2,1.87,323.01,114.49555474165986,117.53173063332049
waybill_01773,3,0.5,551.27,117.37993560206955,117.38259523864924
waybill_10619,5,4.16,354.98,116.8963152460599,117.37266770743956
waybill_11426,4,1.0,1381.64,117.34943413668806,117.35435459129927
waybill_05297,4,1.0,220.21,115.91630895408365,117.35025409480275
waybill_09556,2,2.5,204.78,116.9315602127292,116.9315602127292
waybill_10586,3,3.87,274.13,102.0887311769863,116.8815376728403
waybill_03705,3,0.5,1559.87,112.66534488959265,116.83211966531722
waybill_00126,5,0.5,207.94,103.86342465060713,116.83144267968375
waybill_03135,3,0.38,1408.87,116.65114491027975,116.66975703634319
waybill_06225,3,1.0,406.84,116.55670520678456,116.56787479674367
waybill_02905,3,1.56,181.5,116.36266449103938,116.54542196812471
waybill_08782,3,1.0,323.53,116.35420017026478,116.36167153467579
waybill_07068,3,1.0,323.53,116.34977323909635,116.35438050965683
waybill_03783,1,1.0,526.09,116.10687318924435,116.10687318924435
waybill_03790,1,1.0,526.09,116.10687318924435,116.10687318924435
waybill_02911,2,0.8,168.0,105.65037759748265,116.03237512204797
waybill_10315,1,1.33,150.0,115.86631265439998,115.86631265439998
waybill_02379,3,2.2,292.67,115.62779019902065,115.64571400188481
waybill_07125,3,1.0,1460.04,115.40253063819279,115.40713790875328
waybill_07122,3,1.0,1460.04,115.40253063819279,115.40713790875328
waybill_03203,3,0.5,269.52,69.98076763758078,115.2562595346131
waybill_00963,3,4.6,218.39,115.23247085681209,115.23247085681209
waybill_02275,3,1.0,1469.42,115.07236528552464,115.08261937174828
waybill_11942,2,6.2,152.43,112.85906867287358,114.96142317159806
waybill_12019,2,1.0,152.43,112.85906867287358,114.96142317159806
waybill_02466,3,2.23,325.34,114.84054514137841,114.85871335973619
waybill_11701,4,1.0,319.2,87.96212613932126,114.52007442235357
waybill_09851,6,4.5,258.39,99.84964058819895,114.37460305025904
waybill_09639,3,4.5,281.26,109.40941831282436,114.23244593701487
waybill_07010,3,2.36,281.26,109.39727397844098,114.2124445766009
waybill_04752,3,2.36,339.73,107.90494902262496,114.19350780959087
waybill_04055,3,1.0,843.3,114.10586784595287,114.10586784595287
waybill_06450,3,1.0,1486.76,113.92707857055868,113.93850728840093
waybill_00511,2,0.35,232.52,69.13138609918573,113.85735320165948
waybill_10526,4,1.2,318.73,113.76337151300636,113.7750602376971
waybill_02920,3,0.35,243.44,103.1002824484107,113.76146798963599
waybill_00071,3,0.33,214.0,99.19875160682665,113.40269327505064
waybill_03835,4,1.0,1021.84,100.56136548632398,113.33920859348129
waybill_07880,4,1.0,1495.2,111.02593588647638,113.17692741224589
waybill_01036,6,2.2,387.19,72.84686036572796,113.1170315331285
waybill_10624,3,1.0,386.43,113.04652291126415,113.05128399736319
waybill_01905,4,2.36,308.31,112.99922878646332,113.01178227111947
waybill_06698,3,0.33,300.71,68.57053530356572,112.93364848903119
waybill_00098,3,0.3,170.0,98.84606818239997,112.82183408085331
waybill_03019,4,1.2,293.5,95.92079233146038,112.7865721303605
waybill_11374,3,1.0,386.43,112.75077040944261,112.7556908640538
waybill_04340,3,1.0,1017.38,99.51523619074302,112.69238689499903
waybill_02506,3,4.87,260.43,112.57740868175091,112.61708546354566
waybill_01171,3,0.34,418.15,112.52929721612054,112.53163127771963
waybill_05218,5,0.465,277.56,109.74093292750653,112.51059752769828
waybill_11286,3,1.0,381.93,112.46463849036002,112.46955894497123
waybill_05277,2,2.36,247.06,112.29868877879295,112.29868877879295
waybill_04725,3,1.2,261.98,68.17672101500585,112.28504797516203
waybill_07758,2,4.16,289.63,112.21720365348393,112.21720365348393
waybill_03223,2,2.5,152.52,111.7739982111573,112.12487493633063
waybill_10150,2,1.0,337.58,112.05566612962173,112.05566612962173
waybill_02589,3,1.0,406.85,111.99894107582097,112.0079090764728
waybill_11534,2,1.0,148.58,109.88516664807732,111.9875211468018
waybill_09572,2,0.03,176.93,111.98036501897647,111.98036501897647
waybill_08325,2,0.56,168.0,98.22887218965332,111.80533049100796
waybill_02829,2,2.36,152.52,111.48988077380358,111.65694189982068
waybill_08411,4,1.2,209.5,111.62356864418447,111.63367619558909
waybill_02908,2,1.2,152.52,111.44895394401742,111.58953661869843
waybill_03228,3,0.3,331.0,67.72539105023999,111.54172083956674
waybill_03207,2,1.0,152.52,111.39081601560295,111.49378516594437
waybill_03202,2,1.5,200.13000000000002,111.25853381249992,111.42209634746533
waybill_12024,3,0.5,175.44,97.60880910734095,111.41378640896743
waybill_11775,2,1.0,297.84,111.21903769957285,111.3832841447857
waybill_11773,2,1.0,297.84,111.21903769957285,111.3832841447857
waybill_09991,4,1.0,324.61,111.33780917709328,111.34619683396217
waybill_11586,2,1.74,152.25,110.5769881272179,111.2928583479186
waybill_05366,4,1.0,1491.74,111.26570045370843,111.27928711795477
waybill_00440,2,0.39,152.52,111.23771619253267,111.24163427451838
waybill_11800,2,2.0,196.58,110.40965722761455,111.17414977260526
waybill_04043,4,1.0,895.92,108.1360960446036,111.06533418341516
waybill_02741,3,0.43,392.42,84.88426479946526,111.04623847730994
waybill_00749,3,2.76,277.78000000000003,107.44250580599578,110.99299907151392
waybill_04021,3,1.0,986.54,99.48526985719303,110.94939096989575
waybill_00156,3,0.6,175.28,108.38955272477962,110.87860415748355
waybill_06090,3,1.2,314.49,100.11992455199504,110.72695861097358
waybill_07771,3,1.0,1481.77,109.49417676691645,110.65416533648808
waybill_00656,3,1.0,1451.25,108.01762104615025,110.5684047940738
waybill_05586,4,0.49,586.05,106.73148797329883,110.563597757181
waybill_09885,3,1.18,264.8,67.12672024641589,110.55572768929595
waybill_02493,4,1.2,354.13,110.54399424984983,110.55377086959392
waybill_06861,4,1.0,324.61,110.53426391518806,110.53887118574855
waybill_01875,2,1.09,157.0,102.25579963737599,110.44160537789864
waybill_11708,2,0.3,142.67000000000002,110.20431217602163,110.20431217602163
waybill_01073,3,1.2,323.01,110.11647004704423,110.12470791151159
waybill_07357,3,0.33,300.71000000000004,66.81334200656931,110.03960297441272
waybill_08573,3,1.2,196.55,109.69197240806618,109.69197240806618
waybill_09474,2,1.8,397.28999999999996,109.61755328501536,109.61755328501536
waybill_10793,5,1.0,1406.64,104.57012778665984,109.56623383649223
waybill_11152,3,2.51,245.1,66.51331809769559,109.54547244862567
waybill_02894,4,0.52,319.06,66.43077563862639,109.40952745393265
waybill_02292,3,0.68,228.20999999999998,104.65566555269123,109.29169443426049
waybill_01149,3,0.33,418.15,109.21961200388169,109.22187741661021
waybill_01802,1,1.2,141.21,109.07654673285214,109.07654673285214
waybill_04712,3,1.0,292.67,105.30019520632457,109.03665037909644
waybill_04704,3,1.0,292.67,105.30019520632457,109.03665037909644
waybill_07806,3,1.0,817.8699999999999,102.61363164458008,109.00255319815875
waybill_05112,2,4.16,297.21,108.90927095539361,108.92767455871405
waybill_09831,3,1.2,281.98,103.54075111672837,108.9122264519077
waybill_05908,2,1.0,273.46,103.53027495404642,108.894972521067
waybill_10709,3,1.2,1365.64,108.81076944291021,108.81648274622907
waybill_10797,3,1.2,1365.64,108.81076944291021,108.81648274622907
waybill_11638,2,1.0,149.26999999999998,103.70632773308189,108.69767269681523
waybill_03595,3,1.0,364.66,105.16372395966403,108.6539385633711
waybill_04992,3,0.3,209.64,101.11168713899569,108.5572858498102
waybill_11469,3,6.15,326.34,102.6214840510304,108.53241700237636
waybill_09964,4,1.64,331.0,75.9065657663889,108.52811963892599
waybill_11090,3,1.0,326.52,108.42664626764854,108.4305485379723
waybill_02358,4,0.95,472.46,82.90524451595223,108.23307907194273
waybill_08746,3,1.0,532.6,99.32100226831268,108.17564823397562
waybill_04124,4,1.0,980.5600000000001,97.8439452375958,108.02628896361179
waybill_06387,2,1.2,1539.0,107.86224199044094,107.86224199044094
waybill_11696,2,2.0,214.0,102.2493203801813,107.82964404963516
waybill_11318,2,1.75,234.34,65.38324842395158,107.68428103838329
waybill_01952,4,1.0,204.82999999999998,107.53576325179156,107.54108252495095
waybill_09717,3,1.2,279.09000000000003,102.64890290720943,107.44337876458118
waybill_02877,2,1.0,266.49,107.34289702976068,107.34289702976068
waybill_03049,4,0.3,397.15999999999997,107.26202867130434,107.28407252050918
waybill_00081,3,1.0,241.0,64.88806165217719,106.8687230356287
waybill_07959,3,0.29,205.87,100.04784924721778,106.80517623031434
waybill_09490,2,0.03,170.13,106.72775884531033,106.72775884531033
waybill_05980,2,1.2,146.58,106.67344291319901,106.69290944415808
waybill_07497,2,1.2,146.58,106.65466157461044,106.66197713364126
waybill_07204,3,0.575,229.79000000000002,98.86613278346441,106.5780545790533
waybill_08226,3,4.0,368.57,106.54494727772506,106.57201844068656
waybill_03162,5,4.15,202.01999999999998,89.27719885487492,106.39910171623325
waybill_06311,2,1.17,1451.52,106.29971836679802,106.29971836679802
waybill_05636,5,0.3,312.12,87.51122515687877,106.21758037182079
waybill_00159,2,0.6,157.0,94.83429422954664,106.21456074685864
waybill_09220,3,3.0,192.45000000000002,106.19250941321741,106.21066944699173
waybill_00964,2,4.6,161.94,105.851325158465,105.851325158465
waybill_04699,3,2.5,240.58999999999997,90.88946189712105,105.71450514115361
waybill_05762,2,1.0,1475.96,105.63677048250463,105.63677048250463
waybill_02630,3,0.55,192.51,105.1654696169216,105.48367737414182
waybill_09574,5,0.03,408.16999999999996,82.077280995684,105.43078581199951
waybill_09647,4,1.0,318.73,105.3956657937062,105.40131393383848
waybill_07831,3,1.0,237.75,105.26177695178015,105.27247975710083
waybill_06560,1,1.2,1430.0,105.16133998585941,105.16133998585941
waybill_11210,3,1.0,1365.64,104.9903607868854,104.99528124149661
waybill_11422,3,1.0,1365.64,104.9903607868854,104.99528124149661
waybill_03567,3,1.0,974.38,95.7327182212933,104.76904914363612
waybill_04370,4,0.43,416.17,95.60742308897223,104.68168823303942
waybill_01453,4,1.0,199.41,104.66864462367487,104.67574683386918
waybill_03722,3,1.0,974.12,95.65248274223623,104.63690367695622
waybill_00850,3,1.0,514.23,99.31550785643425,104.50251354274593
waybill_11731,2,1.0,196.58,103.84566858982691,104.36348989493146
waybill_10182,2,0.53,274.0,63.27392550946133,104.21028843324584
waybill_04042,3,1.0,308.6,104.15405520194498,104.15405520194498
waybill_09466,2,5.1,328.99,104.03205428229987,104.03205428229987
waybill_05078,3,1.0,216.06,89.86287862068019,104.02631908976988
waybill_01268,3,1.73,197.0,98.3490196331127,104.00725397941244
waybill_04106,2,0.44,347.17,103.73041393846786,103.73041393846786
waybill_10068,3,6.18,339.77,94.75944590610939,103.30854729181881
waybill_00003,4,0.31,334.65,62.70379202794469,103.27129541082911
waybill_06163,3,0.63,198.06,97.8965734933344,103.26208853650414
waybill_10053,4,1.0,313.78999999999996,102.97998582428923,102.9883734811581
waybill_01986,2,1.2,141.52,102.74466340089982,102.75104652869109
waybill_11445,3,1.0,265.01,102.62736267378673,102.64281272250281
waybill_01891,3,1.0,141.38,102.63487714564485,102.64019641880424
waybill_08217,3,0.41,198.91000000000003,102.61555452484026,102.61832931904381
waybill_06104,3,1.0,252.69,102.43845018428053,102.44961977423964
waybill_03267,2,0.5,1556.13,62.13552079644538,102.33536945924574
waybill_00218,3,0.28,201.12,62.06522903060478,102.2196009948467
waybill_01648,3,5.0,192.52,94.1894029603026,102.21275421918548
waybill_02840,4,3.87,275.59,71.72716454004774,102.12182581726147
waybill_05225,4,4.16,507.13,99.90197657385491,101.98879353014644
waybill_02437,4,0.4,509.97,69.14089679282401,101.953264381684
waybill_02976,2,3.4,173.0,97.08842467682676,101.93109127993824
waybill_07508,3,0.315,323.98,101.83041464108504,101.83233497533064
waybill_10120,3,0.67,298.35,91.6712463924776,101.7891977104574
waybill_00739,3,0.39,304.07,99.37751915630878,101.77536127688627
waybill_08135,4,1.0,313.87,101.70279377783788,101.70956156857825
waybill_01816,4,2.2,529.91,95.03194758671297,101.66017687158853
waybill_04533,4,1.0,991.7,94.58687245228693,101.34715007116736
waybill_11060,3,2.36,391.40999999999997,101.3367603938135,101.34596975177757
waybill_11041,3,2.36,391.40999999999997,101.3367603938135,101.34596975177757
waybill_03365,3,1.0,190.29,93.2750330648256,101.33904998823319
waybill_01437,1,2.8,131.15,101.30577936416371,101.30577936416371
waybill_01654,2,0.29,147.2,91.81003386508797,101.23369315661651
waybill_06310,2,1.2,1448.1,97.56179266903777,101.1755264227807
waybill_02652,3,2.81,345.07,91.50607866552572,101.08670954592847
waybill_03429,4,1.0,402.79,61.34533738252131,101.03396069067041
waybill_10038,3,1.2,252.43,101.0162950273568,101.02636021559948
waybill_07594,3,1.2,206.69,88.60844146358541,100.98697697364406
waybill_03983,4,1.0,996.76,93.15439279494629,100.92491863448635
waybill_05612,3,1.0,406.84,100.90387530374198,100.91352988521118
waybill_04853,4,1.0,281.05,100.44220810483532,100.84722009617825
waybill_03313,3,1.0,315.37,88.59531992792094,100.71031242389448
waybill_00133,4,0.6,148.19,95.05266230584155,100.66719417390036
waybill_02260,2,1.0,146.0,91.43971626943998,100.62379100270931
waybill_07804,2,1.0,1450.87,96.39094349364478,100.55771826936936
waybill_04295,2,1.0,284.15,100.55019772222403,100.55019772222403
waybill_00696,3,4.2,367.55999999999995,86.23458863770264,100.52291038763498
waybill_05231,3,4.16,329.26,100.48295837257241,100.50136197589286
waybill_08222,2,1.0,1864.66,100.49812288196568,100.49812288196568
waybill_00446,2,0.6,306.44,89.77862357942526,100.46609141577107
waybill_04624,3,1.0,309.82,96.85856354217688,100.40441500441304
waybill_10869,3,1.2,230.82,100.30294077552396,100.30762349991247
waybill_12005,3,1.0,147.67000000000002,89.63585448343679,100.15162005303017
waybill_09440,2,1.5,222.62,100.13939181677608,100.13939181677608
waybill_01749,3,1.8,329.07,99.97580622650042,99.98538091818732
waybill_00943,2,1.2,292.06,99.89925409317176,99.89925409317176
waybill_00893,3,0.3,271.21,98.86137118588681,99.74866257129302
waybill_07631,3,1.2,515.46,94.41516257922217,99.6740436330116
waybill_00456,3,0.34,683.64,99.66801562298599,99.6714313867684
waybill_07170,3,5.21,339.73,99.63113951316114,99.66290123195327
waybill_10448,2,1.69,234.34,60.50962678279938,99.65756999035392
waybill_09747,4,1.0,316.52,96.29489402471474,99.4830237137234
waybill_08345,3,0.325,364.15,99.4735570525205,99.47629451435925
waybill_07563,3,1.2,515.03,94.28246544078164,99.45549536119486
waybill_03122,4,1.2,304.06,96.50297558847114,99.39173073111662
waybill_00025,3,0.57,257.14,94.30411904679379,99.27444639570322
waybill_05384,2,3.87,255.11,99.23831075013523,99.25543140995497
waybill_00753,3,2.76,302.4,82.88447923302907,99.2221503935323
waybill_03013,4,5.12,200.59,60.175286729958394,99.10692178794174
waybill_01019,2,4.6,269.11,94.56881392650281,99.0650174698338
waybill_05622,4,3.42,232.91,98.92791889319031,98.96093756181497
waybill_02009,3,0.33,384.86,98.36450226948003,98.88731077352625
waybill_03063,3,1.2,183.37,98.75017622094042,98.86563212797483
waybill_08763,4,1.37,589.63,91.18654660603403,98.85550208762952
waybill_00410,5,2.35,318.06,74.06209245104256,98.85275511664226
waybill_11458,3,5.16,336.93,90.81706460945189,98.82703573920637
waybill_06709,3,1.0,279.09,93.99788257078043,98.7968885797145
waybill_10734,4,6.18,233.91,98.7049548811076,98.73437839319972
waybill_11498,2,1.0,134.81,97.6238706954978,98.67504794486004
waybill_03806,2,0.5,232.14,98.50973897016135,98.50973897016135
waybill_02303,2,4.39,297.21,98.45689342708678,98.50190886560857
waybill_10863,3,3.87,334.77,98.46472248142386,98.4798242675768
waybill_07952,4,1.2,439.93,90.62637018072758,98.41046540046534
waybill_08390,3,2.36,384.11,98.35130049138293,98.37117867581202
waybill_00903,4,0.3,275.13,88.41561436565593,98.14192058191475
waybill_04562,5,1.0,994.27,92.05576601573257,98.03939035825609
waybill_06126,3,1.0,1509.98,97.98494185087286,97.98494185087286
waybill_03548,5,1.0,250.64,66.45434485462093,97.97701759491335
waybill_10329,2,1.33,177.0,85.7752445065667,97.95412621807603
waybill_09809,3,1.0,411.82,97.79127615195266,97.79692429208494
waybill_01731,2,0.46,125.1,91.11854184787198,97.76701333956478
waybill_00104,4,0.6,134.37,97.54186831651029,97.75538928265762
waybill_11648,3,1.34,169.09,97.16829397121529,97.68425643060921
waybill_06667,3,1.2,271.78000000000003,97.65434291157727,97.66791241524255
waybill_08103,3,1.2,252.69,97.54690368468037,97.55502503356882
waybill_08529,3,1.0,511.41999999999996,92.78489670512548,97.41087521751354
waybill_05001,5,0.3,298.54,96.97442418194426,97.39941614453477
waybill_11058,3,2.36,314.87,85.34958133502457,97.2901016942968
waybill_03635,3,1.0,986.8299999999999,90.0875674015377,97.16529456011156
waybill_03606,3,1.0,818.7399999999999,90.65268351923714,97.12945274417751
waybill_03215,4,1.0,150.34,87.43309916644456,97.12344372312496
waybill_00594,2,0.53,274.0,58.90792864104296,97.01962040857123
waybill_00907,3,1.0,309.82,96.96794982925744,96.96794982925744
waybill_03226,4,1.0,294.59,58.85775515602203,96.93698615909751
waybill_05925,4,2.36,237.78,96.87269743416405,96.9109816117169
waybill_03477,3,1.0,818.3,90.51690040083288,96.90582195441155
waybill_10659,4,1.0,1381.64,96.85517787732651,96.85993896342556
waybill_06458,3,2.36,189.53,88.53010431182841,96.85069487767542
waybill_02111,3,2.23,368.57,82.47994372319269,96.75009850992765
waybill_05156,3,4.16,496.77,96.70490133142718,96.72330493474762
waybill_09620,2,0.32,190.22,58.70151087013545,96.67965643018964
waybill_01721,3,0.29,377.01,83.63038934281542,96.6410066737137
waybill_04380,3,1.0,817.6899999999999,90.32865562304515,96.59578835950872
waybill_05953,2,1.0,403.3,96.42605702445174,96.42605702445174
waybill_02573,4,0.4,568.77,96.34935701633053,96.35294421659125
waybill_08574,3,3.0,218.53,93.5195290779525,96.31468225764316
waybill_00583,4,0.35,314.04,96.26086315342951,96.2640799657662
waybill_00351,3,0.3,279.09000000000003,91.43858561762076,96.22929761605354
waybill_06328,3,5.16,221.1,92.68767494278737,96.08178951812603
waybill_03539,2,1.0,383.76,96.07414672975777,96.07414672975777
waybill_04032,4,1.0,824.9499999999999,89.97612027599331,96.01517304437874
waybill_10585,4,1.0,317.12,95.89581514354515,95.9055557474541
waybill_11766,2,1.0,330.34000000000003,87.2557502033571,95.8468531549349
waybill_09153,2,1.0,528.73,95.68366518573339,95.68971853032484
waybill_09117,2,1.0,528.73,95.68366518573339,95.68971853032484
waybill_09135,2,1.0,528.73,95.68366518573339,95.68971853032484
waybill_04456,3,1.0,970.16,90.20881408621062,95.67134201452039
waybill_03008,3,1.0,177.0,88.37112210831923,95.56990695742195
waybill_04453,3,0.5,264.14,95.51415933601915,95.51415933601915
waybill_03938,4,1.0,985.98,89.82770639404177,95.44596428522001
waybill_00534,3,2.15,201.05,92.25172876916861,95.43945017723054
waybill_03862,3,0.5,706.12,89.24144678705665,95.43071454208598
waybill_01346,2,1.0,255.11,95.24922443305105,95.25632664324537
waybill_11055,3,2.36,401.28,74.46882779547164,95.25600796846483
waybill_10336,3,3.87,131.45,95.0076329390163,95.0408403224904
waybill_11916,1,2.35,123.0,95.01037637660798,95.01037637660798
waybill_06810,2,1.0,1684.85,94.93324013124405,94.97419839053828
waybill_01512,4,2.8,185.07,94.95032834995419,94.97115996742355
waybill_09327,2,2.49,234.34,57.659305274546185,94.96317456426115
waybill_04123,4,1.0,172.92000000000002,75.032790113282,94.93627729066505
waybill_01128,2,0.3,243.0,57.63149078221746,94.91736491605512
waybill_01121,3,4.26,310.79,57.509995083807624,94.71726508547334
waybill_09279,2,1.0,337.58,94.39545381096787,94.39545381096787
waybill_02381,3,0.29,188.4,88.56046812598231,94.38251254827257
waybill_04806,3,1.58,163.74,74.22380590664427,94.30355030423257
waybill_05263,3,1.2,237.75,94.20395259440701,94.20926132613407
waybill_06160,2,1.0,1504.73,93.92962090796885,93.92962090796885
waybill_04739,7,1.0,251.64000000000001,90.4341918381729,93.87404821007594
waybill_01300,3,2.48,136.31,90.02196809844469,93.79107645446857
waybill_08203,3,2.36,226.84,88.38156037575547,93.73028532115546
waybill_06620,2,0.38,132.4,87.24278351876265,93.71156659176104
waybill_07799,1,3.87,246.59,93.66506101221995,93.66506101221995
waybill_09409,4,1.83,279.28,77.23042430874646,93.65591103804263
waybill_00890,2,1.0,368.65999999999997,93.54466752152982,93.54466752152982
waybill_00921,2,1.0,368.65999999999997,93.54466752152982,93.54466752152982
waybill_05773,3,1.0,161.82999999999998,73.96305471446028,93.17445465107244
waybill_08144,2,1.0,1671.8,91.14531740976025,93.15583116115204
waybill_00779,2,1.4,377.21000000000004,66.97577938790339,93.0545585544173
waybill_00262,2,0.64,131.0,86.81074632383998,93.00001407886931
waybill_09612,2,3.0,160.23,92.98768160426974,92.98768160426974
waybill_05406,3,2.36,390.44,67.09303997005557,92.86081702663492
waybill_11327,3,0.6,248.07999999999998,56.3339733056185,92.78039191501485
waybill_01927,3,1.0,262.46,56.28675520120095,92.7026250901971
waybill_00981,4,0.36,321.93,56.24599036050347,92.63548660032446
waybill_00674,3,1.9,236.39000000000001,65.7707513717077,92.62542621840375
waybill_00525,4,2.76,220.20999999999998,91.12766689334154,92.58491605577669
waybill_04283,4,1.0,979.84,87.9329146963095,92.32529826439482
waybill_07198,2,1.0,528.73,92.17274777222218,92.17884407141453
waybill_11923,3,1.0,127.56,91.41437741477885,92.07136319563025
waybill_07536,2,0.325,129.0,86.1935503310933,91.98351048902397
waybill_01857,2,2.2,127.52,91.9386960370435,91.95039843799415
waybill_09198,2,1.0,127.52,91.92996448529482,91.93601782988627
waybill_04009,3,1.0,989.12,87.93753283290289,91.93060880388956
waybill_04461,3,1.0,989.12,87.93753283290289,91.93060880388956
waybill_03447,3,1.0,989.12,87.93753283290289,91.93060880388956
waybill_00559,2,2.26,320.73,91.92883000723724,91.92883000723724
waybill_06413,3,1.0,182.64,91.74722950949526,91.7586582273375
waybill_00905,4,0.3,267.93,86.66588879635945,91.71196880554828
waybill_11991,2,1.0,131.0,84.49152588389332,91.67906263166931
waybill_01093,3,2.36,181.5,91.57025271944178,91.58948007160517
waybill_03741,4,1.0,572.97,91.56260503167681,91.56260503167681
waybill_08189,3,1.0,300.58,91.43703847665805,91.44380626739841
waybill_03265,4,1.0,403.33,88.06587248094388,91.42557127279726
waybill_02752,3,1.0,234.21000000000004,84.54502961218688,91.39487000133575
waybill_03081,4,0.29,286.23,55.47050416907369,91.3582837235595
waybill_00757,2,1.0,488.25,91.29813191065506,91.29813191065506
waybill_01016,2,1.0,488.25,91.29813191065506,91.29813191065506
waybill_04506,4,0.03,179.6,88.85849449631188,91.28029507271529
waybill_07359,3,0.54,261.36,55.41548679345894,91.26767172919544
waybill_00361,3,1.3,336.49,83.36923722617115,91.22469870647465
waybill_00029,2,0.33,173.0,90.50885562566096,91.09473518115439
waybill_06924,4,2.13,238.20999999999998,91.01431103170792,91.02412451800177
waybill_07373,3,1.0,323.53000000000003,90.95520896827554,90.96130526746789
waybill_05466,5,0.63,307.44,84.19994520916241,90.95895918921842
waybill_04662,2,1.0,331.74,73.89624278693681,90.89676373341254
waybill_07490,2,1.0,287.72,90.73651329037772,90.73651329037772
waybill_10850,3,1.0,1365.64,90.67564120242518,90.68040228852423
waybill_10712,3,1.0,1365.64,90.67564120242518,90.68040228852423
waybill_01377,2,12.0,147.99,90.53662471075242,90.6218512330842
waybill_02349,3,1.2,339.92,63.42643989842654,90.49353983327357
waybill_03141,3,1.0,344.15999999999997,80.93232952990263,90.35505465090814
waybill_06397,3,1.0,1469.19,90.1540607793402,90.1540607793402
waybill_03025,2,0.3,125.3,85.05173774451198,90.1029788478101
waybill_01729,4,4.6,232.49,86.14656082980196,90.05229933013419
waybill_01691,3,1.0,239.19,74.40666563299884,90.03858683421963
waybill_06525,3,0.29,255.16,54.602643704972316,89.92894314518347
waybill_02137,3,1.0,314.87,77.98156512003803,89.92312711787288
waybill_07006,3,3.87,358.81,89.85158270355512,89.86941284062424
waybill_09670,3,1.0,181.64,89.85413105632936,89.85977919646164
waybill_00947,3,1.0,375.63,89.45282185946856,89.8382566181794
waybill_04756,3,3.87,227.85000000000002,82.58632266142087,89.66817915820212
waybill_03485,2,1.0,243.91,89.65155941634197,89.65155941634197
waybill_01914,3,1.0,300.40999999999997,54.41502590335032,89.61994216152684
waybill_07177,1,0.5,116.0,89.60328178606932,89.60328178606932
waybill_08551,1,0.92,116.0,89.60328178606932,89.60328178606932
waybill_11151,1,0.4,116.0,89.60328178606932,89.60328178606932
waybill_09141,3,1.0,181.5,89.53173957742915,89.53779292202059
waybill_01640,3,1.0,311.38,89.37476588850134,89.38220575188326
waybill_00309,2,7.5,152.52,89.01257523493041,89.12216958015249
waybill_01546,4,0.28,276.95,82.36823788291791,89.07505578681103
waybill_03045,2,1.2,123.52,88.96712937405745,89.05530477087682
waybill_00176,3,0.98,123.14,88.78483042535669,88.94496773144387
waybill_08505,1,1.5,115.0,88.83083970170665,88.83083970170665
waybill_02910,5,1.0,290.59,53.88252999705773,88.74293711501718
waybill_04414,3,1.0,802.06,85.50526893972994,88.65181280486745
waybill_06680,5,0.36,568.6,85.68317292320629,88.5729325956626
waybill_04852,4,1.2,226.59,80.99913973058617,88.53293320898915
waybill_04300,3,1.0,1714.98,78.09888302544533,88.4968528538946
waybill_04795,3,1.0,180.09,88.2824678569987,88.35747007761776
waybill_05052,2,1.0,183.93,88.2090238237947,88.2090238237947
waybill_08845,2,0.3,135.57,75.69724879155412,88.1895869667859
waybill_05733,4,0.35,467.96000000000004,88.17981967396489,88.1831987774791
waybill_11944,3,1.0,127.56,88.01684903705323,88.17919301378872
waybill_02081,2,6.9,213.05,83.85557020489442,88.16010610161804
waybill_03143,3,3.87,240.58999999999997,53.527330356194916,88.15793378658984
waybill_11848,2,1.0,135.88,75.32907008244052,88.08295473377191
waybill_08119,1,1.0,1661.73,88.03773558628079,88.03773558628079
waybill_09529,2,3.0,235.49,88.0290980900061,88.0290980900061
waybill_11880,5,1.7,130.9,81.45126354138954,87.97118307420486
waybill_09323,2,1.0,222.3,87.92193284910657,87.92193284910657
waybill_09874,4,1.0,444.78,87.86052825859699,87.86617639872927
waybill_06228,3,0.29,177.0,83.67386600859571,87.83366475250587
waybill_01217,3,2.1,340.26,70.74391728120868,87.7588544905023
waybill_09872,2,0.76,234.34,53.25396961180242,87.70771670601358
waybill_00276,6,0.6,206.21,55.99515075609075,87.66440590877725
waybill_08005,3,2.0,179.01,81.42746076627523,87.64212720791689
waybill_07766,3,1.0,334.07,53.183134780446636,87.591053828734
waybill_10031,2,5.16,147.99,87.47250806703569,87.51578837647921
waybill_05154,4,2.0,277.96000000000004,63.39640554621483,87.44059324168774
waybill_01177,3,1.0,178.14000000000001,87.39827194963621,87.40513683669235
waybill_05707,3,1.0,808.5899999999999,81.89527753177714,87.33983661821746
waybill_01873,3,1.1,251.11,53.02904281775454,87.3372689126237
waybill_06735,4,5.16,237.04999999999998,82.43728887708039,87.25275355835655
waybill_04748,4,1.56,178.58999999999997,53.28003046832852,87.25089092991486
waybill_07301,4,3.87,390.06,85.68402558819686,87.14327305175244
waybill_04754,3,3.87,222.86,81.04641865951793,87.13200270153801
waybill_02295,4,0.51,568.77,87.09646418455698,87.10169376853104
waybill_03211,4,1.0,240.76999999999998,65.2030216246051,86.92319385381535
waybill_02859,2,0.3,132.0,75.52324212047998,86.90350863779199
waybill_06872,2,4.16,147.99,86.88373112176627,86.90289736729794
waybill_00686,3,4.1,334.77,86.84280663233955,86.88048929114073
waybill_01133,3,1.11,240.0,81.45282071978046,86.67440488258683
waybill_10463,3,2.0,126.61999999999999,82.90632801102713,86.51957759273303
waybill_11475,3,6.18,274.95,52.467122857244654,86.41180331696728
waybill_01418,3,1.16,285.82,52.43711726858031,86.36238499774426
waybill_02906,4,1.0,293.5,52.39305371319854,86.28981362211431
waybill_06952,3,1.2,177.23999999999998,86.24978999557264,86.25531872024524
waybill_11444,3,1.0,269.01,70.92882441203741,85.91830935195348
waybill_01429,3,4.6,189.14,85.82784725600543,85.86051742289928
waybill_03023,3,1.5,124.61999999999999,82.48831607467922,85.83112426690231
waybill_02338,3,1.0,125.19,82.44751426480686,85.76392488988938
waybill_11715,2,1.5,216.57000000000002,79.63641563547411,85.72984956719976
waybill_07479,4,1.0,233.91,85.71814614825621,85.72424244744855
waybill_03168,3,0.3,151.03,62.31331621158334,85.70675178760872
waybill_00202,5,0.7,314.36,52.01101510535828,85.6606073069519
waybill_10966,3,1.0,329.25,85.61960404640834,85.6235063167321
waybill_02270,2,0.92,261.43,85.60013446130797,85.60956822063372
waybill_06053,3,1.0,230.82,85.545141799269,85.55631138922811
waybill_01953,3,1.25,329.26,85.5390685546875,85.54571764613672
waybill_02256,4,1.0,238.21,85.52455688136226,85.5348109675859
waybill_06008,5,1.0,189.39,69.67677481423149,85.47762623667434
waybill_00167,3,1.0,154.63,67.93778746536319,85.40492786101993
waybill_08346,4,1.2,325.28999999999996,85.3523589773135,85.36246652871812
waybill_08321,2,0.53,234.34,51.82366159985334,85.35204161120208
waybill_02235,3,0.1,254.3,51.7382847580695,85.21142847180577
waybill_00891,2,4.6,333.25,79.29556460062085,85.14188417368486
waybill_01181,3,8.49,123.63,82.04359442662916,85.09868083396127
waybill_03437,3,0.5,707.12,82.96662086079887,85.09626137865843
waybill_11782,2,0.87,130.0,73.51451386376532,85.09443417962665
waybill_08118,3,1.2,249.24,63.72077923773776,85.05977722669049
waybill_09618,2,0.97,177.0,72.80906369957286,84.9879454110822
waybill_10332,4,1.0,232.45,84.8754783614304,84.88405908067435
waybill_02615,3,2.36,337.24,76.80098042808831,84.81428646555645
waybill_05862,3,2.36,209.49,77.45438841232175,84.74374859735791
waybill_11023,4,1.2,434.31,84.66493172109746,84.66961444548596
waybill_10606,3,1.0,311.38,73.39466641528844,84.63394674575846
waybill_08009,4,0.32,276.82,83.62510567039533,84.47380452521348
waybill_05647,3,0.97,190.59,80.42050651284868,84.38903972578616
waybill_05327,3,1.0,355.69,84.37005716775879,84.37448111086466
waybill_03526,3,1.0,521.39,77.70235286788039,84.3188797518053
waybill_09801,3,8.5,242.23000000000002,58.13216999604741,84.3087795238505
waybill_01700,4,3.86,373.8,74.16953638573901,84.29075377506197
waybill_00322,1,1.44,109.0,84.19618719553064,84.19618719553064
waybill_07262,2,0.495,261.43,84.09368355802897,84.09670122612918
waybill_02384,3,2.49,163.7,81.327429997024,83.969153872436
waybill_05494,4,0.37,585.62,80.99384648408488,83.88893527315405
waybill_00295,3,1.0,230.77,76.4940495199806,83.84793573401704
waybill_02306,3,2.78,249.01,72.80395174196155,83.81341702187662
waybill_04810,3,1.0,142.82999999999998,68.27734837942668,83.81026407256965
waybill_08914,3,1.0,381.46,83.67281928261733,83.68029064702833
waybill_10954,3,2.36,163.82999999999998,83.66788970757443,83.6770990655385
waybill_07216,3,3.87,384.34999999999997,82.07792878126064,83.53717624481624
waybill_06322,2,3.87,250.16000000000003,83.45804060624894,83.45804060624894
waybill_03119,3,1.56,222.86,77.60486474969328,83.4543152796103
waybill_08959,2,0.93,112.0,80.94738439274664,83.34322997533864
waybill_10392,3,5.23,239.11,74.28258311815108,83.33791279116984
waybill_04702,3,1.0,259.59000000000003,50.55746002806526,83.2666449814176
waybill_10130,2,1.0,177.26,83.05683512109572,83.05683512109572
waybill_06135,5,1.0,262.84000000000003,83.03508883687365,83.04625842683274
waybill_01481,3,2.6,404.87,80.46931426104483,83.02562497736722
waybill_04942,2,1.2,117.49,77.1775040363219,83.02137071986088
waybill_07994,6,1.0,218.82999999999998,55.81379681265249,83.01535044240686
waybill_11273,3,1.2,384.11,57.213381553943975,82.97462611234141
waybill_01286,3,2.7,336.21000000000004,50.35041331588626,82.92564515531856
waybill_05145,3,1.0,329.25,82.91183048868821,82.91625443179407
waybill_08646,3,4.5,371.84999999999997,66.28986662561132,82.89307651297389
waybill_04252,2,1.0,378.1,82.8729018331669,82.8729018331669
waybill_10471,3,1.0,264.8,50.84676507376976,82.79536591763407
waybill_09421,2,2.5,265.61,67.96052849526403,82.7349095879147
waybill_10167,3,1.0,246.81,61.35505452948706,82.69405251843979
waybill_01929,3,1.2,350.13,80.45523901244208,82.63762797455387
waybill_09015,3,1.5,208.45,82.62671559179344,82.6357956086806
waybill_07606,3,3.87,178.64,82.61380694304034,82.61380694304034
waybill_11161,3,0.73,233.4,50.114681817397724,82.53740233250495
waybill_03906,3,0.5,283.11,82.21229148427237,82.52783129197968
waybill_11978,4,2.44,119.14,78.03783630963112,82.50928825190907
waybill_04418,5,1.0,346.31,75.71617196421327,82.44334606534571
waybill_03085,3,0.1,240.59,50.043794081881586,82.42065232363422
waybill_11612,2,4.0,238.32000000000002,71.85899249754522,82.29489654771888
waybill_05649,2,0.29,1184.4699999999998,82.02586887323649,82.02586887323649
waybill_05549,5,1.14,187.68,81.95355997965189,81.96456620252677
waybill_11629,4,3.94,120.37,77.74045729748717,81.85959467687788
waybill_02117,6,0.36,214.43,55.792203027823504,81.7628664258994
waybill_08425,3,1.0,329.25,81.73328645590165,81.7417094154055
waybill_06027,3,1.0,395.21,62.116483142692104,81.69372499048586
waybill_08814,3,1.2,263.1,50.04000787734117,81.6232422698602
waybill_06066,3,1.0,170.64,81.58078505616075,81.59195464611985
waybill_02820,3,0.36,444.75,80.78850645046506,81.52470306158074
waybill_06288,2,1.0,331.74,64.37241810778733,81.37293905426304
waybill_00080,3,0.33,217.82999999999998,50.91515083345223,81.3487565723981
waybill_01350,3,1.88,215.3,77.70559607266384,81.29537137058085
waybill_10552,3,2.61,315.75,55.55887338518326,81.05665999791863
waybill_00922,3,2.23,225.39,80.7906787356765,80.7906787356765
waybill_07025,3,1.0,289.46000000000004,80.60871656573308,80.61332383629357
waybill_07378,4,1.0,328.92,80.52492145982545,80.5310177590178
waybill_00539,4,2.12,220.21,79.06203192861562,80.51103781809678
waybill_04347,3,1.0,513.88,75.38478191511666,80.50190877193607
waybill_06350,2,1.0,212.6,48.8561470074481,80.46463263326258
waybill_01276,2,0.3,160.0,80.0408285801797,80.35091758610102
waybill_02107,2,0.3,190.1,79.75284248309701,80.3263854952518
waybill_02129,4,4.87,215.85,79.01787364767247,80.26542070862176
waybill_00591,2,0.53,119.95,70.87694808820265,80.25069393009386
waybill_05660,2,0.38,160.0,79.83802828196876,80.01691147851804
waybill_06223,2,1.0,300.72,79.90758874314912,79.90758874314912
waybill_01225,3,2.86,185.82,73.17672900203124,79.84483407070458
waybill_09249,3,5.2,333.82,72.37699394294395,79.71779689971054
waybill_03428,2,0.5,675.12,79.67490889948331,79.67490889948331
waybill_11544,2,1.0,109.4,75.97043281027199,79.64406270357972
waybill_11785,2,1.0,109.4,75.97043281027199,79.64406270357972
waybill_11653,2,1.0,109.4,75.97043281027199,79.64406270357972
waybill_11574,3,0.305,127.53,65.33077140489385,79.61200761512767
waybill_03173,3,0.28,339.73,79.53877023674167,79.60236090454131
waybill_11657,3,4.23,108.23,77.9622451984324,79.57621244518458
waybill_07649,2,9.15,208.06,76.2788447285792,79.56314971471573
waybill_03127,3,1.2,134.82999999999998,65.65276430527318,79.48765154011436
waybill_11720,3,0.5,250.24,68.48220278030652,79.45453626301601
waybill_08977,3,1.0,391.40999999999997,79.38791770538275,79.39538906979375
waybill_02883,5,2.36,302.49,48.131685453724,79.27146582933011
waybill_03650,5,1.0,565.4,79.17031002266006,79.19379384075408
waybill_02263,4,1.2,318.34000000000003,79.1658831628117,79.17818806628006
waybill_08899,4,1.0,553.33,79.13705589293517,79.13705589293517
waybill_08944,4,1.0,553.33,79.13705589293517,79.13705589293517
waybill_04803,4,4.32,171.84,61.80345647208057,79.09964411496898
waybill_02657,4,4.82,214.84,79.01263110069807,79.05585686383994
waybill_08318,3,1.2,110.82000000000001,79.03644812420197,79.04655567560658
waybill_11519,3,0.03,127.33,64.276425457322,78.94499003674153
waybill_03159,4,1.0,235.58999999999997,58.49095503580553,78.87004286784746
waybill_03072,3,0.1,133.82999999999998,65.27003451557981,78.857306868833
waybill_04729,3,1.56,173.35,74.47231000473396,78.80087716768988
waybill_05013,2,4.16,331.25,73.34244037763614,78.76400865549503
waybill_00026,4,0.79,318.14,47.81007707942512,78.74178632583191
waybill_05356,4,1.2,1553.9099999999999,75.66197608007744,78.7199913916238
waybill_04246,4,1.0,298.48,78.6185434505866,78.68171688815377
waybill_11558,3,0.37,126.81,64.11595449920787,78.68069910338174
waybill_06964,4,0.31,230.66,50.49695114901155,78.6090333788778
waybill_11959,4,1.0,108.67999999999999,77.43995903110131,78.49113628046355
waybill_04838,3,1.0,153.64,78.00327699233812,78.38987934771092
waybill_00008,3,0.32,344.12,68.97436320655085,78.35671850980388
waybill_06842,2,0.27,234.34,47.55640346699594,78.3239933707355
waybill_09187,3,2.5,360.53999999999996,78.28376744101277,78.29890080249137
waybill_03749,2,1.0,1695.38,71.50766471358047,78.22601503476554
waybill_11650,2,4.6,109.27,77.43873373405809,78.1942673820372
waybill_02074,3,1.2,279.09000000000003,75.48416042068436,78.10793330154168
waybill_09217,4,1.0,434.48999999999995,78.09742847037926,78.10348181497069
waybill_04628,2,1.0,306.35,66.06093965901788,77.99225066032602
waybill_03003,2,1.0,107.58,74.11929789226217,77.98459543217726
waybill_01977,3,3.87,358.81,77.94801890127046,77.96860448839729
waybill_11515,3,1.0,124.37,64.28138668227584,77.96366149686165
waybill_08404,3,1.87,384.11,77.9309033554602,77.94665428973241
waybill_05791,2,0.53,157.0,77.6298442364916,77.87933922115242
waybill_06068,3,1.0,153.64,77.86199222004342,77.87316181000251
waybill_01980,2,4.54,112.24,71.18795324650237,77.86437626999208
waybill_01865,3,1.0,122.82,69.94404149813586,77.84966157989237
waybill_02815,3,0.07,252.88,77.68947764428523,77.8326269853355
waybill_03007,3,2.21,174.29,47.14590677016313,77.64791742265092
waybill_05262,3,1.2,1469.42,77.59754952796757,77.60285825969461
waybill_08590,3,1.0,328.27,47.093989522141136,77.56241124696368
waybill_11723,2,2.0,115.06,68.90405979794771,77.501152363482
waybill_05849,2,1.0,207.12,47.62107712878312,77.36949311263378
waybill_11915,2,1.0,109.27,76.93682011935724,77.36763046745651
waybill_11850,2,0.5,230.81,68.42685004023927,77.36335406330743
waybill_08340,2,1.2,108.61999999999999,77.33707553860411,77.34718309000873
waybill_08300,3,1.0,323.53000000000003,77.31491773334719,77.32334069285105
waybill_08960,2,1.0,528.73,77.28695144325835,77.29442280766935
waybill_08961,2,1.0,528.73,77.28695144325835,77.29442280766935
waybill_02143,3,1.2,355.13,77.27350868430804,77.28580988014008
waybill_00231,3,0.53,144.87,69.67376709922345,77.26959586503284
waybill_09021,1,0.52,100.0,77.24420843626665,77.24420843626665
waybill_10858,1,1.47,100.0,77.24420843626665,77.24420843626665
waybill_01882,1,1.03,100.0,77.24420843626665,77.24420843626665
waybill_09482,1,0.93,100.0,77.24420843626665,77.24420843626665
waybill_06349,1,2.17,100.0,77.24420843626665,77.24420843626665
waybill_01937,1,0.36,100.0,77.24420843626665,77.24420843626665
waybill_08110,1,0.73,100.0,77.24420843626665,77.24420843626665
waybill_06648,1,0.64,100.0,77.24420843626665,77.24420843626665
waybill_00260,1,0.88,100.0,77.24420843626665,77.24420843626665
waybill_06055,2,1.105,261.43,77.11584577099227,77.12818816789706
waybill_00013,3,0.32,341.67,68.21829811543618,77.11150161224336
waybill_01151,5,1.0,261.05,67.48970408345436,77.07995130087849
waybill_02748,3,1.2,184.52,70.5871634329491,77.00210156104177
waybill_03014,3,1.2,189.14,76.86003055280987,76.99693601467227
waybill_01904,3,1.8,292.67,76.97153485451534,76.98110954620223
waybill_01703,3,4.48,226.72000000000003,71.52498221930625,76.89106576650991
waybill_00700,3,2.1,381.93,76.86036770533383,76.87966857935396
waybill_03021,3,1.56,179.08,71.34152463415947,76.82230662405088
waybill_09435,2,1.0,272.49,76.81858766360776,76.81858766360776
waybill_09561,3,0.03,288.39,68.44561587312407,76.81310657032662
waybill_07708,4,1.0,254.32,76.80474995166378,76.80474995166378
waybill_02301,3,1.0,192.45,76.77299355535999,76.78324764158363
waybill_05450,3,2.36,277.63,76.67084937813162,76.70291390575295
waybill_05712,4,0.32,317.12,76.6639726721669,76.66706213823706
waybill_03709,3,0.5,1041.74,54.17223275094057,76.6572435435665
waybill_11272,4,1.0,444.78,76.63408179853286,76.63900225314407
waybill_09110,3,1.0,247.09,50.29344659407472,76.4700561218778
waybill_09993,2,0.58,271.64,72.22176786182177,76.36417838131689
waybill_11852,1,0.5,98.74,76.27093140996969,76.27093140996969
waybill_11580,1,1.0,98.74,76.27093140996969,76.27093140996969
waybill_06602,2,2.36,174.76999999999998,69.20742994039706,76.25520902918852
waybill_11525,3,1.0,121.44,62.94581955107187,76.22878676855902
waybill_01402,4,1.2,162.39999999999998,76.1799841067177,76.18850675895088
waybill_08275,3,1.2,496.77,76.15629424928527,76.16640180068988
waybill_04594,3,1.0,522.43,72.7493550260884,76.1614384432965
waybill_03921,3,1.0,522.43,72.7493550260884,76.1614384432965
waybill_04058,2,1.0,1691.2,70.21772508873994,76.10152253198879
waybill_02843,6,1.0,294.32000000000005,53.22418495302968,75.93292622705084
waybill_02879,2,1.2,229.09,67.18497847753896,75.88988409428988
waybill_07709,2,1.0,279.76,75.87245363692293,75.87245363692293
waybill_09273,1,5.5,288.69,75.70862218151976,75.70862218151976
waybill_08245,3,1.0,239.89000000000001,45.904567196988346,75.60346777103567
waybill_03039,4,2.3,224.95999999999998,72.49078172392811,75.45493774752256
waybill_11985,3,7.8,122.69,62.45528743256699,75.42089484240498
waybill_07468,3,1.0,276.17,75.41328800985652,75.41938430904887
waybill_03479,2,1.0,1689.81,69.788773873781,75.39505253704628
waybill_11776,3,0.5,250.24,64.59058678584476,75.38613283860842
waybill_05323,3,1.2,1513.25,75.37581298281945,75.3811217145465
waybill_08049,4,3.0,231.03,72.66101080171408,75.37364564737298
waybill_06255,2,1.0,254.69,75.34572362129674,75.34572362129674
waybill_00769,4,1.1,353.45,45.7209473542277,75.30105130766493
waybill_03064,3,0.1,160.55,75.1099821208667,75.12079617276525
waybill_06032,3,1.0,274.78000000000003,60.056011825749096,74.97133747741591
waybill_11759,2,1.0,109.4,73.13133124363732,74.96814619029118
waybill_03155,5,1.0,214.54,63.883291187313475,74.94253970307253
waybill_00012,3,0.32,337.31,66.87281085124846,74.89552378638052
waybill_11471,3,1.0,226.29,56.76022825807165,74.8927862423221
waybill_11337,4,1.0,590.41,67.03815268264624,74.85752281247835
waybill_03501,2,0.43,335.14,74.80878367901701,74.80878367901701
waybill_02919,4,1.2,305.59,45.39865597055448,74.77024690787923
waybill_04898,2,0.3,150.0,73.58447336161673,74.71496341300534
waybill_07957,4,0.58,336.98,45.328353564026585,74.65446091858215
waybill_11535,3,2.15,118.33,61.98607978235081,74.64812368634952
waybill_11533,3,1.0,118.33,61.98607978235081,74.64812368634952
waybill_01088,3,1.2,262.79,45.20662373712986,74.45397548529036
waybill_07358,3,1.48,226.21,65.90715591640941,74.42734914633252
waybill_11714,4,1.53,131.52,61.530217840727964,74.42206711835789
waybill_10563,2,1.0,204.98000000000002,45.18227645215832,74.41387622530259
waybill_03374,3,1.0,1696.23,69.17701620977556,74.38750571418126
waybill_02873,3,0.3,179.49,45.12937098963626,74.32674248949075
waybill_05563,3,1.87,309.24,74.20044457939987,74.21849864674728
waybill_11966,3,1.0,117.85,61.7129705555604,74.19832084784296
waybill_06843,3,0.33,145.76999999999998,44.98432993134079,74.0878641458771
waybill_10705,3,1.2,249.09,45.27196776580517,74.08400743445945
waybill_05521,4,3.87,230.59999999999997,70.4358567404151,74.07821242896541
waybill_05550,4,0.29,456.28,74.06259851785494,74.065398346481
waybill_00216,3,0.64,173.42000000000002,44.953312453895094,74.0367792756867
waybill_05468,5,1.6,308.02,68.48526027650593,73.95358807385324
waybill_03767,2,1.0,1686.94,68.90309762418954,73.93636988561823
waybill_02865,2,1.0,152.59,44.81168856228535,73.80352890478181
waybill_07102,3,2.36,359.37,73.79153606839758,73.80240922692035
waybill_08783,3,1.0,368.57,73.71604081518257,73.72351217959357
waybill_04855,2,0.96,145.0,44.746709474133326,73.69651026378665
waybill_11683,3,1.0,125.27,61.70714003643427,73.64399366558274
waybill_03366,2,1.0,152.82999999999998,73.64221892503303,73.64221892503303
waybill_09005,3,1.2,329.25,73.60664046284082,73.61390447635054
waybill_03669,2,1.0,1686.22,68.68090706680073,73.5704285932739
waybill_05148,3,0.6,263.71000000000004,70.91484527393557,73.55224327298056
waybill_04881,2,2.36,214.95000000000002,70.22656090297,73.4995997104741
waybill_05696,2,1.0,781.3199999999999,73.47981017067634,73.47981017067634
waybill_10086,3,4.87,312.27,44.60887073407268,73.46949392580319
waybill_10107,3,1.0,323.53000000000003,73.38893614658326,73.39732380345217
waybill_08324,3,0.31,219.78,44.56452236071885,73.39645346337676
waybill_06682,3,1.2,276.17,73.28175794004231,73.29532744370759
waybill_11896,3,1.0,115.06,61.40833933604009,73.23183728613161
waybill_00878,3,4.6,222.51,69.64066559954728,73.23044089746429
waybill_02568,4,0.99,323.11,49.53537125744752,73.19914836894066
waybill_03949,2,1.0,320.73,73.14189726656392,73.14189726656392
waybill_00311,2,0.21,152.10999999999999,73.13059259326627,73.13059259326627
waybill_08769,3,2.2,225.20000000000002,68.06136178849432,73.08311951983032
waybill_09318,2,1.17,212.6,44.32436944360686,73.00092869454312
waybill_11973,3,2.35,114.96,60.946104534572676,72.93531513746015
waybill_11891,3,1.0,114.96,60.946104534572676,72.93531513746014
waybill_01712,2,2.75,261.43,72.91750833920919,72.93213634039752
waybill_11567,2,2.0,100.66999999999999,69.2270134137859,72.90064330709363
waybill_05739,3,2.36,281.77,67.48833288535253,72.83388796694508
waybill_03277,4,1.0,182.44,61.00380646521268,72.81332864940575
waybill_07870,4,0.8,306.07,44.20402198565418,72.80271998211575
waybill_05333,4,0.52,287.82,67.22052159434205,72.79939027629304
waybill_02221,3,2.36,335.99,64.89642084330428,72.66319479453523
waybill_04247,5,1.0,185.19,61.35306086283209,72.65905616708373
waybill_00097,3,0.31,1094.61,72.51145005238327,72.5558751250647
waybill_07346,3,0.96,264.84000000000003,57.45286340759143,72.4914138791854
waybill_02367,3,1.2,361.05,72.4762194480114,72.4859960677555
waybill_11505,3,5.0,113.58000000000001,60.95161430140756,72.47962462964607
waybill_02226,4,1.2,210.5,72.46405997910387,72.47636488257223
waybill_09663,3,10.5,227.85000000000002,65.64242347782945,72.45801349212789
waybill_01792,3,4.6,368.57,58.11501501624987,72.38677873726348
waybill_03031,3,0.6,240.59,43.92073437761931,72.33615365001006
waybill_02924,1,0.84,93.54,72.25423257128382,72.25423257128382
waybill_06299,2,5.16,333.43,63.31876280554139,72.25127375263855
waybill_11931,3,1.0,118.37,60.80503025313023,72.2382050270578
waybill_11592,3,1.1,113.06,60.79114334329343,72.21533369628628
waybill_08849,3,1.0,277.63,72.20141062809476,72.20888199250577
waybill_08921,3,1.0,277.63,72.20141062809476,72.20888199250577
waybill_05666,3,0.345,316.88,72.20465365212783,72.2079844827347
waybill_11804,2,1.0,220.65,65.29149439708621,72.19951582689313
waybill_01494,3,1.2,174.38,66.92088103068699,72.19867261046218
waybill_08051,3,1.0,276.17,72.17377307998903,72.18054087072942
waybill_05998,4,1.0,236.38,67.40730147483748,72.1672978375022
waybill_03093,3,4.1,240.59,43.79482736108478,72.1287885086317
waybill_04360,2,1.0,1704.91,67.78597287731807,72.09649838799818
waybill_03851,2,1.0,1704.91,67.78597287731807,72.09649838799818
waybill_08565,3,0.42,216.78,43.771561614639275,72.09047051068579
waybill_05499,4,3.87,226.62,69.20763671484924,72.0553702851732
waybill_04519,3,1.0,411.4,55.099307294108,72.03660453770978
waybill_04250,5,1.0,181.84,60.96690190337025,72.0230637543705
waybill_03276,3,1.0,994.12,58.89472256301822,71.8722194687249
waybill_05643,3,0.62,215.0,59.99450859312768,71.86629096651676
waybill_07814,3,1.5,216.62,68.54543587541677,71.85378122147628
waybill_03449,2,1.0,225.0,71.83711384572798,71.83711384572798
waybill_02581,3,1.0,197.29,71.76166175929494,71.77062975994679
waybill_08546,2,0.52,212.6,43.44121999972288,71.54640761756255
waybill_09194,2,0.56,204.98000000000002,43.42881012721173,71.52596892368679
waybill_03055,3,2.0,119.34,60.415163662053125,71.50115427927004
waybill_05924,2,5.16,328.48,71.48125437272662,71.48125437272662
waybill_04681,3,1.0,993.12,58.58612456664489,71.36396767380222
waybill_00644,3,1.0,405.81,49.64039825921257,71.3319916740607
waybill_05555,3,1.2,399.23,50.94842710408289,71.3286931298489
waybill_06006,4,1.0,234.62,66.86416900122042,71.27277467843831
waybill_09118,3,1.0,242.45,43.72679783686053,71.18718128933583
waybill_11615,2,1.0,111.24,59.798119988063874,71.04461846034782
waybill_03191,3,0.6,240.59,43.11566906893453,71.01023483985031
waybill_11899,3,1.0,110.49000000000001,60.07226154669226,70.95139702964542
waybill_06043,4,0.275,265.34000000000003,53.1710645116803,70.89869796524218
waybill_00092,3,0.5,123.25,57.27048795377572,70.88465845241154
waybill_11419,4,3.87,227.04999999999998,68.04188414581972,70.85607948485575
waybill_03593,4,1.0,318.79,59.30091491428261,70.81978018059905
waybill_11724,3,1.0,232.96999999999997,66.73987197221388,70.77109232681812
waybill_11543,3,1.0,110.66,59.61913315016734,70.74983241929267
waybill_11551,3,0.7,110.66,59.61913315016734,70.74983241929267
waybill_11994,3,2.35,109.99,59.917962548505585,70.6972711321841
waybill_00246,3,1.0,339.73,62.04687150447005,70.55076359815065
waybill_09073,3,4.5,262.01,56.8468383181132,70.45053667012934
waybill_05529,2,1.2,146.85000000000002,42.70626814298076,70.33596359407308
waybill_08894,3,1.0,276.17,70.17073017279269,70.17820153720369
waybill_03114,3,1.2,227.85000000000002,63.29050431598329,70.11558766025331
waybill_11266,1,2.26,116.0,70.07038644862168,70.07038644862168
waybill_11686,4,1.0,123.92,59.203890793960696,70.06594051023885
waybill_11655,3,0.85,116.43,59.46123339834938,70.02501125561302
waybill_06261,2,3.87,331.21,69.97830376294942,69.97830376294942
waybill_11457,3,1.0,232.31,44.38261313584648,69.84446206484296
waybill_01032,2,4.87,245.49,69.81692447152989,69.81692447152989
waybill_05621,3,1.0,366.57,69.7976325664574,69.8072871479266
waybill_11302,3,3.87,281.98,64.42070223280484,69.80444195917079
waybill_02503,3,1.0,194.81,69.75638861730296,69.76453580042303
waybill_08841,4,1.0,237.05,64.945262485842,69.744425015437
waybill_02778,4,1.2,162.04,65.03216414121803,69.73007960178643
waybill_11132,5,1.2,408.77,47.43270389162198,69.71198620331904
waybill_08949,2,0.63,205.0,48.624073390815994,69.58772223849599
waybill_01775,3,1.0,322.46000000000004,56.06572161055571,69.51772421601268
waybill_07288,3,1.2,263.21000000000004,69.485686956116,69.49300251514681
waybill_00459,4,2.39,286.78,53.06852035056829,69.47033809757308
waybill_03047,4,2.2,218.94,67.66909092599103,69.42398313258354
waybill_12020,3,1.0,108.00999999999999,58.801348459778005,69.40296516274762
waybill_11488,3,1.0,108.00999999999999,58.80134845977801,69.4029651627476
waybill_02077,2,4.87,227.79000000000002,42.12389424544832,69.37681096762866
waybill_03079,3,0.1,112.64,59.74715550860671,69.35649283278612
waybill_08349,2,0.29,212.6,42.097338527491154,69.33307448367279
waybill_11737,3,1.0,112.24000000000001,59.007887778536094,69.27836439562601
waybill_08572,2,1.0,144.69,69.22801515077391,69.22801515077391
waybill_05579,3,5.16,186.28,69.15176436502351,69.2015820054046
waybill_10457,3,1.2,366.57,69.18879705655694,69.20048578124769
waybill_01166,2,1.96,157.0,68.21289446757574,69.19464281149878
waybill_11732,3,1.0,117.0,58.67254005088666,69.1908215137624
waybill_04299,2,1.0,542.75,69.17597221891698,69.17597221891698
waybill_04254,2,1.0,542.75,69.17597221891698,69.17597221891698
waybill_11921,2,1.0,107.32,58.58841584228041,69.05227142425096
waybill_01443,4,1.3,355.89,68.97328987182831,68.98252274508093
waybill_07242,4,1.2,246.05,68.94828499552783,68.95560055455864
waybill_11032,4,2.36,221.85,67.14196538757537,68.90812817277356
waybill_09538,2,1.2,188.76999999999998,68.86210833223977,68.86210833223977
waybill_10178,4,1.0,172.64,68.85330148044572,68.86188219968967
waybill_11758,2,1.0,214.05,63.254747621022204,68.84505398040353
waybill_03793,2,1.0,315.01,68.72352854400947,68.72352854400947
waybill_05884,1,3.87,139.47,68.68612279216745,68.68612279216745
waybill_01101,3,0.48,551.27,68.67345333431348,68.67674848010043
waybill_05803,3,0.29,220.68,58.99086428901065,68.66215012254493
waybill_02123,2,1.1,212.51999999999998,41.67714329719295,68.64102533712344
waybill_10192,3,1.2,153.64,68.5923076493975,68.60260451249025
waybill_05304,4,2.36,523.74,63.18432237136382,68.5794258239692
waybill_01736,4,1.4,296.01,49.401135694394526,68.5783161638652
waybill_06221,4,2.62,226.47,41.62891813056619,68.56159991056026
waybill_06449,3,1.0,223.97,64.67205058335593,68.55332042715497
waybill_06293,2,1.0,306.35,56.537114979868385,68.46842598117654
waybill_00651,2,1.1,212.51999999999998,41.55788938984757,68.44461767028135
waybill_07652,3,1.2,212.89999999999998,66.67579157417462,68.43274500140876
waybill_07048,3,1.2,406.05,46.694519198704555,68.43036735748659
waybill_01556,2,1.3,311.98,41.546200028321834,68.42536563674005
waybill_11983,3,1.81,106.6,57.87918899250281,68.40893032799465
waybill_10538,3,1.2,153.64,68.37959017639295,68.3912789010837
waybill_06768,4,1.2,205.5,68.232216553801,68.24578605746628
waybill_08995,3,4.0,338.99,59.87724066979803,68.24298975155493
waybill_01176,2,1.3,96.74,68.15863474764184,68.16755910081483
waybill_07300,2,1.0,96.74,68.15426352205836,68.16035982125071
waybill_10020,2,1.0,96.67,68.10373424875374,68.11212190562263
waybill_07217,3,1.0,153.64,68.0755689414129,68.08166524060525
waybill_02043,6,0.33,195.62,42.83044373819781,68.07805285562932
waybill_11206,3,3.87,339.73,68.04281514744672,68.06185730679208
waybill_07976,3,2.7,327.01,62.05580069818225,68.03438146931819
waybill_02580,3,1.0,192.45,68.02304207097964,68.03201007163148
waybill_05390,3,1.2,153.64000000000001,67.93866341376709,67.94397214549414
waybill_11406,3,1.2,368.29,67.91069477271127,67.9165993182447
waybill_11604,2,0.51,87.92,67.91310805716564,67.91310805716564
waybill_05066,2,1.0,236.02,41.70815671181428,67.88476623961738
waybill_11910,3,1.0,105.00999999999999,57.87555447065801,67.8782097779796
waybill_03644,3,1.0,1696.25,65.1714142168497,67.79039741608504
waybill_06282,2,4.45,338.04,57.92868972426104,67.78160468267063
waybill_04864,3,3.0,107.83,58.54439916705481,67.78038388794697
waybill_03605,2,1.0,1687.73,65.13511608847114,67.73061546961247
waybill_06347,2,0.9,112.65,67.70454869438771,67.70454869438771
waybill_04606,3,1.0,267.36,41.464704387316225,67.70448735268648
waybill_06048,3,0.3,228.62,66.47948183097458,67.70088108427761
waybill_01197,3,1.0,150.99,67.61128780115337,67.6181526882095
waybill_03234,3,1.0,110.58,58.67106512897577,67.5842037273028
waybill_05779,4,1.0,150.03,57.986568786109174,67.55668679077401
waybill_05747,3,1.0,234.56,63.83314772342657,67.55203247773882
waybill_00592,2,1.5,183.0,64.25819967443316,67.54427216926008
waybill_04357,2,1.0,488.25,67.47541526806813,67.47541526806813
waybill_02173,3,1.56,294.15,46.21046884438617,67.46664901583384
waybill_11892,3,1.0,104.05,57.57930039413961,67.39028805485384
waybill_09542,3,0.03,333.32,58.97872096714,67.38813896203791
waybill_03005,2,1.2,102.75,58.29134881002868,67.36361741611039
waybill_02276,4,1.0,317.12,67.31561852913411,67.32587261535775
waybill_02234,3,0.3,291.98,40.84444319712166,67.2695928409075
waybill_04745,3,1.0,346.98,57.17612413764568,67.250965961222
waybill_12022,3,0.35,103.2,57.822582153130654,67.24624144465919
waybill_10061,3,3.87,239.89,40.826030113335044,67.23926703518423
waybill_05464,4,2.1,283.99,64.17734951569379,67.2112026875381
waybill_02475,3,2.36,339.74,58.6795891242788,67.19009252874532
waybill_06107,3,1.0,95.45,67.16565484394373,67.17682443390282
waybill_11500,3,0.38,90.25,64.82861986720297,66.93097436592745
waybill_10946,2,2.36,255.11,66.90776507175417,66.91697442971824
waybill_03165,5,1.2,232.34,47.73042203036506,66.85990456048458
waybill_01725,3,4.6,337.0,66.82893253183931,66.85340118837249
waybill_11596,2,0.525,102.39,57.572617776068256,66.83455749077183
waybill_00299,3,1.39,116.62,49.26391613531284,66.83345040765417
waybill_11613,2,1.0,131.48999999999998,40.57755054312959,66.83002851438142
waybill_01623,3,1.8,200.82000000000002,66.77332659264972,66.78671834673716
waybill_11528,3,0.34,102.28,57.53867199646719,66.77864979333033
waybill_04110,6,1.0,223.39,62.08808673695723,66.77396138891008
waybill_02926,3,0.1,109.91,57.87694153200377,66.68110085618311
waybill_03089,3,0.3,327.01,60.683491122501195,66.65037401961148
waybill_04952,2,1.0,164.59,61.61823042192868,66.63353384148793
waybill_11571,3,4.68,89.81,64.48874535008339,66.59109984880787
waybill_01075,4,1.2,511.59,63.548254313753795,66.51536147272228
waybill_10018,4,2.36,148.18,66.48942879164953,66.50922366186013
waybill_11900,3,3.0,102.27,57.02999596059507,66.4855998598915
waybill_00064,3,1.0,122.41,45.196986143889056,66.44214684752362
waybill_06522,3,1.0,192.45,66.42368335147609,66.43511206931834
waybill_09386,3,1.0,221.53,63.015368009624176,66.40948258496284
waybill_05571,2,8.5,200.13000000000002,66.27115656099896,66.35322050348718
waybill_05319,4,1.6,290.0,53.94652538861766,66.24072249463238
waybill_10085,4,1.0,229.1,62.98457877701765,66.19740990060335
waybill_02704,2,0.64,261.43,66.1745313555681,66.18840686197558
waybill_03690,4,3.26,176.9,44.1986277672011,66.01080525871578
waybill_06465,3,1.0,207.57999999999998,54.83101437690352,65.98766863984027
waybill_10133,3,0.42,432.77,65.98504171724979,65.98504171724979
waybill_06208,3,2.36,244.57999999999998,50.93902664908423,65.92713237942007
waybill_07865,2,1.5,137.31,65.90446228009232,65.90446228009232
waybill_09593,3,0.03,330.31,58.04984099805627,65.8583010593207
waybill_03024,3,1.0,191.59,39.975506353169976,65.83847949667634
waybill_09285,2,1.2,352.53,65.83094750531694,65.83094750531694
waybill_06520,4,1.0,227.05,63.0109424584216,65.81752435595452
waybill_01256,3,6.87,113.0,59.82691095098665,65.81652490746664
waybill_02101,3,5.12,216.5,62.4561735920043,65.8009498322995
waybill_00197,4,0.6,296.6,39.8831268769439,65.68633322496459
waybill_03376,4,1.0,371.59000000000003,42.403753718803884,65.67440220872143
waybill_09961,2,0.28,157.0,57.45415874434132,65.63996448486398
waybill_08384,3,2.36,177.94,65.55898566752947,65.57886385195854
waybill_11911,3,2.35,94.21000000000001,62.937812110902875,65.5609876392914
waybill_02351,3,3.87,225.77,60.32278874909077,65.49740019839628
waybill_11281,4,1.0,564.87,65.46483945192624,65.46975990653745
waybill_02188,3,1.2,300.58,65.44731174453074,65.4596166479991
waybill_06883,3,3.87,201.43,65.41940958563028,65.43723972269939
waybill_03241,3,1.0,106.36999999999999,57.21000551183556,65.3927729583474
waybill_02429,3,1.0,189.14,65.37664199896663,65.3847891820867
waybill_04239,2,0.5,225.0,65.28077615406437,65.28077615406437
waybill_00365,3,3.27,224.42000000000002,59.172665483773905,65.27698910815467
waybill_04941,2,2.36,223.49,57.66985783760748,65.25670218248214
waybill_01551,2,1.09,204.98000000000002,39.58633305181026,65.19752255179466
waybill_02147,3,1.0,279.09000000000003,62.90346701723696,65.0899444179514
waybill_08612,1,0.77,116.0,65.08917639176732,65.08917639176732
waybill_00165,3,0.33,217.7,39.48191388715767,65.02554726847235
waybill_08395,3,1.56,384.11,65.01187659599888,65.0250164128249
waybill_06841,1,0.37,127.91,39.472769716113056,65.01048708855828
waybill_12013,2,1.0,90.4,61.29403320738132,64.96766310068905
waybill_11495,2,1.0,90.4,61.29403320738132,64.96766310068905
waybill_11541,2,1.2,90.4,61.29403320738132,64.96766310068905
waybill_11895,2,1.0,90.4,61.29403320738132,64.96766310068905
waybill_10078,4,1.0,187.43,40.606301789742254,64.89259135021008
waybill_05054,4,1.56,161.29,46.49682424648357,64.83901871921083
waybill_05288,4,1.0,1545.9599999999998,64.78931882882961,64.79374277193548
waybill_11746,2,0.76,99.43,55.66654135850601,64.76476495839913
waybill_03291,3,1.0,980.12,54.57435061379155,64.75669433980755
waybill_10203,2,0.29,204.98000000000002,39.31425111266986,64.7494116257378
waybill_05724,3,1.2,368.57,64.68002027225077,64.73358260330217
waybill_11203,3,3.87,271.9,61.310034429361636,64.68126386635032
waybill_03061,3,1.56,171.64,43.56070484647227,64.67444637329699
waybill_02197,3,0.55,249.07,39.266184433276656,64.67024722297216
waybill_11502,4,1.96,98.11999999999999,56.254904331554116,64.66432232645204
waybill_08876,4,1.0,227.05,61.85928252210866,64.66190706621033
waybill_00028,4,0.58,318.68,39.256126422646126,64.65368197622269
waybill_11434,3,1.0,227.16000000000003,58.013998263813406,64.64797173443989
waybill_05966,3,0.64,150.47,57.93523431945382,64.63319170670151
waybill_09909,3,0.315,314.15,64.57911933846935,64.58176145038306
waybill_11914,3,2.0,104.69999999999999,55.86212960874616,64.56215843599153
waybill_01516,4,4.76,222.84,64.4770058682988,64.51241961799671
waybill_05009,3,0.3,140.07999999999998,64.37586313465778,64.50614666662472
waybill_09883,3,4.5,341.77,55.42872660255932,64.35071649651289
waybill_01120,3,1.2,201.43,64.17192516693294,64.1801630314003
waybill_06354,2,0.32,83.08,64.17448836885033,64.17448836885033
waybill_07898,3,1.0,391.40999999999997,64.14326627138136,64.15396907670203
waybill_07902,3,1.0,391.40999999999997,64.14326627138136,64.15396907670203
waybill_07948,3,1.0,391.40999999999997,64.14326627138136,64.15396907670203
waybill_07819,2,1.0,382.46,64.1438183655079,64.1438183655079
waybill_11677,3,1.0,152.62,49.847983938039455,64.10725823043283
waybill_08068,1,0.92,126.0,38.88334754303999,64.03972616025598
waybill_03216,4,1.56,150.57,59.98124188681702,63.96455769363686
waybill_09573,3,0.03,279.63,60.62728563500567,63.93654734596087
waybill_09559,3,0.03,279.63,60.62728563500567,63.93654734596087
waybill_04766,3,1.0,145.01999999999998,45.93140275596974,63.92859241665415
waybill_04452,4,1.0,182.64,46.09132683924354,63.84853568222124
waybill_10257,3,1.2,281.98,58.43333671716057,63.8083311472739
waybill_03347,3,1.0,317.02,63.73122870318706,63.75471252128108
waybill_04223,3,1.0,978.12,53.95715462104489,63.740190749962224
waybill_05813,3,0.3,207.92000000000002,56.57994391811209,63.70888151383626
waybill_12001,3,0.52,120.2,61.59926368612052,63.701618184845
waybill_08537,3,0.57,304.12,38.6461106544133,63.64900400430096
waybill_00170,3,1.35,102.44,55.98303579715615,63.561893990088834
waybill_02590,2,1.0,255.11,63.50602605723469,63.51499405788653
waybill_02588,2,1.0,255.11,63.50602605723469,63.51499405788653
waybill_02512,2,1.0,255.11,63.50602605723469,63.51499405788653
waybill_07011,2,1.0,255.11,63.49928582700271,63.5038930975632
waybill_08699,2,8.5,174.19,58.09741373360998,63.49048315621389
waybill_08391,3,1.0,496.77,63.46357854107106,63.472001500574905
waybill_00846,3,1.0,142.2,55.39749285083873,63.4615097742463
waybill_06433,3,1.0,145.82999999999998,63.34375979678507,63.35518851462732
waybill_10747,3,3.87,339.73,63.33497255544264,63.35339795864596
waybill_09875,1,0.62,124.57,38.44205240822612,63.31292609351657
waybill_00726,3,1.19,198.98,63.30697525170369,63.30697525170369
waybill_04141,2,0.415,320.74,63.29175006831527,63.29175006831527
waybill_01379,3,0.3,261.98,38.42229725867171,63.28038994507104
waybill_08115,3,1.0,362.47999999999996,63.27316488075253,63.27993267149291
waybill_01145,3,1.2,213.05,63.21240030904123,63.22063817350859
waybill_00247,3,0.6,241.35000000000002,53.69902145229172,63.15939982323492
waybill_09500,2,2.16,212.6,38.30084797366935,63.080366556001955
waybill_04843,3,1.0,103.78999999999999,52.49587543766718,63.02101251209044
waybill_01697,4,2.84,362.36,55.16215307343316,62.99174234670221
waybill_10839,3,2.36,314.04,62.927481400593976,62.927481400593976
waybill_11387,3,2.36,370.62,48.231684698985156,62.899882323374165
waybill_07484,2,0.58,204.98000000000002,38.15872717586951,62.84629779526307
waybill_10399,3,1.0,395.21,43.25278204888866,62.828594910632276
waybill_05331,3,1.0,1513.25,62.81317748568288,62.817601428788755
waybill_05025,3,1.0,1513.25,62.81317748568288,62.817601428788755
waybill_00054,3,5.1,103.78999999999999,52.35703768768172,62.792350834236345
waybill_08150,4,1.0,233.91,62.69262936970332,62.699397160443695
waybill_11912,3,1.0,94.29,54.998758951365964,62.67544750558783
waybill_08044,3,1.0,395.21,43.09847367898795,62.67131372756299
waybill_11873,3,1.5,103.58,54.71025400844985,62.665053308095736
waybill_02812,4,1.0,265.59000000000003,38.03244506952106,62.63831489202812
waybill_10922,3,5.16,224.26,57.694729612869416,62.61485926100501
waybill_05576,2,2.36,336.55,53.0159594516162,62.57139025018729
waybill_03237,3,5.0,103.78999999999999,52.20612081282751,62.543795194114885
waybill_05285,3,1.0,1484.48,62.52496003295506,62.529383976060934
waybill_05295,3,1.0,1484.48,62.52496003295506,62.529383976060934
waybill_02445,3,1.0,496.77,62.49902320836539,62.50717039148547
waybill_05500,3,2.36,257.13,62.44353384891189,62.47559837653323
waybill_07648,3,1.0,222.07999999999998,58.84869964653361,62.43847494445062
waybill_01012,2,4.87,223.49,62.438383580008875,62.438383580008875
waybill_02236,3,1.0,194.81,62.423510736547954,62.43376482277159
waybill_02088,3,1.0,366.61,48.528086913328,62.394311529178424
waybill_04045,3,1.0,975.4,53.11776807090943,62.357745867772564
waybill_03175,3,2.67,103.78999999999999,52.09168328186797,62.35531995707435
waybill_09505,3,0.03,323.18,55.8495372839144,62.23446576152208
waybill_07844,2,1.5,331.21,62.18585655008192,62.18585655008192
waybill_00237,4,1.05,371.59,52.590560811127105,62.13363679543153
waybill_07966,3,2.0,281.98,56.73083036267016,62.116933540332084
waybill_10048,4,1.0,221.03,60.494192946284855,62.09581791557743
waybill_10916,3,1.0,354.35,62.08354168052465,62.08744395084841
waybill_03964,2,1.0,263.61,62.050944325622005,62.050944325622005
waybill_10060,3,2.36,281.77,56.69796159670857,62.0405267362444
waybill_05294,4,1.0,1490.01,56.00893885400698,61.996987139636374
waybill_02238,3,2.36,222.56,56.20662609925385,61.93094169132512
waybill_10357,2,1.0,352.02,61.91387989118756,61.91387989118756
waybill_07266,3,1.0,258.68,61.90327595435348,61.909372253545826
waybill_11700,4,2.3,108.83999999999999,54.23345897255545,61.879785951692085
waybill_04954,2,1.2,114.06,61.866290976759345,61.866290976759345
waybill_11219,4,1.0,252.76000000000002,61.828296940515884,61.83321739512709
waybill_00201,3,3.54,173.35,59.39057473941355,61.83272316499683
waybill_00206,3,3.54,173.35,59.39057473941355,61.83272316499683
waybill_09429,3,1.0,212.51,60.23181408233671,61.82505139476039
waybill_06035,4,1.0,220.95,60.231355239561765,61.81978983806059
waybill_05485,2,2.36,297.21,61.785067176617524,61.795507682347385
waybill_11436,2,6.38,152.52,61.64785149722419,61.74642280803277
waybill_06814,3,1.0,368.28999999999996,61.68217375337228,61.69348167309335
waybill_12008,3,1.0,92.30000000000001,54.38464893858303,61.66402643369172
waybill_04698,3,2.3,103.39,51.66090530273492,61.645841335435264
waybill_03841,3,1.0,996.32,52.66104303627689,61.605533211287025
waybill_10155,2,4.87,171.64,61.595335238667516,61.595335238667516
waybill_11585,2,1.5,92.0,54.36628459374933,61.55382134152532
waybill_11487,3,1.0,91.95,54.35085469393066,61.52840875177919
waybill_08234,2,0.3,79.53999999999999,61.44004339020649,61.44004339020649
waybill_09533,2,0.29,79.53999999999999,61.44004339020649,61.44004339020649
waybill_00373,2,1.04,120.8,37.27863796189866,61.39681682665812
waybill_01234,3,2.38,87.91,61.3494308276278,61.36576925882141
waybill_05866,3,2.36,372.75,44.57641615126822,61.359314457325176
waybill_00160,3,1.65,103.2,51.48153271734292,61.35041997963646
waybill_07972,3,1.0,351.23,61.304943769958996,61.31564657527966
waybill_04778,3,1.56,104.12,51.43710440262695,61.277247856145216
waybill_04863,3,1.0,96.16,51.429071057959455,61.264017174499614
waybill_11479,3,2.36,346.98,51.289260104436316,61.26249177320658
waybill_00148,3,0.5,103.97999999999999,51.42172348661723,61.251915941287166
waybill_03934,4,1.0,103.91,54.563485013838815,61.22393573344457
waybill_11941,3,2.35,127.56,60.781130386488655,61.1977014718177
waybill_07504,2,1.2,250.16000000000003,61.176828203704744,61.176828203704744
waybill_02390,4,1.02,217.55,46.209073691660166,61.14754615367519
waybill_11531,3,0.5,91.16,54.10706227679572,61.12688983379029
waybill_04676,1,1.0,1661.73,61.123342135617804,61.123342135617804
waybill_04093,1,1.0,1661.73,61.123342135617804,61.123342135617804
waybill_04104,1,1.0,1661.73,61.123342135617804,61.123342135617804
waybill_03981,1,1.0,1661.73,61.123342135617804,61.123342135617804
waybill_03846,1,1.0,1661.73,61.123342135617804,61.123342135617804
waybill_04707,3,1.0,103.78999999999999,51.324817734842455,61.092315027293296
waybill_05336,4,1.0,1542.42,60.29226631582631,61.05537469341965
waybill_04785,4,2.36,111.88999999999999,50.69127954885509,61.00166646786067
waybill_06096,3,5.16,235.01000000000002,52.70518383639142,60.94862466110301
waybill_08492,1,1.0,520.21,60.88365101610647,60.88365101610647
waybill_08748,1,1.0,520.21,60.88365101610647,60.88365101610647
waybill_05948,2,1.0,392.76,40.012263218219324,60.790234033248446
waybill_02871,2,1.2,133.31,45.587775651785535,60.76146434153487
waybill_02631,4,0.5,237.17000000000002,47.14389360498102,60.723160324432456
waybill_00024,2,0.95,130.0,58.99522715123846,60.68185011402261
waybill_10127,3,2.36,279.09000000000003,55.87091896642804,60.678411925851655
waybill_11771,2,0.36,90.21000000000001,53.81389418024106,60.644050628613755
waybill_07188,2,4.33,297.21,60.61633427677039,60.642731252273244
waybill_07570,3,1.0,317.12,56.83574709391465,60.59849347776651
waybill_00650,3,0.53,193.29000000000002,59.5932749044003,60.5693601417526
waybill_03057,4,1.0,265.59,36.77291089747221,60.56389927289423
waybill_04645,3,1.0,971.5699999999999,51.93583774479956,60.41114149321875
waybill_01239,3,1.3,257.01,60.394133618311265,60.403057971484245
waybill_03227,4,1.0,167.48,52.56082209770596,60.37187172804068
waybill_11664,3,1.92,94.34,52.982922453605745,60.34492380151136
waybill_00689,3,4.19,141.82999999999998,45.106180372498166,60.31837890136384
waybill_10045,2,1.0,100.96000000000001,46.90819894196948,60.28500344477481
waybill_11851,3,0.305,120.66,49.38734368212698,60.263737826940506
waybill_10599,5,2.36,310.32,40.714672281824335,60.22554726361397
waybill_01970,5,3.87,166.89,38.92554702602988,60.22523446254465
waybill_10041,3,2.36,334.77,60.18383339835211,60.20362826856271
waybill_00397,5,0.39,643.1,59.87994683964148,60.18936251798317
waybill_04257,3,0.5,864.5,60.17320424988332,60.17320424988332
waybill_02952,3,1.0,160.62,57.95797536102455,60.15043176459013
waybill_12026,2,2.35,100.53999999999999,51.25542645667008,60.14800664405739
waybill_11986,3,5.4,114.96000000000001,48.08484415998791,60.07405476287538
waybill_04815,3,2.94,95.89999999999999,53.43994360338046,60.07314231324864
waybill_02584,4,0.4,302.88,55.39211490184288,60.03765291837561
waybill_02958,4,1.2,276.59,36.44931407572781,60.030944855121895
waybill_04884,2,2.36,331.21,59.92289789801205,59.92289789801205
waybill_11750,3,1.0,152.56,40.61241171088639,59.89098249881002
waybill_10796,3,1.0,265.01,59.864052922695414,59.868814008794466
waybill_06902,3,1.0,360.53999999999996,59.84101826388014,59.84562553444063
waybill_03373,4,1.0,412.48,59.80497077264581,59.82845459073983
waybill_04758,4,1.0,214.24,44.27337139811713,59.81981068160846
waybill_04481,3,1.0,403.96000000000004,59.768672644267255,59.768672644267255
waybill_03572,3,1.0,403.96000000000004,59.768672644267255,59.768672644267255
waybill_11922,3,5.14,89.52,52.60833521444628,59.7279896707155
waybill_03283,3,1.0,970.16,51.50071456991316,59.694506462377795
waybill_04757,2,0.96,85.52,59.60287159048203,59.68363362555101
waybill_03368,3,1.0,310.21,59.68032825017785,59.68032825017785
waybill_05999,3,1.2,259.59,36.214466766399354,59.64415826576716
waybill_00020,2,0.35,297.21,59.60722162136633,59.625373073417364
waybill_11123,3,1.0,351.15999999999997,59.61945143140775,59.6233537017315
waybill_11692,3,0.37,88.14,53.17509632774826,59.591969413123834
waybill_02858,3,1.0,95.63,53.105379200753305,59.52212461335803
waybill_09353,2,2.5,338.04,49.64232120353298,59.49523616194258
waybill_10920,4,5.16,301.89,36.11672279935141,59.48317683594969
waybill_11972,3,2.53,83.65,58.295827981574405,59.46999064863245
waybill_02808,3,1.38,159.69,40.543656588773366,59.43291924715592
waybill_03252,3,1.0,240.58999999999997,36.06269463977999,59.394194051222485
waybill_03246,3,1.0,240.58999999999997,36.06269463977999,59.394194051222485
waybill_04491,3,1.0,303.07,36.05876590777315,59.38772354552343
waybill_04565,2,1.0,302.86,59.33835721900307,59.33835721900307
waybill_07763,2,1.0,302.86,48.08682434995809,59.32134359432908
waybill_11712,2,1.0,87.69,52.962012175301965,59.32098565909823
waybill_02971,2,7.36,146.12,41.71267204304029,59.28220631538163
waybill_03874,4,0.5,994.6500000000001,51.93137163455049,59.280627959151445
waybill_08665,5,1.0,252.6,51.9700808784845,59.24704151182128
waybill_11952,3,0.04,98.66,52.30436618801854,59.22736165271668
waybill_11764,4,1.0,105.35,52.896892875883125,59.213736094283504
waybill_05073,3,1.0,181.89,36.17942081053925,59.19394503645578
waybill_06555,2,0.9,184.18,35.93184053741942,59.17868120545113
waybill_07533,2,5.87,218.12,53.85941737893426,59.15223957847709
waybill_03615,2,1.0,331.74,42.15016052310516,59.15068146958088
waybill_04338,3,1.0,531.0,59.14321075097569,59.14321075097569
waybill_03418,3,1.0,531.0,59.14321075097569,59.14321075097569
waybill_02702,3,1.0,95.63,52.849005192480064,59.099884185980926
waybill_00155,3,1.0,99.27,50.11153112235894,59.094067774241225
waybill_04740,3,1.0,182.71,52.93465924145799,59.07103981656834
waybill_01384,5,0.52,488.63,53.351509225686115,59.06860358737398
waybill_09608,2,0.64,162.0,49.81420369844312,58.99827843171245
waybill_05129,5,1.0,167.8,37.50526369016852,58.970474439342226
waybill_00178,3,0.63,135.73,51.850636555914264,58.90986496039197
waybill_01983,3,4.78,339.24,50.47618864329584,58.89306392202619
waybill_11139,4,1.2,299.1,35.73023626075103,58.84664491006041
waybill_03167,2,0.41,84.38,58.741381021878894,58.834495928299795
waybill_08046,3,4.0,225.01000000000002,58.78543033025211,58.812501493213624
waybill_00151,4,0.8,108.09,56.34837527234113,58.74633726787013
waybill_05599,3,3.87,185.24,58.669329524581734,58.706692754867554
waybill_09185,3,4.5,277.27,35.642803683808154,58.70264603551112
waybill_05239,4,1.0,218.4,58.69084724479361,58.69527118789948
waybill_08606,3,2.8,213.06,37.08851189038424,58.68107020349464
waybill_02497,3,1.0,374.65,43.20075949106658,58.67009683384702
waybill_02456,2,1.2,84.38,58.61256790398925,58.62234452373334
waybill_09450,2,8.0,144.31,41.24433653157737,58.614217005369355
waybill_01577,3,0.55,301.13,35.56703874892015,58.5778634231754
waybill_02246,3,1.0,368.28999999999996,44.36268394829552,58.564330035405774
waybill_03586,3,1.0,234.48,58.04184598489038,58.50670657917941
waybill_00076,3,0.34,98.74,49.733317957335075,58.4711618505287
waybill_11564,2,1.9,85.9,52.48383681587199,58.45348539249706
waybill_07932,3,1.0,231.84000000000003,52.090079075145404,58.431803832465434
waybill_00896,4,0.3,313.9,35.4437604980544,58.3748277812925
waybill_02945,3,1.0,156.97,56.831592674261884,58.2953127131224
waybill_02684,3,1.0,167.58,55.24084211621776,58.26930880113239
waybill_03412,2,1.0,264.65000000000003,43.683944481498344,58.26665792754165
waybill_01211,3,1.0,199.47,58.25930821145629,58.26617309851243
waybill_02985,2,0.93,165.0,35.37599034020364,58.26321233085331
waybill_01774,3,1.0,233.79000000000002,35.35858106316726,58.23453976523061
waybill_09070,3,2.9,294.27,35.348015339651184,58.21713833033857
waybill_09296,2,2.5,217.37,53.07376115021444,58.21684300084526
waybill_02243,3,1.0,269.01,43.227965534269146,58.21225451169279
waybill_09080,3,1.2,309.24,58.15007435474386,58.15733836825358
waybill_00186,3,0.8,98.03999999999999,49.51438316991788,58.11058271526696
waybill_11736,3,1.0,94.39,52.21861584403841,58.096633835224
waybill_09695,3,2.5,274.13,43.301119582250486,58.089621025231864
waybill_03816,1,0.5,526.09,58.05343659462218,58.05343659462218
waybill_04703,3,1.2,92.96,52.1960164456342,58.0244309861902
waybill_05775,4,1.23,249.1,35.20462492365962,57.980978545897685
waybill_10164,3,1.0,158.51999999999998,57.946419249244876,57.95499996848883
waybill_01655,3,1.05,254.55,35.183150763346745,57.945611237451935
waybill_08967,1,0.5,75.0,57.93315632719999,57.93315632719999
waybill_07361,1,0.67,75.0,57.93315632719999,57.93315632719999
waybill_03009,2,1.2,89.59,49.401582221786654,57.92480288185769
waybill_04793,3,1.0,92.96,52.107466121091825,57.87859121432337
waybill_02917,3,2.36,96.60999999999999,49.366029692287114,57.866248914740154
waybill_03979,3,0.432,597.77,46.86308175903294,57.848033755217244
waybill_06199,3,1.0,213.05,57.793431068212435,57.80460065817153
waybill_11244,3,1.0,340.26,40.78065274267599,57.78609414376292
waybill_04700,3,2.3,89.94999999999999,52.71767889871764,57.77915225919142
waybill_07244,2,1.0,83.25,57.73401980400599,57.74011610319833
waybill_01860,2,1.0,83.25,57.73281878164306,57.73813805480245
waybill_00301,3,0.6,230.63,50.39085093116958,57.710940581663934
waybill_09012,3,1.2,319.27,35.03972716009674,57.70939679457554
waybill_02983,3,1.0,240.58999999999997,35.033388522997555,57.69895724629305
waybill_02986,2,0.36,130.0,57.180816699848975,57.693569634296075
waybill_11756,4,1.73,89.42,54.47289059899869,57.68547771155195
waybill_04136,2,1.0,300.72,57.685331158466965,57.685331158466965
waybill_04649,3,1.0,966.12,50.25397866456489,57.641169210890226
waybill_02916,2,2.4,132.14,34.99066206288548,57.62858802712164
waybill_06441,2,1.0,350.85,57.61036594223886,57.61036594223886
waybill_06623,2,0.63,163.6,48.09167144702964,57.59519225797791
waybill_06049,3,1.0,347.76,47.47350821477744,57.57717732140533
waybill_01272,3,0.66,233.79000000000002,34.94883788583356,57.559704841528664
waybill_09938,3,2.36,281.98,53.96770150317682,57.543868917816795
waybill_08274,2,3.87,297.21,57.50682202491704,57.53941887819694
waybill_00724,2,2.86,222.75,57.537796075515246,57.537796075515246
waybill_00419,3,0.74,330.49,50.82641506329199,57.478327788422575
waybill_00338,3,0.39,368.08,43.244592381566115,57.39797516674307
waybill_08513,2,1.0,88.52,49.07138236566718,57.38097346129044
waybill_03245,3,1.0,96.16,49.05434225945893,57.35290890912937
waybill_11556,2,2.5,84.82,51.15792463149161,57.33920623457897
waybill_08406,3,5.16,101.96,52.44054897691144,57.322727454623404
waybill_01624,4,1.0,162.39999999999998,42.91897749805533,57.27154278720683
waybill_11875,3,1.37,92.57,51.69841900042674,57.23988498206914
waybill_00203,1,0.3,112.56,34.735790471782394,57.20882203649535
waybill_08285,3,4.16,224.76999999999998,37.54698952423148,57.18642710326442
waybill_10505,3,1.0,354.35,57.14751910478476,57.157259708693715
waybill_05962,2,0.51,130.0,56.80088110680383,57.0678269224523
waybill_03903,3,0.5,843.3,57.052933922976436,57.052933922976436
waybill_10565,3,5.16,344.15999999999997,50.59601134985455,57.052563732870134
waybill_04998,2,0.6,130.0,56.791021690089536,57.05158875402341
waybill_02922,3,2.58,91.24,51.597127943190614,57.038079292716255
waybill_06562,2,1.0,387.56,37.270596036462024,57.0103670990346
waybill_00052,3,0.45,91.24,51.56686264711762,56.98823324305378
waybill_06524,3,0.38,254.2,34.59814799555433,56.98212893925346
waybill_03225,3,1.62,90.42999999999999,51.562219907204145,56.980586787399126
waybill_09246,4,3.0,230.05,53.5219043104889,56.934178919601884
waybill_09703,3,1.0,263.21000000000004,56.91159382184653,56.91724196197882
waybill_10140,2,3.87,236.10000000000002,48.0282984830153,56.91089598047513
waybill_06009,3,1.87,126.15,56.83676882417319,56.86710416825108
waybill_11998,3,1.0,132.37,42.995990920036235,56.86018557812376
waybill_02900,2,1.98,82.72,51.46074921948574,56.81346755859337
waybill_00250,3,1.0,122.99,45.329957542338676,56.75678124678151
waybill_05646,2,0.3,130.0,56.60655657369633,56.747780149919436
waybill_10708,3,2.36,216.62,53.418458348064156,56.72198564933642
waybill_01297,4,1.0,513.47,52.96005947654264,56.71865656147892
waybill_10495,2,1.0,255.11,56.7044883297872,56.714228933696155
waybill_11953,3,4.5,89.29,51.409629828959474,56.68429817925196
waybill_05900,3,4.56,240.58999999999997,34.41136723308772,56.674506534389124
waybill_09570,3,0.03,280.2,51.3347013134347,56.667454272687394
waybill_01227,3,1.2,267.79,34.405693864063196,56.66516266299703
waybill_11501,3,1.94,82.33,51.38214196881919,56.63902648462314
waybill_05580,3,2.36,240.60000000000002,47.305937071895535,56.630592358576294
waybill_04501,4,1.0,276.04,40.00249377344363,56.613115466204384
waybill_08198,3,1.0,244.62,47.68668921993085,56.576054508131065
waybill_00776,4,0.3,310.28,34.326635751182934,56.53495628367244
waybill_05171,2,1.0,73.16,56.51186289197268,56.51186289197268
waybill_07597,2,1.0,254.69,56.50733058195087,56.50733058195087
waybill_04879,3,1.2,225.23,54.428089670465496,56.4689410600271
waybill_00179,3,0.3,206.0,34.28575947744467,56.46763426686943
waybill_11548,2,1.07,83.08,50.62096411780201,56.454848111413526
waybill_01026,3,5.64,339.77,47.917662055160235,56.45364568441648
waybill_10598,3,3.87,348.22999999999996,46.23540490330952,56.440167108499836
waybill_03594,4,1.0,152.9,36.228810507793206,56.41580607911629
waybill_11902,3,3.0,81.86,51.23710091052372,56.40014814100948
waybill_10180,1,0.32,73.0,56.388272158474656,56.388272158474656
waybill_10094,1,0.9,73.0,56.388272158474656,56.388272158474656
waybill_09023,1,0.4,73.0,56.388272158474656,56.388272158474656
waybill_00488,1,0.83,73.0,56.388272158474656,56.388272158474656
waybill_04835,1,0.62,73.0,56.388272158474656,56.388272158474656
waybill_04841,1,0.3,73.0,56.388272158474656,56.388272158474656
waybill_10453,1,1.0,73.0,56.388272158474656,56.388272158474656
waybill_04105,2,1.0,353.96,56.363862988608794,56.363862988608794
waybill_00036,3,0.75,89.72999999999999,51.16789541061834,56.33114597596478
waybill_09995,3,1.0,212.93,34.731502231670056,56.32406054478045
waybill_03221,4,1.0,159.46,50.08586616679183,56.29569233276089
waybill_00033,3,4.48,123.98,46.65320116869251,56.27402538088155
waybill_09582,3,0.03,279.28000000000003,51.05079115677124,56.19986262135854
waybill_09494,3,0.03,279.25,51.04153321688003,56.18461506751086
waybill_10129,4,4.16,251.6,36.30995062918841,56.150190001577066
waybill_02890,2,4.4,91.17,47.290567588282876,56.12924125006187
waybill_05244,3,1.2,1460.04,56.11230828323782,56.11761701496487
waybill_09512,2,2.5,328.79,48.11136704794538,56.117484369773635
waybill_06542,2,1.0,127.64,56.11304016039728,56.11304016039728
waybill_04861,3,0.29,108.65,35.08305000072693,56.10659498797172
waybill_07113,2,1.0,211.79,34.763202074492746,56.10220006344548
waybill_08467,2,3.0,326.25,56.09749618679838,56.09749618679838
waybill_05506,5,1.0,258.33,51.96118104101064,56.080166467604954
waybill_01154,3,0.33,269.81,56.0675263092966,56.06979172202513
waybill_10288,2,1.2,231.26999999999998,34.02084180183741,56.031322671471905
waybill_02928,3,4.87,102.73,48.640965912591525,56.01301985911128
waybill_04207,2,1.0,85.78999999999999,48.22890983556799,55.99344606115156
waybill_01991,2,1.2,273.46,50.62013784766034,55.98483541468092
waybill_05701,4,3.2,213.01,44.91997205774501,55.9210034500032
waybill_00130,4,2.24,115.77000000000001,46.88215053143045,55.90985075019818
waybill_03073,3,4.71,86.86999999999999,50.89944811240134,55.889021196269596
waybill_03691,3,1.0,962.65,49.183143617149426,55.87753548250857
waybill_07456,4,1.0,258.88,54.581208838956485,55.85974499948695
waybill_11154,4,0.338,610.76,43.96669070810515,55.845414151174424
waybill_09923,2,0.03,72.28999999999999,55.83983827857716,55.83983827857716
waybill_09869,2,1.0,211.79,34.497662246222745,55.83666023517548
waybill_09540,2,2.5,214.34,50.07554708859797,55.835559176746244
waybill_02880,2,1.02,80.77,50.858983126557746,55.82237655849417
waybill_10836,3,3.87,241.01,55.734751255546726,55.75317665875005
waybill_11201,4,1.0,304.89,33.8358321862383,55.72661729324109
waybill_04767,5,1.0,206.18,41.78607154734806,55.72330121453177
waybill_12011,3,2.74,120.96,43.256062133130754,55.68219683465103
waybill_08989,2,3.0,80.52,55.643899412524505,55.66205944629882
waybill_08726,2,5.2,142.47,38.6563887284158,55.65890621287703
waybill_11582,1,1.0,72.0,55.61583007411198,55.61583007411198
waybill_11919,1,1.0,72.0,55.61583007411198,55.61583007411198
waybill_11641,1,1.0,72.0,55.61583007411198,55.61583007411198
waybill_11867,1,2.38,72.0,55.61583007411198,55.61583007411198
waybill_11856,1,1.03,72.0,55.61583007411198,55.61583007411198
waybill_11549,1,2.3,72.0,55.61583007411198,55.61583007411198
waybill_11935,1,2.35,72.0,55.61583007411198,55.61583007411198
waybill_11497,3,1.5,80.12,50.70014039683412,55.51579001784404
waybill_03547,4,1.0,986.64,48.953018808659,55.49852671269791
waybill_02954,2,1.0,117.52,33.69004157512157,55.48650445824618
waybill_04794,3,1.0,152.82999999999998,38.03111799603005,55.4760006904411
waybill_11647,2,1.0,71.75999999999999,55.43044397386494,55.43044397386494
waybill_02072,3,1.0,352.84,44.278692503267195,55.39568431309331
waybill_01628,3,0.52,301.13,33.6270184535245,55.38270723645674
waybill_00597,3,1.51,381.93,55.266264397644804,55.28014264515451
waybill_00609,4,8.84,145.64,50.73390213053196,55.262656726152294
waybill_11672,3,1.0,97.67,43.55488683167501,55.24195468609115
waybill_09644,2,2.5,327.02,47.56514859436458,55.21787869276052
waybill_03096,2,0.93,145.0,33.50954787027096,55.18923665177739
waybill_11308,3,1.0,354.6,55.16837740175087,55.173297856362076
waybill_01919,3,1.07,314.15,44.64082597714899,55.17226585895038
waybill_08779,3,2.2,277.27,33.43988859313818,55.074509877618695
waybill_03172,2,0.5,145.0,33.43879717845333,55.07271234983465
waybill_10899,4,1.87,220.95,53.48757953001304,55.0721417840582
waybill_04614,3,1.0,961.02,48.68012888306089,55.04908505678462
waybill_11964,2,0.63,79.92,54.44222876402463,54.987283634064305
waybill_11314,3,1.0,551.27,54.95962710459398,54.96454755920519
waybill_02628,3,1.14,169.97,40.9463687567621,54.95877270052523
waybill_04265,3,1.0,294.07,33.28138394041315,54.81345739121943
waybill_02957,3,3.87,108.17999999999999,44.139167928075715,54.80525185516556
waybill_02286,4,1.2,157.64,41.81140468488477,54.801206494059805
waybill_07682,3,1.0,246.12,44.11571947171946,54.78521846619583
waybill_04742,4,1.2,125.17999999999999,43.013332880188145,54.7789052996356
waybill_07171,3,1.0,318.27,33.258658811482896,54.77602977437037
waybill_00733,3,1.0,86.94,50.22308676609606,54.77507401477173
waybill_03946,4,1.0,318.34,51.177502962964404,54.74683824329458
waybill_01298,4,1.0,509.5,51.73492543094051,54.70089693563593
waybill_04981,3,2.36,214.56,50.68299032597995,54.69666472545109
waybill_04770,3,1.0,86.5,50.165250119290704,54.67981876393863
waybill_11967,3,1.0,78.5,50.12599658863103,54.65015166375892
waybill_06479,3,1.0,209.41,33.69248383324581,54.55630578165115
waybill_03545,3,1.0,309.42,51.017765636036515,54.48375557885294
waybill_10578,3,1.2,291.27,33.033406195922275,54.40504536256228
waybill_02847,5,1.0,271.34000000000003,40.0716057545181,54.34098096385895
waybill_02850,5,1.0,271.34000000000003,40.0716057545181,54.34098096385895
waybill_10170,3,1.0,209.28,33.46925203277079,54.33307398117613
waybill_09488,2,2.5,325.26,47.02201612074751,54.32335553369663
waybill_04261,2,1.0,219.72,38.23155139721763,54.253768730801625
waybill_00140,3,5.5,88.35,47.15722958344908,54.228420305560874
waybill_11823,2,1.0,77.64,49.860602311749965,54.21305512012543
waybill_01592,3,1.0,154.74,54.19480065811027,54.20224052149218
waybill_09531,2,1.2,227.26999999999998,32.89182842479893,54.17187095073772
waybill_06776,4,1.2,290.21000000000004,35.55158123027723,54.15855171659084
waybill_07512,3,5.16,227.14999999999998,35.105025453060634,54.123685581525905
waybill_11614,2,0.3,77.45,49.80196869243903,54.11648727909012
waybill_01216,3,7.28,231.19000000000003,46.63603478819345,54.109139396026336
waybill_06640,3,5.16,254.39,32.85065386220948,54.104057660997746
waybill_05465,4,1.69,283.99,51.64748603882023,54.089015496161615
waybill_03747,3,1.0,989.12,48.093792689951556,54.083406646431555
waybill_03534,3,1.0,989.12,48.093792689951556,54.083406646431555
waybill_05764,3,4.33,94.13,48.61312986340943,54.04633492371703
waybill_05291,4,1.67,229.27,41.5163199553274,53.95956241205543
waybill_00162,4,0.6,293.51,32.761562837164924,53.95732737135705
waybill_07656,1,1.16,252.91,53.9561095155114,53.9561095155114
waybill_11992,4,1.06,86.07,52.46777305207699,53.92430623419983
waybill_06971,3,2.36,200.48000000000002,53.9012760314359,53.91214918995867
waybill_08966,4,8.5,147.64,40.85238930452981,53.89339280773003
waybill_07203,3,1.2,214.56,49.506122727002335,53.86702993075612
waybill_03043,2,2.22,105.97,32.70212967568212,53.859442707954976
waybill_02527,3,1.2,174.38,48.56022152455084,53.83984686904994
waybill_12006,3,1.0,83.92,49.61100099115389,53.80196910952621
waybill_05598,3,2.36,235.01,45.5808742721686,53.789464824958586
waybill_06243,3,1.2,119.77,51.54421767799921,53.783761039775186
waybill_11566,3,1.0,78.92,53.37622241000384,53.731349859112704
waybill_06377,3,2.16,164.82999999999998,33.895730624146985,53.68614271107024
waybill_01025,2,2.81,253.49,40.075113874860875,53.65157217621554
waybill_06383,2,1.0,244.74,43.015888487014934,53.623494803941014
waybill_08919,3,2.2,180.16,53.57434378286089,53.59078078456511
waybill_05484,3,1.56,281.77,48.23026257561563,53.55993419618603
waybill_06083,3,1.0,77.81,53.53977647578629,53.55094606574538
waybill_00885,2,1.0,262.15,51.6910273755301,53.535828474125935
waybill_06592,2,5.16,325.26,46.16451134413049,53.46585075707961
waybill_05235,3,4.16,166.64,33.4119668279457,53.39575028619947
waybill_09038,3,1.24,355.69,53.30153962958099,53.30904577687437
waybill_10484,3,1.0,296.27,32.36254043978411,53.300149255923685
waybill_00400,3,0.34,392.28,53.28164640411483,53.28506216789724
waybill_00892,4,0.3,339.52,32.34566241787812,53.272351651826185
waybill_09263,2,4.5,213.82,49.32512469942858,53.24095000836115
waybill_07826,3,1.0,221.53,48.90843373253634,53.19172782681274
waybill_00699,3,4.4,125.59,41.17976940211271,53.15152032993922
waybill_06180,3,1.0,231.84000000000003,46.804813861478166,53.147005403436616
waybill_04172,3,1.0,238.07,43.23228672625015,53.07521899473228
waybill_08691,3,0.53,289.88,32.191946133169424,53.01918546627025
waybill_06192,3,1.0,338.78999999999996,44.70538418730864,53.01815872094901
waybill_09834,3,4.5,231.84,46.62240459612129,52.978843178715934
waybill_11673,2,0.88,114.02000000000001,32.16602273091866,52.97649038762656
waybill_00719,3,1.28,126.43,40.778098001914444,52.95107690546666
waybill_03522,2,1.0,235.49,52.950132440976425,52.950132440976425
waybill_02770,2,1.0,276.86,32.13498650184364,52.92537463405591
waybill_00723,2,2.86,233.03,43.42735275975056,52.91889434278586
waybill_00125,3,2.3,107.62,42.03854331856066,52.90056337295653
waybill_09660,3,3.0,346.56,43.014377710466384,52.884237089272844
waybill_08064,3,3.0,325.3,47.236127821330804,52.86470639480271
waybill_07779,3,1.0,304.27,32.081169537192004,52.83673968113031
waybill_02884,3,1.2,86.24,46.30598909744687,52.82645234074602
waybill_11491,2,0.61,74.67,49.018281316599456,52.745817735515516
waybill_03071,5,0.1,893.8299999999999,44.20228772653475,52.73232936253335
waybill_09426,1,4.5,144.0,52.68868112284293,52.68868112284293
waybill_01555,2,0.3,135.57,40.19352187695897,52.68586005219075
waybill_10947,3,1.65,126.61999999999999,50.46964120913895,52.66416771049241
waybill_11976,2,1.5,77.59,52.305075540336254,52.631866395060264
waybill_01221,3,3.8,354.6,41.14628636153625,52.63050443109581
waybill_01704,3,3.86,224.79000000000002,31.94757937989368,52.61672063360309
waybill_05360,3,1.0,292.67,52.57632444532613,52.580748388432006
waybill_02211,3,1.0,163.74,32.741024248592566,52.5788970687505
waybill_03786,2,0.76,542.75,52.57373888637691,52.57373888637691
waybill_01464,4,2.6,365.78,44.06340445358557,52.57314625239393
waybill_03204,3,1.2,82.22999999999999,48.88253165132361,52.567219293474075
waybill_02079,3,1.0,252.19,31.895338998787093,52.53068226725949
waybill_01987,4,1.2,436.90999999999997,52.47202627230446,52.47840940009573
waybill_00637,4,0.33,233.91,52.47472112326056,52.477754117749434
waybill_06485,3,1.56,221.53,48.15887450984603,52.44929459863567
waybill_00537,3,1.0,368.57,38.14820887426964,52.40469483114059
waybill_02484,5,1.0,239.25,45.81773212746837,52.40461415406423
waybill_11293,3,1.2,163.74,32.504234710772785,52.337757990240526
waybill_04722,3,1.0,125.32,38.206279230501735,52.2709121460061
waybill_11524,3,1.06,81.13,48.67221787897309,52.255821022317804
waybill_02142,3,1.6,339.74,48.73522684433921,52.217455398905656
waybill_00027,4,0.28,235.46,31.689616572601945,52.19186350111963
waybill_04755,3,1.56,86.05,45.88274091417891,52.12937507073208
waybill_01041,2,1.4,328.48,52.118677897648126,52.118677897648126
waybill_02874,2,1.0,214.34,49.226614294070025,52.10662033814416
waybill_06574,2,1.0,156.31,32.33839000813095,52.10411606451494
waybill_05191,2,1.2,156.31,32.32668249075242,52.092408547136415
waybill_05961,2,1.0,183.93,52.09112721344308,52.09112721344308
waybill_06127,3,1.0,336.93,44.13139191405424,52.072810382392845
waybill_11510,3,1.0,73.42,48.558318767054494,52.06823254555177
waybill_11578,3,4.0,75.97,48.26396127561417,52.04819937331823
waybill_00018,3,3.44,108.73,41.16293700410535,51.98488384778625
waybill_10109,3,1.0,347.38,51.96143153759801,51.96981919446691
waybill_05373,3,2.36,225.20000000000002,46.91165808510226,51.927419320463905
waybill_05041,2,1.0,360.05,37.637540789734544,51.88483585421497
waybill_09777,3,2.5,181.5,51.84861605872115,51.86273640905186
waybill_04961,3,5.16,178.64,51.855332609219644,51.855332609219644
waybill_04709,3,1.22,121.94,36.3295884938845,51.837804548244506
waybill_05662,4,3.2,203.28,41.781604082610826,51.806670663617425
waybill_07491,3,2.36,221.69,47.4814520083631,51.80037517118066
waybill_00770,4,0.77,344.86,31.432213864686855,51.76792883578391
waybill_07841,4,3.5,286.59,31.423129555129478,51.752967245973124
waybill_00655,3,1.0,343.24,51.68216499628211,51.691355888672646
waybill_10289,3,1.2,334.77,51.66805901081696,51.6783558739097
waybill_09873,3,3.0,344.12,42.261398599315456,51.64410270966153
waybill_01888,2,1.0,75.35,51.63052631517799,51.635845588337375
waybill_10250,4,0.333,589.05,44.082059307212134,51.62783719591418
waybill_08595,2,1.0,245.49,51.53783963525387,51.53783963525387
waybill_10556,3,1.2,199.47,51.52143643872451,51.53312516341525
waybill_07853,3,0.345,272.33,51.53124425223945,51.53124425223945
waybill_01544,2,1.9,276.87,31.212516709722145,51.40609410366488
waybill_06207,3,1.0,335.53999999999996,43.702440699095305,51.36634038745034
waybill_01047,3,0.84,257.14,47.32271594563414,51.34307713558607
waybill_11631,2,2.6,215.78,45.39819232980142,51.33389976067309
waybill_06334,2,4.16,190.95,51.32488149766451,51.32488149766451
waybill_00065,3,2.3,103.78999999999999,41.06568512313609,51.29829462902215
waybill_11507,3,2.5,83.77,41.158109059842126,51.29453241219177
waybill_00229,3,2.58,130.46,38.06989968374514,51.29408092454733
waybill_03010,4,1.0,305.48,42.402769105261065,51.27670810533822
waybill_09601,2,1.2,108.01,51.23608345577567,51.23608345577567
waybill_01333,3,1.0,208.71,31.09778105780157,51.21712787019748
waybill_02566,3,1.0,344.11999999999995,41.78472295617128,51.15945064677234
waybill_04346,4,1.0,224.95,50.68047292091417,51.145333515203205
waybill_07684,4,1.0,486.09,49.07392097514185,51.09766292142452
waybill_04824,3,1.0,118.72,39.83357808725268,51.08207309752211
waybill_00974,3,1.2,283.44,42.499111516656946,51.057996952396905
waybill_10602,3,0.43,551.27,51.04127027289065,51.045458732571504
waybill_02030,2,1.0,276.87,30.993449798997958,51.045297365214786
waybill_11698,3,1.0,107.69,41.67550980713483,50.97638201255552
waybill_02102,3,1.0,292.67,50.89864195728449,50.90889295381119
waybill_02333,3,1.0,359.36999999999995,38.48538210648205,50.904009407428674
waybill_10173,3,0.29,309.68,50.89290638310489,50.89539479168563
waybill_08784,4,1.2,378.05999999999995,46.68046947994273,50.86365153454281
waybill_09731,3,1.0,210.42000000000002,50.85830874292802,50.85830874292802
waybill_05508,5,1.1,308.02,47.083616440097835,50.84309180077411
waybill_11711,3,1.0,122.67999999999999,39.19488374374195,50.83225667506643
waybill_02289,4,1.87,143.87,48.1365238274056,50.69950373214909
waybill_03179,3,0.6,240.58999999999997,30.7717492140012,50.680163042943654
waybill_11473,3,1.0,277.27,30.768472520145735,50.67476642484172
waybill_01366,4,1.0,229.83999999999997,45.79871471295828,50.597508088336596
waybill_01007,2,4.78,330.27,42.26061400725031,50.56221895093159
waybill_00794,2,1.0,358.09000000000003,36.69042049177907,50.5463941111028
waybill_01354,4,5.18,311.89,45.085375939026896,50.52986675578922
waybill_06675,3,3.87,231.04000000000002,43.090163837102715,50.52710564670506
waybill_10750,3,2.36,244.01,50.470873459886114,50.48210962307987
waybill_00102,3,2.68,73.23,48.02642395894736,50.45758905033713
waybill_06508,4,1.0,322.78999999999996,30.610711957606902,50.41493943302491
waybill_02777,3,1.0,267.79,30.593322459410388,50.38629944256792
waybill_06459,3,1.0,279.09000000000003,45.51314364496713,50.31227045202239
waybill_04827,3,5.36,98.67999999999999,42.71305149907326,50.28491151762381
waybill_03087,4,0.1,893.16,40.284774365049955,50.278278344415156
waybill_02278,2,1.2,271.68,30.511129687484328,50.25093037228222
waybill_03224,3,1.0,82.25,44.72415322447892,50.22121532962686
waybill_03171,2,0.9,119.0,30.44098807082666,50.13540919915732
waybill_06436,6,1.0,247.23,39.81859887890866,50.13317672442727
waybill_01404,4,4.47,314.69,42.851788862805876,50.10301709791835
waybill_11588,3,1.0,146.6,33.19812482832246,50.1028119514945
waybill_05982,3,1.2,121.69,50.07595231166967,50.09541884262874
waybill_02191,3,0.63,177.92000000000002,30.385290989350462,50.04367774929404
waybill_09358,2,1.0,360.05,35.78675705420466,50.034052118685075
waybill_01591,4,2.3,365.78,44.04666699640264,49.98194077924081
waybill_09740,3,1.0,208.14,49.96766076393451,49.9733089040668
waybill_11431,2,5.16,152.52,49.85939086609355,49.939113117468516
waybill_02650,2,1.2,82.68,39.39309745278804,49.92683186425087
waybill_09567,2,0.4,98.52,49.89895618979448,49.89895618979448
waybill_02064,3,1.0,249.01000000000002,38.897034447544904,49.88824436428494
waybill_00232,2,0.37,110.0,46.36304025748265,49.871955766987185
waybill_04830,4,1.2,140.66,38.50879774789628,49.83853478340442
waybill_03161,3,1.0,76.41999999999999,47.194842109619,49.78764441313081
waybill_02913,4,1.0,272.59000000000003,30.223350275102185,49.77696617094608
waybill_01471,4,1.8,378.98,38.61728826176658,49.75677843327069
waybill_11577,3,3.0,80.7,40.21071321097599,49.734199401779186
waybill_01313,4,1.0,439.87,41.75066612731467,49.7217455058961
waybill_01105,3,1.0,273.05,35.12840904713847,49.717987380237915
waybill_09646,2,1.0,228.49,49.684007584885585,49.684007584885585
waybill_03319,3,0.436,581.11,41.99854302832887,49.65726274068129
waybill_08623,1,5.5,288.69,49.65504774658381,49.65504774658381
waybill_00602,4,0.3,462.62,39.76492408115751,49.617299095332044
waybill_11834,4,0.5,87.75999999999999,46.45146662375937,49.58780875867244
waybill_07250,3,1.0,268.01,34.7856980902465,49.566175482089506
waybill_10537,3,1.0,351.15999999999997,49.55199337858603,49.55675446468508
waybill_00113,3,0.6,346.97999999999996,39.470488142782095,49.54901189355244
waybill_01979,2,1.0,342.64,49.51143341567722,49.51143341567722
waybill_06581,2,1.0,219.67000000000002,43.89917115555252,49.50145674284681
waybill_01349,4,1.2,426.87,43.92883942531094,49.501058708622
waybill_02826,3,1.2,76.41999999999999,47.01862553640902,49.49742091627846
waybill_07507,4,1.0,488.09,48.09657193570539,49.48799788990376
waybill_08777,4,1.0,144.79,40.41607610733699,49.43791647625039
waybill_08613,2,0.29,165.0,39.63540721659531,49.41844334551264
waybill_07567,3,1.0,487.89,48.034852336430724,49.386347530919224
waybill_00168,4,0.6,290.3,29.984307566929534,49.383269883479116
waybill_05602,2,1.1,120.50999999999999,49.35575468225895,49.35575468225895
waybill_05795,2,4.16,321.09,42.847889182785586,49.316672255783985
waybill_00207,3,1.98,92.58999999999999,43.48386221875579,49.30900955458019
waybill_01247,3,1.0,286.79,29.937331524617075,49.3059017278065
waybill_01258,3,2.87,225.89000000000001,44.11525684126856,49.301999373576415
waybill_02340,3,1.0,176.52,44.49616478256579,49.29600313086986
waybill_05816,3,0.79,136.18,39.06346639793224,49.26399990549172
waybill_07800,2,5.16,215.85000000000002,43.18999840405286,49.251487728010616
waybill_09994,3,1.0,368.08,35.07835216810116,49.23620452816131
waybill_02836,3,0.36,176.05,45.033033098253796,49.18071493089022
waybill_07993,3,3.87,224.37000000000003,43.076469799166034,49.164150473289055
waybill_05300,3,0.322,551.27,49.15784469914266,49.15926920882275
waybill_11833,2,1.0,67.57,46.827235542348795,49.13722999156458
waybill_08232,2,2.2,236.02,31.134538536134794,49.13095758649941
waybill_00039,3,5.05,89.27,48.35490801316046,49.109105057619075
waybill_08284,3,0.47,287.29,49.08397965235726,49.08793844332407
waybill_06401,3,1.0,515.48,48.441077161248344,49.0602388235731
waybill_01599,3,1.8,312.81,48.08003831233255,49.05280827010735
waybill_00600,4,1.1,231.03,45.424873721038196,49.0247590005848
waybill_10269,3,1.0,128.95999999999998,44.95087249062995,49.020411472367336
waybill_04639,3,0.431,580.53,41.47367632933775,49.016596838531555
waybill_06537,2,1.0,218.61,43.57205727939679,48.96270984022879
waybill_01518,4,1.2,363.03999999999996,48.943731988313914,48.95265982437221
waybill_11762,3,4.51,74.92,46.042084299782914,48.913568149803
waybill_00821,1,1.0,252.91,48.839581889040495,48.839581889040495
waybill_01853,3,1.0,281.77000000000004,43.50886913812478,48.83695868060939
waybill_10087,2,2.36,71.6,48.75624293035283,48.77603780056344
waybill_03559,3,1.0,367.56,34.45872458266322,48.737389908367774
waybill_05255,4,1.0,205.5,48.726344356515206,48.73076829962108
waybill_08718,1,5.2,63.08,48.725646681597,48.725646681597
waybill_00204,3,2.68,91.6,41.19010350417346,48.688205343794124
waybill_11189,4,3.87,210.5,48.65518686069819,48.67422902004356
waybill_03781,2,1.0,335.6,48.623941807155916,48.623941807155916
waybill_11840,2,0.325,66.53,46.506293626120524,48.608648124845004
waybill_11545,2,2.035,66.53,46.506293626120524,48.608648124845004
waybill_11859,2,0.5,66.53,46.506293626120524,48.608648124845004
waybill_11989,2,0.46,66.53,46.506293626120524,48.608648124845004
waybill_11707,2,0.275,66.53,46.506293626120524,48.608648124845004
waybill_11742,2,4.3,66.53,46.506293626120524,48.608648124845004
waybill_11513,2,0.319,66.53,46.506293626120524,48.608648124845004
waybill_11496,2,1.46,66.53,46.506293626120524,48.608648124845004
waybill_11503,2,4.97,66.53,46.506293626120524,48.608648124845004
waybill_03993,3,0.43,567.15,48.59325491258337,48.59325491258337
waybill_06947,3,2.36,283.27,29.497416890869232,48.58137530559151
waybill_08755,4,0.346,588.21,48.573908189745886,48.57649328183209
waybill_09679,3,1.0,230.25,38.990862974961516,48.57424530532952
waybill_01082,3,1.28,84.88,48.528636425272026,48.53742348070388
waybill_02174,3,1.2,339.73,40.03463284508892,48.536217262874956
waybill_01872,3,1.2,224.79000000000002,29.45234881013671,48.50714950634713
waybill_11270,3,1.2,241.01,48.49069894126919,48.496603486802634
waybill_01061,3,0.3,265.84,48.492343812346135,48.49440327846298
waybill_11908,2,1.0,66.37,46.3827028926225,48.48505739134698
waybill_07915,4,2.5,221.85,46.67301305697712,48.456723497512925
waybill_03546,2,0.425,301.15999999999997,48.42991245374716,48.42991245374716
waybill_04744,3,1.0,339.73,45.722436026535995,48.387079580335104
waybill_07883,4,2.0,238.99,43.17091257703769,48.371337722048736
waybill_04720,3,1.2,111.02,37.12038373916421,48.35173381479431
waybill_08822,3,1.0,218.39,47.19906421731923,48.290713362420675
waybill_00057,3,2.01,103.78999999999999,37.95625822835789,48.2800058815219
waybill_08077,4,1.2,209.48999999999998,48.271381615218196,48.27950296410665
waybill_10316,3,1.2,274.13,33.4874458812947,48.2721238370381
waybill_03703,4,0.5,555.1600000000001,48.23380613368987,48.23380613368987
waybill_08414,2,1.2,195.73,30.101193385672726,48.233751369923176
waybill_00021,3,1.09,497.53000000000003,47.688290352673675,48.22873980113696
waybill_09240,3,3.0,268.27,29.27429658568185,48.21390274605488
waybill_04545,3,1.0,207.56,41.270863836573874,48.17489219040982
waybill_07750,2,2.36,335.64,41.57700440099363,48.16094493279816
waybill_02996,3,1.36,240.59,29.24062844459671,48.15845231105747
waybill_04602,2,1.0,244.74,37.539758373705276,48.147364690631356
waybill_07292,3,1.0,159.64,29.57272126458091,48.146620828861245
waybill_04632,2,1.0,273.61,31.740149954123353,48.11176143516868
waybill_11453,3,1.0,339.73,48.06895684444614,48.08440689316222
waybill_09933,4,1.2,214.84,48.00963759735988,48.019702785602554
waybill_12023,2,2.0,66.53,46.11978483163197,47.97207954416455
waybill_09441,2,1.0,195.73,29.797394371252892,47.929952355503346
waybill_02824,4,1.2,234.59,29.09808147781461,47.923681662578815
waybill_03891,2,0.43,347.17,47.90896239763019,47.90896239763019
waybill_00112,3,0.6,77.6,43.29134189359465,47.86141734238889
waybill_03048,3,1.0,240.58999999999997,29.057960988138877,47.857604399827565
waybill_10519,3,1.0,241.01000000000002,47.846807311453304,47.856547915362256
waybill_02751,3,1.0,262.79,29.050332477543723,47.84504046795459
waybill_11843,3,2.14,74.92,45.39297596221816,47.844505869607765
waybill_11879,3,1.0,73.43,45.991687280732386,47.841066215378646
waybill_11112,3,1.0,269.01,32.858217527105836,47.83615468862959
waybill_03913,3,0.5,970.16,45.10440704310531,47.835671007260196
waybill_00182,3,1.45,97.48,41.32270776693049,47.7993557962743
waybill_11949,3,1.7,212.02,44.21374051867714,47.790724718463025
waybill_11930,2,2.5,65.44,45.66433175416521,47.76668625288969
waybill_11874,3,1.0,235.67000000000002,39.72045192246264,47.75158785640562
waybill_08343,1,0.39,93.95,28.99278175927466,47.75025613298452
waybill_10175,3,1.87,194.22,47.68906930704898,47.70511525203517
waybill_09213,2,1.2,195.73,29.565545329432844,47.6981033136833
waybill_09101,4,2.8,147.64,34.68326006316248,47.677706333725176
waybill_04029,2,1.0,342.71,47.6738895395288,47.6738895395288
waybill_08523,2,2.5,338.04,37.79978736947118,47.65270232788078
waybill_03648,1,1.0,246.59,47.61912339574748,47.61912339574748
waybill_02795,3,2.22,82.86,39.275270108918306,47.61884288913729
waybill_00855,2,1.2,190.95,47.56827204862302,47.56827204862302
waybill_05456,3,2.36,216.62,44.26388727621905,47.56661892002742
waybill_07835,3,1.5,138.69,34.558914760407475,47.53641166611414
waybill_00399,5,0.39,637.81,47.200310024828305,47.509725703170005
waybill_00396,5,0.39,637.81,47.200310024828305,47.509725703170005
waybill_08739,2,5.2,225.82,39.44059297590469,47.492630671399304
waybill_04387,2,1.0,117.78,47.475599071810585,47.475599071810585
waybill_01780,3,1.0,279.09000000000003,42.68182650784425,47.474843870216645
waybill_09563,3,0.03,173.88,47.43896666005387,47.43896666005387
waybill_03893,4,1.0,342.33,31.749450116090067,47.43886139654814
waybill_11780,3,1.0,76.9,45.74193601475015,47.42973324915253
waybill_11747,3,0.99,76.9,45.71584831451076,47.38676757656911
waybill_05266,3,1.0,158.64,29.004517394859253,47.37709080450379
waybill_04381,2,0.425,347.17,47.35188143951821,47.35188143951821
waybill_06945,4,3.87,235.67,31.445256553467004,47.33206731322988
waybill_10359,3,3.87,227.01999999999998,30.95991512439958,47.32225126479506
waybill_05955,3,1.0,122.71,44.442080289041314,47.27142441973398
waybill_00502,4,2.1,292.06,28.69623781145063,47.26185700037097
waybill_00551,4,0.35,511.59,46.4795838977942,47.24991497166822
waybill_11968,2,1.8,66.53,45.66382109602132,47.221120724706125
waybill_11437,3,2.36,339.77,38.71143651086783,47.2203144500099
waybill_10531,3,3.87,149.82999999999998,30.40288631421489,47.19223079556221
waybill_07372,3,1.0,258.93,35.44559574885116,47.19133540274431
waybill_08993,2,2.2,151.89000000000001,28.648857248590325,47.18382261129132
waybill_11570,2,1.94,75.64,38.64920734932693,47.16244531947049
waybill_01356,3,1.2,197.29,47.1350572301547,47.143579882387876
waybill_03229,3,1.0,240.59,28.615151511435368,47.12831025667618
waybill_03233,3,1.0,240.59,28.615151511435368,47.12831025667618
waybill_09468,4,4.51,122.67,34.74045563232642,47.12736890948358
waybill_03391,5,1.0,264.02,46.27548809831661,47.10882569226165
waybill_10694,1,0.62,116.0,47.079690429968615,47.079690429968615
waybill_03883,2,1.0,192.91,47.04944735853002,47.04944735853002
waybill_10884,3,6.18,214.89,28.5658893845469,47.0471769871572
waybill_02862,3,1.2,113.64,37.37364307086082,47.03063270527231
waybill_10523,3,2.36,230.01,47.02049118234629,47.02049118234629
waybill_05260,5,1.0,126.67,40.51375047777225,47.008919411716946
waybill_11526,2,0.69,64.39,44.85326756558441,46.95562206430889
waybill_11552,2,1.69,64.39,44.85326756558441,46.95562206430889
waybill_11943,2,2.62,64.39,44.85326756558441,46.95562206430889
waybill_11537,2,1.43,64.39,44.85326756558441,46.95562206430889
waybill_09099,4,0.33,610.76,35.074884769126,46.95428684854102
waybill_10584,5,5.16,247.14999999999998,33.25368124409576,46.91213916214592
waybill_01823,4,1.0,421.75,46.04461626788057,46.880169661265846
waybill_09554,2,0.03,152.78,46.87122172804732,46.87122172804732
waybill_09591,2,0.03,152.78,46.87122172804732,46.87122172804732
waybill_11828,1,2.0,91.0,46.8614864513351,46.8614864513351
waybill_05050,2,1.0,239.25,36.057657935632434,46.7910461456446
waybill_05119,3,1.0,1460.04,46.76025690269818,46.76468084580406
waybill_01735,3,1.2,370.62,32.069864651605215,46.73283313090304
waybill_00374,3,0.3,303.56,45.40881911244305,46.710276847360696
waybill_06206,5,1.0,142.67,30.234592389672752,46.68924882815493
waybill_00060,3,1.47,84.88,42.38765686787757,46.67849721456035
waybill_05221,4,1.64,215.82,35.00638203794432,46.64861633489707
waybill_02821,4,1.0,229.59,44.06754825634966,46.59109540689838
waybill_03438,2,0.5,222.3,30.05002610235574,46.58735023619701
waybill_02540,3,0.36,214.47,28.277825937600614,46.572744989274305
waybill_08596,2,1.5,192.91,46.56158919998517,46.56158919998517
waybill_03220,3,1.0,102.25,33.11228860590933,46.539006558351986
waybill_08714,2,1.0,196.67000000000002,46.538822485919745,46.538822485919745
waybill_01766,2,1.0,83.0,46.526642849866654,46.526642849866654
waybill_02923,3,0.3,170.85,28.238487312401478,46.507955434247314
waybill_06674,3,3.87,337.0,38.50606711159711,46.494053405195615
waybill_08778,3,4.5,226.01000000000002,40.056134230948715,46.4786769243769
waybill_01005,2,4.87,321.09,39.98178896929294,46.45057204229134
waybill_04015,4,1.0,278.41999999999996,39.25822019076095,46.43439295797903
waybill_07947,3,2.0,237.01,46.35699602068436,46.3784016313257
waybill_10541,5,2.36,247.39,46.090325090852566,46.36056350644295
waybill_06372,2,2.36,236.49,36.17000633824829,46.352350064264286
waybill_10156,2,1.0,115.11,43.29278224791519,46.28958576414068
waybill_00358,3,0.3,152.82999999999998,28.89900109172724,46.271895474739
waybill_10953,2,1.0,344.42,35.13833571316005,46.265041906314394
waybill_06960,2,0.29,153.0,35.66674591685333,46.248397239967986
waybill_08550,1,0.465,252.91,46.22983323848108,46.22983323848108
waybill_08786,2,7.5,188.17000000000002,46.169542101391905,46.169542101391905
waybill_07696,2,1.0,331.21,46.14950624181766,46.14950624181766
waybill_10821,3,3.87,327.90999999999997,39.96469361700339,46.11249063567124
waybill_07282,4,1.0,232.49,42.21389189246413,46.10125803545552
waybill_00173,5,1.68,115.35,43.18094407772624,46.022538766052826
waybill_09321,2,0.29,132.92000000000002,27.92547354610346,45.99243099654484
waybill_09541,2,0.03,291.2,45.98057335989521,45.98057335989521
waybill_03046,3,1.4,103.78999999999999,36.218617727009345,45.97874325912986
waybill_01448,4,2.8,365.77,40.97289307386102,45.9448589790904
waybill_08436,2,2.36,152.52,45.92350788303048,45.94338606745956
waybill_04244,4,1.0,245.9,44.567391492794,45.94311249070667
waybill_02538,4,0.89,228.27,31.828216289441162,45.92641753641348
waybill_07038,3,1.0,269.01,30.905233052687393,45.88387521444789
waybill_04286,3,0.432,574.16,39.57708306465853,45.848208877093086
waybill_02190,2,1.54,152.52,45.825679882830215,45.84147117561462
waybill_02094,3,1.06,291.8,27.75844014342165,45.717331910605324
waybill_03255,5,2.0,295.42,32.80545997325584,45.70296655064048
waybill_03288,2,1.0,292.06,45.66050441899545,45.66050441899545
waybill_05210,4,1.0,201.5,45.63657601906454,45.64099996217042
waybill_08181,2,4.87,195.73,30.597328491434716,45.64086467257606
waybill_07144,2,0.4,171.26,27.711074279685572,45.63932173054958
waybill_06892,3,1.0,152.82999999999998,28.247680983656593,45.62216872800908
waybill_10415,3,2.36,338.78999999999996,39.716625518235915,45.57050253009432
waybill_08522,2,1.0,119.74000000000001,33.09972786821983,45.56411451165471
waybill_02660,2,1.0,98.11999999999999,27.664242004622043,45.56219035529415
waybill_03440,4,0.5,964.3000000000001,45.561855253030906,45.561855253030906
waybill_03815,2,1.0,239.61,35.956650652310074,45.54003298267807
waybill_10307,3,1.0,181.5,45.51955416315253,45.52813488239648
waybill_10188,4,1.03,149.64,30.517337818852056,45.50021085087333
waybill_02239,3,1.2,165.17000000000002,45.479714353808674,45.49201925727704
waybill_06289,2,8.6,232.07,27.61712697697765,45.484593294880554
waybill_02868,2,1.2,103.23,36.305147920875676,45.473250350261054
waybill_08767,3,4.5,224.01000000000002,39.43893823820204,45.46217333453157
waybill_11600,3,2.35,93.38,39.04440887779935,45.423345353247214
waybill_01351,3,1.2,191.87,45.40629640053473,45.41481905276791
waybill_11622,2,2.0,220.55,38.51091848843554,45.39897453838754
waybill_10219,3,1.0,291.27,27.554843510884165,45.382014263882155
waybill_02392,3,0.33,136.37,44.54531930002131,45.37898126780083
waybill_02929,3,1.0,97.52,27.518081647654903,45.32146855979286
waybill_00603,3,0.3,274.14,29.967165154790983,45.29404732518823
waybill_07211,2,0.57,212.6,27.500637380431623,45.292738366364716
waybill_09640,3,1.0,200.98000000000002,45.26713446266885,45.26713446266885
waybill_02044,3,1.36,224.37,39.185871889830146,45.26130256906421
waybill_05615,3,1.0,334.77,45.23397428372461,45.24362886519381
waybill_11846,2,1.71,66.53,44.46211639938463,45.24194854533232
waybill_07414,3,1.0,181.5,45.234456506808854,45.2405528060012
waybill_11806,2,1.29,66.53,44.451030970274125,45.22369117066005
waybill_11870,2,4.12,64.39,43.791327401593826,45.20663794648677
waybill_06713,3,1.0,199.47,45.16795202588335,45.17925994560442
waybill_10971,3,1.0,225.9,35.58686011954161,45.17024244990961
waybill_11999,2,1.99,64.39,43.766465926182676,45.16569183001602
waybill_02060,3,1.87,154.74,45.13868271171094,45.15785207521587
waybill_02068,3,1.87,154.74,45.13868271171094,45.15785207521587
waybill_03256,4,2.0,286.90000000000003,32.46620127272671,45.14421748060937
waybill_01116,3,1.0,264.01,32.338683159923534,45.123391154137
waybill_11521,2,1.5,65.44,44.0504677895073,45.108699919737745
waybill_11493,2,1.0,65.44,44.03956330325961,45.09074055262185
waybill_11744,2,1.0,65.44,44.03956330325961,45.09074055262185
waybill_08671,2,1.0,359.56,30.898530502357005,45.047995205548254
waybill_09843,3,4.5,179.08,39.71630692624923,45.044528446314814
waybill_02835,4,4.87,204.58999999999997,27.327872466501177,45.00819965050545
waybill_02293,3,1.0,243.01,35.20441762856248,44.99770784370345
waybill_09495,2,1.54,212.6,27.307086055301298,44.97396504455695
waybill_00166,5,0.4,253.0,37.05645824886619,44.94402980734416
waybill_12017,3,2.35,112.34,34.604321120317636,44.938719453421356
waybill_00765,2,1.0,260.49,29.938604219627827,44.912639110827826
waybill_07866,3,1.5,209.06,37.60498389662742,44.894344081663576
waybill_08948,3,0.92,199.45,27.25732566890666,44.892011156332345
waybill_08476,2,1.0,132.52,27.789237195017215,44.88359542681113
waybill_07379,4,1.0,230.05,41.460912781313205,44.86112365584422
waybill_00200,2,1.11,66.21,44.73799547165945,44.85174040561371
waybill_06260,2,5.16,126.31,31.05924140819924,44.83535350810324
waybill_00772,3,1.02,187.0,27.21584955894518,44.8237012269677
waybill_09054,4,1.2,246.05,44.80088413282489,44.80814814633462
waybill_09954,1,0.28,116.0,44.80164089303466,44.80164089303466
waybill_09758,3,1.0,201.43,44.78457437786102,44.79022251799331
waybill_05885,2,0.385,140.93,27.807817544021294,44.782383496685604
waybill_08828,3,1.2,223.47000000000003,40.10711906412534,44.776004359559984
waybill_09715,3,1.6,192.97,37.89269265099255,44.758326043569014
waybill_04620,3,1.0,266.95000000000005,29.684887298276955,44.72680448098372
waybill_09667,1,0.28,88.0,27.156623680853325,44.72615795319466
waybill_08347,1,1.05,88.0,27.156623680853325,44.72615795319466
waybill_02028,1,0.77,88.0,27.156623680853325,44.72615795319466
waybill_05189,2,2.36,331.25,41.60773059885126,44.68342798725199
waybill_10240,2,2.36,297.21,44.55509750023856,44.57534799765429
waybill_04892,3,1.0,228.53,42.169399898729935,44.56524548132193
waybill_04963,3,1.0,228.53,42.169399898729935,44.56524548132193
waybill_04789,2,1.0,123.38,44.477277252791886,44.55227947341095
waybill_04736,2,1.0,65.83,44.436874340371496,44.54570673727746
waybill_08833,1,1.73,100.0,44.5441601982471,44.5441601982471
waybill_06120,1,0.57,252.91,44.54169868280493,44.54169868280493
waybill_11349,3,1.0,149.82999999999998,27.747851686655466,44.52369121941067
waybill_11562,2,1.0,65.44,43.679206098194946,44.49724286812665
waybill_07328,3,1.0,149.45,27.498954564815378,44.479616816672035
waybill_11971,2,1.0,66.53,43.97409378872681,44.43818970456003
waybill_01498,3,1.3,141.04000000000002,27.331107458064015,44.435137512254414
waybill_11610,2,1.99,66.37,43.90668015762999,44.407121001225896
waybill_03116,2,1.2,95.52,26.954365620945143,44.39304489609771
waybill_03800,2,0.43,318.0,31.377514665815216,44.37298041339132
waybill_10785,3,1.2,288.27,26.92698948678825,44.347957210867094
waybill_00680,2,4.4,194.01000000000002,44.30343585034519,44.34387577686354
waybill_09184,3,2.5,242.01000000000002,34.73613413965696,44.334649831503555
waybill_11975,2,0.87,66.53,43.902212684258124,44.31980364633354
waybill_10451,3,0.29,133.34,27.315675955162092,44.31845105742789
waybill_04958,2,1.7,75.16,40.474049902631805,44.31738552470647
waybill_10008,3,2.36,248.01,33.50112394054491,44.30222393241951
waybill_09852,3,2.5,338.78999999999996,35.98572684707186,44.30145214108385
waybill_02353,3,1.0,69.17,42.31089473361818,44.27764568050721
waybill_08892,3,1.0,149.45,27.281737368692944,44.26377468576826
waybill_11522,2,1.48,64.39,43.21759462843112,44.26171699692516
waybill_07705,2,1.2,273.25,41.353994067371154,44.25732330518491
waybill_08577,3,1.0,175.57999999999998,35.44070355184914,44.253422219816706
waybill_11658,2,1.0,65.44,43.52764995571401,44.24763437308541
waybill_10795,4,1.0,207.5,44.24324545649046,44.24714772681423
waybill_09502,2,2.5,155.12,44.24072910254361,44.24072910254361
waybill_07628,2,5.16,231.26999999999998,26.841352543713747,44.206915692319285
waybill_07427,3,1.0,279.09000000000003,41.804811532698174,44.20475687649702
waybill_07228,3,1.0,279.09000000000003,41.804811532698174,44.20475687649702
waybill_11730,2,0.31,66.53,43.789749549474124,44.134580181540045
waybill_05190,3,0.36,263.71000000000004,42.54890716436134,44.13134596378833
waybill_11869,2,1.0,66.53,43.78772680630462,44.131248783220386
waybill_02773,3,1.0,142.82999999999998,28.714296029086974,44.1093189961473
waybill_07052,3,2.36,183.42,28.429414499452076,44.10423422356023
waybill_12015,2,0.27,66.53,43.75244879407714,44.07314693795036
waybill_07230,3,1.0,278.56,41.72303306365924,44.07007015084252
waybill_07236,3,1.0,278.56,41.72303306365924,44.07007015084252
waybill_01254,2,1.0,71.11,35.82261863474858,44.04635859699562
waybill_11825,2,0.88,66.53,43.73177208537143,44.039093008773015
waybill_03508,2,1.0,189.0,44.02919880867199,44.02919880867199
waybill_11774,2,1.0,65.44,43.390631759804826,44.02196944710947
waybill_05375,4,1.2,134.64,37.027720731249765,44.02091241220348
waybill_08717,2,3.5,228.49,44.00349738424664,44.00349738424664
waybill_04444,3,0.44,560.25,43.95516425267013,43.95516425267013
waybill_06423,3,2.36,214.79,26.68357521134984,43.947061081095384
waybill_00356,4,0.5,260.06,34.72754912419899,43.936954559271285
waybill_07668,2,1.0,253.49,30.337162593362578,43.91362089471724
waybill_05934,2,1.0,190.95,43.88998452074659,43.88998452074659
waybill_05776,4,1.1,224.82,32.15958233215967,43.85620501899575
waybill_00161,3,1.8,94.7,37.721289392275075,43.84467139378313
waybill_02711,3,1.0,149.2,27.3071347072241,43.81223279421872
waybill_07094,3,1.0,263.28000000000003,31.094428640592085,43.70717328954298
waybill_08172,3,1.0,197.51999999999998,43.69745406760525,43.704221858345626
waybill_03503,2,0.5,132.52,26.589880513172805,43.68423874496671
waybill_11795,2,1.0,66.37,43.45458408198946,43.66253210362393
waybill_05878,2,1.0,359.03999999999996,29.60633878051053,43.65198350845613
waybill_03090,3,4.41,65.89,43.17447556548305,43.65137525420866
waybill_02864,3,1.87,67.88,40.73085846175794,43.64437667655645
waybill_06617,2,1.0,189.0,43.64421169953277,43.64421169953277
waybill_11643,2,2.08,64.39,42.841649483510814,43.642546435405855
waybill_08073,3,1.1,298.27,26.49850345598229,43.64225336049938
waybill_02800,3,2.68,182.71,26.49386751785459,43.63461810718522
waybill_02788,3,1.2,107.42,35.2987226981101,43.61330007134179
waybill_05303,3,1.0,253.26000000000002,32.99543286766384,43.607463127695794
waybill_04988,2,3.87,200.91,28.37143181371388,43.60251584596199
waybill_06074,3,1.87,189.14,43.57980363506863,43.60069076829214
waybill_01500,4,1.2,331.53,32.963944213965064,43.554523373138025
waybill_00589,2,5.12,117.47,26.431279866584607,43.531538092176056
waybill_11575,2,1.0,65.44,43.06470223271625,43.48517313246115
waybill_11599,2,1.0,65.44,43.050712054274015,43.46213172134338
waybill_02740,2,0.42,261.43,43.42703620209157,43.43614200317147
waybill_03285,3,1.0,368.27,40.77507677094636,43.42315165237235
waybill_06929,3,1.0,199.47,43.4080853800655,43.41269265062599
waybill_10227,3,2.36,224.37,37.29979656188545,43.38153638325893
waybill_03643,2,1.0,69.7,35.38749545986218,43.329723566154655
waybill_11847,2,1.0,65.44,42.95458503537913,43.303813357426385
waybill_06321,3,4.16,179.82999999999998,43.2559300374121,43.30347350363586
waybill_11938,2,0.03,66.53,43.270240279918504,43.27896374256881
waybill_09713,3,1.0,199.47000000000003,43.27058789251019,43.27623603264248
waybill_07872,2,0.91,130.0,42.66251706054683,43.27349302106329
waybill_04710,2,0.6,128.0,26.27163603836121,43.26860941734205
waybill_11716,1,0.285,56.0,43.25675672430933,43.25675672430933
waybill_11654,1,1.0,56.0,43.25675672430933,43.25675672430933
waybill_11635,1,1.0,56.0,43.25675672430933,43.25675672430933
waybill_11597,1,6.0,56.0,43.25675672430933,43.25675672430933
waybill_01602,2,2.7,227.79000000000002,26.243424253349513,43.22214543980923
waybill_10802,3,3.77,215.72,32.21527552082983,43.20821366895612
waybill_03840,2,1.0,192.91,43.206076987554795,43.206076987554795
waybill_00727,2,1.0,181.51999999999998,26.22230589902033,43.18736413332065
waybill_07435,3,1.0,145.82999999999998,27.19549369249936,43.17389387563837
waybill_03791,2,1.0,263.86,28.731319489483354,43.15630643467268
waybill_11689,1,1.0,55.84,43.1331659908113,43.1331659908113
waybill_03512,2,1.0,328.48,43.12415416649373,43.12415416649373
waybill_09550,2,0.03,253.49,43.09204883030297,43.09204883030297
waybill_05830,2,1.0,218.12,37.782458440803175,43.075280640346
waybill_11769,2,1.0,65.44,42.809156126845664,43.06429623591417
waybill_01357,3,2.7,102.97999999999999,43.04386978067814,43.063045748202796
waybill_03636,3,1.0,214.48000000000002,42.59300429763706,43.05786489192609
waybill_08943,3,1.0,277.27,26.141151050117347,43.05370449163031
waybill_07327,3,1.0,334.77,43.012078101310806,43.018174400503156
waybill_07762,2,1.2,133.31,27.83648295752426,43.010171647273594
waybill_06161,3,3.87,129.82999999999998,30.143769829372065,42.96483924967109
waybill_09108,4,1.0,378.06,35.30465009171297,42.96343353470036
waybill_06935,3,2.3,240.58999999999997,26.083475483739292,42.95871453550835
waybill_11788,2,1.3,65.44,42.744825943944214,42.95834632272092
waybill_00533,3,0.36,574.06,36.685995537519474,42.9371559700991
waybill_11982,2,1.29,64.39,42.41297827059492,42.93653759556685
waybill_05767,2,5.36,297.21,42.69487065685132,42.93411573554752
waybill_08614,3,1.0,230.47,37.73808440216621,42.91710393653591
waybill_06759,3,1.2,194.22,42.89299031599059,42.906559819655875
waybill_00196,3,0.6,124.32000000000001,31.107378676171916,42.8503453417048
waybill_11803,2,0.36,64.39,42.35362379496041,42.83878252543529
waybill_07694,2,1.0,189.0,42.80849438591652,42.80849438591652
waybill_11820,2,0.5,65.44,42.6509530574275,42.803740448323175
waybill_11284,3,2.36,231.04000000000002,35.39302839227812,42.79782082544238
waybill_02714,4,0.29,289.53999999999996,35.10580870598998,42.77000890636207
waybill_07534,4,5.16,218.44,36.16683045723987,42.764077045577075
waybill_02036,3,3.87,268.93,35.708215867598575,42.72851185731857
waybill_02878,2,2.2,212.28000000000003,25.92089961767781,42.69095688086404
waybill_00826,3,1.0,196.79000000000002,41.38290684270158,42.66931744615018
waybill_11945,2,0.48,64.39,42.23267328993022,42.63958061226399
waybill_11642,2,0.2,65.44,42.54425847394012,42.62801761731559
waybill_09728,3,1.2,241.01000000000002,42.613288511394565,42.620066279553306
waybill_11939,2,0.91,64.39,42.21850791546722,42.616250658469156
waybill_04972,2,1.2,335.64,33.227861251968186,42.601607093859386
waybill_09009,3,1.0,207.57999999999998,40.560150186154495,42.588632779415725
waybill_05737,3,2.36,222.56000000000003,38.76900692637948,42.57052028883135
waybill_08045,4,1.1,308.59,25.832797607299327,42.54585546919775
waybill_08333,3,1.0,63.57,42.53595582241579,42.54437878191963
waybill_06829,3,1.0,367.56,28.48685944173794,42.54381208940461
waybill_07493,3,1.2,63.57000000000001,42.5342441516655,42.54155971069631
waybill_10891,1,0.56,116.0,42.52359135610069,42.52359135610069
waybill_02677,3,2.31,189.14,32.99197860839905,42.51409434713438
waybill_01889,3,1.0,201.43,42.49757924164727,42.50289851480666
waybill_07366,2,0.45,165.29000000000002,25.800579116789663,42.492792565926585
waybill_10159,2,2.36,228.79000000000002,36.75761034916685,42.488571687975636
waybill_05115,3,1.0,212.43,40.90414811359927,42.481413122139
waybill_11886,2,0.78,64.39,42.13398982348299,42.477051854655606
waybill_07796,2,5.16,113.03999999999999,31.333454964797617,42.46016115795196
waybill_05971,3,2.36,104.34,42.41474003879142,42.45302421634426
waybill_01240,3,1.0,268.01,27.666246413361954,42.44749239306876
waybill_11618,2,1.66,224.05,34.854082581437765,42.440926926312436
waybill_06012,3,2.36,241.35000000000002,32.94612076656469,42.43601576744297
waybill_03491,3,0.5,974.38,33.38507171523284,42.42140263757567
waybill_11865,3,1.88,131.53,33.0769454537256,42.40946213375297
waybill_05093,2,4.16,195.73,27.7864594455977,42.40495580499342
waybill_11624,2,1.5,228.34,33.948824976794924,42.392184117446234
waybill_03036,3,1.0,108.75999999999999,31.668997585433033,42.39201069740395
waybill_11802,2,0.27,64.39,42.07543763339097,42.3806181251413
waybill_04737,3,1.0,118.64,31.857939364262908,42.3487692857342
waybill_02149,3,1.0,141.83,27.161423767217617,42.34536345349365
waybill_08293,3,1.0,237.01,42.31941717211666,42.327840131620505
waybill_10187,3,2.36,139.82999999999998,27.527410738686747,42.32204232875314
waybill_07755,3,2.36,267.27,25.68165293572833,42.29692465460482
waybill_09085,3,1.8,339.72999999999996,42.2569600033016,42.26785602356619
waybill_00665,3,1.16,119.63999999999999,42.24911602438177,42.25977745955479
waybill_00312,3,7.5,106.38,31.972857978139658,42.25680989743576
waybill_00266,3,0.92,143.73,26.84533703189539,42.250091935077414
waybill_02855,2,0.27,64.39,41.99023945826177,42.24029924445367
waybill_03184,3,0.5,240.58999999999997,25.643124345001,42.233469202453044
waybill_10776,3,2.36,184.51999999999998,35.831902241096586,42.232059957869005
waybill_07304,3,1.0,194.22000000000003,42.22310489313877,42.22920119233111
waybill_02244,2,2.87,253.56,38.36994525011451,42.21393404225714
waybill_11837,3,2.6,91.4,25.61826266893226,42.192522755505166
waybill_08066,5,2.5,227.12,36.30858561349472,42.182621117485304
waybill_04276,2,1.0,240.28,31.236112444138033,42.175144066656
waybill_03001,3,1.2,136.78,28.011251075335778,42.15943138147904
waybill_04947,2,2.36,180.62,42.13942638264889,42.13942638264889
waybill_11666,2,0.29,64.39,41.90384712922712,42.098013627516956
waybill_10943,3,1.0,199.47,42.089742912677735,42.09364518300149
waybill_00807,2,1.0,111.12,42.05012651137862,42.05012651137862
waybill_11472,2,6.18,129.75,42.003240315570665,42.003240315570665
waybill_09383,3,1.0,184.05,26.192969773612365,41.9935713908066
waybill_09445,2,1.0,227.4,41.98917407969512,41.98917407969512
waybill_08147,3,1.0,184.5,26.06953896966529,41.959984796206726
waybill_11425,3,6.18,181.5,41.92557737458338,41.955985784080646
waybill_04743,2,1.0,297.21,41.817201858144884,41.95527412792089
waybill_11841,2,0.3,64.39,41.815197273435544,41.952009930619354
waybill_11399,3,2.36,139.82999999999998,27.144714911083977,41.93070827661709
waybill_11928,2,0.31,64.39,41.79343997442509,41.91617630109262
waybill_06731,4,1.0,300.39,25.444988870535912,41.90714592194507
waybill_07729,2,2.36,224.49,34.10721912090315,41.89371726432715
waybill_11623,2,0.27,64.39,41.77850655291445,41.891581396471345
waybill_10062,3,1.0,219.26999999999998,25.434541123776352,41.889938791290135
waybill_11598,2,0.27,64.39,41.775428308291616,41.88651161840034
waybill_06629,1,0.79,116.0,41.88555775798507,41.88555775798507
waybill_11817,2,0.36,64.39,41.77376457142613,41.88377149287101
waybill_02027,3,1.0,288.24,25.399525853239588,41.8322696738326
waybill_10885,3,1.0,344.15999999999997,32.43487690976988,41.81252502198484
waybill_00951,3,4.6,312.81,30.31998594739766,41.81213275084904
waybill_09734,3,1.0,197.52,41.764325828002995,41.76997396813528
waybill_09753,7,1.0,227.18,25.953045717774746,41.76392891952637
waybill_03663,3,1.0,367.56,27.6927353155001,41.76186386153972
waybill_05128,3,1.0,207.57999999999998,40.01916658910856,41.71987608040989
waybill_08651,1,1.0,82.0,25.305035702613328,41.67664718365866
waybill_00672,3,0.3,193.29000000000002,41.11673446901374,41.669235546760326
waybill_01867,3,1.2,360.58,28.971540768016947,41.629985109879456
waybill_11682,1,0.5,53.86,41.60373066377321,41.60373066377321
waybill_11584,1,0.26,53.86,41.60373066377321,41.60373066377321
waybill_02047,2,0.33,261.43,41.59764684684778,41.60102967570159
waybill_00408,3,0.6,322.86,38.160490935811666,41.580598709444814
waybill_11685,3,1.0,95.31,35.19356068056244,41.54752914447727
waybill_08206,2,1.56,188.17000000000002,41.54388621466295,41.54388621466295
waybill_06886,2,2.36,231.26999999999998,25.21641834024817,41.53069700247564
waybill_05582,3,1.0,346.98,31.579971874563654,41.52639600983318
waybill_00058,3,1.3,106.92999999999999,30.790502239416114,41.50573479698709
waybill_10615,3,1.2,189.14,41.48518490418284,41.490898207501694
waybill_10325,3,1.0,207.45,39.85529995488748,41.46753322987834
waybill_03457,2,1.0,134.31,26.091974976263735,41.465317464562396
waybill_01147,3,1.0,79.49,41.43098812521299,41.43785301226912
waybill_06909,3,1.0,178.32,41.43742483329018,41.43742483329018
waybill_06730,3,1.0,181.5,41.4113387742475,41.42264669396857
waybill_12018,3,3.0,94.85,34.484632637714874,41.407628102413
waybill_03058,3,1.0,133.83999999999997,27.890295117359962,41.40324363573717
waybill_03830,2,1.0,326.25,41.401608318364985,41.401608318364985
waybill_02729,2,0.4,261.43,41.35908209723007,41.36775428873474
waybill_02319,1,1.22,88.0,25.0993037050311,41.33781265371021
waybill_04993,3,3.2,192.0,25.085018982024547,41.314286136385476
waybill_08416,4,1.0,247.73,34.38123802197974,41.313654715174465
waybill_01903,2,6.18,276.87,25.080387543296144,41.3066582934492
waybill_06916,3,5.16,132.82999999999998,27.898287100764566,41.29886511966205
waybill_02112,3,1.18,224.26000000000002,35.205580073766995,41.25720365578583
waybill_00321,3,0.9,134.82999999999998,27.446187971501725,41.23134179906504
waybill_06226,3,0.34,257.56,34.608394360037735,41.19278399221636
waybill_07833,2,1.0,331.25,32.695010140969956,41.192275807229585
waybill_02781,4,1.87,229.03,25.009327257619514,41.189624099555175
waybill_00169,4,0.5,290.3,24.986922972441278,41.152724902899266
waybill_07430,3,1.0,141.83,25.96110170700603,41.14088669594771
waybill_06342,3,2.36,234.60000000000002,32.99919053779629,41.13010999502143
waybill_00662,3,1.2,311.38,41.098129424178495,41.10915849504713
waybill_06000,3,1.0,135.63,26.883988591538955,41.091602701558124
waybill_02575,4,0.4,255.36,26.947160032302726,41.05652025565357
waybill_10994,3,1.2,335.53999999999996,33.36400237704013,41.02141519982458
waybill_08607,2,1.0,133.31,25.83348298538539,41.00717167513473
waybill_00248,4,0.6,132.36,28.072810831226754,41.00455699005835
waybill_03653,2,1.0,137.82,25.079489425999565,40.99189717038143
waybill_06850,3,1.0,174.01,40.98445532400271,40.9890625945632
waybill_07499,4,1.0,251.11,29.570391951537168,40.976720147896444
waybill_01139,3,1.0,142.83,25.59216561757535,40.972372992930154
waybill_09605,2,1.2,227.20000000000002,32.63441997748084,40.961979914973526
waybill_06603,2,1.2,331.21,40.95565198913725,40.95565198913725
waybill_01103,3,1.6,237.01000000000002,40.94300111837113,40.95398493766095
waybill_06719,3,1.0,142.83,25.566712349760994,40.95136275778073
waybill_02403,3,1.0,339.77,32.43686137756472,40.94227422694441
waybill_04837,4,1.2,115.4,32.80436495631679,40.93898672302954
waybill_06903,3,1.2,253.26000000000002,30.32356975085451,40.936704792453185
waybill_06607,2,1.0,160.47,40.93057219043735,40.93057219043735
waybill_08904,2,2.2,297.21,40.9080620851379,40.92449908684211
waybill_09839,3,1.2,116.53,40.892460941027366,40.89923870918611
waybill_03199,3,4.0,88.35,33.83790868546748,40.8486750316048
waybill_11262,2,2.36,200.13000000000002,40.823789995172945,40.8354022680554
waybill_10342,3,1.0,251.01,29.425154179716884,40.81400141627283
waybill_05330,3,2.36,225.01000000000002,40.7597291823838,40.77016968811367
waybill_08310,3,1.0,275.27,24.75150145125393,40.76499260355491
waybill_05832,2,1.0,331.21,40.740707162747114,40.740707162747114
waybill_04870,3,1.2,101.3,33.42474273594912,40.729307996298374
waybill_00253,3,1.39,137.64,26.52694612636583,40.72267730868298
waybill_07560,2,1.92,105.69,40.713867007626796,40.713867007626796
waybill_00111,2,0.55,121.0,24.711578017279997,40.69923988573045
waybill_03855,3,1.0,196.31,40.68597739569988,40.68597739569988
waybill_02108,2,1.0,228.82,24.683403823542296,40.652837819916776
waybill_10955,2,1.88,136.6,24.667266510108433,40.626260140818474
waybill_07719,2,1.2,123.85,25.262412212417914,40.62577201078911
waybill_08627,2,1.0,189.0,40.61419169885809,40.61419169885809
waybill_09725,3,1.0,142.83,25.203418440613472,40.582409069044424
waybill_02393,3,1.2,138.83,25.97666214766066,40.56116606150608
waybill_10621,3,1.0,361.49,27.715422134098034,40.55392939094822
waybill_02057,3,1.0,230.63,33.22500327420304,40.54657637360632
waybill_10958,3,1.0,279.09000000000003,35.75092786479278,40.542528224329544
waybill_03157,4,1.0,160.06,35.18254836972767,40.481784797338456
waybill_05894,2,1.0,213.01000000000002,36.205522679335445,40.478113968291176
waybill_05208,3,1.0,199.47,40.46883159988639,40.47325554299226
waybill_07202,2,2.36,231.26999999999998,24.568061165158802,40.46287186471452
waybill_08696,2,1.0,93.85,40.42630822946612,40.42630822946612
waybill_00992,2,1.0,134.31,25.0470575017285,40.420399990027164
waybill_06236,3,2.36,237.31,31.680954429942076,40.35232413943167
waybill_03448,2,0.5,260.49,25.349161762283547,40.32319665348355
waybill_03497,2,0.5,786.3,40.320882258443106,40.320882258443106
waybill_05147,2,1.0,226.49,32.119947501908705,40.30575324243137
waybill_10645,4,5.32,240.72,25.745271212956318,40.28439644124656
waybill_10153,3,1.87,246.68,30.963347614411358,40.273277881869014
waybill_09988,3,1.0,294.27,24.44979081704194,40.268084090902136
waybill_04397,3,1.0,197.52,40.22212656607533,40.245610384169346
waybill_07960,3,1.67,202.0,24.436065912999126,40.24547957889337
waybill_09417,2,1.0,171.51,33.828034805148505,40.224942510669145
waybill_03017,3,1.2,105.78,32.243172940778564,40.19452807786187
waybill_10119,4,1.0,209.5,40.17539378274514,40.18378143961404
waybill_09908,4,1.0,209.49,40.16766936190151,40.17605701877041
waybill_02159,3,1.0,229.77,32.95960899732197,40.10947982997283
waybill_04931,2,1.0,133.31,24.933015099200347,40.10670378894968
waybill_02350,2,1.2,61.3,34.62281799700415,40.10131822919786
waybill_00270,3,4.5,91.24,34.67319685360154,40.091671799842416
waybill_07075,2,5.16,194.01000000000002,40.043577955386986,40.06735147147914
waybill_07064,4,1.0,246.04999999999998,40.03146804058047,40.03607531114097
waybill_07674,2,1.2,336.03,30.57535172597409,40.026962549299526
waybill_00258,2,1.14,128.99,24.287984877422925,40.00159448239209
waybill_05842,2,1.2,163.64,39.967947750260365,39.967947750260365
waybill_02458,4,0.27,247.67000000000002,38.458324326030635,39.95655220171318
waybill_01542,3,1.22,136.16,25.897893718010607,39.94862200331115
waybill_07847,2,1.0,328.79,31.935859069891556,39.94197639171982
waybill_03728,2,1.0,131.3,25.16309500718,39.93547956184517
waybill_08322,2,0.29,79.53999999999999,39.92239973245347,39.92239973245347
waybill_04902,2,1.2,330.32,31.58611991126205,39.8977075448708
waybill_09918,3,1.0,181.6,39.855527223611006,39.86391488047991
waybill_10738,3,2.36,249.01000000000002,28.82165904228612,39.813854125693204
waybill_10662,3,4.16,231.19,32.3596396262163,39.80257397445256
waybill_05350,3,1.0,197.29000000000002,39.76532329788479,39.76974724099067
waybill_05398,3,1.0,197.29000000000002,39.76532329788479,39.76974724099067
waybill_12002,3,1.0,101.03999999999999,38.71192921068197,39.76310646004421
waybill_01452,2,2.3,223.79000000000002,24.140012832123283,39.75788888966057
waybill_09201,3,1.0,138.82999999999998,25.17204922036848,39.752829859061244
waybill_00068,3,1.64,107.83,30.97028520973204,39.71617402482085
waybill_06389,2,1.0,217.37,34.5695613262768,39.712643176907626
waybill_05604,3,1.0,309.24,39.67938212802132,39.68903670949052
waybill_02964,3,1.2,139.64,25.025827712242798,39.68136499986623
waybill_00687,3,6.65,103.97999999999999,29.90541041401949,39.66171830597217
waybill_07926,4,2.5,284.03,24.035694783542464,39.586080141525066
waybill_01312,4,1.0,419.87,35.57870619984801,39.55670960744277
waybill_06281,4,0.89,203.99,24.347588440830048,39.51505552441819
waybill_02801,2,0.36,157.0,39.154241267341796,39.49851823761342
waybill_10485,3,1.2,344.15999999999997,30.100890014890396,39.48632458147234
waybill_06523,2,0.32,234.34,23.9742246632252,39.48484066702256
waybill_05627,3,1.0,199.47,39.470059696939686,39.47971427840889
waybill_03110,2,2.1,85.52,23.94814060956067,39.44188100024035
waybill_07777,3,1.0,93.52,23.94720451857066,39.440339285998924
waybill_08771,3,4.5,158.05,39.43421414239675,39.43421414239675
waybill_03456,2,1.0,130.31,24.857582990770403,39.432310284871726
waybill_06961,2,0.7,151.71,23.942228028358876,39.43214315345018
waybill_01288,4,1.0,320.39,39.42455659413848,39.43165880433279
waybill_03892,2,1.0,133.31,24.219473954773473,39.3931626445228
waybill_08724,2,5.2,110.41,28.762736964686734,39.36435366765633
waybill_02857,2,4.87,66.21,38.38240927961326,39.29576267221837
waybill_11801,1,1.0,77.31,23.857711099622396,39.29294626547136
waybill_07514,2,3.78,161.45,35.808745265389526,39.29270405007539
waybill_10998,2,0.88,59.36,39.276263381193544,39.27969737907845
waybill_10154,2,4.45,77.97999999999999,34.86670002351993,39.27305935750372
waybill_02785,3,1.0,108.76,28.269523824213927,39.23465119832336
waybill_02383,3,1.0,228.26,35.28549716666501,39.20101136867079
waybill_02354,3,1.0,336.32,31.37219829007671,39.18880553446121
waybill_08933,3,2.2,139.37,24.62736540788113,39.16462317807835
waybill_01806,3,1.0,358.81,26.856041358129684,39.160034621928
waybill_09037,3,1.85,115.32,39.09920793671115,39.11040662420532
waybill_08515,2,1.2,344.32,28.001135137503177,39.107875950802594
waybill_02368,3,1.0,335.98999999999995,31.270360951273513,39.02108244213673
waybill_01541,3,2.2,233.79000000000002,23.689873942520382,39.016523419716336
waybill_09181,3,1.0,130.72,23.972788253542667,39.0127726288989
waybill_07276,1,2.36,50.49,39.00060083947103,39.00060083947103
waybill_06247,2,1.0,130.31,24.42028545200512,38.99501274610645
waybill_11362,3,1.0,138.82999999999998,24.3532737265488,38.93292147526133
waybill_02165,3,1.0,227.37,32.21897380602597,38.889675522158434
waybill_08917,3,1.0,337.1,30.904547750394947,38.87620913893886
waybill_00568,2,1.1,152.52,38.85842860673883,38.86853858836842
waybill_00709,3,1.0,293.79,23.59779281948453,38.864868526906044
waybill_10263,3,1.56,264.27,23.59325778487903,38.857399458715804
waybill_10310,3,1.0,336.49,31.001007899340536,38.8519898256023
waybill_05005,2,1.2,122.19999999999999,23.81476034215676,38.84869137292156
waybill_04412,2,1.0,929.12,38.83585279875156,38.83585279875156
waybill_04197,2,1.0,929.12,38.83585279875156,38.83585279875156
waybill_04392,2,1.0,929.12,38.83585279875156,38.83585279875156
waybill_04431,2,1.0,929.12,38.83585279875156,38.83585279875156
waybill_08533,3,1.0,121.69,29.19733098694458,38.780713317312575
waybill_02548,4,1.2,150.98000000000002,24.012326686685547,38.76588777925697
waybill_06305,2,1.0,346.08,27.30580499012111,38.763936488867344
waybill_09230,3,0.56,140.51,23.53349730102294,38.75897570502248
waybill_02080,2,1.12,274.0,23.525701231069323,38.74613580782989
waybill_11427,3,1.0,213.26999999999998,23.516609370360023,38.73116178149468
waybill_02177,2,1.0,131.57999999999998,24.044626698520993,38.71119473995501
waybill_11186,3,1.2,347.76,28.605140132884927,38.70354419508717
waybill_09384,3,1.0,198.98,35.772556481690756,38.68552104120427
waybill_09303,2,1.0,168.46,32.88681091620984,38.67477453615501
waybill_10017,4,1.0,207.5,38.6305096140198,38.638897270888705
waybill_01965,3,3.87,192.52,30.600400640399343,38.6071381694995
waybill_07285,3,1.0,228.51000000000002,38.59869826913183,38.604794568324174
waybill_06341,2,0.43,259.38,38.59933262548631,38.59933262548631
waybill_05096,2,1.0,130.31,24.007221110080348,38.581948404181674
waybill_01896,3,1.0,496.77,38.5477318122276,38.55305108538699
waybill_01895,3,1.0,496.77,38.5477318122276,38.55305108538699
waybill_03812,2,0.5,334.72,38.528793214342315,38.528793214342315
waybill_04672,2,1.0,188.76999999999998,28.680443409462967,38.5233756779451
waybill_02161,3,1.0,140.1,23.82606150349249,38.50288054145321
waybill_10441,3,1.0,247.01000000000002,27.897723154194647,38.489115081218266
waybill_06500,2,1.0,214.95000000000002,33.82275417505333,38.482673833194774
waybill_01538,4,1.3,318.77,30.41025464742287,38.45399532344452
waybill_00758,3,1.0,331.38,23.342511537185224,38.44442778696741
waybill_10458,4,1.2,232.91,38.4068439041941,38.41853262888485
waybill_11267,1,0.57,75.0,38.39755710058604,38.39755710058604
waybill_01158,3,1.0,360.58,25.723183280091455,38.38210938121885
waybill_03996,2,1.0,131.31,23.602277962026808,38.37665905467747
waybill_10166,3,1.0,258.13,26.774678914376693,38.363179949481975
waybill_02658,3,4.87,122.99,26.842066868025732,38.29795215628006
waybill_11484,3,1.0,186.85,35.72759168200259,38.29114645537603
waybill_09835,3,1.0,334.77,38.27461355180922,38.280261691941504
waybill_08303,3,1.2,226.84000000000003,32.92621334115468,38.26907385181199
waybill_05341,3,1.87,191.87,38.25459965171163,38.26287242531962
waybill_04249,4,1.0,137.97,24.845838306251846,38.2595787617888
waybill_04235,2,0.43,305.97,27.665080769444018,38.25871132047164
waybill_04314,2,0.5,358.09000000000003,24.38998501943811,38.245958638761834
waybill_09131,2,1.0,177.61,23.7173037520136,38.23213490655013
waybill_03433,3,0.5,209.2,37.985113381473944,38.217543678618455
waybill_01531,2,2.1,250.34,23.192475977293626,38.197323646586405
waybill_10044,3,1.0,134.82999999999998,24.37404718050492,38.15854693727781
waybill_05322,3,4.16,130.49,25.22158453283174,38.149602750352074
waybill_10311,3,1.0,213.26999999999998,23.15596856258007,38.13719701169502
waybill_00499,3,1.45,121.31,27.034064640487536,38.12542461190012
waybill_07252,2,2.36,57.81999999999999,38.1036326604975,38.118019926591444
waybill_07655,2,1.12,181.63,38.08142829491525,38.08142829491525
waybill_00564,3,1.0,249.01,27.0418524937936,38.032002306397466
waybill_11084,3,2.36,178.19,33.21666401348202,37.98685118238189
waybill_05834,2,1.0,208.10000000000002,34.690306517142375,37.98259765522088
waybill_04820,3,1.21,100.64,37.83833008879965,37.982416258908486
waybill_01720,2,1.09,212.51999999999998,23.058978003424144,37.97745642244663
waybill_08493,2,1.2,99.31,29.561861793239153,37.94732133231115
waybill_06991,2,1.2,528.73,37.917233927726414,37.92276265239901
waybill_05094,2,1.0,89.80000000000001,37.879155376991775,37.879155376991775
waybill_06238,3,1.0,180.03,31.451243755310948,37.85932105079068
waybill_01334,3,1.3,123.13,34.95199405476781,37.858203544971246
waybill_07353,2,0.55,116.0,34.64687887899897,37.841339655788296
waybill_06010,3,2.36,128.26,29.04582430418462,37.838856243197675
waybill_08517,2,4.0,200.91,25.055469743047986,37.83331285020532
waybill_07196,2,1.2,74.43,22.968948870067194,37.829181096094075
waybill_01673,3,1.0,246.56,28.490756761574758,37.79208094742813
waybill_10254,3,1.0,334.4,30.356038086920268,37.78974357421392
waybill_00317,3,1.11,235.01,29.553099643235576,37.750056847871406
waybill_04751,3,1.0,96.6,29.388539838552525,37.74835553259007
waybill_05806,3,2.09,162.60999999999999,22.89661907338772,37.710056055034954
waybill_11066,3,1.56,181.5,37.68921197037539,37.69529951208045
waybill_01230,4,1.0,210.41,37.68524810845627,37.69211299551241
waybill_03459,2,1.0,338.46,27.74760590920403,37.68437546300434
waybill_06025,3,2.87,224.26,31.612444308354043,37.68402843765397
waybill_03629,3,1.0,237.01000000000002,37.65993182454033,37.683415642634344
waybill_00666,3,1.1,311.38,37.673285305496954,37.683395287126544
waybill_09227,3,1.0,184.51999999999998,31.275196204742624,37.670171102912725
waybill_08053,4,1.0,201.5,37.6577814155093,37.664549206249674
waybill_06366,2,2.36,219.33,30.874464720481892,37.63074926339134
waybill_08229,3,2.5,182.56,31.614184489268055,37.62870407454098
waybill_09537,2,1.0,95.06,25.4133708746497,37.612217966013965
waybill_10066,3,4.16,154.72,37.61166083744607,37.61166083744607
waybill_08578,1,2.2,74.0,22.83625173162666,37.610632824277324
waybill_00881,1,1.0,74.0,22.83625173162666,37.610632824277324
waybill_03658,4,1.0,279.4,23.19158836206325,37.60920440266564
waybill_04087,3,1.0,359.37,25.165317725202506,37.59928166112308
waybill_02232,3,2.87,246.42000000000002,25.619479097533702,37.56741557279376
waybill_09196,3,2.5,212.26999999999998,22.80850340602129,37.564932150712465
waybill_03218,3,4.2,91.64,32.071369698212536,37.495185093379845
waybill_11094,3,1.0,288.27,22.7641351068236,37.49185887100908
waybill_04839,3,1.0,100.64,37.06384652111679,37.45044887648959
waybill_02181,3,1.2,126.42,23.25527879209471,37.44300339256574
waybill_01778,3,1.0,205.39000000000001,22.722895829844596,37.423938998578876
waybill_02679,2,1.3,102.15,36.40840833493042,37.39998651673375
waybill_08825,3,4.5,255.57,22.68720641169343,37.365159579890985
waybill_10829,3,3.87,130.49,24.434601064354624,37.36264108175783
waybill_06147,4,0.348,582.68,31.07795192315129,37.35296475289161
waybill_00414,3,0.39,328.60999999999996,31.06422946471065,37.33727682114542
waybill_04727,3,0.39,127.83,25.049340383695597,37.308600951722624
waybill_10193,4,0.97,133.64,25.51027756138645,37.298174973463745
waybill_03111,3,0.5,224.01000000000002,31.277751607329037,37.29603173104261
waybill_03486,2,1.0,119.6,22.77051446371734,37.28534561825387
waybill_02510,4,1.83,200.95,23.934431926329825,37.285097595058744
waybill_02903,2,2.35,88.62,31.165163583494234,37.2546044392489
waybill_10251,3,1.0,275.27,22.61727556891083,37.2499855451195
waybill_05082,2,0.43,262.15,37.24635441117758,37.24635441117758
waybill_08204,3,1.0,189.14,37.224389400646096,37.23115719138647
waybill_10181,2,2.36,200.78,23.689318972920958,37.151689389390285
waybill_03200,2,0.5,200.13000000000002,37.08617793749997,37.14069878248844
waybill_01850,3,2.2,249.01,26.138297035289746,37.130958356453725
waybill_06677,2,1.2,326.25,37.124339250698426,37.124339250698426
waybill_02140,3,3.87,199.38,22.535677387819103,37.115595748394696
waybill_00569,2,1.05,152.52,37.09213639734161,37.10178683435167
waybill_10003,3,1.0,344.15999999999997,27.696688094851027,37.078821593611124
waybill_03247,3,1.0,94.05999999999999,30.99190323150048,37.072316179287824
waybill_08765,4,4.5,210.73999999999998,24.309288096929652,37.0697766815977
waybill_08432,3,1.0,249.01,26.077297345055324,37.0666792247725
waybill_02876,2,0.1,122.0,22.50193723555555,37.0600267131111
waybill_11204,3,2.36,230.63,31.903152431862832,37.05009808652764
waybill_06016,2,1.0,200.13000000000002,37.01917139647976,37.03034098643886
waybill_01819,4,1.0,233.33,22.482301315592625,37.027686932284915
waybill_09722,3,1.6,368.08,28.27737295209941,36.9937728705826
waybill_06803,3,1.2,186.56,36.976083949772566,36.989653453437846
waybill_06796,3,1.0,163.82999999999998,36.96224929696938,36.97355721669045
waybill_03094,3,2.2,103.78999999999999,29.993187490121752,36.97285389008779
waybill_08312,3,2.36,210.42000000000002,30.800542003658347,36.96889005878936
waybill_05567,2,4.16,236.02,24.24702491280189,36.96836786089311
waybill_05774,4,0.72,223.92,26.066253029733875,36.96765118939105
waybill_05967,3,1.0,125.59,25.0155079483484,36.963041058789116
waybill_10373,2,1.2,330.72,28.56452101377107,36.955970166799545
waybill_04867,2,1.0,55.42,36.66574291145919,36.949251305399244
waybill_09115,3,1.0,251.01000000000002,25.559457918774783,36.94577778067821
waybill_07782,2,2.36,113.03999999999999,25.818135629749364,36.944841822903705
waybill_09349,2,1.0,239.25,26.20635460908617,36.93974281909833
waybill_09363,2,1.0,239.25,26.20635460908617,36.93974281909833
waybill_06539,2,2.36,219.99,36.93367801145958,36.93367801145958
waybill_04490,3,1.0,200.98,31.305647465972203,36.89595382535354
waybill_07718,2,1.0,273.25,34.461661722809296,36.881102754320764
waybill_06918,2,5.16,152.52,36.85235631926968,36.87612983536184
waybill_09857,2,4.5,200.13000000000002,36.836762131122896,36.86217876171818
waybill_01709,4,1.1,362.91999999999996,28.93298884669327,36.86143888486543
waybill_06052,3,1.2,69.75999999999999,28.901183411789937,36.84483579812037
waybill_07759,2,1.0,116.9,22.86502340570826,36.840789304161596
waybill_06037,4,0.3,283.92,30.82392360654157,36.81942766304366
waybill_02706,2,3.87,253.56,22.350168793129967,36.81006856632487
waybill_00014,3,0.7,128.26,24.28792017338375,36.78860972092071
waybill_03113,5,1.2,213.58999999999997,22.634307743616787,36.77828979645193
waybill_05153,3,0.3,263.71000000000004,35.457422636967785,36.77612163649028
waybill_06119,2,1.2,183.35,36.766860562767285,36.766860562767285
waybill_04845,2,0.5,55.42,36.54054029578772,36.74304629145919
waybill_08587,2,1.0,102.31,27.72086479143263,36.705285726152624
waybill_02948,2,1.0,80.52,22.271915709308242,36.68118804610752
waybill_09112,3,1.0,182.56,30.67034413185089,36.6739975848643
waybill_08190,3,1.0,249.01000000000002,25.682821229285693,36.6705479402394
waybill_00300,3,1.89,180.48000000000002,31.05956893780086,36.66950692023619
waybill_07112,3,1.0,347.76,26.521889777864466,36.61899656509376
waybill_00222,3,0.36,103.94,22.22885336192341,36.61026563050815
waybill_00661,3,1.0,381.93,36.60017509777801,36.60936599016855
waybill_06064,3,4.87,201.24,31.244092461308178,36.60679349034327
waybill_05106,4,1.0,522.95,31.325466057416172,36.55682644654359
waybill_06471,3,2.36,130.49,23.608154038241068,36.54474042654866
waybill_04638,3,1.0,206.01,36.050419843085265,36.5152804373743
waybill_09962,3,0.53,241.62,26.64408451957086,36.49483467423281
waybill_03345,3,1.0,69.25,23.63860883912117,36.48832731375626
waybill_01486,3,2.6,309.89,22.1416009026721,36.46656340448253
waybill_11430,3,1.2,89.72999999999999,31.39286073047237,36.4626418922298
waybill_03250,3,1.0,92.83,30.612327695961277,36.447166471532945
waybill_02981,2,1.0,55.42,36.331621441846615,36.39896310311504
waybill_09425,2,1.2,327.8,28.587512477765372,36.3959725390298
waybill_00442,2,0.35,80.06,22.082535572107357,36.36928454774973
waybill_10350,2,0.51,55.44,31.487839646606925,36.367378483152635
waybill_03630,2,1.0,115.97999999999999,22.567174891421896,36.359259295209846
waybill_00705,3,1.0,181.5,36.336459035797596,36.34564992818813
waybill_01596,4,1.8,300.99,31.843486607812668,36.34110267731813
waybill_06296,1,0.465,252.91,36.33664892544613,36.33664892544613
waybill_07572,2,1.0,180.62,36.335429718957364,36.335429718957364
waybill_04833,3,3.87,98.11,30.50753743596486,36.31622251195758
waybill_01678,3,1.6,126.43,24.201624328517873,36.31254830201853
waybill_11621,3,2.35,76.9,33.92989349964067,36.305762891204644
waybill_03577,3,1.0,229.39999999999998,31.31879380279778,36.2841837727197
waybill_01238,3,4.38,231.84,30.319044886695554,36.277736033247166
waybill_02789,3,1.0,92.59,30.5061792415868,36.272343099060926
waybill_04326,2,1.0,335.64,26.87735955943123,36.25110540132243
waybill_05792,2,0.53,157.0,35.98514055780873,36.23463554246955
waybill_02411,3,1.0,330.49,29.57307197122018,36.22569757006207
waybill_10131,3,1.2,182.71,30.188067202924536,36.22568056937158
waybill_06888,3,1.0,236.64,22.681590516476742,36.20414229222308
waybill_02965,3,1.0,133.64,22.75787740450455,36.2020235685783
waybill_09791,4,1.0,201.5,36.18828811074179,36.193936250874074
waybill_02997,3,2.36,112.63999999999999,26.71567679893669,36.18386185479563
waybill_00422,1,0.25,103.0,36.16433394970665,36.16433394970665
waybill_01294,4,2.42,315.89,28.687338025883495,36.16359128835683
waybill_10054,3,1.2,182.56,30.141777503468532,36.14944280013319
waybill_10739,3,2.36,262.01,26.587997354250565,36.1350792291101
waybill_01950,3,4.78,222.79000000000002,21.927837336176566,36.11450111750324
waybill_07995,4,1.0,205.5,36.09677196326882,36.10747476858948
waybill_01968,2,4.87,225.01,34.41786513075956,36.06590592344459
waybill_03907,2,1.0,183.93,27.186829107016035,36.06343699051939
waybill_08393,3,1.0,247.01,25.46010135230866,36.05017563492717
waybill_07848,2,1.0,360.05,29.57087624313956,36.04691945426703
waybill_04811,3,2.36,99.27,26.999472942525948,36.03531958036617
waybill_04258,3,0.5,411.4,27.549653647054,36.01830226885489
waybill_08455,3,2.36,222.56,30.296874601530575,36.016868734543124
waybill_08252,3,1.0,338.78999999999996,27.69114862329029,36.00117652647542
waybill_01163,3,1.0,246.01000000000002,26.783919225203537,35.974858845529006
waybill_07270,3,1.2,334.88,28.423870618562326,35.952144768946525
waybill_03067,3,1.45,116.63999999999999,25.801038972221015,35.92323812068759
waybill_04064,2,1.0,249.61,24.333798041163355,35.913718357024685
waybill_09911,3,1.2,247.77,25.15132937132781,35.89478276958265
waybill_01885,3,1.2,273.79,21.793507627416712,35.89326405053913
waybill_02378,3,4.67,109.91,27.02539075175507,35.86417753698043
waybill_01646,3,1.0,292.62,21.745723813592647,35.81456551901998
waybill_09471,2,1.2,125.12,22.425763734661583,35.80256823746691
waybill_08790,3,1.0,179.83,35.74268631079751,35.75015767520851
waybill_06878,2,0.33,88.00999999999999,29.132527740259942,35.72309963037343
waybill_07261,3,1.2,78.75999999999999,21.68723067276363,35.71822904189962
waybill_08379,3,1.0,228.45,35.707312929972225,35.71573588947608
waybill_02387,4,1.02,252.2,26.91008916144905,35.68191126255242
waybill_02982,3,1.0,95.63,29.362907416047687,35.65944759205531
waybill_10825,4,1.87,204.82999999999998,35.63818806736623,35.64709129837145
waybill_00106,3,0.47,107.57,24.067898393641485,35.64114063417203
waybill_00152,3,1.26,88.12,30.857372880644498,35.5945802080316
waybill_06018,3,2.36,227.85000000000002,28.78004781552469,35.574616535986976
waybill_02796,3,1.0,91.17999999999999,30.071056066700404,35.55570806821997
waybill_00118,4,0.5,108.78,34.73905566509726,35.54640250526503
waybill_03814,2,1.0,227.20000000000002,27.199650651574835,35.52721058906752
waybill_08335,2,1.0,54.480000000000004,35.514457275559145,35.52288023506299
waybill_04788,3,1.0,97.24000000000001,35.44549818138141,35.52050040200047
waybill_09730,3,2.5,238.01000000000002,26.721042145320915,35.51992963182229
waybill_10239,3,1.0,240.59,26.20956305750675,35.518017713178644
waybill_10989,2,1.59,54.480000000000004,35.511028448888794,35.51723305870357
waybill_07811,3,1.5,222.07999999999998,31.923830529317392,35.5136058272344
waybill_09278,3,4.5,263.27,21.55935293997247,35.50761818899206
waybill_01552,1,0.51,73.0,35.503726914595156,35.503726914595156
waybill_00582,1,3.04,69.8,21.54014014685866,35.475975285602125
waybill_11482,3,1.0,277.27,21.538827066266037,35.47381268060817
waybill_00066,3,1.0,102.34,25.844113658775044,35.46202435195099
waybill_00177,3,0.28,168.01,21.531369481976988,35.46153025931821
waybill_10036,2,1.0,191.26999999999998,21.525633169714126,35.452082722269694
waybill_07488,3,1.2,124.61999999999999,32.23879981231036,35.4405761481305
waybill_02810,2,1.0,77.89,21.51685852773152,35.43763114581789
waybill_02987,3,1.0,240.59,21.500462091615223,35.41062669930697
waybill_09335,2,1.0,331.25,26.899134758652657,35.39640042491229
waybill_01843,3,1.2,272.79,21.48490963104338,35.385012255616466
waybill_02230,3,1.2,284.39,29.481202227279528,35.33937035227238
waybill_00604,2,1.0,152.52,35.32584418794439,35.335035080334926
waybill_04587,2,0.5,228.38,35.33435303259832,35.33435303259832
waybill_04209,2,1.0,125.31,21.75068998378681,35.32714828514147
waybill_05414,3,1.0,132.83,21.942324912621984,35.32355335853319
waybill_09943,2,1.56,231.26999999999998,21.446878896093242,35.32237675724061
waybill_07657,2,2.36,222.52,30.098273983016576,35.291102905119274
waybill_09636,2,1.0,222.52,27.896381762995453,35.28956192327726
waybill_02096,3,1.0,222.79000000000002,21.421325958244655,35.28029182253682
waybill_02104,3,1.0,222.79000000000002,21.421325958244655,35.28029182253682
waybill_07103,3,1.0,246.68,25.971701900794756,35.27019349382672
waybill_07080,3,2.36,223.47000000000003,32.1660663046295,35.26609968596514
waybill_08250,3,1.0,130.49,22.347000784762784,35.26503835846652
waybill_00913,3,2.02,218.53,32.465152106184185,35.26030528587485
waybill_09127,4,0.347,586.05,28.3105756405679,35.25663526468695
waybill_09716,3,3.0,180.48000000000002,29.641696073647402,35.240960701483615
waybill_08332,2,2.57,58.0,29.849789559833017,35.240442120665016
waybill_07148,3,1.0,338.99,26.892377701126915,35.240009703710406
waybill_06531,1,1.0,191.61,35.239911377316794,35.239911377316794
waybill_03660,4,1.0,297.01,21.905110274541506,35.239398756912166
waybill_09325,2,1.2,232.07,25.91384625993679,35.21372019636473
waybill_09093,3,2.5,224.01,29.18137020493696,35.18611752289556
waybill_07492,2,1.2,216.49,35.168703223213754,35.168703223213754
waybill_07789,2,1.2,209.07,21.35192977408264,35.16599835473848
waybill_11517,3,1.9,118.33,24.20922351299595,35.13204687714077
waybill_08912,3,1.0,283.27,21.31990081446935,35.113247603261584
waybill_01975,3,3.87,119.78999999999999,24.31493327277081,35.10883782961966
waybill_00233,3,0.39,123.63999999999999,23.670851571450914,35.105854857889945
waybill_09207,2,0.55,60.04,26.575918628869857,35.0991392889409
waybill_06889,3,1.0,247.77,24.350611609717795,35.08860709029045
waybill_02385,5,1.0,251.84,26.443191803059623,35.082321787228324
waybill_01074,3,1.86,368.57,25.79293985233319,35.071431905870746
waybill_00581,3,1.13,240.59,25.75242251445396,35.06268215928321
waybill_10406,3,1.2,235.72000000000003,26.72205764442131,35.06130630660475
waybill_02984,3,1.65,109.6,25.38485993172931,35.04230657485078
waybill_04016,2,1.0,333.25,26.139810348098965,35.03638361145725
waybill_07033,2,0.38,128.4,33.53087574850494,35.034574627669286
waybill_08307,3,1.0,245.01,24.84290535956199,35.033672045081836
waybill_02213,3,3.87,114.13,25.34963236489985,35.03259414851815
waybill_07919,3,1.0,126.4,22.924386060063878,35.02811944351766
waybill_05166,4,1.0,519.9399999999999,30.396586088332434,35.02698854382636
waybill_02596,4,1.15,240.76,27.17501380965695,35.01728580294523
waybill_00117,4,0.5,108.09,34.20607062688702,35.013417467054786
waybill_11336,2,1.0,189.26999999999998,21.253557396955575,35.00398195206179
waybill_07496,3,1.0,178.32,35.00075089578813,35.00075089578813
waybill_07999,3,1.0,203.59,21.237812054427742,34.97804983748071
waybill_08600,2,1.0,339.71,24.77286027434634,34.959197076333325
waybill_01549,4,1.3,311.89,28.287100432374334,34.95722297437658
waybill_08834,2,0.6,122.0,21.21205175071438,34.93562337731592
waybill_10305,3,2.36,182.71,28.850601937429033,34.898400613049134
waybill_07535,2,1.2,232.07,25.597493279040958,34.897367215468904
waybill_05969,3,1.2,118.93,24.2749836295176,34.89606686344627
waybill_06563,1,5.16,288.69,34.87908261675769,34.87908261675769
waybill_00063,3,1.0,94.74,21.176284956311182,34.87671652222389
waybill_06996,3,1.2,186.56,34.864243974791144,34.86977269946374
waybill_11057,2,2.14,120.94,21.171879871186484,34.86946147699441
waybill_07169,3,0.64,146.14,21.169415671772548,34.86540301326522
waybill_06114,3,2.39,226.01000000000002,28.426661408046005,34.8422782816269
waybill_08426,3,1.0,228.19,29.228893826588187,34.83960237338633
waybill_08988,4,1.2,132.74,21.833021769306583,34.837748068377905
waybill_03953,2,1.0,124.31,21.442091987413473,34.8188964902188
waybill_07801,2,5.16,161.45,31.332384329880835,34.8163431145667
waybill_10106,3,0.52,238.51,21.137405151688878,34.81268263114955
waybill_07424,3,1.0,178.05,34.79219153301021,34.79219153301021
waybill_02961,3,1.0,240.59,21.116488505239847,34.77823353158825
waybill_10731,3,1.2,346.97999999999996,24.813413792165,34.755896649284175
waybill_09546,2,1.0,89.44,23.679050135031567,34.75584287854858
waybill_00595,3,1.64,334.77,34.737122652935824,34.7521957164563
waybill_03078,3,2.67,84.39999999999999,34.44707122645276,34.73580641214378
waybill_01198,3,1.0,281.77,29.401888245227042,34.731523401608406
waybill_05538,5,1.2,266.36,30.89755200123572,34.6946041465566
waybill_01767,4,1.0,319.53,26.492726523122,34.685972127026574
waybill_00219,2,1.45,92.3,27.860854041992486,34.6850208764087
waybill_10279,3,1.2,234.25,26.620065437787197,34.66443115450511
waybill_01651,2,3.86,253.57,21.043141245936027,34.657432759606806
waybill_09328,2,0.27,113.76,21.04285651841706,34.65696382178389
waybill_02533,4,0.8,209.82,24.58055637471285,34.6464033677628
waybill_00984,2,4.6,113.83000000000001,23.353012947537266,34.63744564154558
waybill_03268,2,1.0,218.12,29.324879710247146,34.61770190978997
waybill_05287,3,1.0,175.28,29.146265239373328,34.59924134489051
waybill_02125,3,3.87,105.55,26.6073797017562,34.57729993669404
waybill_03651,2,1.0,172.61,34.57643880128386,34.57643880128386
waybill_10830,3,1.2,133.32,21.2532612936677,34.570859305325754
waybill_01362,4,1.2,363.14,26.589388691252744,34.56210136761883
waybill_06060,2,0.495,261.43,34.54510738157571,34.550636328605464
waybill_01634,4,1.1,316.53,26.950953401183533,34.5459815957783
waybill_02664,3,1.0,123.97999999999999,22.897223797449644,34.52877266185504
waybill_07803,4,1.2,227.04999999999998,31.720198677474542,34.523473206053666
waybill_02499,3,1.2,126.93,22.304345990817996,34.51296970192635
waybill_07869,3,0.32,186.86,33.646230225259615,34.494929080077775
waybill_09560,2,1.0,123.12,21.516951412306874,34.49444831801354
waybill_10521,3,1.0,130.49,21.56772573857971,34.48708095668855
waybill_02851,2,0.31,254.54,34.48353142365462,34.48353142365462
waybill_09867,3,1.0,130.83,21.500242484133473,34.483387529972426
waybill_00967,2,2.81,215.74,28.425539511767546,34.465066917884876
waybill_08929,3,2.5,263.27,20.919005131000056,34.452984240911285
waybill_04025,3,1.0,271.79,20.918999857614644,34.4529755558011
waybill_05047,3,1.0,247.77,23.714814966022402,34.45262711914044
waybill_07095,3,1.0,130.82999999999998,21.458525063443258,34.44062923971042
waybill_10026,2,1.0,189.26999999999998,20.90843717696746,34.435579132424365
waybill_11461,3,1.0,93.47,28.61612866653747,34.42952502512618
waybill_00517,2,2.0,98.14,26.24216893609097,34.39403353086025
waybill_05752,3,0.2,210.0,26.880449114605444,34.36178871174618
waybill_00500,3,0.35,327.01,28.378241657324807,34.33144108151801
waybill_01352,3,1.2,286.14,20.818980504775748,34.288246632720636
waybill_11813,3,1.0,87.89,29.29079084463018,34.28812542231999
waybill_06327,2,1.2,232.51000000000002,24.8991804283936,34.28690203618325
waybill_01099,3,1.0,352.45,23.214281569576258,34.25002228849756
waybill_00286,4,4.64,100.45,23.221316948593632,34.2468459723452
waybill_05770,2,3.87,194.01000000000002,34.0159121168376,34.18865063447832
waybill_02787,3,1.0,99.69,25.205178793743194,34.18776534584708
waybill_00836,3,1.0,204.67,27.854353506967406,34.18138238299578
waybill_10419,3,1.0,338.84,25.857112993323863,34.178441230841564
waybill_06014,3,5.16,93.41,26.503025304207952,34.17157919422114
waybill_10383,3,8.16,78.44999999999999,29.662490423538962,34.16268704284093
waybill_09003,5,1.2,218.26,31.934082065707884,34.1553892617188
waybill_00692,3,4.1,104.44,24.32620400951925,34.15091587320877
waybill_06212,3,1.0,276.27,20.725296725740478,34.13395221276525
waybill_00811,2,1.0,123.06,21.151049924641566,34.11656760243527
waybill_11001,3,1.0,242.01,24.52607162502584,34.113356225717595
waybill_11407,1,1.69,67.07,20.697667616759457,34.08844788546324
waybill_01445,4,1.3,359.80999999999995,26.751708581322916,34.06028432953915
waybill_08862,3,1.0,247.77,23.297116806586406,34.03797638100957
waybill_09058,3,1.0,276.27,20.661894733751726,34.02953100261918
waybill_07942,3,1.0,247.99,23.229113040777378,34.017127891791056
waybill_09924,3,2.36,261.59,20.65045354110422,34.01068769589818
waybill_11324,3,1.0,189.14,34.00447866194813,34.00939911655933
waybill_04595,2,1.0,331.21,25.51027043549736,33.99954994981502
waybill_07925,3,2.0,116.01,23.95065829747603,33.99069151932291
waybill_01170,4,1.3,80.97,33.97048360990537,33.97940796307835
waybill_00704,3,1.2,270.79,20.625646595415656,33.969831388271636
waybill_08028,2,1.0,200.13000000000002,33.95716436128125,33.96393215202163
waybill_09276,2,1.02,188.17000000000002,33.962698799457115,33.962698799457115
waybill_09365,2,1.02,188.17000000000002,33.962698799457115,33.962698799457115
waybill_08241,3,1.0,334.77,26.45058467786949,33.958004310886295
waybill_09436,2,1.0,328.40999999999997,26.02271644895239,33.95296532733191
waybill_01514,2,4.8,250.34,20.606934394909892,33.93901294613729
waybill_10942,3,1.0,281.27,20.603949132210264,33.93409630655041
waybill_05766,3,1.0,115.21,24.102729799465653,33.93040120425914
waybill_00916,2,1.0,275.87,28.083398692110194,33.92926191363467
waybill_00041,2,1.75,65.83,33.65295850210056,33.914313913546614
waybill_10221,3,1.0,236.51,21.06405343284333,33.90207789927767
waybill_00384,3,0.39,249.01,22.910932051751594,33.89580905395063
waybill_04046,2,1.0,216.68,28.880498595469543,33.88581932510133
waybill_11512,2,7.8,65.44,32.38016251658988,33.87092297932178
waybill_05937,2,1.0,119.74000000000001,21.40590614321371,33.87029278664859
waybill_06649,4,2.36,255.56,21.490761576353037,33.86578307720095
waybill_00895,3,0.28,198.95,20.56192606037491,33.86488554711747
waybill_07543,2,1.0,117.91,21.758266194507453,33.857286386597046
waybill_03219,3,1.56,115.11999999999999,24.007501071477186,33.84734909968148
waybill_10993,3,1.06,126.61999999999999,32.42292101920442,33.83273804431634
waybill_09001,4,2.2,240.85,21.64929400472453,33.830706348748244
waybill_05936,2,3.87,107.49000000000001,23.76776305666847,33.78639066787402
waybill_05143,3,4.16,184.52,27.35826695843294,33.76559211533204
waybill_10208,3,2.36,180.48000000000002,28.1624284055165,33.76499911037158
waybill_04496,2,1.0,330.72,25.35905741727443,33.75050657030291
waybill_07988,4,2.5,108.92999999999999,23.997995734851898,33.73192043362216
waybill_00941,1,1.0,66.31,20.46313313951573,33.702176521322016
waybill_09752,2,1.0,188.17000000000002,33.67147236585869,33.67147236585869
waybill_08112,3,1.2,333.09,26.49954015115675,33.67123979199528
waybill_04825,4,1.0,115.02,25.85029275809628,33.66433077600059
waybill_08069,3,1.0,128.26,21.18272184809295,33.65387628226821
waybill_08837,3,1.0,247.01,23.062582329342675,33.65170501686834
waybill_09756,3,1.0,252.26999999999998,20.430226963093936,33.64798101964356
waybill_09768,3,1.0,252.26999999999998,20.430226963093936,33.64798101964356
waybill_04321,4,1.0,229.98000000000002,32.27011350974035,33.645834507653014
waybill_09337,2,1.2,89.37,33.62124460070479,33.62124460070479
waybill_09098,3,1.5,328.60999999999996,27.30898322911773,33.587192520453954
waybill_04294,2,1.0,330.32,25.235618218725094,33.54720585233384
waybill_09039,3,1.0,97.89,33.54097444951312,33.54702779410456
waybill_06673,3,1.0,128.26,21.07043954260153,33.54613410575748
waybill_01674,1,1.0,66.0,20.367467760639997,33.544618464896
waybill_07776,2,1.0,117.91,21.44043560094333,33.53945579303292
waybill_08781,3,1.0,339.72999999999996,33.52377250556294,33.53124386997395
waybill_02918,3,1.0,240.59,20.348214391155516,33.51290873342076
waybill_02915,3,1.0,240.59,20.348214391155516,33.51290873342076
waybill_06061,3,1.2,153.64,33.497342005385455,33.51074551333637
waybill_00469,2,0.83,64.14999999999999,21.3504391621136,33.48939011391306
waybill_07318,2,1.0,188.26999999999998,20.333090506636708,33.48800014184457
waybill_04697,4,0.31,170.38,20.330843214409253,33.48429891785174
waybill_00496,3,0.39,126.43,21.36730660964541,33.47024488372071
waybill_05416,3,1.2,243.01,23.67080583948374,33.45915070012812
waybill_01493,4,1.3,308.89,27.361306443254335,33.43246758960858
waybill_07210,3,1.0,231.84000000000003,27.085676027097566,33.422794278289274
waybill_07854,3,2.2,231.27,25.954546377269068,33.417193082922694
waybill_00070,3,2.21,82.83,29.514619773794845,33.394434775961045
waybill_11265,2,0.29,164.0,23.804036600300655,33.38741893066866
waybill_01820,3,1.0,289.68,20.271899344500774,33.38722010323613
waybill_01188,4,1.0,125.64,23.189014033140236,33.37822264621237
waybill_06309,2,4.16,107.49000000000001,23.358795399701318,33.37742301090686
waybill_10492,3,1.0,337.23999999999995,25.36335619912653,33.36523835896529
waybill_02683,2,1.2,236.74,20.255950657346236,33.360953086054515
waybill_04738,4,1.0,169.74,31.995163643959575,33.35862051094956
waybill_05504,3,2.38,178.16,29.895843727578896,33.330280715765795
waybill_09877,3,1.0,344.55,23.870718011461065,33.32797697491878
waybill_08906,3,1.0,228.45000000000002,33.30979390700624,33.31726527141725
waybill_00755,3,2.76,271.47,20.222727749529845,33.306235937114224
waybill_02767,3,1.0,121.56,22.150416646226176,33.298803318142184
waybill_11858,2,1.0,49.4,29.623907748511993,33.29753764181972
waybill_03990,2,1.0,121.31,20.516297998293478,33.2941411054508
waybill_06678,2,1.2,118.41,20.9999636190158,33.198810710380066
waybill_07679,2,2.36,171.9,27.604581490263797,33.17492246979019
waybill_02753,3,1.0,121.31,22.073267147132842,33.17174036941152
waybill_11252,3,1.2,186.56,33.1551079908099,33.16101253634336
waybill_09378,2,1.8,314.34,29.865927792462468,33.15807632068487
waybill_01361,3,1.0,126.93,20.937848016168182,33.143797317726765
waybill_09859,2,1.0,187.26999999999998,20.1216289667206,33.139729224720895
waybill_06365,4,1.0,288.78999999999996,20.11838008091357,33.13437840565425
waybill_02932,2,1.0,73.52,20.111729734694904,33.12342548164886
waybill_05421,3,1.0,128.26,20.631507734299333,33.109481041980544
waybill_04163,2,0.5,183.35,33.10856334035932,33.10856334035932
waybill_08599,2,1.0,336.03,23.637219647692476,33.08883047101791
waybill_10939,3,0.54,140.51,20.083998458257064,33.07775288755989
waybill_00634,3,1.0,393.14,26.106988135188296,33.07532393004461
waybill_00023,3,0.98,92.02,20.060721754912166,33.03941684392396
waybill_00965,1,1.0,65.0,20.05886976426666,33.036366669973326
waybill_07941,4,1.0,201.5,33.00700362581815,33.01770643113882
waybill_08060,3,2.5,121.31,21.913389175056917,33.00710139542487
waybill_10191,1,2.53,88.0,20.030978983253327,32.99043137655466
waybill_10695,2,2.36,108.91,20.609231701106218,32.98976374915037
waybill_08987,3,1.0,338.99,24.639228383807904,32.98681743179049
waybill_01528,2,1.9,180.79000000000002,20.02726579959326,32.98431587262305
waybill_08304,3,1.0,126.0,20.96139578104652,32.98298779926375
waybill_06484,3,1.0,195.79,20.025800682001567,32.98190286717745
waybill_10511,3,1.0,194.7,20.59181750932816,32.96635994341584
waybill_08733,2,1.0,117.48,20.948376702795528,32.961545761508916
waybill_10663,4,1.2,209.5,32.93347840869063,32.93919171200949
waybill_03799,4,1.0,288.79,19.993205868494645,32.928220171033104
waybill_08047,3,1.1,126.43,20.80968240818033,32.916147170084336
waybill_10215,3,0.338,551.27,32.91006224453132,32.91296252763578
waybill_08489,2,1.0,335.64,23.516866429106873,32.89061227099807
waybill_06179,3,2.36,210.18,20.91672822656715,32.86800460773024
waybill_04034,5,1.0,263.24,21.724713009624452,32.86617622267157
waybill_05993,3,1.55,165.32,19.95470066416516,32.86480323558855
waybill_11158,2,1.0,51.040000000000006,32.85026903186828,32.854171302192036
waybill_04308,2,1.0,243.59,22.476038102995886,32.854042551590226
waybill_01291,2,4.3,215.2,30.360545054239385,32.84659924792425
waybill_00138,2,1.0,82.31,19.94170893874699,32.84340624714234
waybill_06874,3,2.36,222.56,27.124977442720926,32.83596654982716
waybill_05523,5,4.16,219.78,21.736004767723703,32.83279176895046
waybill_00131,3,1.0,82.61,19.92773007953111,32.820383478456414
waybill_01923,3,1.0,129.64,20.23366538523467,32.817173967002056
waybill_09764,3,1.0,203.26999999999998,19.915896969138377,32.80089469477245
waybill_07269,3,0.4,130.45999999999998,20.043967169290493,32.788311112385884
waybill_11829,2,1.0,109.4,29.10894635893688,32.78257625224461
waybill_03950,4,1.0,206.92000000000002,28.3080673609095,32.77760013246046
waybill_08576,2,3.0,219.33,26.016899917755232,32.77318446066467
waybill_07062,3,1.0,274.95,19.890193608590096,32.75856201832044
waybill_06797,3,1.0,348.23,22.52166017184141,32.71930489354947
waybill_09658,2,3.96,59.0,24.097574566446816,32.682687904068146
waybill_02021,3,1.0,286.14,19.84071821006569,32.677077496709614
waybill_05496,4,0.3,207.79,20.301803948670102,32.66652254595601
waybill_05048,2,1.0,118.64,20.40588249240355,32.65064995743416
waybill_06421,2,1.2,330.27,24.345943863109817,32.64754880679109
waybill_11520,2,1.04,71.63,19.82091425780599,32.644460971648385
waybill_02936,2,1.0,72.52,19.803131738321575,32.61517368672619
waybill_08091,3,1.0,241.03000000000003,23.220209218226493,32.61469861675652
waybill_05120,3,0.33,154.38,28.062778254315155,32.60889524728347
waybill_06001,3,1.0,117.00999999999999,22.367737139465202,32.60224065835264
waybill_04457,2,1.0,221.44,25.422126192464432,32.59968025031297
waybill_00249,3,0.6,97.24,26.307360707869766,32.58725406792209
waybill_01391,4,0.93,123.55,22.38034225761019,32.5692910391069
waybill_09034,3,2.5,210.34,32.537409551379305,32.5525429128579
waybill_02132,2,1.2,297.21,32.5336631580224,32.54596435385444
waybill_00230,3,0.36,95.94,19.76006939093674,32.544251271126825
waybill_09906,3,1.2,267.33,19.752626202335097,32.53199255910927
waybill_05475,2,4.16,200.13000000000002,32.45916685059237,32.51568737385709
waybill_08591,2,1.0,239.25,21.781542858524272,32.514931068536434
waybill_10369,1,6.18,143.37,19.727708044262396,32.490953087967355
waybill_11684,2,1.0,90.4,30.64701660369066,32.483831550344526
waybill_02592,3,1.0,126.0,20.45799347367792,32.48013053304314
waybill_04413,3,1.0,217.05,31.842623608536687,32.47370322395132
waybill_01671,3,2.3,114.13,22.812375238004442,32.47276539371563
waybill_01684,4,1.0,315.15,25.141067299006796,32.45982926526529
waybill_05552,3,1.0,189.12,28.73337940998701,32.45226416429926
waybill_02322,4,0.69,129.64,21.449779775864975,32.43636025243116
waybill_08567,2,2.13,115.52,22.815884530921224,32.43622077773023
waybill_02168,3,3.87,101.3,25.295838217169536,32.41722980827271
waybill_07390,3,1.0,234.25,24.36742973268277,32.40759488550029
waybill_04231,2,0.445,305.63,32.39536756459077,32.39536756459077
waybill_00570,3,10.13,107.63999999999999,24.089685656061263,32.368595136500055
waybill_06496,2,1.0,107.89,20.182305914384692,32.359191087908535
waybill_05196,3,1.56,125.59,20.417180546019903,32.35539289857322
waybill_07179,3,1.2,192.52,24.35864382519202,32.352111326196166
waybill_08237,4,1.56,171.70999999999998,20.702021352269995,32.35098454855114
waybill_11560,3,1.0,56.87,28.683128221177167,32.32780831369524
waybill_04753,3,1.0,89.4,27.643619375605326,32.32581210036415
waybill_07720,2,0.33,274.88,32.32013547286051,32.32013547286051
waybill_07797,2,2.36,94.68,22.780242686416866,32.31970118110401
waybill_09527,3,1.0,222.37,19.611233675384455,32.299123238971575
waybill_10101,3,2.36,224.37,26.20586730627931,32.28715150044767
waybill_06224,3,1.0,223.95999999999998,32.28672867227215,32.28672867227215
waybill_07224,3,4.36,205.01999999999998,21.354425634587322,32.275488415235856
waybill_07549,2,0.56,143.63,19.5927785097442,32.26872812567697
waybill_08357,3,1.0,223.13000000000002,27.66738796493912,32.267848291077634
waybill_10185,2,1.63,160.7,19.588015657637584,32.2608838487841
waybill_02852,2,0.29,254.54,32.25878746083819,32.25878746083819
waybill_11681,3,1.52,77.06,29.832386221452943,32.252708763765604
waybill_09614,2,1.2,118.12,20.265577760048252,32.244805673008244
waybill_01358,3,1.0,221.93,19.575394864288448,32.24009777451132
waybill_02565,3,1.2,116.41,20.046281346022077,32.23392812032812
waybill_06237,2,1.0,116.99000000000001,20.309760140312324,32.22509883773653
waybill_07663,2,1.0,325.88,24.782028299841343,32.20715306789104
waybill_11192,3,1.0,125.59,20.26743625456587,32.20366771048523
waybill_01679,3,1.6,194.13,19.552904509527295,32.203056823791805
waybill_01237,3,4.38,200.79000000000002,19.545730549184327,32.19124152277279
waybill_05409,3,1.0,126.63,20.029017335107323,32.17239223001266
waybill_02130,3,1.0,121.81,20.983291879823486,32.170162519141854
waybill_02696,3,2.36,207.4,19.531261702559746,32.16741175928169
waybill_05439,3,2.37,224.01,26.14321032515106,32.14330902679198
waybill_05947,5,1.0,217.99,31.78898613659427,32.13347210498482
waybill_06914,3,3.87,102.88,25.05919900688209,32.11172403250044
waybill_08283,3,1.0,165.3,32.11167992658964,32.11167992658964
waybill_02951,2,1.0,71.52,19.49453374194824,32.10692189180352
waybill_10784,3,1.0,179.82999999999998,32.09402313629609,32.09878422239513
waybill_10640,5,1.0,288.96000000000004,19.726104039214317,32.090321557228556
waybill_00747,4,2.81,145.07,23.383577301607122,32.081139673348915
waybill_08520,1,2.5,58.12,32.06738138797012,32.06738138797012
waybill_03676,2,1.0,109.3,19.591955101072003,32.05035213055041
waybill_04914,2,1.0,115.34,20.184011244566115,32.04943649235299
waybill_03177,2,1.0,63.0,19.441673771519998,32.01986308012799
waybill_06452,3,5.59,103.13,22.42946752516816,32.01883678669502
waybill_07121,3,1.0,126.0,19.96799674096006,31.98577307023394
waybill_02960,2,0.4,65.03,22.1928873906432,31.981913133517004
waybill_09350,2,1.0,229.49,23.194438164482435,31.979205300653103
waybill_09405,3,1.0,280.27,19.409022772898737,31.96608784875806
waybill_09423,3,1.0,280.27,19.409022772898737,31.96608784875806
waybill_09597,2,1.2,317.82,26.143021583175056,31.958936734917135
waybill_01627,1,0.83,62.84,19.392298092100262,31.938542792940364
waybill_01632,2,1.1,180.79000000000002,19.39089273972241,31.936228219038604
waybill_01554,2,1.1,180.79000000000002,19.39089273972241,31.936228219038604
waybill_11038,3,1.0,117.42999999999999,19.550252987684008,31.934687306051924
waybill_01441,3,1.0,404.87,30.94973625424801,31.932932683602772
waybill_11049,3,3.87,116.01,21.891788954685804,31.925518352044293
waybill_03253,3,1.0,347.76,21.715826209194116,31.9180709106139
waybill_06528,2,0.62,136.82,19.371919574794994,31.90497997620148
waybill_06392,2,1.2,127.64,31.90344085640742,31.90344085640742
waybill_09626,2,1.7,159.06,28.890283549995317,31.897069756148277
waybill_06132,2,1.0,297.21,31.873879498105442,31.885049088064534
waybill_00256,2,1.0,117.62,19.34992967545532,31.86876326079534
waybill_07582,2,1.2,112.78999999999999,20.789689975932674,31.866482719449685
waybill_06094,3,1.56,263.27,19.348457441515972,31.866338534935117
waybill_02762,3,1.0,217.57,19.347669887240244,31.865041456279577
waybill_11787,3,0.3,102.49,27.656990546112468,31.86394933294803
waybill_01058,3,0.8,188.82,19.339573358072002,31.851706711625486
waybill_10088,3,1.0,333.82,24.50578481235076,31.82349803411075
waybill_11155,3,1.0,116.41,19.641273717571906,31.823079345706955
waybill_09759,3,2.5,121.31,20.724448638459556,31.81536173230728
waybill_03460,2,1.0,62.55,19.302804673151996,31.791149772412794
waybill_05257,4,0.29,242.85999999999999,28.67747746763552,31.788769617185118
waybill_06714,3,1.0,124.8,20.002690475149794,31.787582895325052
waybill_07254,3,5.16,102.85000000000001,24.363792376125534,31.78643290225436
waybill_02262,5,1.0,145.54,20.1055979786235,31.768722807101504
waybill_04298,5,1.0,226.96,23.529992176634835,31.767707904780323
waybill_11480,2,1.0,174.01,31.765193408568994,31.765193408568994
waybill_01307,4,2.3,308.89,25.67633633814409,31.75416074554877
waybill_09229,3,1.0,116.41,19.55675092544027,31.739689443555548
waybill_08417,1,18.36,104.91,31.73714733221305,31.73714733221305
waybill_02158,3,5.18,106.38,21.500028344564328,31.72748608064665
waybill_07539,2,1.0,229.49,22.930810680402576,31.715577816573244
waybill_01583,3,1.8,116.01,21.673606424844476,31.705625790137457
waybill_09462,3,1.0,263.27,19.246705259456885,31.698755693255663
waybill_02470,2,2.36,216.09,29.920055292861868,31.671353093381647
waybill_01821,3,1.0,222.79000000000002,19.22967843381769,31.6707130138
waybill_02582,3,1.0,123.86,19.781517708144918,31.65591095658363
waybill_06780,4,1.0,249.54,28.916862913100864,31.640152235154044
waybill_01647,4,4.6,116.55,22.80634793525722,31.625338442984685
waybill_08370,3,1.0,164.67,31.625041413441153,31.625041413441153
waybill_03777,1,0.45,252.91,31.622750863407518,31.622750863407518
waybill_01772,3,1.0,203.79000000000002,19.19016987674585,31.605643585992457
waybill_10443,3,1.0,124.8,19.811803139215442,31.595128243578586
waybill_07878,2,2.0,134.31,21.32015785526977,31.56905284746888
waybill_10358,4,2.36,201.76,22.25208782955279,31.547070810095114
waybill_09451,2,10.1,95.46000000000001,21.850398458893782,31.545586916449405
waybill_07510,2,2.36,99.66,21.010445535648067,31.54417994711089
waybill_04546,2,1.0,326.36,24.013570153086697,31.53452874444008
waybill_08648,2,4.0,98.41,21.24312024804044,31.5272874113166
waybill_04356,2,1.0,219.33,24.7709844201167,31.527268963026142
waybill_01585,1,1.3,62.0,19.13307577514666,31.511611285205326
waybill_01175,2,1.2,83.25,31.498876782007123,31.507114646474488
waybill_01692,3,2.4,163.87,28.66444786144269,31.489435941162906
waybill_05482,4,2.36,271.17,31.47836865840324,31.488809164133105
waybill_01165,3,1.0,228.51000000000002,31.479246592247282,31.48611147930342
waybill_00983,2,1.0,74.0,22.280164253013332,31.46423898628266
waybill_00308,4,0.6,127.94,19.40653737256243,31.455813741805965
waybill_00987,3,2.76,267.79,19.087087122875975,31.435869331798816
waybill_08023,3,1.0,240.59,19.077626079814408,31.42028727302205
waybill_02742,2,1.0,216.15,29.769060007162146,31.392683478638425
waybill_08299,3,1.2,234.25000000000003,23.343272427489325,31.387448832519116
waybill_10256,3,1.0,174.72,26.230386520073516,31.381454522646315
waybill_02065,2,3.87,250.34,19.053233866910034,31.380114018054492
waybill_02779,3,1.0,117.75,20.974658280043776,31.36236397948683
waybill_07964,3,1.0,186.56,31.339027573639108,31.349730378959777
waybill_01407,2,2.8,253.57,19.033270948653872,31.347235680687334
waybill_01764,3,1.0,268.93,28.79499367125085,31.342638872770006
waybill_00210,3,0.5,92.6,19.023339649608978,31.330879124180814
waybill_07495,1,0.58,100.0,31.329818806317938,31.329818806317938
waybill_04708,4,0.29,170.38,19.019175910253814,31.32402156831292
waybill_06813,4,1.0,298.39,19.007568301027675,31.304904178396967
waybill_06839,4,1.0,298.39,19.007568301027675,31.304904178396967
waybill_04551,2,1.0,325.88,23.865443114827496,31.2905678828772
waybill_02166,3,3.87,263.14,18.994930717100235,31.284090450537136
waybill_06885,3,1.0,337.24,23.275438856017004,31.272187682507308
waybill_04625,1,0.445,252.91,31.27138696492521,31.27138696492521
waybill_03911,1,0.445,252.91,31.27138696492521,31.27138696492521
waybill_09932,3,1.2,124.64,19.68063356900132,31.270619073105326
waybill_00215,2,3.44,73.2,18.979857996217362,31.25926612395978
waybill_01201,3,1.0,346.56,21.396639370937322,31.256419216403064
waybill_03727,3,1.0,289.16999999999996,19.48570198297457,31.25470468471846
waybill_00937,2,1.0,320.11,24.96986858951987,31.242990939939922
waybill_02258,2,1.2,216.0,29.627874501362307,31.235117201909745
waybill_03044,3,1.6,111.55,21.71606782709165,31.217363554669475
waybill_09927,2,2.36,297.21,31.170908709690348,31.19070357990095
waybill_00852,2,1.0,233.49,21.606458317547833,31.18984064791583
waybill_00391,4,1.04,286.01,23.667681109048562,31.176948581257676
waybill_01595,2,4.9,264.13,28.522240257352188,31.17033625351693
waybill_10859,2,51.6,64.42999999999999,30.955639853518363,31.156997002224276
waybill_00122,3,1.0,74.94,29.531249332250184,31.145943012585715
waybill_05933,2,1.0,334.43,22.0117420897628,31.143906835409307
waybill_05034,2,1.0,214.95000000000002,29.757017331766946,31.14389818240428
waybill_06613,4,2.36,188.42000000000002,30.570787573836604,31.11927082558181
waybill_01492,3,1.3,225.08,26.09972780859439,31.114720360622663
waybill_06264,2,3.87,164.77,26.956908536159897,31.103717932029546
waybill_02825,4,1.2,223.59,18.876179676562533,31.08851099049033
waybill_10102,3,1.85,92.59,25.446331848540545,31.084099980897236
waybill_11356,1,0.33,40.24,31.0830694747537,31.0830694747537
waybill_00975,3,1.8,112.13,20.784241061717708,31.06042207305189
waybill_09696,3,1.0,215.29,25.382072448545305,31.04849681862357
waybill_10125,3,1.0,241.03000000000003,21.644528694721977,31.040637959380526
waybill_00547,3,1.0,235.24,22.792458083732797,31.033375090312344
waybill_01852,3,1.2,339.72999999999996,22.53727254363295,31.03293518574187
waybill_04478,2,1.0,338.04,21.175879263281548,31.02879422169115
waybill_04047,3,1.0,198.9,30.55835662326671,31.023217217555743
waybill_03378,2,1.0,219.93,31.011529454017342,31.011529454017342
waybill_09828,2,1.2,231.26999999999998,18.826847477120722,31.007262313543478
waybill_06984,7,0.94,243.05,19.473735530629927,30.99000586190307
waybill_04555,2,1.0,325.26,23.674112357076027,30.975451770025145
waybill_00934,2,1.0,233.03,21.4645032392161,30.956044822251403
waybill_11719,3,1.0,80.44,27.120769309251788,30.946546445090394
waybill_01033,2,4.86,253.57,18.789597008511187,30.945911890809032
waybill_06319,2,1.0,114.47,19.532093189451523,30.944304314531408
waybill_07428,3,1.0,231.37,23.478667503127568,30.943829716123005
waybill_00684,3,1.0,326.34,25.116115487423773,30.941221531556387
waybill_10754,3,1.2,243.01000000000002,21.14609974182865,30.934849174064837
waybill_05007,4,0.3,226.58999999999997,19.999681512524795,30.92561792166429
waybill_08194,3,1.2,234.25000000000003,22.869901088565765,30.912091291079392
waybill_01248,3,1.0,217.82,18.767309084487923,30.90920433754216
waybill_07393,3,1.0,231.27,23.447807703490234,30.89300453663074
waybill_02315,2,2.1,253.56,28.075569695205743,30.88824442116376
waybill_08656,1,1.2,246.59,30.888080040484848,30.888080040484848
waybill_02255,3,1.0,220.79000000000002,18.74384762358124,30.8705640036532
waybill_04775,4,1.0,169.74,26.687914574782738,30.857082147940314
waybill_04763,4,1.0,169.74,26.687914574782738,30.857082147940314
waybill_04951,2,1.87,107.49000000000001,20.836603660245387,30.855231271450933
waybill_08124,3,1.0,164.67,30.85428953361396,30.85428953361396
waybill_00685,3,4.4,96.6,22.579873539461964,30.842056890241867
waybill_00977,4,0.33,312.14,18.70755973224051,30.81079891727989
waybill_06992,3,1.0,336.32,22.991528699353537,30.804596031178455
waybill_08372,4,1.0,227.05,27.999431456979206,30.803007596173725
waybill_04240,3,0.5,996.32,26.330521518138443,30.802766605643512
waybill_00370,2,0.3,69.11,18.702611095882343,30.802648659206223
waybill_11786,3,0.29,102.49,26.735090861242053,30.801817688516433
waybill_00128,3,1.0,93.46,23.01286252459493,30.799037269290118
waybill_01390,4,1.0,325.12,21.467711593750856,30.77668427835861
waybill_01805,3,1.0,228.45,30.768999583066783,30.77431885622617
waybill_10439,3,1.0,68.96,18.66671861660637,30.743534804837026
waybill_01748,2,4.6,173.0,27.173362949795106,30.73880026257704
waybill_05479,3,3.87,68.9,18.65960983492949,30.73182685115797
waybill_07745,1,1.0,246.59,30.72201509403063,30.72201509403063
waybill_09534,2,1.2,60.44,18.651662900804265,30.718738485125964
waybill_05273,3,1.0,226.42,28.375604440956135,30.71227428428738
waybill_06655,3,2.36,121.92999999999999,19.617885076090115,30.683430288424468
waybill_06781,4,1.06,120.65,20.384166482705595,30.67233388894411
waybill_07451,2,1.0,103.3,19.40866226960473,30.669136507787123
waybill_11222,3,1.0,234.34,22.600691340589748,30.65764949069556
waybill_04166,2,1.0,113.03999999999999,19.528095593402938,30.65480178655728
waybill_07341,3,1.0,230.77,23.293508705303566,30.638878639169405
waybill_06899,3,1.0,335.99,22.889691360550337,30.636872938853976
waybill_05286,3,1.2,240.0,28.88746917746324,30.621099561374283
waybill_02973,2,2.36,152.59,18.589165027460375,30.615806331712204
waybill_05819,2,0.63,115.56,18.58119207438196,30.60267511323197
waybill_04328,2,1.0,172.98,30.599545121984008,30.599545121984008
waybill_03316,2,1.0,172.98,30.599545121984008,30.599545121984008
waybill_08633,2,1.0,112.78999999999999,19.501052099804593,30.577844843321603
waybill_03257,3,2.0,113.14,18.82241530594995,30.56592292771945
waybill_03434,1,0.5,1661.73,30.561671067808902,30.561671067808902
waybill_03827,3,0.5,227.07,18.55106051918435,30.55304933084527
waybill_05926,2,1.0,333.25,21.64759645404227,30.54416971740056
waybill_09454,3,1.2,267.33,18.543633713631056,30.540817601224973
waybill_09129,3,1.0,170.48,26.942480335661024,30.534315902198493
waybill_03973,2,1.0,360.05,23.399460140303763,30.523107672543972
waybill_03458,2,1.0,360.05,23.399460140303763,30.523107672543972
waybill_01910,3,4.22,173.35,26.335679963336784,30.516915919852007
waybill_10379,2,5.16,87.69,24.165887533085904,30.51088525098372
waybill_06791,3,1.2,121.56,19.363766292703065,30.50404198952269
waybill_10268,1,0.45,60.0,18.515879782399995,30.49510769535999
waybill_08278,3,1.0,57.28,25.042182154945174,30.48917458693286
waybill_04730,2,1.45,51.67,23.36676388043946,30.48841487469418
waybill_00908,2,2.22,271.69,18.510321182711785,30.485952845678565
waybill_06394,4,5.16,178.11,21.42815308032587,30.470955512247883
waybill_07678,1,0.655,252.91,30.466596321258596,30.466596321258596
waybill_05635,3,0.47,201.12,18.49526715448931,30.46115930536135
waybill_05680,2,3.32,111.12,19.866120070564524,30.447771393679187
waybill_05527,3,1.0,244.62,21.532209197734304,30.428393359440467
waybill_03101,3,1.05,96.92999999999999,22.06895279059648,30.41678091956981
waybill_02869,3,1.0,284.98,18.459332556188905,30.40197608220163
waybill_07263,3,1.0,225.89000000000001,25.249517948676235,30.398696098499407
waybill_11173,3,1.0,225.89000000000001,25.24770048622662,30.395702791468654
waybill_08687,2,1.0,330.72,21.99856428695007,30.390013439978553
waybill_01098,3,1.0,216.79000000000002,18.449453148223387,30.385704988771813
waybill_05253,4,1.0,298.45,22.98396412147463,30.379571686876826
waybill_08111,2,2.36,297.21,30.339853281187047,30.35582526733434
waybill_11717,2,1.0,66.53,29.831758899129593,30.349580204234147
waybill_11768,2,2.0,86.9,30.318014562154662,30.318014562154662
waybill_07612,2,1.0,226.72,22.075994230448444,30.307720344637453
waybill_02447,4,1.0,118.49,22.003545045133947,30.299321406036846
waybill_09910,3,2.36,161.74,29.350787508129827,30.281597525967907
waybill_09666,3,1.2,225.01000000000002,30.2542151615919,30.260992929750646
waybill_04940,2,1.56,171.31,30.252194898151778,30.252194898151778
waybill_08128,3,1.0,273.27,18.366458481787536,30.249015221888165
waybill_01192,3,1.0,344.55,20.776357398226928,30.234833108608502
waybill_02731,3,1.0,246.42000000000002,20.49955986459208,30.227131019185798
waybill_04017,3,1.0,287.13,18.85616207037297,30.21787102307622
waybill_10464,3,1.0,164.54,30.214426615169376,30.214426615169376
waybill_07501,5,2.65,191.86,28.768235484541798,30.21142936232922
waybill_09446,3,1.0,250.26999999999998,18.328929785592074,30.18720656652873
waybill_04731,4,1.0,157.5,26.279676714524214,30.18472643704721
waybill_08235,3,1.0,180.03,23.780994347059256,30.184669843320275
waybill_01928,3,1.0,121.31,19.10111642237541,30.183228439051806
waybill_00047,3,0.46,110.03,19.204634266448778,30.176427341950824
waybill_08233,3,6.32,108.13,21.28056335886964,30.167765434660456
waybill_04560,3,1.0,255.33999999999997,18.450012404464875,30.166478557334074
waybill_02701,3,1.2,121.57,19.146428892757246,30.139428621586124
waybill_05871,2,1.2,224.19,22.407522658924762,30.13412466278396
waybill_06259,4,1.0,196.08999999999997,29.41983592442747,30.13317433341252
waybill_10627,4,4.68,217.42000000000002,19.42524754002241,30.1302173829115
waybill_06270,3,1.0,230.04,24.95106090275386,30.130080437123567
waybill_09205,3,4.5,108.13,19.57531645867643,30.126308230873263
waybill_09864,3,2.5,138.83,19.694613039133692,30.119252885251065
waybill_04500,2,1.0,222.62,21.807669824726425,30.108276499414956
waybill_03642,2,1.0,222.62,21.807669824726425,30.108276499414956
waybill_02946,3,1.0,110.64,21.279269586520694,30.09823556393865
waybill_01947,3,3.87,109.92,21.269071048566012,30.092392613732944
waybill_07374,2,0.61,71.28999999999999,19.051574444647724,30.090432966440357
waybill_05092,2,1.0,188.17000000000002,30.088020467412207,30.088020467412207
waybill_03050,3,1.05,114.28,20.07942842053476,30.08536529461005
waybill_03822,4,1.0,215.39,18.616108735834622,30.073524456612244
waybill_07070,3,1.0,334.88,22.54714758457594,30.072713446489814
waybill_06949,3,2.36,106.66999999999999,21.648988934458636,30.069280087879328
waybill_11838,2,1.0,65.44,29.35970886883974,30.060493701747898
waybill_11257,3,1.0,225.20000000000002,25.03476786872902,30.045009052972013
waybill_09289,2,1.2,208.10000000000002,26.7484338067422,30.040724944820703
waybill_01173,3,1.0,344.16,20.656004179641325,30.036614908588664
waybill_06488,2,1.2,112.78999999999999,18.957890525714703,30.034683269231714
waybill_10489,2,2.36,152.52,30.002051803198057,30.02503962842319
waybill_08402,4,1.0,237.92000000000002,27.516475592654942,30.00759353711975
waybill_08365,4,1.0,237.92000000000002,27.516475592654942,30.00759353711975
waybill_03726,2,1.0,336.03,20.55559729057115,30.00720811389659
waybill_02492,3,7.56,104.76,20.08042173925292,29.992932864064787
waybill_01363,3,1.88,102.97999999999999,29.97128710654626,29.98463926171157
waybill_01028,1,4.87,288.69,29.983213886796946,29.983213886796946
waybill_09225,3,1.0,237.31,21.33166536846011,29.982728190237687
waybill_02541,2,0.68,114.0,18.198182302656225,29.97186931980412
waybill_07355,3,0.56,140.51,18.192416640711162,29.962373444694975
waybill_05772,2,3.87,152.52,29.7712128880581,29.943951405698822
waybill_06002,3,2.36,173.35,25.74675120560807,29.94382400694353
waybill_05631,3,1.2,334.88,25.80610670864823,29.92003325624039
waybill_00657,2,1.0,99.66,19.38064942951327,29.914383840976093
waybill_10929,2,2.36,67.32,18.15979677400376,29.908649486668622
waybill_01797,3,2.47,292.17,24.36801385234221,29.898576411101004
waybill_02993,3,1.2,112.63999999999999,20.561695442883515,29.890233052045865
waybill_03206,3,1.0,102.34,20.3983621560602,29.875160073971866
waybill_08984,3,4.5,169.2,22.012319614874503,29.862706973834293
waybill_02550,3,2.32,179.41,29.837245971153916,29.858051732666173
waybill_00048,2,0.75,98.41,19.55769550443794,29.8418626677141
waybill_05758,3,1.2,121.31,18.752605401827655,29.84098364310771
waybill_09577,2,1.0,74.42,18.117788367078397,29.839462879909753
waybill_08937,3,1.0,178.32,29.827654338880304,29.827654338880304
waybill_02832,4,1.0,223.59,18.09606770266433,29.803689586482385
waybill_00185,4,0.6,108.09,29.366020798071876,29.78800203861084
waybill_09043,3,1.2,384.11,29.77306912137707,29.7803331348868
waybill_09029,3,1.2,384.11,29.77306912137707,29.7803331348868
waybill_07773,2,2.36,89.65,21.227994764658998,29.763194652642998
waybill_11085,3,1.2,298.15,29.753681359038698,29.758364083427207
waybill_02364,3,1.2,226.52,24.420717182310923,29.72331600159784
waybill_04185,2,1.0,160.47,29.687845959873634,29.687845959873634
waybill_11581,3,1.0,58.4,18.02212298820266,29.681904823483727
waybill_00596,3,1.13,89.27,29.66510901642949,29.675494724830795
waybill_00194,3,1.0,94.74,17.99823997139447,29.642570199462874
waybill_09930,3,1.0,339.73,29.63013087867332,29.638518535542218
waybill_09987,3,1.0,339.73,29.63013087867332,29.638518535542218
waybill_09109,3,1.0,118.91,19.024777132611682,29.62845410420173
waybill_11864,2,2.0,66.37,29.28382397790854,29.62567023786374
waybill_00759,2,2.81,108.49000000000001,19.40492855894617,29.623209968701048
waybill_08412,3,1.0,234.34,21.550164738258523,29.610625393256985
waybill_05963,1,1.0,191.61,29.60152555694611,29.60152555694611
waybill_05826,1,1.0,191.61,29.60152555694611,29.60152555694611
waybill_05397,3,1.0,121.56,18.46442549349452,29.595555629754735
waybill_01119,2,1.12,46.790000000000006,29.573242686241937,29.58093135974481
waybill_04201,2,1.0,215.49,23.585968114043098,29.575582070523097
waybill_08396,3,1.0,217.78,26.016388684341788,29.548701188241367
waybill_03321,2,0.427,542.75,29.538140137477548,29.538140137477548
waybill_06712,3,1.0,341.95,20.58366475461688,29.527483621435117
waybill_02717,3,1.0,114.13,19.85753353317231,29.522492481866774
waybill_03201,3,1.3,98.03999999999999,20.84707402152189,29.498073112664496
waybill_09625,1,3.0,58.0,17.89868378965333,29.47860410551466
waybill_06486,2,1.0,327.8,21.66463361641658,29.473093677681003
waybill_01758,3,1.0,339.74,20.971077567290216,29.467672892752752
waybill_01619,3,5.7,115.0,19.3462573286861,29.461198686776864
waybill_07569,4,1.0,209.47,29.2718452844311,29.44357050617816
waybill_01607,4,1.0,309.16999999999996,23.295651280694265,29.42048353162775
waybill_10285,3,1.96,116.01,19.38149476896207,29.416940589885762
waybill_04242,2,0.425,542.75,29.399788193039722,29.399788193039722
waybill_02522,4,1.2,213.19,23.03907515437718,29.37686563118776
waybill_10326,3,3.87,108.13,18.7976367886801,29.354595893689556
waybill_07894,2,1.5,106.96000000000001,19.430986051014997,29.343797148989392
waybill_05624,3,1.0,224.26,23.287782788963646,29.33696477655018
waybill_00786,2,1.4,224.49,21.546578146838964,29.33307629026296
waybill_08509,2,1.979,95.69,21.388678034270733,29.33090614056321
waybill_07710,2,1.0,107.83000000000001,19.24290013773991,29.329410040452228
waybill_03149,3,1.0,119.63999999999999,18.689665686621446,29.32029628885043
waybill_02105,3,1.0,211.06,17.801471460785457,29.31849826809394
waybill_06233,2,1.0,111.27000000000001,18.544579601056856,29.31789857077888
waybill_06978,3,1.56,227.85000000000002,22.549154183785944,29.31262606876976
waybill_10145,2,3.87,99.69,18.770997120076252,29.310721145495553
waybill_09629,2,1.2,168.0,24.51891501268676,29.31060617787076
waybill_08905,2,0.46,119.0,17.78498979098947,29.29135344422736
waybill_05065,3,1.0,198.98,29.28568613368649,29.28568613368649
waybill_00720,2,1.26,107.49000000000001,19.26704111069717,29.285668721902713
waybill_01613,2,1.3,175.01,17.766289585652256,29.260554757781705
waybill_10103,3,1.2,281.98,27.441204154157706,29.259594364991592
waybill_02252,2,0.29,123.28999999999999,28.472951244592625,29.25803058804085
waybill_07316,3,1.2,112.41999999999999,28.473904256555695,29.239904250073973
waybill_02978,3,1.2,75.19,27.00209435601669,29.231179221929622
waybill_08388,3,1.0,195.37,18.426840379633234,29.23010741913766
waybill_11961,1,2.08,56.0,29.21235519044266,29.21235519044266
waybill_07969,3,1.0,108.73,18.538046930121197,29.19229373610682
waybill_00513,3,8.64,99.69,20.256187894046533,29.18166214135501
waybill_00421,4,0.27,266.1,18.380622593045505,29.173251106563757
waybill_10223,3,1.0,262.01,22.32740026313022,29.1242101330515
waybill_10234,3,1.0,262.01,22.32740026313022,29.1242101330515
waybill_09822,3,2.5,116.01,19.088879257680894,29.12162721921715
waybill_06589,2,1.0,226.72,20.887614035967175,29.119340150156184
waybill_10520,4,1.0,232.49,25.220931806790553,29.111942254498544
waybill_01447,3,1.1,182.71,23.076382192969422,29.11174280238754
waybill_09292,3,2.5,245.25,17.671120747858705,29.103814489867712
waybill_03270,4,1.0,221.11,28.433830040657753,29.088393474166402
waybill_08042,3,1.2,230.63,21.752776341694297,29.072219793459336
waybill_07997,3,2.5,210.34,29.041462229004466,29.068219242306135
waybill_00579,3,3.15,202.79000000000002,17.646482532971355,29.06323607689242
waybill_02949,2,1.0,65.52,17.64294576370824,29.057411122267528
waybill_09786,3,1.6,234.60000000000002,20.93734006792592,29.050324775255014
waybill_05644,3,0.38,111.50999999999999,18.652048069688785,29.04521960002194
waybill_07362,2,0.58,137.0,17.633397792770992,29.041685895844296
waybill_01829,3,2.87,111.75,19.853705798346333,29.037074541699152
waybill_01426,3,1.0,119.60999999999999,26.833212847366582,29.03451030361807
waybill_02519,3,1.2,121.57,18.036410485749055,29.01415524084614
waybill_07591,2,2.36,94.68,19.47362751370887,29.013086008396012
waybill_01879,3,1.0,338.84,20.693339370554213,29.010246277322345
waybill_10248,3,1.99,193.7,17.609603422299518,29.002497269724536
waybill_05634,3,0.52,197.84,17.608251641067525,29.000270925919395
waybill_10870,3,1.2,181.5,28.99170151567337,28.99638424006188
waybill_07164,3,1.2,232.71,21.25520244927288,28.987333177804672
waybill_03323,3,1.0,253.0,17.727893092951277,28.977169357215036
waybill_10253,3,1.0,118.91,18.368160887776227,28.97436523401879
waybill_04829,1,0.3,57.0,17.590085793279997,28.97035231059199
waybill_09547,2,1.0,78.03999999999999,20.161032976375566,28.96177241643018
waybill_01741,3,4.6,116.36999999999999,18.989739782733366,28.942991841124886
waybill_11518,3,1.3,111.25999999999999,19.53665394659111,28.933251073243547
waybill_09326,1,1.2,246.59,28.933138265770616,28.933138265770616
waybill_01318,3,2.42,106.25,18.76520064470536,28.930790573638212
waybill_09448,2,1.0,213.01000000000002,24.653707827844276,28.92629911680001
waybill_04103,2,1.0,284.15,28.91991060177023,28.91991060177023
waybill_03672,2,1.0,284.15,28.91991060177023,28.91991060177023
waybill_07473,3,1.0,227.37,22.244275517634232,28.91082253643234
waybill_03620,3,1.0,263.85,17.76280433009702,28.89434122722776
waybill_08719,3,2.0,187.01999999999998,26.544166657745198,28.892935976258197
waybill_02819,4,2.36,204.59,17.53746719407876,28.883691030205743
waybill_02313,1,0.78,56.81,17.531452173969065,28.873784469556686
waybill_06373,2,1.0,110.39,18.273013364248325,28.870636991246933
waybill_10391,2,1.0,56.8,17.52836619400533,28.86870195160746
waybill_11706,3,2.71,77.06,27.568798668450796,28.84568777385182
waybill_10944,2,0.61,134.57999999999998,17.51190763419875,28.841595189211585
waybill_04273,2,1.0,214.04000000000002,23.138501019301767,28.838616967885233
waybill_04706,3,1.2,100.89,17.499853379129785,28.821742186770678
waybill_08329,2,0.29,65.03,19.026354622448416,28.815380365322223
waybill_00679,3,1.1,278.56,24.12214845271424,28.814140010325694
waybill_09235,3,1.0,235.01000000000002,20.621889976801448,28.813749061915555
waybill_05916,2,2.87,99.1,18.38244370461907,28.804371988894275
waybill_07213,3,1.0,227.16000000000003,22.179469938395833,28.80408965949858
waybill_07929,3,1.0,114.13,19.137888644563077,28.79186991981654
waybill_01270,2,0.3,112.88,17.476719494119326,28.783641360717766
waybill_11394,3,2.36,182.56,22.763936707960916,28.77314908926534
waybill_04497,3,1.0,299.61,24.82049664764618,28.749760193019576
waybill_03733,3,1.0,299.61,24.82049664764618,28.749760193019576
waybill_05540,3,3.87,184.52,22.297764370069714,28.739266314281668
waybill_09212,4,1.0,237.92,23.766744960518878,28.738188275032233
waybill_04901,3,1.2,99.75999999999999,19.158018893807,28.735411610218517
waybill_09331,2,1.2,93.41,28.726576299768716,28.726576299768716
waybill_02442,2,1.0,250.33,27.977776080322446,28.719851419525742
waybill_11995,3,1.0,76.9,25.902921536618585,28.7084046302342
waybill_11347,3,1.0,222.57000000000002,24.223155138267156,28.708306832325402
waybill_07578,3,1.0,243.20999999999998,17.863212473174364,28.704436689397788
waybill_11178,3,8.79,107.22,20.229139906949335,28.69748494423111
waybill_04765,3,1.0,75.7,24.53938964737028,28.696577992614905
waybill_08527,2,4.0,201.08,25.576301057435774,28.68890377681988
waybill_07220,3,1.0,200.82,28.66674631257397,28.672842611766313
waybill_07180,3,1.0,200.82,28.66674631257397,28.672842611766313
waybill_00671,3,1.1,106.92999999999999,18.363834805392422,28.65811195029817
waybill_06191,3,1.0,187.18,17.8017444665477,28.64893534173298
waybill_04908,3,4.16,186.7,19.433798038779326,28.64836891108198
waybill_00621,4,4.37,112.52,19.713928761265233,28.64667314839918
waybill_05919,5,7.03,185.81,23.023908729459247,28.638109326048607
waybill_04808,3,1.2,97.99,19.98487304538667,28.627030624946343
waybill_04796,4,1.0,93.6,17.38044325495008,28.625077235411595
waybill_04787,4,1.0,93.6,17.380443254950077,28.625077235411595
waybill_06844,3,1.0,235.01,20.412901175994065,28.603314187077224
waybill_09983,3,1.0,116.01,18.56623288875879,28.593248156833234
waybill_07489,2,1.2,98.41,18.300365122168873,28.584532285445032
waybill_07634,2,2.36,177.61,18.368850541982212,28.563791471954296
waybill_01306,3,1.0,118.67999999999999,26.546216710739383,28.56183613433999
waybill_00227,3,2.06,93.21,22.87110056352705,28.56097493044427
waybill_01908,3,1.0,262.79,17.338328365851705,28.555715255655496
waybill_09259,3,2.5,185.24,18.589183658391335,28.5419255160756
waybill_05127,2,1.2,186.29,20.094302785249305,28.53766192590061
waybill_09140,3,1.2,279.09000000000003,23.737964281225246,28.532926383947988
waybill_11242,3,1.0,195.19,17.32022850760363,28.525905323152575
waybill_02730,2,1.0,250.33,26.901193213946573,28.52481668542285
waybill_09631,1,0.21,56.12,17.318519556471465,28.523090731060044
waybill_10465,3,1.0,227.36,21.833772525458645,28.501967310987865
waybill_09592,2,1.0,110.91,22.082768913103354,28.493652384522445
waybill_02007,3,1.0,240.63,28.155091595582395,28.493498329193283
waybill_10037,3,8.76,95.5,20.416006714078332,28.491606834107166
waybill_01214,3,6.65,104.44,18.654464704870648,28.48714540868228
waybill_08471,2,1.2,99.66,17.922122383295964,28.455856794758787
waybill_02846,3,1.0,100.5,21.538714249639938,28.44086429251038
waybill_09392,2,1.0,101.50999999999999,17.532227646799683,28.435321585578766
waybill_07307,3,1.0,115.96,28.42075145783616,28.426847757028504
waybill_07386,2,1.0,178.26999999999998,17.24711054290337,28.40548219261791
waybill_10740,3,1.0,240.01,19.21617276611943,28.405008585487806
waybill_11981,2,1.84,64.39,27.64246403732926,28.38924633031247
waybill_11089,3,1.0,177.23,26.362447359233684,28.38371310876753
waybill_05710,3,1.0,118.91,17.740038783359136,28.347316991826947
waybill_01563,1,2.25,53.0,28.342682633922454,28.342682633922454
waybill_09901,3,1.0,235.72000000000003,20.00587333397958,28.34182092834117
waybill_01841,3,1.0,241.55,18.83684294520482,28.33370380139951
waybill_03178,1,0.4,55.73,17.198166337885862,28.324872531040203
waybill_05841,2,1.0,101.05,17.502786484079785,28.314039675526185
waybill_09018,4,1.0,237.05,23.498264703674074,28.296009213449516
waybill_01422,4,1.0,320.22999999999996,19.958667391485257,28.29133300118677
waybill_08630,2,1.0,231.26999999999998,17.159983873927807,28.26198713946503
waybill_02595,4,1.2,116.58999999999999,17.826318031246327,28.251021764361756
waybill_01423,3,2.3,273.89,17.149513416684616,28.244742605313625
waybill_06406,3,1.0,333.82,20.910803600819854,28.231557883553194
waybill_07371,3,2.36,128.26,19.4499753264137,28.21911035396785
waybill_00310,3,4.5,91.63,20.92235589845115,28.217576551055764
waybill_05904,3,2.36,96.94999999999999,21.677844584496917,28.18491183504816
waybill_06429,2,1.0,99.66,17.642544404232158,28.17627881569498
waybill_00588,2,1.1,200.14,26.146682551602524,28.172519836673327
waybill_11763,3,1.0,50.04,25.888778577095273,28.1553795210326
waybill_09879,2,1.16,116.37,17.088703852823066,28.14459104780415
waybill_09089,2,1.0,231.26999999999998,17.08408671329839,28.136986755234517
waybill_09113,2,1.0,231.26999999999998,17.08408671329839,28.136986755234517
waybill_06554,2,1.0,330.72,19.72988592260176,28.121335075630235
waybill_09690,3,1.2,101.42999999999999,28.101209740524418,28.10798750868316
waybill_11632,2,2.04,66.53,27.321741007402714,28.107236094838235
waybill_10759,3,1.0,164.54,28.104842307470907,28.104842307470907
waybill_10079,3,1.0,235.24,19.857746295720375,28.09786006677829
waybill_06624,1,1.88,36.36,28.085994187426554,28.085994187426554
waybill_03842,2,1.0,232.07,18.78311873963697,28.08299267606492
waybill_10629,3,1.0,336.93,20.13625534316897,28.071265307647536
waybill_04846,3,0.5,108.91999999999999,19.42733171005376,28.071200308391038
waybill_04886,2,1.0,219.33,24.688907749238844,28.067050020693564
waybill_04925,2,1.0,219.33,24.688907749238844,28.067050020693564
waybill_05589,3,2.36,107.22,17.686876890553993,28.051728467676778
waybill_05939,2,1.0,172.98,28.045540493530236,28.045540493530236
waybill_08768,3,2.2,108.13,17.504705038794892,28.044893762034462
waybill_04568,3,1.0,165.22,28.041551434690568,28.041551434690568
waybill_04517,6,1.0,190.38,24.640824899577463,28.038797192379626
waybill_06566,2,5.16,94.33000000000001,20.646189800342896,28.03737342263922
waybill_09513,2,1.0,110.0,21.80194473640362,28.031143251142822
waybill_04117,2,1.0,188.76999999999998,28.018405505044818,28.018405505044818
waybill_00898,4,0.3,312.14,17.00687248385501,28.009817197527166
waybill_00381,2,1.12,58.53,19.75505825278313,27.976801677044676
waybill_09746,3,1.0,109.25,17.205819307107483,27.95883142315038
waybill_04991,2,2.36,99.66,17.4170483453051,27.950782756767925
waybill_05902,2,1.0,223.32,20.394912368867168,27.947815567988442
waybill_01030,3,4.91,208.63,16.96508291406509,27.940991009073635
waybill_05226,3,4.16,180.16,27.90769031404283,27.926093917363275
waybill_11443,3,3.87,100.33,18.882983995636376,27.90922777701816
waybill_01559,4,1.3,312.96999999999997,23.999466705371624,27.895616731529305
waybill_05903,2,1.0,100.21000000000001,17.243564167126188,27.887108167791144
waybill_01661,4,1.1,113.79,19.6351070370598,27.877013538954408
waybill_04979,2,1.0,111.41,17.21366264513887,27.85321356983284
waybill_08643,2,2.5,105.72,18.338617085764273,27.842137896712536
waybill_05972,3,5.16,85.0,24.005050275283473,27.84025123314946
waybill_09114,3,1.0,108.73,17.18671831329307,27.836315658549466
waybill_09799,3,2.5,107.22,17.470349117966045,27.826536233152222
waybill_07031,3,1.0,117.75,17.42206327088006,27.79269576212194
waybill_04014,3,1.0,286.07,16.87425713323093,27.791403627830995
waybill_05652,3,2.36,114.13,18.11407406546774,27.780137347667857
waybill_04011,3,1.0,282.32,17.37180570781724,27.77317988949819
waybill_01795,2,4.87,271.69,16.854537582014846,27.758926108798374
waybill_08447,4,1.0,221.03,26.14167151881174,27.74333179073927
waybill_07005,3,1.0,108.75999999999999,17.076399947341404,27.730540832523335
waybill_00741,3,1.0,271.9,24.31831864842291,27.72828616939639
waybill_08374,3,1.0,230.63,20.405266171713457,27.72501123409389
waybill_03498,3,0.5,978.12,24.458360340140224,27.719372383112667
waybill_02055,3,1.2,228.07,22.104742426315738,27.719329209442066
waybill_02298,4,1.2,115.22,22.426505966245553,27.711667689401818
waybill_10267,3,2.36,89.27,27.69088287702676,27.71113337444249
waybill_10806,3,2.36,106.92999999999999,17.386320089438055,27.681723415907967
waybill_06855,4,1.0,230.05,27.67239469077781,27.677001961338306
waybill_06298,2,5.16,88.52,19.366321539417612,27.675912635040863
waybill_09652,3,2.5,222.56000000000003,21.953203101352916,27.667439400267096
waybill_08762,2,4.5,195.73,18.599275631726453,27.66555462385168
waybill_04010,3,1.0,212.43,26.081885804342317,27.65915081288205
waybill_11044,3,1.0,119.92999999999999,17.008476306313124,27.65192950133085
waybill_05882,2,3.87,95.27,17.99271835897299,27.649972594804243
waybill_01699,3,3.86,104.44,17.82634720769447,27.642094285236972
waybill_03393,3,1.0,261.36,16.994395319127417,27.628794257870318
waybill_06794,3,1.2,335.53999999999996,19.960949677238602,27.62724927929983
waybill_05436,3,1.0,234.34,19.57034387472854,27.626805513329025
waybill_05057,1,1.0,191.61,27.613363392673612,27.613363392673612
waybill_05039,1,1.0,191.61,27.613363392673612,27.613363392673612
waybill_00792,2,1.0,100.21000000000001,16.969784111628183,27.61332811229314
waybill_06355,1,0.63,54.33,16.766129142963198,27.61332001814847
waybill_10416,3,2.36,221.68,27.593572760625225,27.593572760625225
waybill_10573,3,2.36,221.68,27.593572760625225,27.593572760625225
waybill_07691,2,1.0,98.69999999999999,17.248539871713593,27.59060663656906
waybill_06869,3,1.0,233.01,19.7957051832474,27.58681059723189
waybill_05130,3,1.0,234.25,19.542570055054938,27.581062851785987
waybill_04099,2,1.0,180.0,20.378832881791993,27.56636962956799
waybill_02656,3,1.0,107.62,17.129556700031735,27.560452984958772
waybill_01997,3,4.36,233.01000000000002,23.849328155922528,27.55064932073588
waybill_04821,3,1.0,98.11,18.88059541498916,27.522895554488993
waybill_01281,3,1.2,211.79000000000002,16.711193052816757,27.522841898552443
waybill_03297,4,1.0,269.54,16.925770128739043,27.51577059406918
waybill_00785,2,1.8,164.77,23.362754666367877,27.50956406223753
waybill_09411,2,3.0,96.96000000000001,17.48748889300492,27.482158048384544
waybill_08251,3,1.0,230.14000000000001,20.254053153490524,27.475967854581786
waybill_07700,2,1.0,344.42,21.904351983660007,27.46770508023718
waybill_07635,2,1.0,344.42,21.904351983660007,27.46770508023718
waybill_07306,3,1.0,323.68,22.167742376651184,27.458674723444382
waybill_08008,2,0.3,157.0,27.256983057767858,27.458403704091964
waybill_03230,2,1.5,66.64,27.252110957387,27.456237001023837
waybill_00268,3,1.45,103.19999999999999,17.885841722755753,27.446488457519166
waybill_04361,2,1.0,100.24000000000001,16.796057253929607,27.445590868551044
waybill_07082,3,1.0,108.17999999999999,16.89741310944487,27.435754791468188
waybill_05985,3,1.2,104.25,19.74476504275707,27.43493051398153
waybill_08969,2,1.0,200.13000000000002,27.420368190643117,27.427839555054124
waybill_08903,2,1.0,200.13000000000002,27.420368190643117,27.427839555054124
waybill_03859,3,1.0,164.42,27.42359776720043,27.42359776720043
waybill_03797,3,1.0,164.42,27.42359776720043,27.42359776720043
waybill_06580,2,0.58,128.89,16.646920341499694,27.416986639363
waybill_07992,3,1.2,227.36,20.743660893553496,27.41023642406222
waybill_04535,3,0.5,261.79,16.74139313267731,27.392343830294195
waybill_10744,3,1.0,238.01,18.598976773372762,27.388504995642478
waybill_06059,3,1.0,107.22,17.026595827970247,27.379832182784806
waybill_11583,1,2.2,35.44,27.375347469812898,27.375347469812898
waybill_01179,3,1.2,336.49,19.522523197440528,27.373162268925707
waybill_01837,3,1.2,238.01000000000002,18.577624877566524,27.368775141528456
waybill_12027,2,0.36,98.5,18.861699871974178,27.346986310320844
waybill_03550,2,1.0,100.0,16.721993734800005,27.323610437769602
waybill_07527,2,2.36,116.99000000000001,19.424164776338966,27.32309717126064
waybill_06758,3,1.0,116.01,17.2901140870282,27.320049617954812
waybill_02528,2,1.0,297.21,27.308390946298214,27.31735894695005
waybill_00936,2,1.0,99.61,16.78462531380418,27.30837703533954
waybill_05261,2,4.16,160.79,18.3023179490068,27.296829912924796
waybill_01259,3,1.39,114.45,17.547901240263343,27.26461111873996
waybill_03678,3,1.0,210.29,26.62091511824506,27.251994733659693
waybill_00015,3,0.32,104.44,17.42622520709921,27.229850025291338
waybill_10936,2,1.2,106.96000000000001,17.30111507380296,27.213926171777356
waybill_08090,3,2.5,109.91,18.395372016400916,27.213030933306474
waybill_03100,3,0.3,98.00999999999999,20.930887616137298,27.211226976970025
waybill_01039,3,1.0,262.94,16.51632385740709,27.20189808327803
waybill_09312,2,1.5,98.41,16.915419390468323,27.19958655374448
waybill_05520,3,2.36,105.48,17.164259713109292,27.19099339611025
waybill_04809,3,2.36,124.75999999999999,26.807489453597576,27.184082217030145
waybill_11100,3,2.36,169.65,19.206345612122053,27.172532174240448
waybill_06070,3,1.0,155.22,27.14852022145143,27.159689811410523
waybill_09989,3,3.87,130.49,21.148657865977363,27.150079693872854
waybill_10477,3,1.0,89.27,27.138966935177724,27.14870753908668
waybill_00406,3,0.39,235.72000000000003,18.809664679949996,27.141142699428396
waybill_04616,2,1.0,99.61,16.601640516214406,27.125392237749764
waybill_00011,3,0.35,103.78999999999999,17.441144455538893,27.116550143421186
waybill_06123,3,1.0,116.0,17.94945320696236,27.109472658112963
waybill_09977,3,1.0,106.92999999999999,16.814535649290296,27.107090469435356
waybill_04144,2,1.0,330.32,18.793502731279418,27.105090364888163
waybill_10664,3,1.2,107.22,16.743225684806962,27.09100575298129
waybill_08465,2,2.2,231.37,16.445523911621407,27.085292661503132
waybill_08430,3,2.36,104.03999999999999,17.356154657640502,27.08320052753817
waybill_02382,4,1.0,199.3,21.978012531223875,27.0817485644386
waybill_06937,3,1.0,116.35,16.990026075957395,27.08114324923021
waybill_01023,2,4.62,95.46000000000001,17.38064185723099,27.075830314786614
waybill_02502,2,4.87,253.56,16.43582304356601,27.069315618037493
waybill_11166,3,1.0,115.48,17.14751051123147,27.065242063817074
waybill_07153,3,1.0,114.13,17.412937207464697,27.06231197658984
waybill_08328,2,0.28,128.32999999999998,16.42683291658414,27.05450914414973
waybill_01827,3,2.87,179.08,21.73540667367249,27.053477877110222
waybill_09305,2,1.0,174.19,21.02516931558714,27.05271749379151
waybill_05945,2,1.0,326.36,19.521356259030004,27.042314850383384
waybill_06634,1,2.4,35.0,27.035472952693326,27.035472952693326
waybill_07936,3,2.0,100.33,18.032511504043995,27.020369207535886
waybill_08496,3,2.2,180.47,17.550347332572013,27.017135629493332
waybill_05024,2,1.0,99.1,16.589924756725303,27.011853041000503
waybill_11223,3,1.0,227.16000000000003,20.384957726629214,27.00840160315082
waybill_07117,3,1.0,245.02999999999997,16.39854145266773,27.007913937811743
waybill_00298,3,2.45,98.03999999999999,18.459703272529964,27.004748986141756
waybill_07896,2,1.2,91.99000000000001,18.00049573428665,27.002885510876087
waybill_08000,3,1.2,184.51999999999998,20.60020820948897,26.997251111956082
waybill_05008,2,0.5,109.0,16.3827204210924,26.98185716560262
waybill_07681,2,1.0,289.63,26.97528933977979,26.97528933977979
waybill_07695,2,1.0,289.63,26.97528933977979,26.97528933977979
waybill_04960,2,8.51,41.879999999999995,22.90600886164565,26.97096020011007
waybill_09168,3,3.2,97.24000000000001,26.947708119859037,26.967078822551642
waybill_10644,5,1.0,353.98,26.84117779965711,26.955685602873377
waybill_10642,5,1.0,353.98,26.84117779965711,26.955685602873377
waybill_01027,2,6.29,98.69999999999999,17.645444476797618,26.951825013412908
waybill_05829,2,1.0,80.75,26.939369536140052,26.939369536140052
waybill_06877,1,3.0,53.0,16.355693807786665,26.937345130901328
waybill_08994,3,3.0,104.03999999999999,17.210111963563484,26.93543968280639
waybill_01626,2,2.3,225.01,25.684832822614368,26.92781665754884
waybill_04635,2,1.0,108.78,16.64956510373561,26.925746115069792
waybill_02314,3,4.53,98.64999999999999,20.04675568216394,26.925359679115232
waybill_07577,2,1.0,95.92,17.131209056369528,26.918238261257848
waybill_10082,2,0.63,118.41,16.339210158712085,26.91019704722131
waybill_05379,3,1.0,187.13,24.745720162931576,26.907862461950323
waybill_08827,3,1.0,107.22,16.548332871209794,26.897871000476268
waybill_02546,3,2.36,109.92,18.06566445537118,26.88956491494962
waybill_01949,3,2.76,224.26,20.833509375715018,26.887717975752253
waybill_02227,3,1.0,247.12,17.304201662150437,26.88727592137527
waybill_10867,5,3.87,219.77,24.534677567818406,26.886836266762042
waybill_04097,2,1.0,165.86,21.610463312549903,26.879327056266806
waybill_11073,3,2.36,169.07,19.027358774225515,26.877746133185305
waybill_03787,2,1.0,99.1,16.44425553806401,26.86618382233921
waybill_05423,3,1.0,61.34,16.3069841048497,26.857121687331357
waybill_01786,3,1.0,107.1,16.531789098575565,26.855216680764492
waybill_05249,3,3.87,103.98,17.14042474898049,26.85273386635585
waybill_11071,3,2.36,106.3,16.678721364348917,26.846315992503065
waybill_08534,3,1.2,193.35,16.290685666535232,26.83027864030865
waybill_00163,3,1.02,86.09,22.579032374144003,26.827665207273817
waybill_08022,3,1.0,175.59,23.265482179729073,26.82337623676605
waybill_05032,2,1.0,98.69999999999999,16.466485558175965,26.80855232303143
waybill_01467,3,1.8,103.61,17.16162508171353,26.795725612155668
waybill_07281,2,4.16,212.26999999999998,16.26907920223492,26.794693431099187
waybill_06276,2,3.87,89.99000000000001,18.189342361496543,26.792424540987316
waybill_00790,1,2.16,52.69,16.26002842891093,26.7797870744753
waybill_01920,1,1.0,52.69,16.26002842891093,26.7797870744753
waybill_03805,2,1.0,171.64,26.776233853160882,26.776233853160882
waybill_01884,3,1.0,334.4,19.323164266656615,26.753608307865704
waybill_02010,3,1.0,262.98,24.198963269292985,26.74660847081214
waybill_02758,3,1.0,207.48000000000002,16.23391610383331,26.73678084550987
waybill_02697,3,1.0,104.75999999999999,16.855662507183094,26.728261406368865
waybill_02597,3,1.0,105.96,16.617284026052,26.71675500538714
waybill_09211,3,1.0,187.02,24.678740931658076,26.7072235249193
waybill_07927,3,1.0,110.01,17.866464899504948,26.697872524735157
waybill_00192,3,1.0,88.94,16.20837159242914,26.694709788911414
waybill_00228,3,0.36,84.43,16.20810645267968,26.69427311156693
waybill_06808,3,1.2,227.16000000000003,20.047939868581636,26.680032794157317
waybill_07857,2,1.22,91.17,17.815542245224066,26.654215907003056
waybill_00444,3,0.74,224.26,20.602143918245936,26.649105633772045
waybill_06039,2,0.4,90.74000000000001,26.417640953792784,26.647603399204492
waybill_09056,3,1.0,106.38,16.461513021815733,26.6419239404812
waybill_06879,3,1.0,115.47999999999999,16.721545819112592,26.638964187647485
waybill_01706,3,2.87,222.86,20.85974254253017,26.635020944645873
waybill_10633,3,1.2,115.48,16.711240789348366,26.62976519064162
waybill_07395,3,2.36,194.94,17.186895723967872,26.61714675995644
waybill_05600,2,1.0,97.86,16.432206005039067,26.606563579113093
waybill_08472,3,2.2,182.37,16.148426461696772,26.595981927260812
waybill_08162,4,1.0,187.16,26.58096192574866,26.58772971648904
waybill_09083,2,2.8,42.849999999999994,26.54413480535536,26.561084170211387
waybill_11611,2,3.0,65.44,24.456934327988204,26.559288826712685
waybill_02121,2,1.0,60.72,16.124660022771288,26.556839303573184
waybill_01087,3,2.23,129.83,17.716803915563315,26.553967142788544
waybill_10843,4,1.0,240.72,16.658466460862112,26.54938718693722
waybill_07109,4,1.0,187.16,26.535928501483827,26.540535772044322
waybill_09393,2,1.0,97.78,16.38115712032715,26.539542390517227
waybill_11015,2,3.87,160.66,26.529021766119904,26.529021766119904
waybill_06959,3,0.34,368.8,24.78100108591122,26.50834765185747
waybill_00254,4,1.0,118.66,16.246928110941706,26.490116200503127
waybill_03618,3,1.0,237.31,17.807215439910994,26.475708735191144
waybill_01435,3,1.0,210.58,16.072807605451118,26.471439902139053
waybill_00961,1,2.81,144.0,26.465788739755236,26.465788739755236
waybill_01964,3,2.28,227.36,19.7904379496164,26.46102007404007
waybill_11832,2,5.0,65.44,25.40888330232964,26.448623410501984
waybill_05248,3,1.0,232.01,18.85131054317867,26.442578831159214
waybill_00412,3,0.39,234.34,18.383799444954796,26.439755222435114
waybill_03029,4,0.3,245.77,26.124648145221922,26.439459553327765
waybill_09576,2,1.0,106.82,20.82060310793642,26.41490254328874
waybill_01845,4,1.2,223.86,24.243965848701226,26.408606538810783
waybill_07838,3,1.0,233.01000000000002,18.606315055104847,26.40351600384951
waybill_09507,2,1.0,77.86,16.85709025741141,26.396548752098553
waybill_05391,3,1.2,223.47000000000003,23.848278621883967,26.395361712597257
waybill_06134,3,1.0,154.22,26.376078137088765,26.387247727047857
waybill_01152,3,1.0,208.92000000000002,16.020786916765257,26.385763362730433
waybill_08486,2,1.0,227.19,18.059851022261874,26.385414421769074
waybill_06939,3,2.36,104.44,16.58072123928002,26.37862360269111
waybill_10574,4,1.0,227.10999999999999,23.56067458630202,26.3775475978146
waybill_06788,3,1.2,105.47999999999999,16.365556186726906,26.373794845771812
waybill_04575,2,0.5,233.03,16.87506078187182,26.366602364907124
waybill_07370,3,1.0,222.34,20.692027595876368,26.354316007971327
waybill_00795,2,1.4,105.61,16.70429971820657,26.34757818813937
waybill_06609,4,3.87,192.71,17.51974008848566,26.347411998478815
waybill_07588,2,1.0,314.34,21.220807421693074,26.341927354483474
waybill_02495,3,1.2,110.83,17.33591824920733,26.33011580367142
waybill_02727,3,1.0,206.67000000000002,15.983951726770911,26.32509689162251
waybill_10900,3,1.0,106.38,16.14024512775867,26.318504972156457
waybill_08443,3,1.0,227.85000000000002,19.547363741795593,26.312071244208884
waybill_11120,3,1.0,266.27,15.974979186610266,26.31031938271041
waybill_06707,4,1.0,184.99,26.070968442198545,26.303376599717705
waybill_04996,2,0.5,157.0,26.083694088434616,26.30083330837951
waybill_03924,4,1.0,220.46,24.916464866607758,26.29218586452043
waybill_02500,3,4.81,95.11,20.121453846287537,26.28602033658864
waybill_08413,3,1.2,104.76,16.422218399010625,26.28324437083935
waybill_01580,3,2.3,103.92999999999999,16.57822581924901,26.280543272655564
waybill_03037,4,0.6,182.59,15.952996137771303,26.274113949876817
waybill_01160,2,1.0,83.25,26.249063985005936,26.255928872062075
waybill_06409,3,1.0,136.16,26.241962044692812,26.253390762535062
waybill_04504,2,1.0,97.86,16.06159402256107,26.235951596635097
waybill_02728,3,1.0,103.78999999999999,16.556322450700957,26.235257165293877
waybill_03514,2,1.0,164.59,21.21854385715577,26.233847276715018
waybill_02321,3,1.2,105.48,16.21892309498758,26.223368870111294
waybill_03565,2,1.0,328.58,18.256542217589818,26.22073224172272
waybill_02805,2,0.48,157.0,25.761691774670748,26.220727735032913
waybill_09895,3,2.0,176.51999999999998,21.415215976326003,26.21820342177457
waybill_02654,3,4.36,98.17,17.642996366498682,26.217296737324688
waybill_00205,3,0.6,93.64999999999999,18.519722594349457,26.21397106097385
waybill_01620,3,2.3,103.78999999999999,16.53502209975674,26.209388021366394
waybill_09519,2,3.0,212.26999999999998,15.905888776922058,26.196529516448635
waybill_05246,2,1.0,297.21,26.180113210431152,26.184537153537025
waybill_05369,2,1.0,297.21,26.180113210431152,26.184537153537025
waybill_10832,2,6.48,160.66,26.167288213934054,26.167288213934054
waybill_05280,3,0.3,115.28,17.573210463904918,26.15327223192493
waybill_00632,3,1.0,168.79000000000002,15.866876676087841,26.13227773741664
waybill_07219,4,1.0,393.28,23.9645472345546,26.12452218365069
waybill_05298,3,1.0,231.37,18.65380782549974,26.117297682408704
waybill_10095,3,1.0,104.96,16.206597596434833,26.105834433437703
waybill_00518,2,2.0,95.31,16.434689634220845,26.09993002199407
waybill_10831,3,2.36,344.15999999999997,23.140811392569134,26.093808218909594
waybill_02316,2,7.77,162.79000000000002,15.8404313684448,26.088723095990535
waybill_01926,3,1.0,333.09,18.918900891407553,26.087798456517014
waybill_10713,3,1.2,252.32999999999998,15.835977497130655,26.08138770134645
waybill_07924,3,1.0,108.79,17.48997534392948,26.077805334929504
waybill_08048,3,1.2,182.71,20.041645836053235,26.07731536314606
waybill_00217,2,1.4,74.69,15.830153672502995,26.071796034015147
waybill_10470,3,1.0,222.56000000000003,20.352502142866648,26.062358695359066
waybill_01529,3,1.9,104.03999999999999,16.332495596210318,26.053799022104535
waybill_00078,3,0.62,89.6,25.89160997717167,26.05361477370884
waybill_08536,2,1.0,95.46000000000001,16.35259544942148,26.047783906977102
waybill_02202,3,1.36,103.61,16.395467968097382,26.030730077453907
waybill_11220,3,1.2,344.16,20.90842555970093,26.027282382629576
waybill_11415,3,1.0,104.03999999999999,16.30218651610298,26.024804250287648
waybill_01380,4,1.2,312.96999999999997,19.136272126358307,26.02087160063052
waybill_03925,3,1.0,218.53,25.08408561606854,26.015803342632093
waybill_03721,3,1.0,218.53,25.08408561606854,26.015803342632093
waybill_04013,3,1.0,218.53,25.08408561606854,26.015803342632093
waybill_01611,3,1.0,114.4,16.04632738441267,26.006509105478848
waybill_00504,3,1.2,104.75999999999999,16.142135501421247,26.00510955872445
waybill_09177,3,1.94,114.67999999999999,16.394588774789476,25.99770074560684
waybill_10769,3,1.0,235.24,17.744160323418626,25.980647523706686
waybill_10233,3,2.36,187.05,16.90595531732989,25.979689590025224
waybill_01835,1,1.11,51.11,15.772443594641064,25.97674923849749
waybill_09498,2,1.35,58.28,17.532670873286467,25.97403347595228
waybill_10582,2,2.36,152.52,25.95676635714992,25.968002520343678
waybill_06462,3,1.2,112.64,16.76824510128446,25.96603429596449
waybill_08031,3,1.0,104.12,16.232841607692386,25.962749387785298
waybill_04330,2,1.0,95.52,16.2532598856235,25.960427571092087
waybill_02968,3,1.2,112.63999999999999,16.6936818101628,25.958566536954237
waybill_05097,2,1.0,102.75,16.884273812012566,25.95654241809427
waybill_05444,3,1.0,231.04000000000002,18.55197048669654,25.949574590084225
waybill_10845,3,1.2,114.13,16.294633494244366,25.94362526749602
waybill_00970,3,1.0,307.87,16.82360581440086,25.941897721659533
waybill_02765,3,1.0,103.19999999999999,16.374249632840694,25.935388606289504
waybill_06816,3,1.0,334.88,18.401876920257415,25.93414343133186
waybill_01730,1,1.4,51.0,15.738497815039997,25.920841541055992
waybill_01052,1,2.24,51.0,15.738497815039997,25.920841541055992
waybill_09751,2,1.0,200.91,16.327412219760884,25.91079455012888
waybill_07836,3,1.0,232.01000000000002,18.297717058731514,25.895264208926847
waybill_10626,3,3.87,239.89000000000001,15.720436790898974,25.891095567181583
waybill_10612,3,3.87,239.89000000000001,15.720436790898974,25.891095567181583
waybill_10366,2,1.2,95.52,16.176130580110687,25.883298265579274
waybill_09485,2,1.2,94.68,16.34308581480356,25.8825443094907
waybill_11143,3,1.2,159.82999999999998,16.49056830913486,25.878979565342036
waybill_11141,3,1.2,159.82999999999998,16.49056830913486,25.878979565342036
waybill_01907,3,6.19,199.38,15.710014339575784,25.873930097364024
waybill_08220,3,1.56,110.83,16.877350174628976,25.872328862903963
waybill_04237,2,0.5,333.71,16.866365867856242,25.854779878547227
waybill_05068,2,4.16,93.82,16.480832869351985,25.848589097286705
waybill_06745,3,1.2,104.44,16.044614270498638,25.845212979052242
waybill_09861,2,1.0,231.26999999999998,15.689039564267269,25.839385261286235
waybill_09587,2,1.0,95.09,16.203232068635675,25.82454862072804
waybill_10461,4,1.0,226.01,23.221216790291354,25.81847062339967
waybill_02712,3,1.0,205.67000000000002,15.675353730397582,25.816845096699847
waybill_03338,3,1.0,192.51999999999998,17.806152624688668,25.81578838475602
waybill_06181,3,1.0,111.27,16.708351369023056,25.791789565063855
waybill_00806,2,1.0,222.85000000000002,18.322975636135567,25.782041549938654
waybill_00274,3,1.51,107.44999999999999,17.608918375612518,25.77885488924886
waybill_03848,2,1.0,96.96000000000001,15.783855825825073,25.778524981204697
waybill_00345,2,2.1,39.53,22.180803570168315,25.77656848204181
waybill_06480,2,1.0,94.92,16.17978990142256,25.767165307761545
waybill_06301,2,1.0,95.09,16.135382586773463,25.756699138865834
waybill_10693,3,2.36,193.06,16.198003308557105,25.73837764635686
waybill_10488,3,1.0,296.67,25.728134661983653,25.737875265892605
waybill_10502,3,1.0,296.67,25.728134661983653,25.737875265892605
waybill_08999,2,1.2,151.89000000000001,15.626649408321994,25.736630515249804
waybill_07412,2,2.36,88.22999999999999,17.48317043710087,25.734861931144817
waybill_07018,3,1.0,326.34,19.91172069554767,25.732243117850242
waybill_02033,4,1.56,215.85,25.311680264962845,25.711305196190953
waybill_09031,2,1.2,152.52,25.680072384955153,25.68733639846488
waybill_09856,3,1.0,189.26999999999998,15.595525019911713,25.68536956585512
waybill_03492,2,0.445,306.44,20.183081547014098,25.681258642012814
waybill_01621,2,1.0,168.73000000000002,15.589654270976157,25.675700615573188
waybill_00375,2,0.29,64.27000000000001,16.30408575860241,25.67184198653713
waybill_05799,2,1.0,218.84,19.01239334511463,25.6708475267349
waybill_03032,2,0.28,73.0,20.433211090980365,25.65693998417276
waybill_05927,3,1.9,102.49000000000001,15.575293446837481,25.652048761929205
waybill_05170,3,4.16,104.6,16.47236994073368,25.649278266172924
waybill_02380,4,1.0,185.46,15.561224177266066,25.62887709005525
waybill_07593,2,1.0,217.49,19.227634723922577,25.61655627750124
waybill_02750,3,1.0,205.27,15.551914531848244,25.613544378730776
waybill_06443,2,1.0,218.85000000000002,18.952248024780623,25.612698744386385
waybill_07840,2,1.0,102.31,16.62630685751933,25.61072779223933
waybill_09581,2,1.0,105.21,20.323760333775354,25.596617153463246
waybill_02334,3,1.0,114.61,16.010036949395708,25.595576848927298
waybill_09486,2,1.73,55.04,17.795299352382298,25.58978364774827
waybill_01846,4,1.0,229.1,22.376349098379908,25.586111838256095
waybill_06708,3,1.2,103.92999999999999,15.88722929234824,25.586004563641676
waybill_07114,3,1.2,226.01,19.187595873571546,25.5820461518228
waybill_07765,3,5.16,246.26999999999998,19.38860609748745,25.581099268536413
waybill_03060,3,1.2,99.85,18.831551172844755,25.577509729702527
waybill_02373,3,5.96,98.11,17.00090186798556,25.572679739452244
waybill_05913,2,1.0,218.64000000000001,18.950673745839964,25.569197167750364
waybill_04923,2,1.0,96.24000000000001,15.70733448709757,25.558252907521673
waybill_10482,4,1.0,237.92,23.059202842195354,25.551638431065268
waybill_10483,4,1.0,237.92,23.059202842195354,25.551638431065268
waybill_08434,2,1.56,227.26999999999998,15.504524295520934,25.53549405773638
waybill_11331,3,1.0,224.26000000000002,19.49002353714655,25.534471397875084
waybill_03821,2,1.0,176.0,19.14444089629866,25.533362449877323
waybill_09260,2,5.2,149.05,25.528985167835593,25.528985167835593
waybill_02990,3,1.0,112.63999999999999,16.277319480664556,25.528735875202305
waybill_06189,2,2.36,195.73,16.457487178972485,25.523766171097712
waybill_06651,3,1.2,111.75,16.33641994828067,25.518091881331333
waybill_06769,3,1.2,103.78999999999999,15.844025572855971,25.514849312352506
waybill_05744,3,1.0,178.05,24.723329504449712,25.512999635988024
waybill_02938,2,1.0,58.519999999999996,15.482759789094906,25.499648557808865
waybill_06457,2,1.0,95.6,15.775527901769479,25.49866789112201
waybill_07950,3,1.0,103.2,15.948931451028923,25.49515773645644
waybill_00289,3,4.5,87.44,15.470440965358023,25.479359818577933
waybill_08745,3,2.5,169.20999999999998,17.625073862627108,25.47745775957239
waybill_00847,2,1.0,222.25,18.137816838311565,25.477090472985054
waybill_05103,3,1.0,104.44,15.68429704968628,25.475750197680476
waybill_07520,2,1.0,101.4,16.663313274383718,25.466049252423826
waybill_01817,3,1.0,210.58,15.461696898099289,25.464958597794244
waybill_02441,3,1.0,104.17999999999999,15.689327800279159,25.432594200664724
waybill_07158,3,1.0,104.44,15.636793596506095,25.429919100586766
waybill_06969,2,0.32,212.6,15.438954318838807,25.427502240766156
waybill_03075,3,0.1,115.11999999999999,15.73717917160136,25.427209377171575
waybill_11465,3,5.16,103.2,18.02037339043357,25.425036985943308
waybill_01207,1,1.2,50.0,15.429899818666664,25.412589746133328
waybill_02909,2,0.56,50.0,15.429899818666664,25.412589746133328
waybill_06760,3,1.0,227.85000000000002,18.624553104611632,25.39214556724214
waybill_04986,2,1.0,331.21,25.39105843136104,25.39105843136104
waybill_06416,3,4.16,103.26,17.63710705878205,25.38503442539659
waybill_07119,3,1.0,104.12,15.644505244169137,25.372252504082166
waybill_06153,3,1.0,103.26,15.80454776233185,25.36715507489105
waybill_10123,3,1.2,58.379999999999995,15.402253513796005,25.367057097708443
waybill_00292,4,3.56,112.86,15.979844333285158,25.363913804736903
waybill_05667,3,1.0,103.88,15.675633767987044,25.360511427156933
waybill_06896,3,1.2,103.82999999999998,15.67816838937843,25.34893750182425
waybill_05012,2,1.2,180.0,18.15322138806104,25.34075813583704
waybill_01150,3,1.0,225.08,20.32496316110967,25.337148777797594
waybill_01915,3,1.2,234.01000000000002,17.343232892073193,25.33576796183779
waybill_02023,2,1.0,271.69,15.381477162471022,25.33283906007708
waybill_01969,3,1.0,114.91,15.688016898655473,25.330625027791175
waybill_05492,3,1.2,103.92999999999999,15.638276725028978,25.328791224384183
waybill_10050,3,1.0,229.77,18.169715255558245,25.317722748551304
waybill_04918,2,1.0,101.49000000000001,16.495440336582167,25.31614515649171
waybill_10056,3,1.0,109.56,16.575775812150788,25.31502407958203
waybill_05338,3,1.0,104.12,15.585545690846816,25.313109623305223
waybill_09419,2,1.2,95.09,15.686966723053272,25.30828327514564
waybill_07194,3,3.87,167.0,16.92649968756974,25.308137885074935
waybill_10564,3,2.36,155.6,23.97404398545192,25.307731359761465
waybill_01109,3,1.2,103.92999999999999,15.606538293871873,25.299981925967394
waybill_05404,3,2.36,128.26,16.52028353463696,25.28547180182704
waybill_03170,3,0.38,101.88,18.05276962951634,25.26072224435628
waybill_08216,3,1.2,316.53999999999996,21.392243311178085,25.259672586025147
waybill_06141,3,1.0,214.8,17.187114232859916,25.257120770223963
waybill_09737,3,1.0,103.92999999999999,15.564077966401351,25.25493187416179
waybill_02438,3,1.0,103.83,15.581318501548491,25.25470607244179
waybill_09893,3,1.2,231.27,17.806871891219636,25.25275019332654
waybill_06974,3,1.56,103.19999999999999,15.705433467146845,25.25207930390836
waybill_08963,3,1.0,103.97999999999999,15.548475362960197,25.251135184926827
waybill_07463,3,1.2,114.24,15.73699374960376,25.24783011958284
waybill_04579,3,0.5,162.04,25.244359203134827,25.244359203134827
waybill_01825,3,1.0,103.92999999999999,15.553533450072097,25.24405849085964
waybill_03942,4,1.0,170.03,25.21208943008363,25.23557324817765
waybill_02674,3,1.0,111.75999999999999,16.712205030526736,25.21353870983991
waybill_09865,3,1.2,231.19,17.782184051509773,25.212090049732723
waybill_03955,3,1.0,264.79,15.301240466270631,25.20069158879804
waybill_04119,2,1.0,95.82,15.432054109959473,25.19911793499286
waybill_07825,3,1.0,230.63,17.87185182373631,25.193876731933564
waybill_04909,2,1.2,105.86,15.65463884894766,25.18611119169283
waybill_02668,3,1.0,226.01000000000002,23.56144845423709,25.18507192571337
waybill_11142,3,1.2,103.98,15.482428182977396,25.18229936492153
waybill_11079,3,1.0,104.12,15.442813655954941,25.16985591563123
waybill_10753,3,1.2,103.44,15.576725258515765,25.16981396817361
waybill_02271,3,2.36,99.69,16.30644803030395,25.16932133557074
waybill_06448,2,1.0,94.92,15.565681264235613,25.153056670574596
waybill_02556,3,1.2,110.83,16.154492275073345,25.149674810575547
waybill_00641,3,1.1,98.11,16.598596170335604,25.131926812036234
waybill_01480,3,2.6,242.36,20.1633231464282,25.13051211023138
waybill_00993,3,7.4,198.46,15.256211024792606,25.12652942726578
waybill_08109,4,1.0,231.03,24.220336933904697,25.124548549124327
waybill_09158,3,1.0,103.39,15.538805012659472,25.122251073662426
waybill_02225,3,1.0,109.92,16.30488388750798,25.117873951771728
waybill_03470,2,1.0,95.66,15.38267843053974,25.11779764780523
waybill_02171,3,1.0,202.79000000000002,15.249366030777992,25.11525592408349
waybill_11259,3,1.0,103.2,15.564694185480176,25.109073134778527
waybill_07251,3,3.87,154.04,24.133542820393632,25.104032015747578
waybill_00452,3,0.39,104.17999999999999,15.344909170281047,25.083946469532243
waybill_06474,4,1.2,222.17000000000002,15.69290940510637,25.068368693776165
waybill_01537,2,1.2,167.0,15.214873002218004,25.058446923753092
waybill_05347,3,1.2,103.39,15.471633806987379,25.054335255125945
waybill_03578,2,1.0,95.52,15.339474711047473,25.04664239651606
waybill_00187,3,1.0,85.69,15.205428104215807,25.04289145541275
waybill_01003,2,1.4,94.71000000000001,15.479865101561161,25.02531321020479
waybill_00627,3,1.0,98.51,16.410712850234212,25.022985922115524
waybill_07855,3,1.2,99.69,16.165658591598024,25.017175619761815
waybill_03471,3,1.0,177.28,23.910799273197522,25.01238910669347
waybill_09623,2,3.0,88.22999999999999,16.7500390603241,25.001730554368045
waybill_07687,2,1.0,99.31,16.613645208639106,24.999104747711108
waybill_02953,2,1.0,57.519999999999996,15.174161792721574,24.991396762886197
waybill_01690,3,1.0,103.2,15.444002273317263,24.990900631386317
waybill_03421,2,1.0,95.41,15.305528931446407,24.99073469907456
waybill_07783,2,1.0,89.37,16.511000304153008,24.99029712854319
waybill_00472,3,0.3,104.12,15.257700013471576,24.983853912043884
waybill_11117,3,1.0,224.01,18.97130769030584,24.964823917109594
waybill_11334,3,1.0,324.97999999999996,19.407692539464907,24.9569989797911
waybill_05481,4,1.87,271.17,24.942605674243246,24.950878447851235
waybill_06950,3,1.0,114.38,15.413881234414381,24.94996084772005
waybill_01507,1,4.76,49.06,15.13981770207573,24.934833058906023
waybill_05698,3,1.0,334.88,21.505088923873526,24.93336104686699
waybill_09111,3,1.0,227.37,18.26420128450918,24.930705348706383
waybill_09302,2,1.0,94.61,15.402901471823686,24.92838420061237
waybill_09868,3,1.2,230.63,17.609369173540703,24.92746904457603
waybill_01024,3,4.86,202.79000000000002,15.134164395689714,24.925522230087598
waybill_10501,3,1.0,176.51999999999998,20.11908572787443,24.920517496967385
waybill_02636,3,4.85,106.86999999999999,16.80060101332005,24.876168132121137
waybill_06753,3,1.2,180.42000000000002,19.292039496883394,24.875949980075074
waybill_05995,3,1.0,98.69,16.217257671675878,24.872499644038093
waybill_04428,2,1.0,225.73000000000002,16.826607442630042,24.860676296255214
waybill_00061,3,0.5,81.94,15.093673225206258,24.85883446698288
waybill_01826,3,1.0,110.83,15.867009420382878,24.856749628262264
waybill_02257,3,1.0,112.75999999999999,15.623406865395449,24.841694140714342
waybill_09641,3,1.0,278.27,22.564897576896886,24.834604284679667
waybill_09702,3,1.2,184.82999999999998,18.376119700841997,24.8337117001297
waybill_07598,2,1.0,100.14,16.274479798953315,24.825651990821264
waybill_04446,4,0.5,191.86,24.5909676386253,24.823397935769815
waybill_00188,4,0.5,108.09,24.47168399839323,24.823335032175702
waybill_08339,4,1.0,112.59,15.936254458783601,24.819288763805318
waybill_08331,2,0.5,113.76,15.058548177376366,24.800984549562514
waybill_02345,3,4.81,98.03999999999999,16.240897086556686,24.789329931536823
waybill_05017,2,4.16,93.96000000000001,17.465116846363063,24.782428563196127
waybill_04936,2,1.0,94.71000000000001,15.235179552646368,24.780627661289994
waybill_02210,2,1.0,208.79000000000002,15.040671667101238,24.771542464581202
waybill_01410,3,2.08,323.25,24.75098533426216,24.76575793146634
waybill_06284,2,1.0,102.31,15.77954155355179,24.76396248827179
waybill_07980,3,1.0,229.77,17.606457546855246,24.756780188300073
waybill_01477,3,1.1,110.01,15.924620961307138,24.75313821243043
waybill_04615,2,1.0,170.49,18.55041797300589,24.74367880400621
waybill_03275,2,1.0,94.92,15.154315913223474,24.74169131956246
waybill_07881,4,1.0,227.10999999999999,21.921828104565776,24.739663317490074
waybill_03994,2,1.0,225.49,16.75254392350044,24.738695865473773
waybill_09139,3,1.2,102.34,15.361848941793609,24.736869183238053
waybill_03469,2,1.0,105.8,15.198181582125436,24.717674696957644
waybill_03677,3,1.0,103.23,15.125808462363631,24.694740389101277
waybill_07664,2,2.36,89.59,16.155114701774433,24.678335361845473
waybill_11364,3,1.0,102.34,15.29929990859911,24.671976591145036
waybill_11345,3,1.0,222.56,18.965406943311883,24.670443346506552
waybill_11213,3,1.0,222.56,18.965406943311883,24.670443346506552
waybill_01545,3,1.0,233.79000000000002,14.976279015327446,24.66548966699833
waybill_04919,3,1.0,207.49,15.465236426939454,24.663450821016493
waybill_07238,3,9.96,93.84,16.929160370945045,24.6605784511662
waybill_03762,2,1.0,151.31,15.270132059946809,24.653860591765476
waybill_03596,2,1.0,151.31,15.270132059946809,24.653860591765476
waybill_08442,2,1.0,78.42,14.963638959691218,24.644671868307043
waybill_00305,4,4.5,102.25,17.26792918178731,24.64341443214151
waybill_08616,2,0.57,54.79,16.896860201970213,24.641431047698852
waybill_08583,3,1.0,264.27,14.957716354354474,24.634917512062362
waybill_08468,2,2.2,84.44,18.934583517070347,24.630706389682828
waybill_01695,1,3.86,48.46,14.954658904251733,24.62988198195242
waybill_01311,1,1.3,48.46,14.954658904251733,24.62988198195242
waybill_06491,2,1.0,102.75,15.55342102763941,24.625689633721112
waybill_01784,3,1.0,234.25,16.584077571679483,24.62346569846404
waybill_08305,3,2.36,118.91,17.1528763025929,24.61632346312815
waybill_07360,3,1.0,214.46,21.722242850129035,24.589378082533326
waybill_10319,3,4.15,94.13,18.62370871674775,24.589036518525347
waybill_04336,2,1.0,94.61,15.058650534347743,24.58413326313643
waybill_10987,3,1.2,240.59000000000003,19.496674815874208,24.574016051041596
waybill_11937,2,0.03,48.349999999999994,14.920713124650664,24.573974284510925
waybill_06363,2,2.36,100.69,15.985797363646359,24.57091070126769
waybill_00682,3,1.0,205.67000000000002,14.916035315611717,24.566270071041327
waybill_04530,2,1.0,325.3,17.244340789485285,24.553666354376375
waybill_04922,3,5.16,164.41,17.433250186540977,24.54618834774871
waybill_02206,3,2.36,195.42000000000002,14.880803333313054,24.508244035705975
waybill_08579,2,1.0,223.49,16.91803843568054,24.504882780555207
waybill_02931,2,1.0,56.519999999999996,14.86556379634824,24.483144967963533
waybill_03877,2,0.5,94.74000000000001,14.931048210188269,24.482485932788375
waybill_05639,4,0.33,190.49,14.864349891929074,24.4811457032011
waybill_11053,3,2.36,182.56,20.25493621441776,24.476745648535356
waybill_02736,3,1.0,100.32999999999998,15.488573383249225,24.476705954861448
waybill_08499,2,1.0,101.86,15.65632731103205,24.4750355929561
waybill_02178,2,2.87,56.519999999999996,14.858191568680377,24.471003126510233
waybill_01956,3,3.87,233.01000000000002,21.169013753078023,24.454360750286202
waybill_08456,3,1.0,255.25,14.844558295041292,24.44854952707288
waybill_01570,2,4.8,156.51,14.84135878968055,24.443280036144323
waybill_10179,2,0.61,120.44,14.840522630724264,24.441902907013965
waybill_06724,3,1.0,320.05,24.419567603717248,24.430875523438317
waybill_08703,2,1.2,91.81,15.463307253581409,24.429759346431965
waybill_09881,3,4.5,98.17,15.865515575449285,24.426132094028567
waybill_04548,2,1.0,336.03,19.69319820386003,24.419003615522747
waybill_03922,2,1.0,336.03,19.69319820386003,24.419003615522747
waybill_01092,3,1.2,230.63000000000002,17.09685224527381,24.41641221261776
waybill_09264,2,1.0,169.0,19.42354571440954,24.414890678142868
waybill_01081,3,1.12,79.57,19.38080982943381,24.397812308539457
waybill_00991,1,1.2,48.0,14.812703825919998,24.396086156287996
waybill_07465,3,1.2,107.83,15.970300626839238,24.363075724942053
waybill_08874,3,1.0,112.6,15.175451700431395,24.35901164616976
waybill_08693,2,0.52,119.75,14.78789603645889,24.355228458992976
waybill_09132,3,2.5,99.69,15.50003111602415,24.353838139281738
waybill_02327,4,0.48,116.42,16.007582532186834,24.353028883475616
waybill_08705,2,1.0,103.12,15.346650820157441,24.331071754877442
waybill_06737,3,1.0,236.90000000000003,24.325403823844788,24.33001109440528
waybill_07115,3,1.0,236.90000000000003,24.325403823844788,24.33001109440528
waybill_04967,3,1.0,227.85000000000002,17.567542878265606,24.328251364280923
waybill_06054,2,5.16,174.38,24.32208941236088,24.32208941236088
waybill_09781,2,2.5,177.61,16.25070117145851,24.314496257312136
waybill_05970,2,0.26,88.0,24.15605427517518,24.29214429883911
waybill_05802,2,1.56,222.67000000000002,20.08933406632444,24.285015239838998
waybill_08669,2,2.5,88.09,16.053174879898876,24.27691484214591
waybill_10995,3,1.2,210.34000000000003,24.270020596569353,24.27470332095786
waybill_08603,2,1.0,91.99000000000001,15.251493020186109,24.253882796775546
waybill_03524,3,1.0,275.39,15.233221592950041,24.250994950684113
waybill_01220,3,1.0,109.92,15.436205556928956,24.2458064220252
waybill_02362,3,3.87,98.17,15.677450698796715,24.244180185455402
waybill_03778,2,0.42,306.44,19.04920056122679,24.23849130257389
waybill_09203,3,2.5,99.46,15.429053576858283,24.23694022644952
waybill_11617,2,1.0,87.35,17.97718763242863,24.236334216950226
waybill_03982,2,1.0,224.49,16.443945927127107,24.2304440705511
waybill_00005,3,0.35,98.11,15.68830783613836,24.22967994826044
waybill_05943,2,1.0,100.77000000000001,15.551802152011579,24.2287562369656
waybill_10895,3,1.0,222.56000000000003,18.523840595564508,24.22785881447173
waybill_05534,3,1.0,328.61,21.072115822973725,24.220267124444582
waybill_08832,3,3.0,99.69,15.350503276660866,24.211591031672874
waybill_05702,3,1.0,328.61,21.066038138124192,24.210257356817927
waybill_06940,3,8.16,93.92999999999999,18.273783104248793,24.201165489227762
waybill_11187,3,6.18,93.0,16.66398296166095,24.197381120642152
waybill_02700,3,1.12,110.16,15.478983024006176,24.19219847308623
waybill_02647,3,0.34,185.99,14.685797584096735,24.187075320340988
waybill_08946,3,2.5,213.06,15.680934183664561,24.177756174816302
waybill_08170,3,1.0,224.37000000000003,18.07896659864676,24.147223713344893
waybill_10931,3,1.0,222.34000000000003,18.455949036362373,24.116043419588742
waybill_04408,4,1.0,267.98,14.99316825841169,24.106648384220136
waybill_04217,2,1.0,103.23,14.936846223863611,24.104948653248993
waybill_08142,2,1.0,212.26999999999998,14.633027819780736,24.10016507547081
waybill_04488,3,1.0,275.07,15.134470234110577,24.08835437630886
waybill_06498,3,1.0,181.26999999999998,14.60767077013163,24.05840276285193
waybill_08004,4,4.5,191.59,14.58490946218743,24.02091556023435
waybill_10622,3,1.0,231.37,16.54988607745383,24.01371307735597
waybill_09808,2,1.39,114.17,17.5424322261534,24.003186892437647
waybill_02769,3,1.0,202.08,14.567486923417311,23.99222115292747
waybill_03505,3,1.0,274.87,15.072750634835906,23.986704017324328
waybill_01063,3,1.6,200.7,14.555208193014494,23.971998446234803
waybill_11616,3,1.0,85.86,19.433323647214788,23.971368512921185
waybill_04741,3,1.2,60.31,23.79381101001183,23.95949773374303
waybill_08543,1,1.7,31.0,23.94570461524266,23.94570461524266
waybill_00466,1,1.04,31.0,23.94570461524266,23.94570461524266
waybill_10128,4,3.87,169.19,16.592905691334245,23.931331412416142
waybill_03106,2,0.4,39.42,23.903907052294773,23.926839986081635
waybill_05705,3,1.0,231.84000000000003,17.582249119233566,23.92292565270213
waybill_00529,2,1.2,39.44,23.90254323098196,23.914598867861056
waybill_05769,3,1.2,228.45000000000002,23.849022341356928,23.902584672408317
waybill_10176,2,1.0,39.42,23.88172332885128,23.89030404809523
waybill_02465,2,1.0,39.42,23.8810532270042,23.889200410124275
waybill_09390,1,1.0,47.0,14.504105829546663,23.88783436136533
waybill_09063,1,1.5,47.0,14.504105829546663,23.88783436136533
waybill_09487,2,1.2,90.75,15.130295689056357,23.885114755444622
waybill_07061,3,1.0,184.75,21.765774682515513,23.88410148512394
waybill_07377,2,1.0,39.42,23.87788324639031,23.88397954558266
waybill_10872,2,1.03,39.42,23.87467295971712,23.87869229815059
waybill_08721,2,3.5,95.46000000000001,16.33423620935195,23.874938343006324
waybill_08622,2,2.5,215.49,19.59110064173469,23.86939632493469
waybill_08525,3,1.0,199.20999999999998,14.997840413119691,23.84292401264158
waybill_07748,2,1.0,97.03,15.910041776907907,23.840290655287426
waybill_02576,3,1.0,108.45,15.026022584031855,23.823750796825344
waybill_06576,4,1.56,189.47,23.365586873760073,23.82202674627198
waybill_10007,3,1.2,224.01000000000002,17.819040977497416,23.818720122220093
waybill_03952,2,1.0,158.68,23.816320566111912,23.816320566111912
waybill_08306,3,0.88,111.64,14.820070983031544,23.81190412211493
waybill_07016,4,1.2,214.07999999999998,23.170450505548494,23.80486367637849
waybill_05368,3,1.2,224.01,17.807443908390407,23.80236659659746
waybill_05730,3,1.2,100.50999999999999,14.779853492955969,23.79382876730845
waybill_00212,2,0.58,91.25999999999999,17.15212741019305,23.76865429411795
waybill_05853,2,1.2,219.93,23.76623289200188,23.76623289200188
waybill_07630,2,1.0,91.17,14.924796959022396,23.763470620801385
waybill_11536,2,0.5,46.75,14.42695633045333,23.76077141263466
waybill_01639,4,1.1,349.71999999999997,20.969691025992827,23.74612232921814
waybill_03908,2,1.0,222.52,20.041720125695367,23.73831020583627
waybill_04353,2,1.0,222.52,20.041720125695367,23.73831020583627
waybill_04970,2,1.87,91.81,14.758810494216156,23.725262587066712
waybill_05335,3,1.0,110.01,14.900118635382523,23.72524739839794
waybill_03963,2,1.0,223.49,16.135347930753774,23.722192275628437
waybill_04733,3,1.0,144.76999999999998,22.351224220691684,23.714681087681665
waybill_09889,3,4.5,96.75,15.427306420599152,23.704414545238382
waybill_00235,3,0.4,100.88999999999999,16.80616422519273,23.700447101535133
waybill_07590,2,1.0,97.92,15.589392247004518,23.697333006092943
waybill_08982,3,5.2,145.76,23.68124280342808,23.68124280342808
waybill_04608,2,1.0,99.31,15.29104510319707,23.676504642269073
waybill_05113,3,1.0,109.91,14.869258835745187,23.674422218905672
waybill_08757,3,1.0,227.37,17.001717680570405,23.669639764587174
waybill_11171,3,1.0,108.79,15.082989915493869,23.665037555784437
waybill_08975,3,1.0,227.36,16.998631700606673,23.664557246637948
waybill_01094,3,1.0,231.04000000000002,16.257378487439823,23.65742353477777
waybill_07246,2,2.36,152.52,23.628957141508746,23.643344407602683
waybill_07324,2,2.36,152.52,23.628957141508746,23.643344407602683
waybill_03839,3,1.0,175.5,22.535852363031978,23.637442196527925
waybill_10592,3,1.2,182.71,20.337047947266917,23.6364902237055
waybill_05640,3,0.355,101.96000000000001,14.75442021952975,23.630433477449014
waybill_02637,3,1.2,107.83,15.228698285953344,23.624919425807548
waybill_06830,3,1.0,224.37,17.55063207723243,23.623429320911256
waybill_08441,3,1.0,222.56,17.91488034098066,23.623419249067975
waybill_07583,2,1.0,97.77000000000001,15.543102547548518,23.621095236854543
waybill_01990,2,0.31,274.0,14.342135373930484,23.621073799861954
waybill_01004,2,4.86,88.41,15.32944796479078,23.617077142573603
waybill_07955,3,2.0,179.07999999999998,18.28656082754361,23.610771327655236
waybill_01732,3,4.6,105.47999999999999,15.373615409619552,23.60799087235742
waybill_11384,3,1.0,108.66,15.042872175965336,23.59896482244449
waybill_04792,3,1.0,90.08,18.666593723603388,23.583200559043778
waybill_05302,3,1.0,214.26,18.77610055557444,23.56779172075844
waybill_08886,3,1.0,227.16000000000003,16.936912101332005,23.562906887653412
waybill_07595,2,1.2,88.52,15.248330938036608,23.55792203365986
waybill_05735,3,1.0,100.32999999999998,14.580110880861707,23.556217555181465
waybill_11048,3,1.0,60.01,17.566190383818785,23.55371699666606
waybill_06900,3,1.0,103.66,15.734878370031335,23.547945701856257
waybill_06633,1,0.41,55.0,23.538606759970442,23.538606759970442
waybill_00423,1,0.26,46.3,14.288087232085328,23.53205810491946
waybill_10141,2,1.0,174.04,17.534151578382122,23.531751686804093
waybill_02126,3,4.87,99.69,16.38914987318151,23.53039689395412
waybill_10255,3,2.36,102.85000000000001,16.115456832800884,23.526890952512932
waybill_07085,3,1.0,211.69,14.982070506962078,23.523260008902557
waybill_00628,2,0.26,54.6,16.080125684064544,23.51722968002721
waybill_04607,2,1.0,98.99000000000001,15.192293744357606,23.513864067893817
waybill_04206,3,1.0,94.41,14.998783449820849,23.508028343993427
waybill_00193,3,0.5,84.43,14.273059743717504,23.50730827495981
waybill_05269,3,1.0,100.56,14.486936823757748,23.50373323338053
waybill_02967,3,1.0,108.63999999999999,15.042927495171222,23.49572869551164
waybill_00909,2,1.0,102.12,14.689007880583965,23.473775016754633
waybill_00902,4,0.3,215.67000000000002,22.28519433690208,23.444763333059086
waybill_00960,2,1.0,91.99000000000001,14.433108581439383,23.43549835802882
waybill_06740,3,1.2,99.69,14.578773787725307,23.43101695316958
waybill_07012,3,1.0,184.51999999999998,17.017065403184976,23.410594227324133
waybill_02440,3,1.0,270.89,14.210432403329557,23.404162893144377
waybill_04221,2,1.0,222.85000000000002,15.93784521307484,23.39691112687793
waybill_00717,3,6.35,102.32,23.029513265021084,23.39641781016769
waybill_10450,1,0.28,46.03,14.204765773064532,23.39483012029034
waybill_09955,3,1.2,183.29000000000002,14.84324308791128,23.393144755606638
waybill_09853,3,2.5,166.67,15.688236197572873,23.388133040706347
waybill_01734,3,2.87,98.10999999999999,14.848534599202475,23.387021573240954
waybill_09721,1,1.0,46.0,14.195507833173332,23.37958256644266
waybill_07605,1,1.2,46.0,14.195507833173332,23.37958256644266
waybill_08507,1,1.2,46.0,14.195507833173332,23.37958256644266
waybill_07867,2,1.0,97.92,15.271561653440395,23.379502412528822
waybill_02250,3,2.36,96.16,15.217097103106086,23.375192499493725
waybill_08554,2,1.0,90.17,14.720112048606547,23.3591319118362
waybill_00319,4,2.09,309.25,14.181565497235685,23.356619950518382
waybill_06716,4,1.0,210.34,14.179479172053453,23.35318383449973
waybill_07760,3,1.0,157.45,22.978876012562417,23.351752254131366
waybill_02317,2,1.2,250.33,14.177879370343003,23.350549008284357
waybill_11794,2,1.0,66.37,22.64976196267605,23.350546795584208
waybill_00491,2,0.5,92.03999999999999,14.30397871373921,23.316351180256117
waybill_10381,2,2.36,88.22999999999999,15.05947731644034,23.31116881048429
waybill_03343,3,1.0,110.01,14.436183838552568,23.28037247655613
waybill_04417,2,1.0,92.03999999999999,14.265553683668275,23.27792615018518
waybill_00433,3,1.0,99.69,14.424891933081616,23.273611958926516
waybill_11670,2,1.0,66.37,22.601467359039788,23.271007008315102
waybill_11671,2,1.0,66.37,22.601467359039788,23.271007008315102
waybill_06173,3,1.0,106.28999999999999,15.171533347083859,23.260695626348976
waybill_06692,3,1.0,329.61,16.775565479369945,23.255656472089406
waybill_07059,3,1.0,169.20999999999998,14.817605079455635,23.252390302309422
waybill_05324,3,1.0,496.77,23.246370512362304,23.250794455468178
waybill_05308,3,1.0,496.77,23.246370512362304,23.250794455468178
waybill_10988,3,1.0,100.32999999999998,14.273227249700005,23.243581612874323
waybill_03819,2,1.0,90.17,14.602260605026165,23.241280468255823
waybill_01008,2,4.87,87.64,15.103531861412957,23.237427614312796
waybill_10751,3,1.2,227.85000000000002,16.467754116808916,23.229751963037216
waybill_00549,3,1.0,105.55,15.272983265316782,23.212423036086832
waybill_00532,2,2.75,88.52,14.900106975016332,23.209698070639583
waybill_01162,3,1.0,202.65,14.085877479504457,23.19902460856531
waybill_07603,2,1.2,95.73,15.525008157803608,23.195707098068993
waybill_07090,3,1.0,224.37,17.1294184945818,23.19551508910005
waybill_08532,2,3.5,83.11,15.959102058041857,23.188566103513217
waybill_05501,3,1.2,99.69,14.329821220406046,23.173803613912085
waybill_09837,2,2.5,297.21,23.15422215786866,23.16834250819937
waybill_06541,2,1.56,174.04,19.50861512637353,23.16340269244317
waybill_10717,3,1.0,168.25,23.149143799376407,23.153904885475455
waybill_01011,2,4.87,87.46000000000001,15.047984222065757,23.145942291226714
waybill_00808,2,1.0,91.41,14.254121743542846,23.140712316973673
waybill_03198,2,1.2,68.33,14.050466774877863,23.140704222829008
waybill_02041,3,1.36,169.79000000000002,14.04728368095088,23.13546176104763
waybill_09410,2,2.58,81.99,17.92616759796343,23.133138664130044
waybill_08085,3,1.0,180.42000000000002,17.547444370101253,23.12455314036803
waybill_08843,3,2.5,98.10999999999999,14.58144011285543,23.123339183953988
waybill_09804,3,1.0,368.08,17.673358095062127,23.121108044114123
waybill_00252,3,1.0,96.60999999999999,14.87737868167821,23.115731223288186
waybill_05738,3,1.0,99.46,14.311630624016908,23.11403849359875
waybill_02290,1,1.2,29.92,23.111467164130982,23.111467164130982
waybill_05394,3,4.16,53.900000000000006,14.032622890888456,23.111315872377645
waybill_09052,3,1.2,69.75999999999999,15.159688613137211,23.097201505026455
waybill_00766,2,2.81,89.47,14.593790744766652,23.093052949011774
waybill_05777,3,1.0,182.71,17.009393378226203,23.08157683230673
waybill_10387,2,6.28,45.38,14.004177075421865,23.064466453590608
waybill_08585,2,1.0,89.59,14.541125210710012,23.064345870781054
waybill_11429,4,1.0,226.01,20.46493706054182,23.05737074435239
waybill_06472,2,1.0,213.82,17.40000010302276,23.05619221592537
waybill_11569,1,1.0,29.84,23.04967179738197,23.04967179738197
waybill_01696,4,1.22,225.28,19.15912369017887,23.04947016730384
waybill_10402,3,1.2,109.64,14.446842680894298,23.04364474320637
waybill_08593,2,1.0,89.59,14.510857828890106,23.034078488961146
waybill_06166,3,1.0,171.17,14.782727106947082,23.02643244904905
waybill_01320,3,2.5,197.32,13.968162211695002,23.005151035641724
waybill_06953,3,1.0,99.46,14.206438581069404,23.003799139742537
waybill_09600,2,1.0,89.52,14.484341228836207,22.993586123008786
waybill_05684,3,3.87,173.29000000000002,18.80868823042949,22.992860856584954
waybill_01760,3,1.0,231.04000000000002,15.593478003321085,22.99197743676228
waybill_01588,4,2.3,95.43,17.041592705823113,22.968456828661772
waybill_02950,2,1.0,53.519999999999996,13.93976980722824,22.958389583195533
waybill_10643,3,2.36,174.89000000000001,13.939638886871558,22.958173961230845
waybill_07459,3,1.2,339.73,22.94767128901984,22.954986848050655
waybill_03828,2,1.0,89.59,14.423273767129631,22.946494427200673
waybill_01425,4,1.2,306.9,17.263082288372175,22.935783205449937
waybill_02000,3,1.2,306.21000000000004,13.92424337734042,22.9328180112736
waybill_08242,3,1.0,109.64,14.330124237498271,22.92366053462345
waybill_04063,2,1.0,89.52,14.401671907383498,22.91091680155608
waybill_06451,2,2.39,93.96000000000001,15.581496764621233,22.898808481454296
waybill_08547,2,0.27,274.0,13.903171106991397,22.89811260374065
waybill_04023,2,1.0,97.77000000000001,14.815804188782138,22.893796878088164
waybill_09624,2,2.58,83.39,17.401255430069305,22.887741814204986
waybill_05312,3,1.0,171.17,14.308284619264219,22.88105632108743
waybill_05717,3,1.0,170.47,14.324023622456606,22.878319575653254
waybill_02898,2,0.34,86.78999999999999,14.908573543105911,22.872763567238817
waybill_08093,3,1.0,98.03999999999999,14.35656578974252,22.872578474655477
waybill_03369,2,1.0,321.97,16.216709461562083,22.861187877283896
waybill_03533,2,1.0,102.12,14.062540955471567,22.847308091642233
waybill_01750,3,2.7,96.61,14.59896448843597,22.842792081814167
waybill_06399,3,4.16,98.00999999999999,17.34388354374541,22.842192906966893
waybill_03424,2,1.0,91.17,13.997073426823475,22.835747088602464
waybill_04934,2,2.36,89.59,14.309466521825634,22.832687181896674
waybill_10143,2,1.56,209.26000000000002,19.272616872167756,22.79650641656349
waybill_04971,2,1.0,177.3,16.146057878082868,22.794529369775663
waybill_02186,3,1.0,98.03999999999999,14.2731308134215,22.792629793817724
waybill_07173,2,0.32,126.5,13.83825699953393,22.791200984032187
waybill_05931,2,1.0,90.17,14.145240283537918,22.784260146767576
waybill_05268,3,0.27,105.68,16.13222469231787,22.781740077728855
waybill_03126,3,1.0,240.58999999999997,13.831351513228661,22.779827851832003
waybill_03730,2,1.0,221.62,15.558269677535641,22.771761419123052
waybill_06981,3,2.36,175.59,13.825392931652623,22.770014243782672
waybill_02761,3,1.0,107.78999999999999,14.528091677404372,22.7655259664711
waybill_02067,2,1.0,147.99,22.744219613362,22.754470609888696
waybill_10446,3,5.1,53.019999999999996,13.809394989204073,22.74366610458507
waybill_04959,1,3.87,144.0,22.715911597552864,22.715911597552864
waybill_03871,2,0.5,225.82,14.650069228020087,22.702106923514695
waybill_04869,2,1.2,65.83,22.478771804586984,22.701616830391394
waybill_02296,2,5.69,187.35000000000002,13.782332202732267,22.69909449374654
waybill_07223,2,0.57,121.36,13.781152469394215,22.697151507746497
waybill_06989,3,1.0,109.94,14.043706130516778,22.69332287826341
waybill_06820,2,0.31,261.43,22.68747127331011,22.690976728423642
waybill_06200,3,1.0,97.99,14.178236321444382,22.688668115648596
waybill_08096,3,1.0,106.66,14.517005126428954,22.67563751193861
waybill_03360,2,1.0,221.41000000000003,15.49346409829724,22.665028542189297
waybill_03332,2,1.0,172.98,22.664903567518873,22.664903567518873
waybill_05011,2,1.0,98.99000000000001,14.34193186366755,22.66350218720376
waybill_03436,3,1.0,251.59,13.97939289455995,22.663174221475867
waybill_03152,2,1.0,232.07,13.755645929321354,22.655142988810375
waybill_10314,1,0.45,116.0,22.652515058275952,22.652515058275952
waybill_01663,3,1.4,98.03999999999999,14.13131261467062,22.650973317577876
waybill_06254,1,2.36,288.69,22.645063708683015,22.645063708683015
waybill_09968,2,1.0,231.26999999999998,13.747999292367464,22.642549203359366
waybill_02377,3,4.87,104.44,14.95214396000757,22.642355609828996
waybill_03776,2,1.0,255.38000000000002,16.274761365873754,22.640722732619246
waybill_06642,3,1.2,98.10999999999999,14.091188953455438,22.62797911719176
waybill_10177,3,1.0,194.7,14.21741062410658,22.625859201716743
waybill_02623,3,4.62,99.69,15.560626448082022,22.618325332299506
waybill_00489,2,1.03,89.67,15.275688844884119,22.596993637688172
waybill_10039,3,1.0,98.03999999999999,14.071099461531364,22.588732012572844
waybill_03708,3,0.5,274.28,13.95829962194702,22.570071861002855
waybill_07076,3,1.0,221.69,18.259837971425156,22.568981138709276
waybill_08829,3,1.2,222.56000000000003,16.858739022325878,22.56782060820255
waybill_05184,3,4.16,95.2,14.592413088387612,22.553044798000535
waybill_02511,3,1.0,106.44,14.42181666461552,22.538725424355782
waybill_02947,2,1.0,52.69,13.683633470238375,22.53654059340972
waybill_11254,3,1.0,98.11,13.993930383939906,22.522071498622154
waybill_09917,3,2.36,104.0,15.033722377225441,22.51258316123913
waybill_09161,3,2.8,106.42999999999999,14.544431224788088,22.505605233922086
waybill_00086,2,0.76,73.0,18.519656392610404,22.50537185489479
waybill_05425,3,1.0,188.52,15.3122036084992,22.504164299381067
waybill_09033,3,5.35,95.63,16.236694195836204,22.498278104139608
waybill_00649,2,1.3,65.83,22.42201347515436,22.49712779148358
waybill_11605,2,1.02,66.53,22.23899532024387,22.495502687313127
waybill_02646,3,6.04,95.89999999999999,17.03898755356225,22.483772806433862
waybill_05175,3,2.36,97.03999999999999,14.157951520276672,22.47798312162979
waybill_01065,3,1.0,106.44,14.362284529549754,22.477090175694318
waybill_05139,2,1.0,90.17,13.834144649111435,22.47316451234109
waybill_04800,4,0.1,104.69999999999999,14.22350593405543,22.472924472010803
waybill_03156,2,3.87,49.709999999999994,13.641244393434791,22.46672703459298
waybill_04527,2,1.0,254.69,16.168295057124954,22.465375863370923
waybill_05685,3,1.0,98.17,13.913539208695308,22.45839367814851
waybill_01461,2,1.0,271.69,13.633116214317571,22.453340163406754
waybill_02956,2,1.0,52.519999999999996,13.631171810854905,22.450137788272865
waybill_00829,3,1.0,178.64,22.44690519938917,22.44690519938917
waybill_01973,3,1.0,229.96,15.260192167237884,22.443065498245804
waybill_02245,2,1.0,297.21,22.42753836607899,22.437792452302638
waybill_02856,3,1.0,94.47999999999999,16.605463566840303,22.437223349695483
waybill_10824,3,2.36,96.61,14.201588766865257,22.436564892306045
waybill_07943,3,1.0,197.51999999999998,22.425045920093936,22.435748725414605
waybill_07901,3,1.0,197.51999999999998,22.425045920093936,22.435748725414605
waybill_00939,2,1.42,89.59,13.91021185862901,22.433432518700048
waybill_04096,3,1.0,275.51,13.61546229152853,22.42426467344763
waybill_06632,3,1.2,325.3,16.80090619437567,22.42275089929172
waybill_06403,2,1.0,88.52,14.107893750600665,22.417484846223918
waybill_02461,3,1.08,235.82,13.608442252684858,22.41270287659654
waybill_06876,3,2.36,96.60999999999999,14.164398927676821,22.399012048446625
waybill_05746,3,1.0,98.03999999999999,13.873421469166772,22.392320944808557
waybill_06095,4,0.395,109.02,14.192423435772728,22.390627316271207
waybill_10027,3,1.0,224.01,16.392190796447842,22.39019240979674
waybill_01260,3,1.39,97.99,13.874237364632839,22.38304176188599
waybill_07406,2,2.36,84.07,16.759943740236594,22.38219470738582
waybill_02621,4,0.36,203.96,15.174707361279129,22.365623815914944
waybill_01466,1,1.3,44.0,13.578311840426663,22.36307897659733
waybill_01059,1,1.0,44.0,13.578311840426663,22.36307897659733
waybill_06222,2,1.0,88.41,14.0739479709996,22.361577148782423
waybill_04529,2,1.0,177.3,15.702247920608777,22.350719412301572
waybill_04539,2,0.5,169.42000000000002,22.348445105187373,22.348445105187373
waybill_02312,3,4.42,95.89999999999999,17.17594966341889,22.345133292486075
waybill_01676,3,1.0,266.11,13.564790929735581,22.340810435620096
waybill_11127,3,1.2,182.71,16.304877972731582,22.33710887532446
waybill_08186,2,1.0,236.02,14.152062970970361,22.332253448408824
waybill_10322,3,1.0,98.03999999999999,13.806564538207097,22.32439015162363
waybill_08926,2,1.2,297.21,22.313488410075212,22.32245404736842
waybill_08854,2,1.2,297.21,22.313488410075212,22.32245404736842
waybill_08910,2,1.2,297.21,22.313488410075212,22.32245404736842
waybill_04939,2,4.17,89.05,15.964696357918267,22.301707923874105
waybill_09340,2,1.0,164.82999999999998,18.136692069532735,22.295480693315348
waybill_07721,3,1.0,258.27,13.533958410551653,22.290030186229686
waybill_01446,3,1.0,105.55,14.340022853706317,22.27737394228015
waybill_09686,3,1.0,98.03999999999999,13.746435767762415,22.261328802067283
waybill_07665,2,1.0,85.53999999999999,16.341631455327978,22.25737350634472
waybill_01055,2,4.62,208.79000000000002,13.512084515300831,22.254004526135212
waybill_02157,2,3.87,198.39000000000001,18.827508427535225,22.252779271746043
waybill_03568,3,1.0,201.49,13.643419713561013,22.250162212691855
waybill_04030,4,1.0,222.54,14.28520962886406,22.2389423253376
waybill_01798,3,6.13,98.03999999999999,14.884299367409058,22.232708924397546
waybill_08915,3,1.0,98.03999999999999,13.715403264502596,22.232119523086183
waybill_01236,2,1.0,208.79000000000002,13.498676731697113,22.231922302133082
waybill_05033,2,1.0,98.14,14.079623566750216,22.231488161519497
waybill_02162,3,1.0,96.92999999999999,13.924550406557309,22.22243058086683
waybill_07625,2,1.0,86.68,14.279763569879929,22.221991676172408
waybill_09795,3,1.0,227.37,15.551921280972099,22.218020140710145
waybill_00543,2,2.66,208.79000000000002,13.489990164740819,22.217615782650984
waybill_03873,2,0.5,100.27000000000001,13.64038303939847,22.217510225077827
waybill_09406,2,4.5,212.26999999999998,13.488405889439118,22.215006527972715
waybill_09380,2,4.5,212.26999999999998,13.488405889439118,22.215006527972715
waybill_07208,3,4.34,102.84,14.960534460791028,22.214459906771676
waybill_07221,3,3.87,95.19999999999999,14.247095977015306,22.212916761182164
waybill_00887,2,1.2,333.25,20.685799461031525,22.21092630617866
waybill_00920,2,1.2,333.25,20.685799461031525,22.21092630617866
waybill_04946,2,1.0,89.65,13.673673690997303,22.2088735789813
waybill_01246,2,6.87,51.980000000000004,13.484565251385115,22.2086811104148
waybill_11378,4,1.2,221.85,21.239878815644104,22.204121594214353
waybill_00802,3,2.99,277.2,13.476223356598847,22.194942255827275
waybill_06356,2,1.0,88.08,13.972110632196399,22.193854056457944
waybill_01172,3,2.08,194.39000000000001,13.464832281049192,22.176181490487735
waybill_07029,3,1.0,181.5,22.163906303991133,22.16851357455163
waybill_03248,3,2.5,180.48,18.782465522769144,22.15811748877959
waybill_08308,4,2.36,91.8,15.847112772298743,22.15408907304633
waybill_11217,2,3.87,152.52,22.12730369111278,22.146345850458147
waybill_11180,2,3.87,152.52,22.12730369111278,22.146345850458147
waybill_06118,3,2.36,94.1,14.393848793083073,22.14281795327475
waybill_05152,2,1.0,89.52,13.633555951468768,22.142800845641347
waybill_11199,2,0.44,57.0,13.95036803601148,22.136173776534143
waybill_11070,3,1.0,98.10999999999999,13.588139697751206,22.115262628146002
waybill_11014,3,1.0,98.03999999999999,13.566537838005074,22.07968500250141
waybill_07903,3,1.5,92.67,14.625306980094864,22.07846518403853
waybill_04666,3,1.0,91.57,14.122365140120584,22.06459324641306
waybill_04486,2,1.0,89.65,13.528004472336008,22.063204360320007
waybill_11609,2,1.0,66.53,21.80293658847438,22.054414399326593
waybill_08422,3,2.36,95.89999999999999,15.74618469454275,22.049167919319352
waybill_09963,2,0.07,131.0,15.85385717889736,22.04312493392669
waybill_07882,3,1.0,224.42000000000002,15.955458266257915,22.037633085463806
waybill_06077,3,1.0,169.20999999999998,14.177875034055347,22.030258931000624
waybill_01269,2,0.51,181.51999999999998,13.373376008500367,22.02555570799353
waybill_02627,3,4.24,95.63,15.740381929641547,22.007604767144535
waybill_08508,2,1.0,90.13,15.164897381595079,21.99705036795326
waybill_05505,3,1.0,223.47000000000003,19.873565518236642,21.996134760497718
waybill_10636,3,3.87,93.84,14.300399570018737,21.989523913487442
waybill_11954,2,1.0,48.53,13.351492313092262,21.98951390732917
waybill_07874,3,2.08,172.52,16.47279203973517,21.98933459605318
waybill_01487,3,1.0,96.16,13.844664392517709,21.985662355611865
waybill_03773,3,1.0,157.37,21.977881072443633,21.977881072443633
waybill_08697,2,1.2,86.97999999999999,13.97277893109821,21.974903176955486
waybill_02644,3,1.0,96.61,13.731892759961333,21.964600722860204
waybill_01264,3,1.3,198.47,13.331486257882943,21.95656452467291
waybill_07928,3,1.0,224.26000000000002,15.906082586838183,21.95631279827618
waybill_03480,2,1.0,87.64,13.821507674201634,21.955403427101476
waybill_02747,3,1.0,198.06,13.326922977996514,21.949048937338354
waybill_09894,3,1.2,105.55,13.98715967978897,21.92418632632723
waybill_00425,2,0.98,88.72,14.790316849403528,21.921950533585715
waybill_03472,2,1.0,89.37,13.441597033351474,21.920893857741657
waybill_07734,2,2.36,84.15,14.476341601503504,21.91344559746617
waybill_04640,2,1.0,320.09,15.636545228380218,21.90567450282928
waybill_09064,3,1.0,97.03999999999999,13.579207735688804,21.894852175903495
waybill_04805,3,0.95,74.74,21.625091508540187,21.88800508863155
waybill_02180,3,1.2,95.81,13.809094123106977,21.88541594998292
waybill_06290,3,1.2,180.47,21.274052506560032,21.8845753630486
waybill_02251,3,1.2,102.48,14.548674439971922,21.87829106027336
waybill_01815,3,2.2,200.74,13.281650995486922,21.87448731788322
waybill_10320,3,3.87,93.41,14.255074282064637,21.873129472427905
waybill_02218,3,1.0,199.21,13.277804583701199,21.86815239115952
waybill_07643,3,2.36,245.27999999999997,13.265540514801014,21.847953831529097
waybill_05247,3,1.0,106.29,13.752134088873722,21.83455072128562
waybill_02059,3,1.0,96.16,13.686929949349842,21.831076698776382
waybill_03261,3,1.0,186.94,21.31994929428922,21.784809888578252
waybill_00075,1,1.0,57.0,13.225628415999998,21.78221978239999
waybill_01463,4,1.0,307.38,15.993183138087923,21.760297436430506
waybill_02054,3,1.0,277.2,13.212258427267328,21.760199805435356
waybill_11212,3,1.0,96.61,13.531033389379909,21.75969380623815
waybill_02049,2,1.0,206.12,20.87220477731529,21.75728768279612
waybill_00432,4,2.1,273.13,13.20815203294531,21.753436695145094
waybill_06639,2,1.0,88.22999999999999,13.501160668498013,21.75285216254196
waybill_00303,3,1.45,81.88,13.204256056687775,21.747020137198707
waybill_05490,3,1.0,96.75,13.481407738694708,21.746685896984985
waybill_07716,2,1.2,86.68,13.791824687221116,21.734052793513595
waybill_01564,4,1.0,365.78,19.15072478104463,21.73127859966992
waybill_08795,3,1.0,107.42,13.57691407921753,21.726267348470348
waybill_01476,3,1.1,174.38,16.443091722777904,21.719767897708554
waybill_04932,2,2.36,172.98,21.717172979006897,21.717172979006897
waybill_00773,3,0.1,111.78999999999999,13.876370002969598,21.71169257531157
waybill_08320,3,1.0,96.16,13.568943420541563,21.711262132945254
waybill_04212,2,1.0,162.79000000000002,13.175343157921002,21.699401445997452
waybill_00198,3,0.5,89.72999999999999,16.59382795493289,21.69630551496718
waybill_07189,2,2.36,227.26999999999998,13.1701064621812,21.690776762621347
waybill_01076,3,1.0,97.03999999999999,13.374223183892694,21.690679166572085
waybill_08935,3,1.2,96.75,13.429903180995225,21.69056031233238
waybill_11104,3,1.0,344.16,17.42368796641744,21.689401985524647
waybill_08012,2,1.56,147.99,21.67388268748195,21.68444044103694
waybill_02975,2,0.9,93.2,13.152608822150459,21.66195866575407
waybill_05472,3,1.2,222.56000000000003,19.72034759116494,21.658038986659456
waybill_10010,3,1.0,222.56,15.944723701706511,21.65322730715888
waybill_10817,3,1.0,96.75,13.385896417333448,21.642348997476446
waybill_01616,2,1.0,160.79000000000002,13.139386179771892,21.64018136388722
waybill_00697,1,2.1,34.15,21.638939093776806,21.638939093776806
waybill_00413,2,0.39,36.519999999999996,21.634434406463363,21.63835248844907
waybill_01839,1,1.0,42.57,13.137016705612796,21.636278909857918
waybill_08542,1,0.38,28.0,21.628378362154663,21.628378362154663
waybill_07026,3,1.0,96.75,13.370138010897671,21.626436775502114
waybill_10147,2,1.2,228.79000000000002,18.690310347033993,21.604358485411343
waybill_02483,3,1.0,105.0,14.684319926892783,21.596953699399748
waybill_11739,3,0.2,90.43,14.835767897410129,21.590055902334075
waybill_01711,4,1.0,349.71999999999997,19.063355478175296,21.587383935652852
waybill_05378,3,1.0,197.52,21.582622637219195,21.587046580325072
waybill_05359,3,1.0,197.52,21.582622637219195,21.587046580325072
waybill_07183,3,1.0,384.34999999999997,21.208767126940735,21.585833654991276
waybill_06029,3,1.0,95.81,13.505492689350518,21.58067920271718
waybill_07592,2,1.0,170.56,16.244963373272256,21.547768262742544
waybill_09530,2,1.2,90.13,14.709517617165282,21.541670603523464
waybill_09708,3,1.0,96.61,13.30514063294855,21.534528735327868
waybill_03843,2,1.0,185.7,21.531352100338374,21.531352100338374
waybill_03858,2,1.0,185.7,21.531352100338374,21.531352100338374
waybill_10431,3,1.0,95.81,13.456075453020393,21.52983298033692
waybill_08037,4,2.5,217.55,14.545899115853011,21.517224891274292
waybill_07042,3,1.56,95.81,13.424894273947912,21.496098539429855
waybill_06588,2,4.16,83.08,14.271786298881894,21.495260730396772
waybill_08071,1,0.64,42.28,13.047523286664532,21.488885889330344
waybill_06381,3,3.64,96.61,14.989707061834132,21.482689806542677
waybill_09320,2,1.2,97.5,13.61968423979208,21.482050826664825
waybill_00972,2,1.0,97.03,13.542524196930637,21.472773075310155
waybill_10286,3,2.57,95.10999999999999,15.32512506773665,21.472556055687154
waybill_03652,2,1.0,168.0,16.675656925311994,21.467348090495996
waybill_01657,4,1.0,312.96999999999997,18.461128234901246,21.458166716561
waybill_04026,3,1.0,202.78,20.819875064681433,21.450954680096068
waybill_04891,3,2.36,180.2,14.1802743090562,21.449177429509653
waybill_05458,3,1.0,96.16,13.299334920834442,21.44681733798061
waybill_00969,1,1.0,42.19,13.01974946699093,21.443143227787303
waybill_08588,3,2.5,165.32999999999998,14.317547848814053,21.435387270551015
waybill_02725,3,1.0,268.99,17.69401877596141,21.430426986089294
waybill_01818,2,6.13,50.519999999999996,13.011515587244673,21.429582270783715
waybill_08871,3,1.2,106.42999999999999,13.46985962023053,21.423049901801704
waybill_01111,3,1.2,347.76,15.909682290807993,21.422919891640156
waybill_06248,2,1.0,95.73,13.748966737415255,21.419665677680644
waybill_09076,3,1.2,95.81,13.346704025475741,21.41798496239304
waybill_05072,3,1.2,90.12,18.218811793860723,21.413272570650054
waybill_01840,3,1.2,96.16,13.272415947451638,21.412694828142744
waybill_09017,2,1.0,152.52,21.40006032079596,21.406113665387398
waybill_09221,2,5.0,50.480000000000004,12.995554158512599,21.403294268599822
waybill_01851,3,2.2,105.29999999999998,13.672780089965347,21.403098342833218
waybill_03264,3,1.0,96.75,13.126093445864432,21.4012687580024
waybill_11866,2,1.0,121.0,16.88615981286741,21.39223512734889
waybill_07134,2,3.87,50.480000000000004,12.976331356268552,21.371634880467695
waybill_09876,2,3.0,149.05,14.76026185146185,21.36980085243753
waybill_04388,2,1.0,218.85000000000002,14.703453227581505,21.363903947187268
waybill_00313,2,0.39,215.85000000000002,15.301021376803963,21.362510700761717
waybill_03684,2,1.0,220.97000000000003,15.495551425031088,21.357386950439512
waybill_08344,2,1.0,50.480000000000004,12.961791006076057,21.347687352709933
waybill_01892,2,1.2,50.480000000000004,12.958638108490256,21.342494623411547
waybill_08034,4,2.5,188.99,14.435608202863444,21.33557901168539
waybill_09661,3,1.6,95.5,13.318990354372723,21.33015162444165
waybill_03557,3,1.0,96.61,13.082889726372164,21.330113506713218
waybill_08640,1,1.0,41.96,12.948771927825065,21.32624531495509
waybill_04911,1,1.56,41.96,12.948771927825065,21.32624531495509
waybill_04799,2,1.0,50.099999999999994,12.94743303704715,21.32404020134749
waybill_04159,2,0.5,88.52,13.011568672746135,21.321159768369387
waybill_06754,3,1.0,96.12,13.175721273182472,21.306238144700828
waybill_07149,3,1.2,96.12,13.171122229537023,21.3043473895257
waybill_00800,2,1.0,214.04000000000002,15.604227288086499,21.304343236669965
waybill_09128,3,1.0,228.51,21.293998080750782,21.300051425342218
waybill_09045,3,1.0,228.51,21.293998080750782,21.300051425342218
waybill_02980,3,1.87,100.63999999999999,14.385319657501922,21.299477714751205
waybill_09356,2,1.0,87.46000000000001,13.196425797754351,21.294383866915307
waybill_05761,3,1.0,226.64000000000001,15.977539538092236,21.280016319104263
waybill_00522,3,1.3,224.68,20.245401121594895,21.276786716067203
waybill_05837,2,1.87,82.72,15.903189474234363,21.25590781334199
waybill_07185,2,0.6,131.60999999999999,21.239907583625307,21.239907583625307
waybill_01314,1,4.1,41.78,12.893224288477864,21.23475999186901
waybill_05812,2,0.29,98.0,12.887138625846779,21.224737085071517
waybill_04888,2,1.0,174.19,15.186318109361803,21.213866287566173
waybill_07182,3,2.36,207.33999999999997,16.306011937258358,21.213447355014218
waybill_10112,3,1.0,95.31,13.228626931432167,21.201204612433973
waybill_11113,3,1.0,107.23,13.089281752371791,21.19713170581299
waybill_08039,3,1.0,176.47,12.868634392782942,21.194261159177998
waybill_00458,3,0.39,224.01,15.195982142418265,21.189514180883968
waybill_11466,2,1.2,212.26999999999998,12.85152330705489,21.166079705842066
waybill_05374,3,1.0,174.46,21.1500550699761,21.15447901308198
waybill_08427,3,1.0,245.26999999999998,12.841847348825887,21.150143688125546
waybill_09497,2,0.03,139.84,21.145038108348704,21.145038108348704
waybill_09611,2,0.03,139.84,21.145038108348704,21.145038108348704
waybill_09532,2,0.03,139.84,21.145038108348704,21.145038108348704
waybill_03826,1,1.0,191.61,21.143946826390078,21.143946826390078
waybill_08810,3,1.0,222.34,15.44946975881254,21.11313323612616
waybill_00371,2,0.6,50.03,12.81921982070122,21.112876816923592
waybill_06596,2,1.0,93.78,13.906859417322563,21.112365006968
waybill_07401,2,1.0,84.47999999999999,13.600847977858596,21.10383772734254
waybill_03258,3,1.0,96.16,12.944020628004166,21.101400198998025
waybill_02187,3,1.2,196.37,12.80911938515781,21.09624169759434
waybill_02019,2,6.18,49.709999999999994,12.809071173292317,21.096162294074347
waybill_01273,2,0.33,96.78999999999999,12.806337555602507,21.091660106393913
waybill_05149,3,1.0,95.81,13.021096340984416,21.089537207497862
waybill_09773,3,0.61,148.42,12.801182961510731,21.083170642009733
waybill_08477,2,1.2,85.09,13.425849576136498,21.050628142735533
waybill_10812,3,1.0,266.27,12.769754019292435,21.031408101479016
waybill_10841,3,1.0,266.27,12.769754019292435,21.031408101479016
waybill_06431,2,1.0,85.58,13.297484615295627,21.02009354318384
waybill_07968,3,1.0,73.75,12.758848130475473,21.013446424372923
waybill_00272,3,0.6,80.93,12.757703356359556,21.011561015180273
waybill_08514,2,1.0,93.96000000000001,13.690151828094729,21.00746354492779
waybill_10703,3,1.0,95.5,13.000148921866781,21.007034253823107
waybill_00861,2,1.0,189.0,21.005061421936524,21.005061421936524
waybill_00915,2,1.0,189.0,21.005061421936524,21.005061421936524
waybill_00869,2,1.0,189.0,21.005061421936524,21.005061421936524
waybill_01475,3,1.3,93.46,13.393164408390142,20.997227778459386
waybill_00695,2,1.0,49.519999999999996,12.741826782322317,20.985412766175155
waybill_05623,4,0.43,126.28,15.659748391924069,20.974690903368092
waybill_05784,2,2.36,84.47999999999999,13.466716457604406,20.96970620708835
waybill_06565,1,2.36,144.0,20.966990251582153,20.966990251582153
waybill_09077,3,1.0,95.2,13.011387422361873,20.95966887324579
waybill_06704,3,4.26,96.21,14.594597979139516,20.95922266962504
waybill_03664,2,1.0,93.96000000000001,13.640045822599738,20.957357539432802
waybill_11363,3,1.0,245.26999999999998,12.720815169996223,20.95080726061628
waybill_05063,2,4.16,94.92,13.5026319073371,20.9435799838987
waybill_06931,3,1.2,106.22,13.032004161518271,20.939830232773478
waybill_07003,3,1.0,104.25,13.25599031984006,20.931296530665943
waybill_01931,3,1.2,105.92999999999999,13.075205213965875,20.925986086760442
waybill_01465,3,2.6,192.79000000000002,12.702704224000753,20.920979066920523
waybill_10794,3,1.0,95.31,12.94151530255585,20.910466412787805
waybill_05988,3,1.2,89.76,14.034322037782363,20.90990001092554
waybill_06188,2,2.36,149.05,20.899465215240326,20.899465215240326
waybill_00864,3,1.0,286.38,20.512365830100592,20.897800588811425
waybill_02966,3,1.2,102.63999999999999,13.60770184642947,20.87604858772757
waybill_07225,3,2.36,94.1,13.138565261433838,20.875561455415987
waybill_03326,3,1.0,169.51,12.936079242549983,20.864331582944008
waybill_00341,2,0.3,94.33000000000001,13.470614737365963,20.861798359662284
waybill_04834,3,1.0,95.67999999999999,14.850606368864868,20.85933958873011
waybill_05111,3,1.2,165.16,13.240973397423737,20.838687782441642
waybill_07293,1,1.0,41.0,12.652517851306664,20.83832359182933
waybill_08429,1,1.2,41.0,12.652517851306664,20.83832359182933
waybill_02118,3,1.2,91.8,20.8223860704536,20.83468726628564
waybill_02002,3,1.2,167.79000000000002,12.648801597852344,20.832203032037164
waybill_00715,3,1.28,201.39000000000001,12.6467618806214,20.828843677939126
waybill_09437,2,1.0,89.35,14.148172755525389,20.82459577901509
waybill_10371,1,0.31,100.0,20.822351839341444,20.822351839341444
waybill_03529,2,0.46,98.12,12.815563613528607,20.80171555550194
waybill_01822,3,1.0,102.85,13.404397409323678,20.800900304779386
waybill_00340,3,0.3,322.86,19.080245467905833,20.790299354722407
waybill_11062,3,1.0,95.5,12.782698927216808,20.78872544339784
waybill_09458,2,1.2,93.96000000000001,13.46956319414727,20.78687491098033
waybill_04128,2,1.0,85.32,13.1055603226155,20.776259262880888
waybill_03303,2,1.0,174.19,14.742508151887712,20.770056330092082
waybill_01018,2,4.73,83.92999999999999,15.175379607523332,20.76967904287565
waybill_07864,2,1.0,92.78,13.685367952081464,20.767088186626314
waybill_11371,2,1.2,200.13000000000002,20.757859319579463,20.763763865112914
waybill_01310,3,1.3,198.06,12.606633498487843,20.762753416542715
waybill_09274,2,1.2,93.91,13.454133294328603,20.761462321234205
waybill_11102,3,1.0,54.51,15.868901403765452,20.758332124591398
waybill_01077,3,1.0,95.2,12.806402870565762,20.75549586391438
waybill_02264,2,6.18,162.79000000000002,12.598953134747603,20.75010408406969
waybill_09816,3,1.0,181.5,20.739446423488456,20.745094563620743
waybill_05306,2,1.0,147.99,20.724625918345062,20.729049861450935
waybill_06026,3,1.0,101.3,13.631629345180926,20.724519169684868
waybill_07312,3,1.0,105.67999999999999,12.920773380275843,20.721353974834162
waybill_07807,2,1.99,87.11,14.486516475206741,20.715714989945944
waybill_08581,2,3.5,136.51999999999998,14.396830893621386,20.70788746576581
waybill_09891,1,0.91,40.74,12.572282372249598,20.70617812514944
waybill_10160,2,1.0,51.77,19.543673457583143,20.70366202715477
waybill_01474,4,1.8,294.12,17.573278460351332,20.698665158085202
waybill_11824,2,3.91,65.44,19.869746742421782,20.682823507012554
waybill_04050,2,1.0,217.49,14.283759952513774,20.672681506092438
waybill_08153,3,1.0,167.69,20.655506691066904,20.66227448180728
waybill_02222,3,1.0,93.84,12.9770192286535,20.657972255142532
waybill_10827,2,6.18,212.26999999999998,12.538581092131736,20.650673111142886
waybill_00601,3,0.28,106.63999999999999,12.660050850523783,20.648776242366466
waybill_02572,4,0.03,313.1,13.94506580007768,20.62774747754342
waybill_06862,3,2.36,236.14999999999998,12.522506108892262,20.624198088035705
waybill_03395,3,1.0,236.56,12.654542032573676,20.6215098486864
waybill_04271,2,1.0,85.0,13.006808963776034,20.613618688505635
waybill_05997,3,1.0,90.31,13.631206462067347,20.613349602586144
waybill_00531,3,2.78,108.72999999999999,13.33136354535624,20.61151114379491
waybill_00037,4,0.35,123.12,13.797372435575184,20.607924598759325
waybill_09169,3,1.0,335.53999999999996,17.12262282305271,20.607189848733213
waybill_00764,3,2.81,284.14,15.519783670448243,20.59792785139784
waybill_00888,3,1.0,201.45,12.5045229308952,20.594580324463564
waybill_04464,2,1.0,84.94,12.988293083993632,20.58312358081027
waybill_08397,2,1.0,200.13000000000002,20.569634048352455,20.578057007856305
waybill_08266,2,1.0,200.13000000000002,20.569634048352455,20.578057007856305
waybill_08361,2,1.0,200.13000000000002,20.569634048352455,20.578057007856305
waybill_08592,2,2.2,212.26999999999998,12.493789997254908,20.576903499430443
waybill_00359,3,0.39,95.31,12.607644942449584,20.575753048568195
waybill_05274,3,0.39,104.21,12.627860114466982,20.571813558570753
waybill_08759,3,2.2,102.75999999999999,13.329592760653394,20.557524965959526
waybill_10035,3,2.36,89.27,20.53329108307314,20.553085953283745
waybill_01708,3,1.4,125.51,14.362634675307044,20.551374253076496
waybill_02375,3,1.2,94.31,12.771883475497447,20.546196320825107
waybill_01213,4,1.0,201.5,20.503561345282694,20.510426232338833
waybill_01261,4,1.0,201.5,20.503561345282694,20.510426232338833
waybill_01108,4,1.0,201.5,20.503561345282694,20.510426232338833
waybill_09745,3,1.0,224.01000000000002,14.515032013157699,20.510294109769983
waybill_02156,3,1.0,96.21,14.154807787050157,20.51005650147467
waybill_11176,2,0.65,117.52,12.45295781365191,20.50965409777934
waybill_11224,3,1.2,224.01000000000002,17.23570637142386,20.508673075037304
waybill_06040,3,0.32,110.03999999999999,12.927986381799153,20.507133036395825
waybill_11030,3,8.76,106.92999999999999,13.843721902285976,20.487539271635313
waybill_10849,2,1.0,200.13000000000002,20.478676859266056,20.483437945365104
waybill_10968,3,1.0,240.59000000000003,16.247229013228505,20.47834670920133
waybill_01424,2,4.96,205.84,17.609797802840102,20.477432407648696
waybill_01229,3,2.87,92.67,13.017450394681862,20.474256616495644
waybill_06466,4,2.36,193.39000000000001,13.761089568066023,20.45934693255442
waybill_01728,3,4.41,192.79000000000002,12.405791943952021,20.431973302000433
waybill_09094,2,1.5,255.11,20.422230410240893,20.43131042712805
waybill_08385,3,1.0,101.3,13.33902527062519,20.429168464673886
waybill_03656,2,1.0,273.46,18.637050519432982,20.425283041773177
waybill_03487,2,1.0,273.46,18.637050519432982,20.425283041773177
waybill_04074,2,1.0,273.46,18.637050519432982,20.425283041773177
waybill_06358,2,1.0,92.77,13.054052664855927,20.41329167938435
waybill_10404,3,1.0,93.61,12.777159860999058,20.41167903150705
waybill_07483,2,1.0,335.64,17.617374746183742,20.40718005627041
waybill_06846,3,2.36,92.66999999999999,12.94852282196589,20.396499976451324
waybill_06279,3,0.3,179.0,12.380206613261736,20.389835017242106
waybill_02133,3,1.2,104.0,12.916964372396645,20.388331482031774
waybill_07218,3,3.87,91.6,13.136143190071309,20.383210299460565
waybill_01455,3,1.0,93.0,12.869494723977978,20.379586683656235
waybill_01940,4,1.0,222.79000000000002,12.36397107264353,20.363095560869358
waybill_00833,3,1.2,211.69,18.929233034403868,20.358754232017095
waybill_05558,3,3.43,92.82999999999998,14.652631124765264,20.355914218005694
waybill_03818,2,1.0,84.47999999999999,12.8463380056619,20.349327755145847
waybill_02574,3,1.0,93.41,12.744379171566667,20.338194979107673
waybill_03405,2,1.0,134.31,12.647049090773475,20.33372033492281
waybill_03564,2,1.0,134.31,12.647049090773475,20.33372033492281
waybill_04890,2,3.87,81.87,15.147609064634548,20.33062167497524
waybill_06391,3,1.0,92.67,12.873854455818368,20.322387169623283
waybill_01959,2,4.87,194.01000000000002,20.28887874239261,20.314783602678823
waybill_06263,2,4.23,81.87,15.113926079254203,20.296938689594896
waybill_04377,3,1.0,250.22000000000003,16.765451825200476,20.255666428907553
waybill_06553,2,2.36,98.69999999999999,12.990284697045801,20.25435540093238
waybill_09760,3,1.2,93.84,12.569122015460607,20.246598723884734
waybill_06561,3,2.36,227.14999999999998,13.214945863002642,20.23575877311894
waybill_10500,3,1.0,339.77,17.388155312851687,20.230317805513852
waybill_10380,3,1.0,339.77,17.388155312851687,20.230317805513852
waybill_10490,3,1.0,339.77,17.388155312851687,20.230317805513852
waybill_07174,1,0.95,39.79,12.279114275694932,20.2233389199729
waybill_05437,3,1.0,94.1,12.493393767186015,20.220426638180104
waybill_06080,3,1.0,181.5,20.204649694814353,20.215819284773445
waybill_05443,3,1.0,48.260000000000005,12.270522312286506,20.209188209742884
waybill_08364,2,1.0,177.61,12.946139964042835,20.2035555413111
waybill_06357,2,1.0,84.15,12.7593205064492,20.196424502411865
waybill_03299,4,1.0,258.55,16.654985957550128,20.168684379351227
waybill_08024,3,0.32,261.98,12.239174530221566,20.15755933759015
waybill_06359,2,2.87,90.75,13.663185149143306,20.155777066594034
waybill_10423,3,1.0,227.85000000000002,16.76350744504478,20.151390320408456
waybill_10544,3,1.0,227.85000000000002,16.76350744504478,20.151390320408456
waybill_00326,3,2.09,98.50999999999999,12.846930875141242,20.14745885099273
waybill_02662,3,4.9,90.06,14.972906687069381,20.133976747082794
waybill_06535,2,1.0,166.12,15.710505582990908,20.12684760690216
waybill_03446,2,0.5,270.57,15.336700518990446,20.124398608203457
waybill_11805,2,0.5,39.58,12.21430869645653,20.11660604303914
waybill_10937,4,1.0,104.29999999999998,12.880855754981926,20.104239380849574
waybill_04427,2,1.0,85.78999999999999,12.336816206334941,20.10135243191851
waybill_03785,2,1.0,133.31,12.492750092586808,20.079594437461477
waybill_04115,2,1.0,133.31,12.492750092586808,20.079594437461477
waybill_09926,2,0.3,50.25,13.236907278621771,20.075049878936436
waybill_05665,3,1.0,93.46,12.460042645776905,20.064527724062746
waybill_07793,2,1.56,168.0,15.250899373684655,20.042590538868655
waybill_06314,2,2.36,94.68,13.339621816616024,20.039955759312946
waybill_08749,2,1.0,171.9,14.4641820013541,20.0345229808805
waybill_01751,2,2.7,236.75,12.161755141779196,20.030051889064637
waybill_11061,3,0.96,54.51,15.120233316223544,20.00950794623654
waybill_06920,3,3.87,170.32,14.846062480629659,19.99368443020252
waybill_06599,4,1.0,208.36,12.529044218358935,19.987141093760908
waybill_07344,2,0.62,118.62,12.134614617393101,19.985352246174905
waybill_07419,2,0.62,69.0,12.925596789239744,19.980031004649522
waybill_07013,3,1.0,216.58,16.682902209957426,19.97181446665445
waybill_01182,3,1.3,181.5,19.96013168439106,19.96905603756404
waybill_08421,3,1.0,98.64999999999999,13.117259770079343,19.957835715941375
waybill_06564,4,1.0,247.55,17.128839880711393,19.956715873363184
waybill_04470,2,0.437,96.47999999999999,12.285880711546577,19.944600423899
waybill_11043,2,0.73,51.0,12.954181315872379,19.942064265099045
waybill_00645,3,1.0,196.56,12.10470756865065,19.93609621929583
waybill_11325,3,1.0,180.48000000000002,14.34604951118568,19.933290173236244
waybill_00285,3,0.6,78.8,12.10038962408436,19.92898469199499
waybill_02972,3,1.0,101.56,12.858053680848025,19.897305987459163
waybill_06671,3,3.78,92.59,14.21597856552699,19.880973469221857
waybill_00520,3,1.0,93.0,12.360371337344016,19.873407450893872
waybill_09953,3,1.56,75.69999999999999,17.607462198717343,19.87064525308381
waybill_04073,2,1.0,85.32,12.191775148039474,19.86247408830486
waybill_08317,3,1.56,95.63,13.617234168174846,19.859572499740054
waybill_10711,3,1.2,176.52,17.238184090981992,19.85754712076485
waybill_07394,3,1.0,93.46,12.248387596326895,19.849314392335877
waybill_09010,3,1.0,93.0,12.33247183034054,19.84151492441592
waybill_01403,3,2.46,92.59,14.196268612425097,19.835991016652336
waybill_00372,2,0.63,87.25999999999999,12.994336482217008,19.834475620517168
waybill_00347,4,2.1,269.35,12.04165160665411,19.832244910337415
waybill_09387,2,1.0,87.38,13.540234702669922,19.823339743017442
waybill_04553,2,1.0,171.31,19.817001674324207,19.817001674324207
waybill_03527,2,1.0,171.31,19.817001674324207,19.817001674324207
waybill_04130,4,1.0,286.76,12.37780023914769,19.79921442225054
waybill_04102,4,1.0,286.76,12.37780023914769,19.79921442225054
waybill_06245,2,1.2,93.89,12.552306885456883,19.77977439294275
waybill_00004,2,1.64,73.0,16.859500916258078,19.77114476780124
waybill_02485,4,0.47,207.93,11.99970255140242,19.763156054033924
waybill_07243,3,1.2,180.42000000000002,16.711024387794684,19.756707753839898
waybill_10077,3,1.0,210.34,19.74823014289019,19.756617799759088
waybill_10152,4,2.36,196.62,13.126028072462747,19.75426094350655
waybill_01115,1,1.0,38.86,11.992118139067733,19.75066475069482
waybill_00267,3,1.89,90.39,16.32702860392257,19.744229020283214
waybill_05455,3,1.0,210.34,19.73856591863435,19.742989861740227
waybill_08655,2,1.0,83.11,12.511142812390908,19.740606857862268
waybill_01568,3,1.3,323.25,19.72561657248371,19.735288394880193
waybill_01848,1,4.19,144.0,19.731611177860223,19.731611177860223
waybill_11849,2,1.0,66.37,17.6272588987483,19.72961339747278
waybill_05873,2,1.0,84.15,12.287480345370453,19.72458434133312
waybill_07336,3,2.36,107.22,12.429818529763079,19.708276499743594
waybill_10945,3,1.2,177.51999999999998,14.70325437155398,19.699282059675824
waybill_10575,3,1.0,182.71,16.947539956055763,19.69707518642125
waybill_00482,4,1.96,271.18,11.952970596485063,19.686189903099304
waybill_08363,3,2.36,91.24,14.308118031443016,19.680714554979726
waybill_05559,2,6.12,152.52,19.607891477008472,19.666977515599992
waybill_11733,1,1.0,56.0,19.66216214741333,19.66216214741333
waybill_09890,3,2.5,91.14999999999999,12.511179316246578,19.658929888744968
waybill_06086,3,1.0,102.84,12.418055751158104,19.656692848603065
waybill_04200,2,1.0,215.49,13.666563959767107,19.656177916247103
waybill_10623,5,1.0,264.49,12.174711067958853,19.65340013547091
waybill_10137,2,1.2,79.69,14.904107700335967,19.651875029839115
waybill_00437,4,0.39,293.89,11.931353456990347,19.65058711215963
waybill_00443,4,0.39,293.89,11.931353456990347,19.65058711215963
waybill_04006,2,0.432,95.9,12.101767311056618,19.644687820250425
waybill_02330,3,1.0,263.49,11.926807230166892,19.64309961071665
waybill_00585,2,6.49,65.83,19.570405812398214,19.63005470401279
waybill_07020,3,1.2,103.63999999999999,12.235821330875071,19.628540601873
waybill_02649,3,1.2,91.6,12.389965055999681,19.624201088296765
waybill_01409,3,1.0,180.48,16.82311697335237,19.621379287266365
waybill_01319,3,1.0,180.48,16.82311697335237,19.621379287266365
waybill_00279,3,1.0,77.94,11.907176337214374,19.610768109228278
waybill_03380,3,1.0,184.12,19.1416626163865,19.606523210675533
waybill_01881,3,1.0,103.63999999999999,12.210117479528005,19.602627299012724
waybill_04084,3,1.0,207.5,19.13007598512106,19.594936579410092
waybill_03639,3,1.0,207.5,19.13007598512106,19.594936579410092
waybill_01389,3,1.0,197.04000000000002,11.894390734556184,19.58971059888615
waybill_07879,2,1.0,297.21,19.577622372687745,19.588325178008414
waybill_07008,4,1.2,102.78,12.666193185978006,19.587729492399504
waybill_07365,2,0.62,50.55,12.68386169208063,19.581900431960097
waybill_06549,2,2.3,83.67,14.387358720659815,19.57436440697149
waybill_07551,2,1.21,91.69,12.784177095154142,19.572406245831473
waybill_07658,2,1.0,87.69,13.22666134269518,19.571659060592992
waybill_07861,1,1.0,288.69,19.561079415320894,19.561079415320894
waybill_00810,2,1.2,84.15,12.117385274865606,19.554489270828274
waybill_02139,2,1.0,46.94,11.872179632746752,19.553129569538836
waybill_02418,3,1.02,102.64,12.340250754074248,19.53609762863272
waybill_11386,1,0.29,75.0,19.535599226613954,19.535599226613954
waybill_09699,3,1.0,92.67,12.089264527237617,19.53201666333257
waybill_09371,2,1.2,139.15,12.691024604575059,19.52717066690423
waybill_04682,3,1.0,208.8,12.638029959416704,19.5260860093687
waybill_04889,2,2.36,83.08,12.300493565435238,19.523967996950116
waybill_07978,3,2.7,89.72999999999999,14.443802965783378,19.523941643447312
waybill_02261,3,1.0,91.6,12.285759716777235,19.51948823451576
waybill_04433,3,1.0,266.07,12.357088266750576,19.51408822200486
waybill_04245,3,1.0,266.07,12.357088266750576,19.51408822200486
waybill_08134,2,1.0,147.26999999999998,18.820883919695405,19.50325403921481
waybill_05605,3,3.65,90.39,14.277336726765284,19.495588559468565
waybill_09980,3,1.0,183.29000000000002,12.369369239926067,19.494287296338868
waybill_05213,3,1.0,92.67,12.052098632372148,19.49362657144069
waybill_09518,2,1.2,89.37,19.49224554238521,19.49224554238521
waybill_09016,3,1.2,62.66,12.968642838886543,19.488613761075523
waybill_06489,2,1.2,84.44,13.792239655016282,19.488362527628762
waybill_04153,2,1.0,92.77,12.11952967971273,19.478768694241154
waybill_08056,1,4.22,38.31,11.8223892410624,19.471126263487356
waybill_08407,2,1.0,152.52,19.45911350975868,19.46753646926253
waybill_04887,1,1.0,185.49,19.467429650602043,19.467429650602043
waybill_03392,3,1.0,323.68,14.151455234638242,19.459775100333115
waybill_02269,2,1.0,250.33,11.814899475285838,19.458790840236965
waybill_10583,2,3.87,194.01000000000002,19.4299732905014,19.44839869370472
waybill_05234,3,5.12,157.66,13.930155355439444,19.439111487634857
waybill_02560,3,1.2,102.73,12.22242423407546,19.4386914245031
waybill_05597,4,1.2,179.89999999999998,12.319118511819397,19.433715071858707
waybill_07619,2,1.56,227.26999999999998,11.794547844273112,19.42527230442862
waybill_07846,3,2.64,252.64,11.793952985421791,19.42429258945166
waybill_05977,3,2.61,81.13,16.046953520375805,19.423511660985653
waybill_09290,2,1.5,83.11,12.193870045956325,19.423334091427684
waybill_11927,2,5.0,38.83,11.793150888524652,19.422971559527735
waybill_07511,2,2.7,75.94999999999999,15.41672979578835,19.417791918716986
waybill_05141,3,1.0,197.16,12.277419124402922,19.41320977946535
waybill_10487,2,1.0,140.09,12.36150894605136,19.41128457282832
waybill_05470,3,3.87,87.92999999999999,12.846214225120407,19.38953960659252
waybill_04976,2,1.0,170.56,14.0661073825266,19.36891227199689
waybill_04797,2,1.0,46.19,11.740814871227418,19.33677568319986
waybill_06668,2,2.36,194.01000000000002,19.308568701317753,19.335255391859477
waybill_06762,2,2.36,194.01000000000002,19.308568701317753,19.335255391859477
waybill_08998,3,1.2,213.05,19.310295348856894,19.317559362366623
waybill_04307,2,1.0,130.31,12.029853098026809,19.317216745077474
waybill_04438,2,1.0,130.31,12.029853098026809,19.317216745077474
waybill_02480,2,1.0,297.21,19.30293065191565,19.31107783503572
waybill_02400,2,1.0,297.21,19.30293065191565,19.31107783503572
waybill_10444,3,1.0,338.78999999999996,16.829078609421998,19.309534970378955
waybill_08511,2,1.0,91.69,12.51788568791525,19.30611483859258
waybill_01998,3,1.2,102.73,12.087691625571209,19.29958034300791
waybill_11511,2,1.0,37.97,11.717465922295464,19.29832065321365
waybill_00623,3,1.1,117.82,13.052805192006005,19.292113688374798
waybill_00624,3,1.1,117.82,13.052805192006005,19.292113688374798
waybill_04232,3,0.5,245.84,11.819255090522642,19.285727701277665
waybill_05731,3,1.2,189.14000000000001,19.27386412844091,19.285449626203953
waybill_11816,2,1.0,45.46,11.705122002440529,19.27799058141674
waybill_02703,3,1.0,192.79000000000002,11.700611537109044,19.2705619780959
waybill_02450,2,1.2,83.25,19.256643705711397,19.26642032545549
waybill_02449,2,1.2,83.25,19.256643705711397,19.26642032545549
waybill_02451,2,1.2,83.25,19.256643705711397,19.26642032545549
waybill_08259,3,0.43,103.64,11.874102334994655,19.26491475390664
waybill_07305,3,1.0,164.5,12.09744611304728,19.260233020725444
waybill_09896,2,2.5,156.65,11.692291110570045,19.256858481078204
waybill_03704,4,0.5,123.25,12.046274603475117,19.24259611838729
waybill_07821,2,1.0,171.96,13.656956043165486,19.239276250604846
waybill_00910,1,1.0,139.47,19.237945983225195,19.237945983225195
waybill_08263,2,1.0,139.36,12.359803770933503,19.237877130958033
waybill_07045,3,1.98,97.86999999999999,12.544625035274045,19.23017045447353
waybill_00889,2,1.4,271.69,11.673175520629053,19.225375668445942
waybill_05569,3,2.36,98.64999999999999,13.24788386337666,19.220440280000183
waybill_02476,3,1.0,97.86999999999999,12.534416648943322,19.2189868555531
waybill_07154,2,1.87,160.79,12.422895967530568,19.218643026713536
waybill_01742,3,2.87,181.52,16.977412194970324,19.217201354086495
waybill_00304,3,1.02,97.74,12.985036645150485,19.209174610984952
waybill_05607,2,2.36,195.73,12.683423217273813,19.206721516485864
waybill_11979,2,0.83,47.410000000000004,11.660587953761828,19.204644317208526
waybill_05822,2,1.0,83.11,11.966538429142185,19.196002474613547
waybill_10727,3,1.0,101.3,12.103762822539107,19.190244143183005
waybill_00376,4,0.3,280.94,13.01433323946883,19.183350583019223
waybill_05855,2,4.16,74.12,19.18137213349355,19.18137213349355
waybill_02034,3,2.36,87.92999999999999,12.663089144053641,19.178026486695472
waybill_03923,3,1.0,243.13,11.998739033602448,19.174911800820528
waybill_00224,3,1.51,82.63,15.688945174548557,19.163671616549856
waybill_01976,3,0.34,162.76,12.506893560267388,19.158944057834994
waybill_06317,2,1.56,165.35,14.871211128595938,19.133819727624203
waybill_09606,2,1.2,195.73,12.327726334093857,19.127435578187775
waybill_01345,2,1.2,46.08,11.604113913649716,19.11163323939585
waybill_06733,3,1.0,250.39,11.601216388067677,19.10686110025297
waybill_10860,3,5.16,239.89,11.591290388334482,19.090513271556468
waybill_00640,3,1.35,93.47,13.274145998738202,19.084500013338058
waybill_01499,3,1.3,125.51,13.3367321984994,19.08341894928532
waybill_03640,2,1.0,214.34,13.311676263937775,19.071688352086042
waybill_08858,3,3.0,89.57,12.227491553362732,19.06808286705548
waybill_00948,1,1.0,246.59,19.047649358298994,19.047649358298994
waybill_00996,1,1.0,246.59,19.047649358298994,19.047649358298994
waybill_01862,3,2.74,93.92999999999999,13.136098499599854,19.040460365261907
waybill_02431,3,1.0,91.6,11.807165005902629,19.038786620537582
waybill_00363,2,1.71,87.69,12.690890367766224,19.035888085664038
waybill_00116,3,0.5,73.31,11.54580332875656,19.015597426515576
waybill_01960,3,3.87,88.35,12.420062800600444,19.015247973956814
waybill_03551,4,1.0,282.31,11.543059096606536,19.01107775713235
waybill_06004,3,1.86,86.5,14.573846892814071,19.01037934978442
waybill_05727,2,1.21,92.99,12.040214476297532,19.00214243171278
waybill_07581,1,2.36,144.0,18.994697391447797,18.994697391447797
waybill_05917,2,1.0,82.63,11.818411390882984,18.952041613050664
waybill_03531,3,1.0,273.79,11.506760968227978,18.951295810659776
waybill_08754,3,1.8,176.47,16.983412167259967,18.948380628442564
waybill_05237,3,1.0,181.52,13.152017633885865,18.946401734922404
waybill_05682,3,4.16,103.26,12.655771956635917,18.943416293223343
waybill_10525,2,3.87,147.26999999999998,11.49516015498802,18.932189613532557
waybill_03333,2,1.0,214.04000000000002,13.219096865025774,18.919212813609242
waybill_07368,3,1.2,49.33,15.031228387806618,18.88986572085407
waybill_00552,3,1.0,128.26,12.648357306161582,18.889741520269556
waybill_00555,3,1.0,128.26,12.648357306161582,18.889741520269556
waybill_10299,2,1.0,297.21,18.879278601796003,18.887859321039954
waybill_06792,3,5.16,92.69,13.62643101743209,18.885761335402936
waybill_04086,4,1.0,203.26999999999998,11.599767346383302,18.884327061385658
waybill_09226,3,1.2,98.64999999999999,12.042489613612446,18.881906613480357
waybill_05827,2,1.0,166.12,14.450016339697527,18.86635836360878
waybill_08025,3,1.0,101.61,11.876159801932415,18.864820927942976
waybill_08400,3,1.0,101.64,11.861340266511604,18.85764617524212
waybill_01097,3,1.0,368.57,13.867171963619993,18.855608551543412
waybill_01737,2,1.1,155.04000000000002,11.44449433310908,18.848744499779944
waybill_03451,2,0.43,94.32,11.612131851749378,18.839599359235244
waybill_06747,2,1.0,149.05,18.82804502399493,18.82804502399493
waybill_05603,3,2.36,174.64,14.387400733003622,18.82652756918219
waybill_08460,4,1.0,178.94,18.522659193144815,18.819963569941972
waybill_06636,3,1.2,228.51,18.800810191225413,18.814379694890697
waybill_02274,3,1.2,89.76,11.94207624504831,18.810492590700786
waybill_09189,3,4.5,45.56,15.672601643170683,18.79846864731781
waybill_10304,3,5.16,186.47,13.886937702647812,18.796026131540142
waybill_11690,2,0.7,66.37,18.383914265862725,18.787105539590705
waybill_00550,3,1.0,97.86999999999999,12.100794932129704,18.786408848009945
waybill_01302,3,4.3,97.18,12.207104665722204,18.7523476162225
waybill_01664,4,1.4,213.0,17.311176487601738,18.75111349394964
waybill_01369,1,1.2,36.85,11.37183616635733,18.729078642900262
waybill_11695,2,1.87,66.53,18.30943032997068,18.72855644005754
waybill_06384,2,1.2,80.75,11.962896347088373,18.721177427983307
waybill_08553,2,1.2,81.87,13.536812720691266,18.71982533103196
waybill_04071,3,1.0,179.59,11.4922345138419,18.707223658918434
waybill_11135,3,1.0,150.16,18.686426652361536,18.686426652361536
waybill_06201,3,1.0,92.96,12.974184223051086,18.68147668562266
waybill_05897,2,1.2,222.67000000000002,15.453333897172648,18.680780953722305
waybill_06957,3,1.0,240.58999999999997,11.340641514669258,18.677701971960154
waybill_06979,3,1.0,240.58999999999997,11.340641514669258,18.677701971960154
waybill_01652,3,1.0,234.01,18.119297377791987,18.65972513211132
waybill_08802,3,1.2,98.64999999999999,11.813906296334048,18.65502491998544
waybill_04920,2,1.98,85.41,12.75482488680919,18.64461194401452
waybill_05069,2,3.87,96.96000000000001,12.04679414923215,18.63612458046199
waybill_09543,2,1.0,62.589999999999996,12.14479885279061,18.63554384362943
waybill_02498,3,2.36,103.26,11.88481169704379,18.612786973414384
waybill_02344,3,0.91,101.08,11.726112862761486,18.60960362143979
waybill_02179,3,1.0,192.79000000000002,11.2966054469844,18.605175867755996
waybill_08951,2,1.0,297.21,18.59457367506268,18.602045039473687
waybill_07049,4,1.0,221.03,17.00349126767168,18.601335850655854
waybill_07342,3,1.0,97.48,12.274780567848698,18.599919591127446
waybill_05905,2,1.0,97.92,12.125921781595487,18.586432346606188
waybill_11483,2,1.0,212.26999999999998,11.275365749230188,18.570194712226613
waybill_11409,2,1.0,212.26999999999998,11.275365749230188,18.570194712226613
waybill_11467,2,1.0,212.26999999999998,11.275365749230188,18.570194712226613
waybill_07553,3,2.36,232.32999999999998,12.293767660096234,18.558309209240143
waybill_06848,2,5.16,212.26999999999998,11.267135394222397,18.55663956036328
waybill_10012,3,1.0,181.5,18.547015420590476,18.555403077459378
waybill_08156,2,1.0,157.26999999999998,11.238449859674072,18.50939533132148
waybill_11421,4,1.0,221.85,17.699899013036756,18.503434661845297
waybill_03284,3,1.0,264.07,11.73989227400391,18.497584632159526
waybill_07041,2,1.0,174.14,18.491549940994446,18.491549940994446
waybill_03420,3,1.0,232.36,11.358430447805679,18.486852310011198
waybill_03693,2,1.0,82.6,11.352388597904008,18.48002920611521
waybill_08481,2,1.5,231.37,11.212857212469142,18.46724499647941
waybill_06807,4,1.2,180.26,18.408183272936,18.457333184089084
waybill_07186,2,1.2,200.91,11.687434092345395,18.45217456084045
waybill_07206,2,1.2,200.91,11.687434092345395,18.45217456084045
waybill_02056,3,1.2,90.42999999999999,13.240624060473413,18.443924018588113
waybill_01958,3,4.87,187.79000000000002,11.191149341737496,18.431492773869508
waybill_09357,2,1.0,314.34,16.592182106923595,18.421153511491593
waybill_09981,3,1.0,251.26999999999998,11.180076972988612,18.413256909227478
waybill_05794,2,1.0,91.12,11.823709549476462,18.412284901604462
waybill_05978,5,2.36,210.6,12.137678821937012,18.409169261890625
waybill_10562,3,1.0,186.57,11.748427593256338,18.401557673581955
waybill_06497,2,1.0,83.92999999999999,12.8035315404517,18.39783097580402
waybill_04557,2,1.0,161.96,14.811725027217062,18.39750724916309
waybill_02935,2,1.0,44.519999999999996,11.162387839868241,18.38412342889153
waybill_10908,3,3.87,108.52,11.781660270819238,18.382357023343346
waybill_09258,3,1.13,100.99,11.514558372736593,18.379506632294518
waybill_01508,2,1.3,200.01000000000002,18.363176039514926,18.37284786191141
waybill_01636,2,1.0,69.0,18.372015757767404,18.372015757767404
waybill_10723,3,1.0,90.31,11.398525320689183,18.36920743817447
waybill_00385,1,1.0,30.9,18.360354159081837,18.360354159081837
waybill_09941,2,2.36,200.78,12.401112952277161,18.352897767979393
waybill_10002,2,2.36,200.78,12.401112952277161,18.352897767979393
waybill_09946,2,2.36,200.78,12.401112952277161,18.352897767979393
waybill_06415,3,9.49,220.79,11.141026385928386,18.348941744516775
waybill_11269,3,1.2,89.57,11.522479878664104,18.34656164465728
waybill_10442,3,1.2,92.96,12.633006248733432,18.34081784603666
waybill_04382,3,1.0,243.04000000000002,11.340880025567953,18.317621374887068
waybill_04786,4,1.0,171.84,14.306355664833465,18.310102804390965
waybill_06057,3,1.2,99.66,11.686075779179593,18.292047715229494
waybill_10069,3,1.0,99.67,11.677949969667857,18.280902592621235
waybill_10197,2,1.0,148.92000000000002,18.26855821364152,18.26855821364152
waybill_02807,3,1.0,162.98000000000002,11.092113271291112,18.268383287878002
waybill_01683,2,2.3,150.79000000000002,11.087512438328686,18.260805851735277
waybill_05771,2,2.36,152.52,18.155054887808035,18.260394138875764
waybill_06242,3,1.0,180.47,17.728377088800027,18.237146135873832
waybill_10593,2,1.0,227.26999999999998,11.06927869002412,18.230775406259692
waybill_02678,3,0.31,269.52,11.068466568347041,18.229437865818984
waybill_08981,3,5.2,155.57,13.147526422287948,18.225166194505384
waybill_09787,3,1.2,216.62,14.911917528495703,18.210986434732952
waybill_11260,2,3.18,152.52,18.182125513627554,18.19777255929119
waybill_03474,3,1.0,242.79000000000002,11.263730526474621,18.1905584261564
waybill_02100,3,0.44,101.42,11.241877497423799,18.19034704944136
waybill_01100,3,1.0,192.79000000000002,11.043101235263393,18.187661910627817
waybill_11365,3,1.0,89.57,11.358503494911641,18.181601169982578
waybill_07515,2,1.0,84.94999999999999,12.381102832632248,18.179049142504883
waybill_02784,2,1.2,66.64,17.797248096288218,18.17596060767382
waybill_01244,2,0.3,92.0,11.03319332984413,18.171343882732486
waybill_04955,2,3.77,77.97999999999999,13.762759626732388,18.169118960716172
waybill_09049,3,1.7,99.63999999999999,11.559104885126558,18.157970923060002
waybill_02489,2,1.0,276.86,11.02213616393189,18.153133056713852
waybill_02439,2,1.0,276.86,11.02213616393189,18.153133056713852
waybill_02332,2,1.0,276.86,11.02213616393189,18.153133056713852
waybill_06895,3,4.16,86.05,12.014013163392475,18.148575258490215
waybill_05132,3,4.16,104.17999999999999,11.917076716147387,18.14684472802986
waybill_09430,2,1.0,84.07,12.518775334674189,18.141026301823416
waybill_03960,2,1.0,90.13,11.304830969287131,18.136983955645313
waybill_10313,3,5.16,185.16,13.482674327398744,18.130216280191448
waybill_06800,3,5.16,91.19,13.163534022872089,18.123383643018936
waybill_09782,3,4.87,104.21,13.878146122854465,18.11901322735146
waybill_04818,3,1.0,103.78999999999999,13.169989492100626,18.117696089445047
waybill_04812,3,1.0,103.78999999999999,13.169989492100626,18.117696089445047
waybill_00780,2,1.2,221.41000000000003,14.1987817698062,18.11054419374732
waybill_07509,3,3.87,95.31,11.753326340737058,18.1057517482612
waybill_06662,2,1.0,81.05,11.285427054537479,18.103604274997206
waybill_11211,3,2.36,92.83,12.417006222512214,18.098786374195726
waybill_05687,3,1.0,89.57,11.25959643988464,18.087428241813573
waybill_02374,3,1.0,95.63,11.843157137067054,18.08050283492633
waybill_00933,2,1.0,172.98,18.074883001896477,18.074883001896477
waybill_08180,4,1.2,209.73,11.68145707836819,18.068083095519093
waybill_05964,2,0.59,91.0,10.96966379730943,18.066712617070287
waybill_05976,3,2.63,78.28999999999999,15.25400928715785,18.063875082070243
waybill_09439,1,1.0,191.61,18.049710705454945,18.049710705454945
waybill_06867,2,1.0,200.91,11.655384106057546,18.044305659636212
waybill_06710,3,1.0,170.48,14.44421617992123,18.041306321588326
waybill_09361,2,1.0,81.05,11.218312641001283,18.03648986146101
waybill_05528,2,1.07,90.0,10.948364869505845,18.031633911397154
waybill_00578,3,1.0,192.79000000000002,10.94129312232318,18.019986952437378
waybill_02037,3,1.0,223.56,17.134151102596284,18.019234008077113
waybill_01223,3,4.38,86.24,11.834030886001523,18.017429162597853
waybill_02031,3,1.0,99.78,11.383390289719696,18.010168170171294
waybill_05036,3,1.0,185.24,11.421822473107392,18.004067338939926
waybill_05859,1,2.36,144.0,17.99223563740977,17.99223563740977
waybill_00825,3,1.0,212.51,16.395671494701535,17.988908807125213
waybill_04008,2,1.0,79.83,11.4113573225259,17.985956908755444
waybill_02746,3,1.0,117.00999999999999,12.849273035533916,17.98009421917302
waybill_02760,3,1.0,117.00999999999999,12.849273035533916,17.98009421917302
waybill_00801,2,1.0,81.24000000000001,11.11568012042605,17.971791562610154
waybill_01705,3,6.21,90.39,14.00285903352397,17.96946354617506
waybill_02189,3,1.0,95.63,11.722414715604835,17.96186731656768
waybill_02311,4,0.43,114.06,12.907821191152586,17.953488861599418
waybill_11076,2,1.0,297.21,17.946200980041887,17.950103250365647
waybill_01431,3,4.88,92.83,15.161539590233106,17.938559054727566
waybill_02460,4,0.49,239.01,13.410926477366566,17.93767111499617
waybill_07074,3,1.2,223.47000000000003,16.355626934557378,17.931915094558548
waybill_01961,2,3.87,250.34,10.878710009800365,17.91691441261088
waybill_01677,4,1.0,219.84,15.107239687490003,17.90983273056258
waybill_09484,2,1.0,90.07,15.65158666868309,17.901684978334075
waybill_08893,3,4.47,90.38999999999999,12.681172640985453,17.897582250243346
waybill_09741,2,1.0,157.26999999999998,10.863689075520604,17.892175377040903
waybill_09598,2,1.0,84.31,12.221928248060845,17.89209612686191
waybill_03489,2,1.0,98.69999999999999,10.992357602135117,17.887068778705427
waybill_09375,3,1.0,186.6,11.555781058129703,17.886553442880874
waybill_09793,3,1.0,130.49,11.418345942616675,17.878801389848903
waybill_09790,3,1.0,130.49,11.418345942616675,17.878801389848903
waybill_01796,3,6.13,96.61,12.234222181644409,17.868109989286374
waybill_07945,3,1.0,216.21,13.421868716032849,17.864885849148717
waybill_01090,3,1.0,347.76,13.258068575673327,17.852433243033463
waybill_01842,3,1.03,96.53999999999999,11.424932515658723,17.84129483843198
waybill_00320,4,0.3,229.1,14.618009280847268,17.82546665678384
waybill_11156,2,5.16,147.26999999999998,10.822577521624492,17.824465860759787
waybill_03461,4,1.0,218.52,11.177081740905685,17.821666482535257
waybill_05869,2,0.31,91.25,10.820282893398511,17.820686675774017
waybill_08057,1,0.27,35.0,10.800929873066664,17.78881282229333
waybill_03362,2,1.0,81.24000000000001,10.932695322836276,17.78880676502038
waybill_06103,3,1.0,91.17999999999999,12.424879789506551,17.776788490660312
waybill_10260,2,1.0,54.480000000000004,17.763982020698965,17.772562739942916
waybill_03098,2,0.48,73.0,15.638001963695633,17.759372032942142
waybill_00691,2,1.1,297.21,17.73932143837543,17.74943142000502
waybill_01095,3,2.86,93.47,11.92938109667081,17.746960983523998
waybill_04503,2,1.0,89.35,11.064124532115931,17.740547555605634
waybill_09121,3,1.0,210.42000000000002,17.73009619870131,17.73009619870131
waybill_09125,3,1.0,210.42000000000002,17.73009619870131,17.73009619870131
waybill_09143,3,1.0,210.42000000000002,17.73009619870131,17.73009619870131
waybill_05019,2,3.87,101.4,13.008851259887344,17.72068919004159
waybill_05178,3,0.36,98.64999999999999,10.88499126857465,17.718736874450947
waybill_00302,3,0.89,95.63999999999999,11.905222946362388,17.70818829992607
waybill_11607,2,2.0,65.44,16.304622885325468,17.70619255114179
waybill_06534,1,2.36,144.07,10.750504454560906,17.7057636458033
waybill_11678,2,1.0,66.53,17.48871665765904,17.697906160019688
waybill_00897,3,0.3,269.52,10.743802671744788,17.694726007239527
waybill_01789,3,2.87,86.91,11.392237039821145,17.694601470107088
waybill_03382,2,1.0,81.05,10.87406170352534,17.69223892398507
waybill_10349,3,3.87,92.55,12.478028435284841,17.68426573917216
waybill_06665,4,1.2,173.41,17.39819833796624,17.677088126989222
waybill_08337,3,1.2,177.26999999999998,10.729754859562664,17.67158967505264
waybill_06621,1,0.4,34.76,10.726866353937062,17.666832391511885
waybill_10449,1,0.32,34.76,10.726866353937062,17.666832391511885
waybill_07145,1,0.64,34.76,10.726866353937062,17.666832391511885
waybill_06509,2,1.2,232.07,10.722478909657584,17.659606400233997
waybill_00673,2,1.04,111.31,10.714976481009463,17.64725012160776
waybill_02521,4,1.2,187.16,17.63162684679894,17.642388447581148
waybill_11416,2,1.0,212.26999999999998,10.709602755879077,17.63839975486839
waybill_01359,3,1.14,94.06,11.695388672944027,17.619227243582287
waybill_01643,3,1.0,96.53999999999999,11.188184284033188,17.606507618834186
waybill_08504,2,1.0,81.49,12.498610692929478,17.605754859821424
waybill_06915,2,1.0,231.26999999999998,10.684923025528887,17.597752967150697
waybill_03120,3,1.0,240.59,10.681665210020679,17.592387441129688
waybill_01265,3,2.1,103.23,11.108479327758724,17.589166889980362
waybill_09027,3,1.0,99.63999999999999,10.99277564785327,17.587404344572708
waybill_11389,3,1.0,339.73,17.582122777118013,17.58704323172922
waybill_08805,2,1.2,152.52,17.576751584223707,17.585717221516916
waybill_08792,2,1.2,152.52,17.576751584223707,17.585717221516916
waybill_06483,2,1.0,82.32,12.306688766290634,17.579545585978526
waybill_05064,2,1.7,84.31,11.899038041170826,17.569205919971893
waybill_07820,3,1.0,181.5,17.558161938564822,17.56886474388549
waybill_09102,3,1.0,96.53999999999999,11.144303478311882,17.561240294322413
waybill_08879,1,0.46,34.55,10.662060774698663,17.56009951457813
waybill_07764,2,1.0,172.55,17.558714032691352,17.558714032691352
waybill_10382,2,1.0,84.94999999999999,11.744368606995819,17.542314916868456
waybill_09656,3,1.2,170.48,13.947738452884666,17.54029844298944
waybill_08011,3,1.0,96.53999999999999,11.120856366556279,17.53850762871575
waybill_00225,3,0.42,95.1,11.774006625305836,17.53466374880326
waybill_00911,2,1.0,87.69,11.187469218855005,17.53246693675282
waybill_07607,2,2.36,200.91,11.667353432100661,17.52662345792151
waybill_01963,3,2.66,91.17999999999999,12.169718021059712,17.52460639885835
waybill_00805,3,1.0,233.79000000000002,10.639643527363814,17.523178969632728
waybill_00462,2,0.83,81.19,11.889962239934565,17.51820282104027
waybill_00510,3,0.5,93.55,11.97262880488087,17.512055282701347
waybill_01257,2,1.39,200.01000000000002,17.497891834921987,17.507434027930017
waybill_10261,3,2.15,91.82,12.29418729234428,17.50163806301595
waybill_07774,2,1.0,85.53999999999999,11.585094807596512,17.500836858613255
waybill_05679,4,1.0,206.63,11.054323527079966,17.493219990225114
waybill_02414,3,1.0,268.99,15.293693690990278,17.477162392113787
waybill_11718,2,0.58,66.37,16.830906227294598,17.476073216321158
waybill_01790,3,1.0,95.89999999999999,11.183278802287237,17.471703115794142
waybill_09024,2,0.29,101.26,10.600621719057063,17.45891120267989
waybill_00524,2,2.76,42.72,10.596909635691116,17.452797510900233
waybill_07885,3,0.29,165.05,16.676286686512512,17.44542002369146
waybill_05164,3,1.0,234.60000000000002,13.387583017388806,17.443980802053403
waybill_05174,3,1.0,234.60000000000002,13.387583017388806,17.443980802053403
waybill_05022,2,0.6,90.00999999999999,10.589569391898612,17.44070834594598
waybill_00091,3,0.56,92.43,12.049457796510286,17.440500582121253
waybill_09414,2,2.5,71.37,14.342564415934543,17.429212141507236
waybill_01945,3,4.6,85.34,13.222603443691217,17.421833027890955
waybill_07100,3,1.0,335.53999999999996,14.86511479485576,17.420632098214902
waybill_06859,3,1.0,335.53999999999996,14.86511479485576,17.420632098214902
waybill_07092,3,1.0,335.53999999999996,14.86511479485576,17.420632098214902
waybill_04994,2,0.37,90.47,10.577137149777975,17.420232809983382
waybill_09095,3,1.2,87.92999999999999,10.914951814053873,17.41296081840242
waybill_11294,2,1.2,255.11,17.404240021783988,17.410144567317438
waybill_02325,3,1.0,276.87,10.568331624736732,17.405730370045198
waybill_08086,5,2.5,197.6,12.048395052160387,17.403909386585166
waybill_09922,2,1.0,152.52,17.392911410344666,17.401299067213568
waybill_10021,2,1.0,152.52,17.392911410344666,17.401299067213568
waybill_10029,2,1.0,152.52,17.392911410344666,17.401299067213568
waybill_07981,3,2.2,170.48,14.9096316084744,17.398403057767766
waybill_07558,2,1.0,83.39,11.899689958289846,17.386176342425525
waybill_08458,2,1.2,225.73000000000002,13.003022964954251,17.38524233965889
waybill_08584,1,8.0,34.2,10.554051475967999,17.3822113863552
waybill_06425,2,1.0,81.92999999999999,12.186335547705035,17.381327385958684
waybill_10124,3,1.0,239.89,10.549361786391483,17.37448760599076
waybill_08177,4,1.2,95.43,11.434839414057572,17.35271320000629
waybill_09376,2,8.0,63.120000000000005,16.189265206026437,17.349253775598065
waybill_09619,2,3.0,212.26999999999998,10.524622333250663,17.333742456599005
waybill_07290,2,1.0,200.13000000000002,17.30003356209917,17.306129861291517
waybill_11309,2,1.0,200.13000000000002,17.298216099649554,17.303136554260764
waybill_11231,2,1.0,200.13000000000002,17.298216099649554,17.303136554260764
waybill_09455,2,1.75,112.97,11.609074868412327,17.292380779058785
waybill_07429,4,1.0,207.0,17.117469086984542,17.289194308731602
waybill_07918,3,1.0,142.83,12.153287326646636,17.288437628066855
waybill_02299,3,2.87,92.67,11.74128365038932,17.28608457511548
waybill_07626,2,1.0,201.08,14.16354160343618,17.276144322820286
waybill_10161,2,1.2,75.00999999999999,13.459869077308769,17.273256629601036
waybill_06912,3,1.0,128.26,11.032541755970195,17.26934234824813
waybill_07019,3,1.0,128.26,11.032541755970195,17.26934234824813
waybill_09330,2,2.5,200.91,12.222470759945875,17.266356196981665
waybill_09333,2,2.5,200.91,12.222470759945875,17.266356196981665
waybill_09334,2,2.5,200.91,12.222470759945875,17.266356196981665
waybill_00306,2,4.5,42.16,10.48287431968052,17.26498471001334
waybill_11381,3,1.0,99.67,10.662283066773295,17.26176848746898
waybill_00814,2,2.9,81.99,12.0508879383369,17.257859004503512
waybill_05137,3,1.2,176.52,12.449562799831039,17.24656269674209
waybill_10456,3,1.0,161.41,15.456170002673364,17.24083287568589
waybill_06948,3,1.0,240.59,10.456472371571708,17.22150148046079
waybill_08078,3,1.0,86.91,10.921870090107323,17.215735997166203
waybill_07364,2,0.32,139.7,16.313724587487812,17.21041533184973
waybill_02280,1,0.68,33.86,10.449128157201065,17.20940577608149
waybill_06113,2,1.0,211.79,10.851970636793391,17.202862895410274
waybill_00424,1,0.98,33.84,10.442956197273599,17.19924074018304
waybill_07498,3,1.2,95.27,11.031505703939104,17.196144410231355
waybill_08487,4,1.0,207.89000000000001,15.712930405407395,17.184619441461052
waybill_06232,2,1.0,117.48,11.176802437643524,17.183386967000217
waybill_06229,2,1.0,117.48,11.176802437643524,17.183386967000217
waybill_00809,2,1.0,96.08,10.636324566059471,17.182307107830276
waybill_04192,3,1.0,256.79,10.646534533727955,17.17405483631107
waybill_03696,3,1.0,240.79000000000002,10.646534533727955,17.174054836311065
waybill_06340,4,2.36,176.94,11.763825723368491,17.1699123090917
waybill_00586,2,0.5,66.53,13.875969665081227,17.148960935966628
waybill_10729,3,1.87,103.61,10.87066886235822,17.148513540197147
waybill_07474,2,1.0,231.26999999999998,10.410195408965595,17.14528468843836
waybill_06906,3,4.16,102.84,11.504899528231388,17.133443540767
waybill_05513,2,1.0,42.16,10.402237036729769,17.13217748417567
waybill_02285,2,1.0,42.16,10.397085985720318,17.123693855143536
waybill_07622,2,2.36,107.49000000000001,13.781785111201454,17.12132764826997
waybill_08821,3,1.2,95.63,10.88194034728658,17.12010449931899
waybill_07439,2,1.0,42.16,10.39065943758285,17.11310951997477
waybill_09478,1,1.2,144.0,17.112563099726763,17.112563099726763
waybill_09463,1,1.2,144.0,17.112563099726763,17.112563099726763
waybill_11357,2,1.0,42.16,10.388841975133237,17.110116212944018
waybill_05426,2,1.0,42.16,10.38807453440917,17.108852260714617
waybill_10043,2,3.87,147.26999999999998,10.385579803738763,17.10474351290684
waybill_05080,3,2.36,168.32,11.539424094726217,17.099775044111965
waybill_05876,1,5.16,33.64,10.381236597998932,17.097590381198504
waybill_00968,1,7.4,33.64,10.381236597998932,17.097590381198504
waybill_08758,2,4.5,160.79,12.178800711133391,17.091221864089885
waybill_11146,3,1.0,224.01000000000002,14.363088642853215,17.09056089586442
waybill_00174,1,2.2,57.0,10.374849529548522,17.087071067909484
waybill_09359,2,1.0,165.16,14.973562606706071,17.085899795358017
waybill_09343,2,1.0,165.16,14.973562606706071,17.085899795358017
waybill_05198,4,0.48,97.19,10.54269413809598,17.085476071262956
waybill_00985,2,4.6,264.13,15.297435483943797,17.070435374013627
waybill_08738,2,1.2,88.25999999999999,11.052832790721197,17.070398278998102
waybill_09700,3,2.5,86.05,10.93732953474258,17.066845734639372
waybill_05438,3,1.0,184.87,10.77642638215702,17.064190011137356
waybill_08690,2,1.5,87.37,11.216102868956163,17.05597647652416
waybill_03951,2,1.0,96.24000000000001,10.486256888082853,17.053535835032257
waybill_08818,3,1.0,95.89999999999999,10.75631466290095,17.046891067659477
waybill_10528,3,1.2,90.39,11.839909398053965,17.034610733085405
waybill_11131,3,1.2,87.92999999999999,10.529430341185396,17.02485805641273
waybill_09514,2,1.0,72.55,17.023921319276475,17.023921319276475
waybill_07382,3,5.16,91.19,12.081316036567642,17.014273694786283
waybill_10396,2,2.36,88.09,11.233192802121406,17.009391108937777
waybill_05116,2,1.0,79.41,10.51363020813437,17.00437519897319
waybill_01388,3,1.0,93.44999999999999,11.193785820019185,16.994841264115152
waybill_00238,2,1.08,66.64,16.839043693396388,16.990622438671267
waybill_07545,2,2.62,112.97,10.316238756295832,16.99054085365804
waybill_05722,3,1.0,197.16,10.746232676643993,16.985803449698075
waybill_05654,3,0.45,99.08,10.493445030227047,16.97455881682856
waybill_05979,2,3.87,152.59,10.302201723109945,16.967422274159922
waybill_05974,2,3.87,152.59,10.302201723109945,16.967422274159922
waybill_03112,2,2.36,30.04,16.83208886386604,16.967393173208514
waybill_06165,4,0.42,116.42,12.92751132727551,16.95915082566095
waybill_05984,2,1.0,78.7,10.605621265135786,16.95461205900459
waybill_05706,3,1.0,213.06,10.722335148876057,16.94644492655467
waybill_01285,2,2.7,225.01,15.378730521248976,16.93974129402785
waybill_02212,2,2.87,205.83,13.093486424740103,16.937475216882724
waybill_08470,2,1.2,231.37,10.28219995745615,16.934479956275055
waybill_06442,3,1.0,197.51999999999998,16.913683360023573,16.925112077865823
waybill_06506,3,1.0,197.51999999999998,16.913683360023573,16.925112077865823
waybill_06513,3,1.0,197.51999999999998,16.913683360023573,16.925112077865823
waybill_08922,3,1.0,95.63,10.672993203880148,16.90966308303036
waybill_08207,3,1.0,124.8,11.015960857573486,16.909520898540958
waybill_08018,3,1.0,124.8,11.015960857573486,16.909520898540958
waybill_04234,2,0.5,79.83,10.32985208426187,16.90445167049141
waybill_07938,3,1.0,92.83,11.222062229424163,16.902932913545897
waybill_06338,3,2.19,79.64,13.83545016456085,16.897213332570733
waybill_04684,2,1.0,87.69,10.5518518581362,16.89684957603401
waybill_10230,2,5.36,212.26999999999998,10.25814517353486,16.89486243688688
waybill_09241,3,1.2,86.91,10.600181857753075,16.894543987581304
waybill_02224,3,1.0,121.56,11.297881396350645,16.87148857915146
waybill_02273,3,1.0,121.56,11.297881396350645,16.87148857915146
waybill_09059,3,0.333,551.27,16.868357146375285,16.870372910124235
waybill_04926,2,1.2,89.49,10.602889648316193,16.866029308808777
waybill_08120,3,2.36,90.08,12.007500897486914,16.865077498455538
waybill_07733,3,1.0,175.57999999999998,16.8520393293593,16.8520393293593
waybill_01880,3,1.65,227.85000000000002,12.919977435015184,16.840287392149428
waybill_03746,2,1.0,95.6,10.35458840963023,16.836681735865252
waybill_00820,2,2.16,97.77000000000001,11.310274135481706,16.831940024374433
waybill_09133,3,1.5,106.92999999999999,10.640568365860249,16.820148680713103
waybill_01581,3,1.3,95.92,10.542251590994073,16.81506307388314
waybill_01966,2,3.87,253.57,10.207454885773203,16.811377028547284
waybill_01995,2,3.87,253.57,10.207454885773203,16.811377028547284
waybill_01515,3,2.76,90.50999999999999,11.57855897795639,16.80606406705708
waybill_10412,3,1.0,91.17999999999999,11.445584246488528,16.79606396159215
waybill_08054,3,2.5,69.94,10.19333302691354,16.78811874366722
waybill_08348,1,0.76,33.01,10.18681986028373,16.77739175039722
waybill_07979,3,2.6,91.17999999999999,11.40561063080889,16.76394599792854
waybill_10689,3,1.87,86.05,10.6333387238233,16.7576378043946
waybill_01374,3,1.0,92.96,11.042572801796252,16.745797884603046
waybill_00577,3,1.1,93.47,10.921091541427584,16.729147832929808
waybill_08072,1,1.38,88.0,10.156135685522381,16.726855819893935
waybill_09767,3,2.04,91.24,11.358938867646684,16.723179412624173
waybill_08502,2,2.2,166.37,10.15280824644344,16.72137562590615
waybill_08371,3,1.0,92.28,11.15149053318121,16.72027178228399
waybill_04581,2,0.5,214.04000000000002,11.014784830742219,16.714900779325685
waybill_07436,3,1.0,97.78999999999999,10.485935188890243,16.711247312894322
waybill_08797,4,1.0,215.73,10.544678187770204,16.7074619517441
waybill_07432,4,1.0,199.47,12.734386769007102,16.699534163191494
waybill_04089,2,1.0,85.53999999999999,10.77346568675759,16.689207737774332
waybill_04832,3,1.0,87.47,12.3170168186398,16.686592352415015
waybill_06444,3,1.2,86.51,10.847935181023507,16.677826098664035
waybill_02691,3,4.87,72.4,13.175353951437373,16.671059382374366
waybill_08105,3,1.78,92.96,10.961259807886414,16.669429348016767
waybill_01251,2,2.5,30.04,16.650397759374826,16.66815328486061
waybill_03317,2,1.0,95.09,10.249665090863296,16.663876125591543
waybill_06101,3,3.42,82.64,16.623157675759224,16.661357673419324
waybill_00751,2,2.81,87.46000000000001,10.688276558696046,16.660786315741266
waybill_04791,2,1.0,40.92,10.114503430339948,16.658288723957405
waybill_01279,2,2.2,276.87,10.112972745128536,16.655767730576684
waybill_08178,4,1.0,210.51999999999998,10.698401973979538,16.64417568574104
waybill_02406,2,1.0,30.04,16.635546475682393,16.643693658802466
waybill_01776,2,1.2,30.04,16.63281983614977,16.639202963941038
waybill_02721,2,1.0,85.91,10.100528248965396,16.63527201256764
waybill_09738,3,1.0,161.35999999999999,14.428849342325043,16.632029009316934
waybill_05358,3,4.16,89.72999999999999,11.560402041427032,16.630046748045608
waybill_07091,3,2.36,91.91,11.132421913196511,16.62978145585496
waybill_01994,3,1.2,86.74,10.365422821614837,16.62496291997122
waybill_04266,2,1.0,85.41,10.733347947229054,16.62313500443439
waybill_02419,4,1.0,92.85,11.212491539013577,16.615284358936634
waybill_07587,2,1.0,81.87,11.43062100380238,16.613633614143072
waybill_02242,3,1.0,92.96,10.898458065288036,16.60483502412416
waybill_05236,2,1.0,200.13000000000002,16.599621320348643,16.604045263454516
waybill_04962,2,1.0,84.94999999999999,10.805718134780518,16.603664444653155
waybill_08354,2,1.0,212.26999999999998,10.062467983431107,16.572587878190976
waybill_08376,2,1.0,212.26999999999998,10.062467983431107,16.572587878190976
waybill_08444,2,1.0,212.26999999999998,10.062467983431107,16.572587878190976
waybill_10745,3,1.0,176.52,14.365153409151663,16.54795593397071
waybill_11185,3,1.0,93.92999999999999,10.651447302127547,16.546154813944085
waybill_01844,3,1.0,94.06,10.615458488960305,16.536519813136433
waybill_05162,2,2.36,195.73,11.019682217603526,16.53422304786526
waybill_09719,3,1.0,93.92999999999999,10.616104905208243,16.51154010254586
waybill_03943,4,1.0,198.59,10.1555287233561,16.50570866114758
waybill_02046,2,2.36,202.87,10.017735387506118,16.498914612526214
waybill_09776,1,2.5,32.43,10.007833022387198,16.482605709342078
waybill_08846,1,0.64,100.0,16.478764466403554,16.478764466403554
waybill_04540,2,0.5,263.38,13.117880925066178,16.470068202709484
waybill_07480,3,1.0,180.42000000000002,13.925853656495569,16.463923128199916
waybill_10950,3,1.0,95.63,10.228172987885173,16.461273772948136
waybill_02231,3,1.2,91.82,11.259019798632188,16.460326926397734
waybill_05053,2,1.0,164.82999999999998,12.2978408633074,16.456629487090012
waybill_10057,3,1.0,230.63000000000002,12.784680218843576,16.448728927150768
waybill_10058,3,1.0,230.63000000000002,12.784680218843576,16.448728927150768
waybill_05290,3,2.36,168.42,10.962480903587734,16.440014171391255
waybill_10580,3,1.87,83.18,16.41963744175183,16.437852371061577
waybill_07912,3,1.0,91.91,10.938152072760698,16.435341262217044
waybill_05483,2,1.56,40.739999999999995,9.975788127568903,16.429828713052693
waybill_10000,3,0.233,92.59,10.800496582773347,16.424701873973028
waybill_01785,3,1.0,192.79000000000002,9.97173854261769,16.423159166120005
waybill_07255,2,2.36,40.760000000000005,9.971437304494314,16.422663035818754
waybill_00094,3,1.11,82.83,12.859083283359842,16.412268280235217
waybill_02135,2,1.0,40.760000000000005,9.965044015159554,16.412133476916754
waybill_11863,2,1.48,66.53,15.73126718932189,16.409150557102333
waybill_01365,4,1.0,365.77,14.633176097807508,16.408878206818002
waybill_01440,4,1.0,365.77,14.633176097807508,16.408878206818002
waybill_05851,2,1.0,215.74,13.388194861210636,16.4079585642693
waybill_05907,2,1.0,215.74,13.388194861210636,16.4079585642693
waybill_02086,2,1.0,40.739999999999995,9.958872055232085,16.4019684410183
waybill_00633,2,1.1,40.739999999999995,9.958654093364979,16.401609464254086
waybill_01488,2,1.32,40.739999999999995,9.957517930002844,16.39973823671886
waybill_06749,2,1.0,40.760000000000005,9.956320702415669,16.397766438206666
waybill_05167,2,1.0,40.760000000000005,9.956037339486505,16.39729974782288
waybill_01606,2,1.0,40.739999999999995,9.954526983601477,16.394812236242906
waybill_11208,3,1.0,86.05,10.272238547677508,16.392554851854797
waybill_08478,1,4.5,32.24,9.949199403076266,16.38603786830677
waybill_01836,2,2.1,157.47,9.94711474147154,16.382604492151188
waybill_07784,1,1.0,32.22,9.943027443148797,16.375872832408316
waybill_08351,2,1.0,227.26999999999998,9.938797625333931,16.368906447266912
waybill_10658,3,1.2,92.83,10.690316369787304,16.366197551907227
waybill_00430,3,0.74,94.13,10.424745057416638,16.361897183740613
waybill_02939,2,1.0,40.540000000000006,9.934167814302375,16.361281285099324
waybill_05740,2,1.0,40.66,9.933262357320237,16.359790024165008
waybill_02605,2,1.0,40.66,9.93220113301032,16.358042219037724
waybill_08405,2,1.0,40.66,9.931358681689924,16.356654726569342
waybill_10064,2,1.0,40.66,9.931304115623607,16.356564857868076
waybill_00929,3,1.0,224.19,15.969560425704532,16.354995184415365
waybill_05040,2,1.0,84.44,10.648333156630116,16.344456029242597
waybill_04384,2,1.0,78.39,10.053191033172276,16.34028914949078
waybill_00643,3,1.0,189.48000000000002,9.919833754327449,16.337673511243356
waybill_07506,2,5.16,232.07,9.90037622770158,16.30562753897985
waybill_09219,3,1.0,94.06,10.378980447306017,16.3007758429142
waybill_06590,2,1.2,83.19,11.192718181370754,16.28389004437875
waybill_05107,3,1.0,176.32,10.3018772147026,16.282621533790593
waybill_09878,3,1.0,96.64,10.281231245822706,16.27649334243499
waybill_06183,3,1.0,83.4,16.257465836070846,16.268635426029938
waybill_08952,1,0.3,32.0,9.875135883946665,16.264057437525327
waybill_10778,5,1.0,252.22,10.411088193793962,16.260139508358883
waybill_01029,2,1.08,84.94999999999999,10.45232870032091,16.250275010193544
waybill_05422,2,1.0,297.21,16.22712727991239,16.24071394415872
waybill_05533,2,1.0,297.21,16.22104959506286,16.23070417653206
waybill_03707,2,0.5,87.11,10.000561253543829,16.22975976828303
waybill_11448,2,1.0,40.36,9.849640812420672,16.222067806947525
waybill_06005,2,2.36,200.91,10.80720551992048,16.21791898874069
waybill_06197,3,1.0,148.23,16.215028084747082,16.215028084747082
waybill_05892,2,1.0,155.12,16.213384638032245,16.213384638032245
waybill_10529,2,1.0,40.370000000000005,9.84390190029277,16.212615987997992
waybill_00608,3,1.1,92.44999999999999,10.606321585126784,16.21073100210869
waybill_08459,2,1.0,40.370000000000005,9.841865262741656,16.209261706041772
waybill_07547,1,0.3,100.0,16.205078692923074,16.205078692923074
waybill_01336,2,1.0,40.36,9.836737846083029,16.200817002088115
waybill_05811,2,0.62,87.25,9.836692425517027,16.200742195756032
waybill_11984,2,1.05,64.39,15.774232195215067,16.200385134145705
waybill_08102,2,1.0,40.36,9.83622094545713,16.19996568200828
waybill_07023,2,1.0,40.370000000000005,9.835967483830068,16.19954823818683
waybill_07191,2,1.0,40.36,9.835183044110849,16.19825628911397
waybill_09156,3,1.0,72.2,9.835116650664439,16.19814694106665
waybill_09060,3,1.0,72.2,9.835116650664439,16.19814694106665
waybill_10355,2,1.2,81.21,11.146748659022395,16.19798976232053
waybill_10800,2,1.0,40.36,9.833119251243813,16.194857283153635
waybill_05310,2,1.0,40.36,9.83259814093717,16.193999029853817
waybill_08358,3,2.36,82.61,10.74289959535997,16.191364562345427
waybill_07589,4,1.0,243.10999999999999,13.536149254216085,16.190616012327908
waybill_10051,2,1.0,40.33,9.829466776820405,16.188841765543597
waybill_03336,1,1.0,31.85,9.828846184490665,16.18781966828693
waybill_05029,1,1.0,31.85,9.828846184490665,16.18781966828693
waybill_06398,1,2.36,31.85,9.828846184490665,16.18781966828693
waybill_09004,3,1.0,148.23,15.899397524039966,16.185912199314497
waybill_05864,1,3.2,31.84,9.825760204526931,16.182737150337704
waybill_08735,1,8.5,31.84,9.825760204526931,16.182737150337704
waybill_09637,1,4.5,31.84,9.825760204526931,16.182737150337704
waybill_11253,3,1.2,92.59,10.547487268810123,16.175642781492797
waybill_01000,2,4.61,78.42,11.681217765861092,16.175424771206583
waybill_00344,3,0.39,280.21000000000004,9.820543161796747,16.17414483488859
waybill_10720,3,1.2,92.44999999999999,10.573049131165437,16.173061869836616
waybill_08675,2,1.0,81.99,10.956467188966474,16.163438255133087
waybill_07703,2,1.0,208.10000000000002,12.870464860550129,16.162755998628633
waybill_08334,3,1.0,91.17999999999999,10.812032737170544,16.16119480786906
waybill_02641,3,1.0,96.64,10.162208678668216,16.16079063580005
waybill_05084,2,1.0,84.07,10.534151897971983,16.15640286512121
waybill_02888,2,1.0,38.739999999999995,9.798719027578535,16.138201129746637
waybill_00612,2,1.0,297.21,16.126655853068577,16.135846745459112
waybill_00575,2,1.0,297.21,16.126655853068577,16.135846745459112
waybill_01434,2,3.87,40.129999999999995,9.79726613818316,16.135808263779584
waybill_03753,2,1.0,328.72,12.123157039669819,16.119227817634723
waybill_04176,2,1.0,328.72,12.123157039669819,16.119227817634723
waybill_00735,1,1.0,288.69,16.1124498074175,16.1124498074175
waybill_10630,3,1.0,92.96,10.409411897185064,16.11029585589659
waybill_04804,3,1.0,46.92,9.778283985668695,16.10454521865177
waybill_01415,2,1.88,40.129999999999995,9.775420631486528,16.099829358796264
waybill_07949,3,1.0,91.24,10.731391415190561,16.09481255961886
waybill_06917,3,3.87,99.89999999999999,10.793445989975908,16.08821211571765
waybill_11323,3,1.56,106.92999999999999,10.263645198115952,16.084111243074222
waybill_05716,4,1.0,224.73,13.2990615694812,16.072825599769068
waybill_05606,3,1.0,189.14000000000001,16.061553440367422,16.071208021836625
waybill_01916,3,1.06,92.96,10.364302684334744,16.066063986496175
waybill_04472,2,1.0,84.31,10.393890151218388,16.064058030019453
waybill_08941,3,1.0,147.82999999999998,16.06050128041543,16.06050128041543
waybill_03084,2,0.1,37.97,9.745524725469863,16.05059168365781
waybill_03804,2,0.5,89.22,9.839512244733118,16.048745379617383
waybill_05728,3,1.0,216.20999999999998,13.284138815599897,16.048248264418564
waybill_02389,2,1.0,145.0,9.742583824758913,16.04574810695739
waybill_11447,2,2.36,129.75,16.040072353518894,16.040072353518894
waybill_11459,2,2.36,129.75,16.040072353518894,16.040072353518894
waybill_09798,3,4.31,104.21,12.282301804826023,16.035512733035887
waybill_04471,4,1.0,197.07,9.791387778014576,16.026177330445748
waybill_09714,3,1.0,92.96,10.316764848726109,16.018535861470877
waybill_07984,2,1.0,39.97,9.721949943308184,16.011764713005384
waybill_02811,3,0.07,183.37,9.719907331924608,16.00840059232335
waybill_01658,2,1.0,227.79000000000002,9.719786760499819,16.008202014744157
waybill_08088,2,1.0,39.97,9.71586772687153,16.00174748198844
waybill_09167,2,1.0,39.97,9.714763432078836,15.999928741046809
waybill_09724,2,1.0,39.97,9.714137121509618,15.998897226018435
waybill_01167,3,0.35,168.23,9.713585461936766,15.997988658978521
waybill_03956,3,1.0,218.35,15.161520940188398,15.994858534133442
waybill_02619,3,1.2,84.45,10.183489381930348,15.990200754599694
waybill_03381,1,1.0,31.46,9.708492965905064,15.98960146826709
waybill_06344,1,1.0,31.45,9.70540698594133,15.984518950317863
waybill_03294,2,1.0,164.77,11.83551502605091,15.982324421920563
waybill_09262,2,1.2,177.61,10.537782084880124,15.98084376783132
waybill_09252,3,1.0,168.42,10.20438529653271,15.976756905543553
waybill_07671,1,1.2,288.69,15.966322577660492,15.966322577660492
waybill_09443,2,1.0,212.26999999999998,9.688185887138738,15.95615630869407
waybill_09442,2,1.0,212.26999999999998,9.688185887138738,15.95615630869407
waybill_09433,2,1.0,212.26999999999998,9.688185887138738,15.95615630869407
waybill_06502,2,1.0,84.44,10.248690031739113,15.944812904351593
waybill_09733,2,1.0,195.73,10.273105278411547,15.939529648489813
waybill_07410,1,1.0,31.35,9.674547186304,15.933693770825597
waybill_10638,3,1.0,92.59,10.29523063852693,15.922242691775203
waybill_11884,2,1.0,39.56,9.666559944044925,15.920539018486421
waybill_09046,3,0.91,96.5,9.950964180163007,15.918135148424307
waybill_00989,3,2.81,188.88,9.66461126437727,15.917329600569083
waybill_05637,3,1.38,165.11,9.661036952311608,15.9114428140561
waybill_04441,2,1.0,77.53,9.787796756291208,15.903192605857289
waybill_07063,3,3.87,92.69,10.676045680349445,15.894857269628693
waybill_06927,3,1.0,93.47,10.085477752333004,15.888031332766134
waybill_01485,3,0.5,93.47,10.080821797314126,15.88231921228392
waybill_03775,1,1.0,246.59,15.873041131915826,15.873041131915826
waybill_11050,3,1.2,184.51999999999998,12.374742217100646,15.864291243441153
waybill_11013,3,1.2,169.97,12.373339498935312,15.861981008009689
waybill_02048,3,1.0,207.93,15.845327804254826,15.855578800781524
waybill_00827,2,1.0,87.12,10.060037934983967,15.849998092914632
waybill_02347,3,1.0,91.24,10.488411932988122,15.849277455215825
waybill_11229,3,1.56,90.84,10.564651082437907,15.845183811319282
waybill_05251,3,2.36,180.16,15.832247389697372,15.84268789542724
waybill_09692,3,1.0,92.58999999999999,10.202583590067976,15.830482697349487
waybill_00677,2,0.5,29.400000000000002,10.626658788140263,15.827640240350396
waybill_06507,2,1.0,78.87,11.242025678802635,15.826076893495326
waybill_01752,3,2.87,246.43,10.461799551396927,15.821390999604903
waybill_05989,3,0.36,92.58999999999999,10.192652954554601,15.820743880991548
waybill_07666,2,1.0,72.87,12.431694841277846,15.817823264674537
waybill_11017,3,1.0,212.93,10.136325390925943,15.80761327884082
waybill_03788,2,1.0,85.53999999999999,9.888366165933533,15.804108216950276
waybill_05467,3,1.94,162.0,9.578206540710037,15.775023570038217
waybill_02061,3,1.18,85.34,11.582908989687034,15.769766093255097
waybill_07557,2,5.16,212.26999999999998,9.57152330196745,15.764016473016412
waybill_09050,3,1.2,165.32999999999998,10.174569800174185,15.761738742721173
waybill_08438,3,1.0,84.44999999999999,9.955260883009831,15.759633614400823
waybill_09653,3,1.0,92.44999999999999,10.15937987057571,15.759327446060315
waybill_11767,1,1.0,31.0,9.56653788757333,15.755805642602663
waybill_02902,2,1.2,38.78,9.55546916605052,15.737575784834366
waybill_01565,3,1.16,92.44999999999999,10.130674898143928,15.733604575019266
waybill_06717,3,1.0,236.14999999999998,9.55287352436853,15.733300839567868
waybill_01809,3,1.0,92.44999999999999,10.118615714799239,15.718234423310944
waybill_07388,2,2.36,107.49000000000001,12.376872989046905,15.71641552611542
waybill_07550,2,2.36,107.49000000000001,12.376872989046905,15.71641552611542
waybill_04072,2,1.0,218.84,11.269786187934217,15.708755642347729
waybill_05911,2,0.38,83.75999999999999,10.144869884963544,15.705228174562475
waybill_05983,5,2.36,205.26999999999998,10.492851501267145,15.700187194952814
waybill_11243,3,1.0,230.63,13.518284928755437,15.699194104460865
waybill_01894,3,1.59,84.44999999999999,9.88627682186057,15.690684238071137
waybill_09180,3,1.0,92.83,9.999404911766815,15.67562613515932
waybill_04253,3,0.5,257.70000000000005,9.582581831334531,15.672155789621563
waybill_10438,2,1.0,160.66,10.087141712779895,15.665468844248268
waybill_03694,3,1.0,201.16,10.280341267124438,15.64304229615953
waybill_07910,3,1.0,173.35,11.473195286390471,15.642686715493753
waybill_09065,3,0.97,95.85999999999999,9.80200396853607,15.641759706401285
waybill_08052,2,0.64,103.51,9.496446835876721,15.64036774847673
waybill_01614,2,1.0,148.98000000000002,9.494843842602826,15.637727665850527
waybill_04769,2,1.0,38.739999999999995,9.493086853016687,15.63483395584168
waybill_02078,3,1.36,83.53,11.806908039466315,15.63423694703489
waybill_06470,3,1.0,86.94,11.120821555771244,15.626457278958984
waybill_05055,1,1.0,288.69,15.615987768533486,15.615987768533486
waybill_04334,2,1.0,150.79000000000002,9.472167201441003,15.600379906925449
waybill_01566,3,1.0,92.59,9.969222198358521,15.598913028889658
waybill_10377,1,1.2,288.69,15.59414722619987,15.59414722619987
waybill_05537,2,6.18,38.78,9.467958081613638,15.593447610758776
waybill_11757,2,1.0,40.37,9.462434282234264,15.58435007615922
waybill_00475,3,2.22,92.83,10.931273723086628,15.58143425827559
waybill_07209,3,1.56,91.17999999999999,10.223642947507821,15.573892285442549
waybill_08248,3,1.0,90.00999999999999,10.450973081413743,15.566540207809537
waybill_11996,2,1.5,30.589999999999996,9.440012709060262,15.547422406684369
waybill_09858,3,1.0,169.04,10.034018074856348,15.545760078440614
waybill_04182,2,1.0,83.3,10.350391181260004,15.539393405557176
waybill_01933,3,1.2,95.31,9.797894492481076,15.528352024681723
waybill_10198,3,1.0,90.44999999999999,10.30883991972082,15.512412477218422
waybill_07452,3,1.0,92.44999999999999,9.908868771535387,15.509264506080052
waybill_02005,3,0.5,265.84,14.618645952953527,15.501778841135781
waybill_01427,2,5.5,38.82,9.410896318670533,15.49946857078406
waybill_05973,2,2.36,38.82,9.409693824087565,15.497488097685205
waybill_00144,2,0.6,38.739999999999995,9.409565683812986,15.497277054433718
waybill_05526,2,3.87,38.739999999999995,9.407103148290473,15.493221331084612
waybill_05630,4,0.44,221.85,13.730056284214164,15.491257727294748
waybill_11388,3,1.2,91.24,10.130879973706122,15.4895028583472
waybill_00830,3,1.0,247.79000000000002,9.4022849863112,15.485285960463377
waybill_09898,3,0.08,93.47,9.68627877773749,15.484896100159638
waybill_05346,3,1.2,95.64,9.685543969041772,15.480812858699489
waybill_09011,2,4.0,147.26999999999998,9.394129545886912,15.471854190708742
waybill_08030,3,1.0,92.44999999999999,9.858690561389349,15.459757787482044
waybill_09134,3,1.0,162.7,15.453254676134165,15.453254676134165
waybill_08201,2,5.13,38.739999999999995,9.379495051374052,15.447751610033041
waybill_01450,2,4.6,38.739999999999995,9.376328601560179,15.442536560614876
waybill_02127,2,1.5,38.82,9.374286208236931,15.439172799071775
waybill_11190,2,3.87,38.82,9.373861600562984,15.438473482760724
waybill_01521,2,1.9,38.82,9.37236841697209,15.43601425344252
waybill_02462,2,1.0,198.38000000000002,14.680185598019143,15.42226093722244
waybill_00548,3,1.0,91.24,10.054790216174503,15.416699447672666
waybill_07445,2,1.0,38.82,9.359942129695916,15.41554852493306
waybill_09709,2,1.0,38.82,9.359249425680286,15.414407661857368
waybill_11174,2,1.0,38.82,9.358124667246305,15.412555217902307
waybill_05056,2,4.16,89.52,10.143405635258473,15.411033426889118
waybill_04904,2,2.36,81.56,12.009599671009813,15.410250531420031
waybill_11247,2,2.36,38.78,9.356124060294027,15.409260277279303
waybill_02648,2,1.2,38.78,9.35480920574273,15.407094750627762
waybill_10697,3,1.0,148.1,15.405894440548673,15.405894440548673
waybill_02011,2,2.26,38.71,9.352382333819163,15.403097764173872
waybill_02614,2,1.0,38.78,9.352036899828454,15.402528844583117
waybill_02794,2,1.0,152.59,9.351745782112301,15.402049382293967
waybill_00728,2,4.15,264.13,13.800947230079732,15.400501478729689
waybill_06268,1,3.87,30.3,9.350519290111999,15.400029386156795
waybill_05588,2,1.2,38.76,9.349910714987162,15.399027080882043
waybill_06219,3,1.0,86.5,10.980641166479352,15.39817009042223
waybill_10378,4,1.0,199.34,12.996745196895661,15.39813225659945
waybill_01326,2,1.0,38.78,9.349153011813163,15.397779166110306
waybill_01253,2,1.0,38.78,9.348786189616607,15.397175020775572
waybill_09040,3,1.0,92.28,9.829676013761484,15.396087647951854
waybill_09174,2,1.0,38.78,9.347531816394572,15.395109105088839
waybill_10782,3,1.0,93.83,9.798535789630305,15.393603235110689
waybill_01782,2,1.0,38.78,9.346397187478058,15.393240404740272
waybill_02790,2,0.4,73.0,14.200967150146118,15.39261809436727
waybill_10114,3,1.0,38.76,9.344967922514272,15.390886447515008
waybill_02051,2,1.0,38.739999999999995,9.341676062485421,15.38546485117297
waybill_01603,2,1.3,38.739999999999995,9.340780852990617,15.383990467547951
waybill_09854,2,1.0,38.76,9.340733545897885,15.383912554162007
waybill_01838,2,1.76,38.739999999999995,9.340301848711077,15.383201561632447
waybill_00725,1,1.45,30.26,9.338175370257066,15.379699314359893
waybill_05015,1,4.16,30.26,9.338175370257066,15.379699314359893
waybill_07311,2,1.0,200.91,9.739528410287829,15.37681213403371
waybill_00540,3,1.0,90.13,10.514402161239982,15.375180358379316
waybill_11162,4,1.2,96.28,9.750455117892466,15.373395733459214
waybill_06908,3,1.0,92.44999999999999,9.770707796032204,15.369614501945017
waybill_05142,1,1.0,30.24,9.332003410329598,15.369534278461435
waybill_00611,2,1.0,38.71,9.330779556162007,15.367518626756912
waybill_08927,3,1.0,92.59,9.734855294905216,15.364577626465449
waybill_01187,3,1.0,181.5,15.353947449531585,15.360812336587722
waybill_05123,1,1.0,30.22,9.325831450402132,15.359369242562982
waybill_08619,1,1.0,30.22,9.325831450402132,15.359369242562982
waybill_07749,1,0.33,252.91,15.349582879412727,15.349582879412727
waybill_09267,1,4.0,30.19,9.316573510510933,15.344121688715303
waybill_04603,1,1.0,30.19,9.316573510510933,15.344121688715303
waybill_09650,3,1.0,188.65,9.907202348545002,15.336898318871093
waybill_09548,2,1.0,166.37,9.309938653588906,15.333194275124466
waybill_06145,3,1.0,251.26999999999998,9.307170859927147,15.328635800626587
waybill_06156,3,1.0,251.26999999999998,9.307170859927147,15.328635800626587
waybill_11408,2,3.87,147.26999999999998,9.302880262388616,15.3215693130736
waybill_11011,4,2.36,94.14,10.12101265560217,15.321220775848902
waybill_10654,3,1.0,262.01,11.266100573834986,15.311474249622922
waybill_07487,4,2.36,189.21,10.321671281613227,15.31032466007315
waybill_10472,2,1.0,132.02,9.87112311531856,15.309692587802399
waybill_01222,3,4.4,78.28999999999999,15.271732338480726,15.301937841527732
waybill_11439,2,7.63,65.83,15.174212774239459,15.292096645943143
waybill_01670,3,1.6,90.44999999999999,10.076284058410861,15.283179678075573
waybill_00736,3,1.0,190.98000000000002,9.273501908866402,15.273184031623249
waybill_09381,2,1.0,78.42,10.775196655164857,15.26940366051035
waybill_01685,3,3.86,104.76,10.311985996003806,15.266163078870038
waybill_01694,3,3.86,104.76,10.311985996003806,15.266163078870038
waybill_00349,2,1.42,81.12,10.673186008526352,15.265223375161018
waybill_09720,3,3.0,103.98,9.955886780023256,15.26111581363227
waybill_01397,3,1.0,188.52,9.265135805455385,15.259405306145027
waybill_08272,3,1.2,209.60000000000002,13.549494197131992,15.25738505001885
waybill_06072,2,1.0,160.79,9.657843342255434,15.236170473723808
waybill_06089,3,2.36,90.77,10.388937199055047,15.232943590353921
waybill_09314,2,4.5,129.88,15.230577508503405,15.230577508503405
waybill_09269,2,4.5,129.88,15.230577508503405,15.230577508503405
waybill_07404,3,2.36,159.11,10.267158248265432,15.220543302542303
waybill_08475,3,3.0,192.21,10.803115567802351,15.218182675963327
waybill_07887,2,0.32,130.0,15.002203801510976,15.217052490923356
waybill_02415,2,1.2,271.68,9.234401279148472,15.208786448131807
waybill_02505,2,4.8,38.230000000000004,9.22889200920122,15.199712843078272
waybill_07585,3,2.36,164.32,10.254096818510803,15.199031513110544
waybill_04098,2,1.0,90.75,9.356788221356453,15.193334265615295
waybill_09171,2,1.2,131.76999999999998,9.827617481394453,15.190318510429545
waybill_08524,3,1.0,169.32,9.73755870039346,15.179395235035381
waybill_11948,2,1.0,36.14,9.21349182494816,15.174349193991942
waybill_07240,2,1.0,38.34,9.211815091436716,15.171587663370182
waybill_09503,2,1.0,53.21,10.50474543201365,15.170654704111572
waybill_11460,2,1.0,28.08,15.132847778027497,15.148297826743574
waybill_05539,3,3.01,90.42999999999999,11.208370547971887,15.145751762582965
waybill_10189,3,1.2,170.74,9.771102755372512,15.144962006046157
waybill_00949,2,4.6,225.01,9.193500010447899,15.141423265363333
waybill_02601,3,1.0,91.88,9.928629837419788,15.138579290281756
waybill_01649,2,1.0,147.98000000000002,9.186245846229493,15.129475870927863
waybill_03104,3,0.9,103.78999999999999,12.269940336867988,15.125258409581367
waybill_02607,2,1.0,38.230000000000004,9.182308001823118,15.122990357375649
waybill_07798,2,1.2,84.07,9.85359246139905,15.120459667130461
waybill_00180,4,0.6,108.09,14.621615222877082,15.118796691040806
waybill_00619,3,1.0,248.79000000000002,9.178932476907285,15.117430967433254
waybill_00626,3,1.0,248.79000000000002,9.178932476907285,15.117430967433254
waybill_00607,3,1.0,248.79000000000002,9.178932476907285,15.117430967433254
waybill_00618,3,1.0,248.79000000000002,9.178932476907285,15.117430967433254
waybill_08014,2,1.0,38.230000000000004,9.17890721318193,15.117389358823003
waybill_09990,3,0.096,92.44999999999999,9.516427414047868,15.111532064459603
waybill_05694,4,0.34,226.01,12.510552604552498,15.101348391451385
waybill_00966,1,1.44,29.71,9.16844647225173,15.100160827152425
waybill_05114,2,1.0,81.99,9.892268065515449,15.09923913168206
waybill_09972,3,1.2,145.63,14.625888043425647,15.09918127283484
waybill_05768,3,0.32,88.21,10.33256244772552,15.094613065509037
waybill_01411,3,0.41,93.84,9.242648415650452,15.093420081340092
waybill_00927,2,1.0,221.41000000000003,11.832318141505166,15.0921201614561
waybill_02992,1,0.35,29.69,9.162274512324265,15.089995791253973
waybill_01284,2,4.6,197.22,9.156274489801117,15.080113931187462
waybill_10126,2,5.16,37.97,9.155107876067587,15.078192552788975
waybill_06604,2,1.0,82.72,9.71790147797698,15.070619817084609
waybill_01417,2,0.8,145.0,9.149602167085206,15.069124812539513
waybill_00955,2,1.0,227.79000000000002,9.149483811134246,15.06892988378035
waybill_05062,2,1.0,81.91,9.867580225805584,15.058578988088247
waybill_07751,2,1.0,71.37,11.968797846717846,15.05544557229054
waybill_04642,3,1.0,217.13,14.219141597265946,15.05247919121099
waybill_00455,2,4.89,37.879999999999995,9.136370652160934,15.047332897851673
waybill_05611,4,0.52,232.91,15.041671878496773,15.046692260860759
waybill_11836,2,0.5,65.44,14.67985443441987,15.030246850873949
waybill_04900,2,2.36,84.12,9.837149893139964,15.028148655422626
waybill_06144,3,1.0,90.08,10.169159825872127,15.02193403065255
waybill_09584,3,1.0,188.37,9.118901798691127,15.01856221160091
waybill_09202,2,1.0,37.97,9.09756743933217,14.983425151201477
waybill_04943,2,2.36,84.03,9.809376073466364,14.982405993879588
waybill_07077,3,1.0,83.4,14.971462721428647,14.976069991989142
waybill_00044,1,0.35,29.45,9.088210993194664,14.968015360472531
waybill_09277,1,1.0,29.45,9.088210993194664,14.968015360472531
waybill_10651,3,1.2,83.4,14.96115769166442,14.966870994983278
waybill_07697,2,1.0,222.52,12.753505925007024,14.953857163186134
waybill_05757,3,1.0,83.4,14.931464558114655,14.941119139583858
waybill_00523,3,2.78,285.39,9.069473734198521,14.937155647743872
waybill_03300,3,1.0,187.1,9.202694545748745,14.93641888375468
waybill_05729,3,1.0,167.69,14.921850255894146,14.931504837363349
waybill_08661,2,1.2,78.42,10.436418630623667,14.930625635969157
waybill_11235,3,1.2,94.87,9.274870933493712,14.917002212074836
waybill_11490,2,1.0,34.58,9.046550263684264,14.899401368157971
waybill_05454,3,3.87,85.45,10.955115621050304,14.889443808407963
waybill_06739,3,1.0,182.56,12.523000778749498,14.8771212408229
waybill_11713,2,0.49,66.53,14.617561860573499,14.87129430007473
waybill_08356,2,1.0,297.21,14.85964393408709,14.86806689359094
waybill_06510,3,4.39,90.08,11.664493064742317,14.86350132259803
waybill_10844,3,1.0,147.39,14.857460560651177,14.857460560651177
waybill_03419,2,0.42,260.44,13.352035597313247,14.855428700389727
waybill_03729,3,1.0,186.89999999999998,9.140974946474078,14.834768524770148
waybill_04208,2,1.0,226.49,10.734882994220442,14.827785864481774
waybill_04190,2,1.0,226.49,10.734882994220442,14.827785864481774
waybill_04281,2,1.0,226.49,10.734882994220442,14.827785864481774
waybill_03854,2,1.0,226.49,10.734882994220442,14.827785864481774
waybill_05790,3,1.0,82.21,14.756695897640856,14.801331173517013
waybill_08642,2,1.2,83.75999999999999,9.664141807041197,14.783265201846104
waybill_08494,2,1.2,231.37,8.970285769975312,14.773795997183525
waybill_11831,2,0.5,37.839999999999996,8.969400764590931,14.772338419427301
waybill_08924,2,2.2,194.01000000000002,14.755154747423221,14.771591749127435
waybill_07621,2,1.0,131.76999999999998,9.39524797194592,14.757949000981013
waybill_06352,1,1.29,88.0,8.959602186266187,14.756200450030974
waybill_02675,3,0.78,93.57,10.05359920445461,14.75542474969639
waybill_05157,3,1.56,114.64,9.329460511130074,14.753056223018023
waybill_11291,3,1.0,90.39,9.559010394965947,14.746943459917848
waybill_10004,3,1.0,82.61,9.309432377490834,14.746406816916107
waybill_02058,3,1.0,84.86,10.65222052821282,14.7413986291024
waybill_08341,1,0.305,29.0,8.949341894826665,14.73930205275733
waybill_06017,5,2.36,203.37,9.906515308157811,14.734508784599749
waybill_07772,2,1.0,83.87,9.506409975945965,14.73334642196751
waybill_06815,3,1.0,90.50999999999999,9.510103202467834,14.728382188355514
waybill_07105,3,1.0,91.17999999999999,9.378788340638069,14.72413472239323
waybill_00484,3,0.35,90.08,9.876306053841784,14.721426896086182
waybill_01042,2,1.0,201.08,11.604797255088098,14.717399974472205
waybill_01013,2,4.8,75.16,10.870326823676322,14.713662445750987
waybill_08957,3,1.0,93.60999999999999,9.315175749301796,14.707310060588322
waybill_11568,2,1.0,37.71,8.929283025062398,14.706265686087354
waybill_05782,3,1.0,100.33,11.655536628237183,14.688989268396858
waybill_05780,3,1.0,100.33,11.655536628237183,14.688989268396858
waybill_05788,3,1.0,100.33,11.655536628237183,14.688989268396858
waybill_01738,3,2.87,192.79000000000002,8.914309490742935,14.681604716853467
waybill_07146,2,1.0,131.76999999999998,9.315115401157914,14.677816430193007
waybill_06942,4,1.2,235.67,9.750467148361862,14.676610019606162
waybill_04277,4,1.0,243.75,9.265932332385262,14.67405979467203
waybill_03697,3,1.0,171.09,9.176326986734873,14.672130548136185
waybill_00136,2,1.0,36.92,8.903740152687421,14.664197328921624
waybill_00284,3,0.6,96.94,8.903314381656624,14.663496096596164
waybill_00271,3,0.6,96.94,8.903314381656624,14.663496096596164
waybill_08770,2,1.0,152.52,14.647292986853088,14.654764351264093
waybill_08976,2,1.0,152.52,14.647292986853088,14.654764351264093
waybill_09673,3,1.2,93.02,9.368764769875781,14.642409743765935
waybill_10503,3,1.0,86.94,10.137128741865595,14.641076351120043
waybill_06593,2,1.0,81.87,9.455593181059648,14.638605791400341
waybill_01203,3,2.38,105.55,10.589206625810862,14.638449401137644
waybill_10696,3,1.0,90.05999999999999,9.514477707702397,14.63636565062086
waybill_11398,3,1.0,232.84,8.884942075075692,14.633237449727533
waybill_07790,2,1.0,83.67,9.444690376671298,14.631696062982975
waybill_01605,2,2.3,264.13,13.387990324879597,14.630974159814066
waybill_10348,3,3.87,138.8,13.480550127441859,14.622842916289486
waybill_08179,3,3.87,74.97,10.693032072382458,14.622455184187185
waybill_06982,3,1.0,91.82,9.420117224919528,14.613726719777194
waybill_06840,1,0.62,28.75,8.87219239573333,14.612239104026663
waybill_04897,3,1.0,187.71,9.361168058674922,14.610230317446149
waybill_07730,2,1.2,116.99000000000001,10.591056050081448,14.607462352583994
waybill_06315,2,5.16,147.26999999999998,8.86846472326802,14.606099737460305
waybill_02624,3,1.2,103.61,9.33652815370208,14.59528060108012
waybill_03916,3,1.0,248.07,14.223829739859909,14.592600544436863
waybill_07287,3,1.0,236.14999999999998,8.849581842596384,14.575000190128643
waybill_00946,2,1.0,81.87,9.391428879962204,14.574441490302897
waybill_07160,3,1.0,93.94999999999999,9.109224168507183,14.566376677449968
waybill_03682,2,1.0,146.7,14.562464395447169,14.562464395447169
waybill_10977,3,1.2,224.26,13.417378979737073,14.561595176977908
waybill_02774,2,1.0,143.79000000000002,8.837163715090396,14.554547900519925
waybill_04152,2,1.0,161.96,10.968354656241845,14.554136878187872
waybill_08678,2,1.0,155.25,14.5442713516181,14.5442713516181
waybill_08808,3,1.0,84.16,14.525473105146915,14.532944469557922
waybill_07849,2,1.0,79.69,9.77979652881251,14.527563858315657
waybill_04174,4,1.0,288.31,8.817110128642094,14.521520235315464
waybill_01788,3,1.2,89.7,9.742353673730921,14.514472972894772
waybill_11168,2,1.0,255.11,14.503533351486658,14.508453806097863
waybill_05825,2,1.12,85.41,10.602828362602487,14.506119193413122
waybill_04868,2,1.0,66.64,14.316515921549245,14.502220109719586
waybill_04600,4,1.0,194.07,8.865593788894577,14.501421945677752
waybill_09190,2,2.5,148.15,8.804554921707853,14.50084217993291
waybill_08727,2,1.0,225.73000000000002,10.83585247079521,14.487701949715742
waybill_01235,3,1.2,90.44999999999999,9.274906697237995,14.478136399959011
waybill_10409,3,1.36,92.44999999999999,9.298993634815492,14.465305396689962
waybill_05895,2,1.0,81.56,9.623634641679846,14.465239256501174
waybill_11449,2,1.87,147.26999999999998,8.781974118224156,14.463652262836035
waybill_03772,3,1.0,279.79,8.780812000263536,14.461738288842888
waybill_04216,3,1.0,279.79,8.780812000263536,14.461738288842888
waybill_11245,3,1.0,82.25,9.099566161458842,14.46119803114866
waybill_04588,2,0.5,284.15,14.459955300885115,14.459955300885115
waybill_06210,3,0.46,93.94999999999999,9.001343090879713,14.459026340643188
waybill_09428,2,1.0,76.82,10.281439860967524,14.456200788634082
waybill_08811,2,1.0,36.92,8.775731327510496,14.453370570722566
waybill_09586,2,2.5,212.26999999999998,8.770518611042219,14.44478538049917
waybill_00336,2,0.38,36.92,8.770083858123963,14.444069355270075
waybill_00512,3,2.62,207.39000000000001,8.7676440812858,14.440051114802605
waybill_06230,2,1.0,161.96,10.851807134112033,14.43758935605806
waybill_05102,2,4.16,83.11,9.547717987713586,14.429953446992947
waybill_09197,3,1.0,161.36,14.418182283088193,14.418182283088193
waybill_09315,1,2.5,41.96,8.749170221503423,14.409625212807494
waybill_01630,2,1.3,145.79000000000002,8.74905613162346,14.409437310141389
waybill_01548,3,1.2,89.72999999999999,9.34245245282788,14.402621392184306
waybill_01717,2,4.34,36.730000000000004,8.741232164430834,14.396551467019263
waybill_07555,4,1.0,200.45999999999998,9.173752902576776,14.393153156884871
waybill_08435,3,1.56,84.86,10.293633747234049,14.385700668422933
waybill_07347,3,1.2,89.72999999999999,9.321872804030837,14.380429466359786
waybill_09866,3,1.0,89.72999999999999,9.319993320440245,14.376882563870662
waybill_04673,3,1.0,255.95,9.234076543452442,14.370580057387476
waybill_06910,2,5.16,147.26999999999998,8.723578889343338,14.367477043805483
waybill_01383,3,1.2,87.39,9.771336355049797,14.363910221975665
waybill_09053,2,1.5,36.730000000000004,8.719584146897992,14.36089782086184
waybill_11441,3,1.0,90.13,9.487687900894207,14.354725254359085
waybill_06741,3,1.0,90.44999999999999,9.153511803285536,14.353110912099682
waybill_11130,3,1.0,210.05,9.247563161370744,14.343848109463543
waybill_03540,2,1.0,74.88,14.337833652652195,14.337833652652195
waybill_07810,3,1.0,105.55,10.361361627705481,14.337188872215908
waybill_01067,3,1.2,89.7,9.562378049625895,14.336352085465846
waybill_10906,3,3.87,239.89,8.693467791250862,14.317884953667349
waybill_06625,1,0.27,116.0,14.315317208425277,14.315317208425277
waybill_08569,2,1.0,75.00999999999999,10.49889567643028,14.312283228722546
waybill_04659,2,1.0,80.85,9.326141083766656,14.305506819587029
waybill_09316,2,1.2,75.00999999999999,10.488608638892014,14.30199619118428
waybill_10691,4,1.0,199.74,8.924995339738743,14.301214213115982
waybill_06294,4,1.0,200.74,9.249965938435937,14.300199979079522
waybill_10190,3,1.0,82.25,8.933802175472165,14.299094309794729
waybill_10211,3,1.0,234.2,8.681387115231164,14.297988436700138
waybill_01304,3,1.2,323.25,14.279414615920478,14.287937268153655
waybill_02479,2,3.87,205.83,11.414974367289876,14.286805930006636
waybill_08498,2,1.0,97.72999999999999,9.21009482336068,14.284296113491987
waybill_09449,2,1.5,149.26999999999998,8.668916899614779,14.27745035951044
waybill_09150,2,1.0,36.58,8.668616224373238,14.276955156258968
waybill_03879,4,1.0,243.03,12.293887517422037,14.273737421062808
waybill_08731,2,1.0,97.72999999999999,9.179827441540777,14.254028731672081
waybill_07641,2,1.0,73.69,14.253160307208292,14.253160307208292
waybill_08157,3,1.0,90.06,9.12114135005708,14.24503599761687
waybill_01190,3,1.0,90.39,9.048859678854951,14.238737176251782
waybill_08292,3,1.0,87.39,9.642446330915611,14.23492050511215
waybill_10974,3,1.0,91.24,8.87342778380624,14.230048393237627
waybill_03190,3,0.35,83.63999999999999,10.728585088413784,14.223609431087043
waybill_10540,3,2.36,163.19,9.989679618217163,14.216003574161508
waybill_01178,3,1.6,98.11,8.955706067536898,14.211748754562745
waybill_05749,3,0.554,90.50999999999999,8.999314523078478,14.211634227379028
waybill_06364,2,2.39,84.31,10.192000287922621,14.189552273272046
waybill_05601,3,0.33,91.17999999999999,8.821523472713096,14.165448595792599
waybill_01938,2,1.2,36.349999999999994,8.598148419735054,14.160896761154262
waybill_06881,3,1.2,110.83,9.254264451811915,14.160386413604506
waybill_06847,2,1.2,36.349999999999994,8.596827798277147,14.158721736577686
waybill_06174,3,1.0,173.17,9.002392082538359,14.156661587889989
waybill_02775,3,1.0,202.65,8.59302971362958,14.152466403224647
waybill_02776,3,1.0,202.65,8.59302971362958,14.152466403224647
waybill_09175,3,1.0,164.82999999999998,9.096518489552443,14.15213296177118
waybill_07416,3,1.0,82.25,8.78900405698183,14.151811771252786
waybill_08087,2,1.1,297.21,14.141457037841423,14.148901607655839
waybill_04924,1,2.36,27.83,8.588282239069864,14.144647452697809
waybill_01044,2,6.29,69.23,11.76121221914591,14.141085497853963
waybill_07907,3,1.0,87.39,9.543289129153232,14.13804314916659
waybill_05474,3,1.2,103.19999999999999,8.915087931057009,14.134732925254681
waybill_01525,2,1.0,200.01000000000002,14.125520030396096,14.132959893778008
waybill_06481,4,2.36,170.95999999999998,9.918409705055959,14.130566575454154
waybill_05546,3,1.0,116.00999999999999,9.102380864869536,14.121349251941512
waybill_05670,3,1.0,116.00999999999999,9.102380864869536,14.121349251941512
waybill_00953,2,2.16,86.68,9.011530313753294,14.117248382084174
waybill_10507,3,1.0,167.92000000000002,12.216684935749232,14.113396021967898
waybill_06752,4,1.2,268.39,8.560438049214138,14.098788893541062
waybill_08002,3,1.0,89.72999999999999,9.01930401125388,14.077312905292391
waybill_06628,3,0.52,165.17000000000002,9.487384510481387,14.058308161687764
waybill_08708,2,5.2,212.26999999999998,8.533765346809895,14.054859739652471
waybill_04028,3,1.0,198.03,9.314429538475904,14.052214178051583
waybill_08006,2,2.08,145.0,8.526729729949572,14.04327228626758
waybill_11987,2,2.35,65.44,13.576280198485168,14.038876928073421
waybill_02535,2,1.14,73.0,13.378529262580457,14.038087159364173
waybill_07142,3,1.2,92.17,8.926235969644294,14.03071300563959
waybill_02797,2,1.2,55.42,13.85225459315487,14.02495006154475
waybill_08043,5,1.2,224.81,9.222453029279846,14.01817597895022
waybill_00576,3,0.36,93.41,8.667622500101857,14.015663408528102
waybill_03796,3,1.0,169.13,8.773092271473717,14.008014869437234
waybill_07227,2,1.0,297.21,13.99915341264905,14.005249711841397
waybill_05718,3,1.0,170.66,8.935874728813763,14.00419732376556
waybill_07200,3,1.56,98.03999999999999,8.809311060469863,14.00414239459634
waybill_04219,2,1.0,81.99,8.792843278808197,13.999814344974808
waybill_06986,3,1.2,92.52,8.804211611203606,13.976780642332946
waybill_05497,2,1.0,194.01000000000002,13.958771083519848,13.972357747766175
waybill_02827,2,0.66,73.0,13.334657940018193,13.965832385516169
waybill_05223,3,1.0,209.41,8.890977462253101,13.958911269739225
waybill_03944,4,1.0,284.85,11.418280483828624,13.95402487812472
waybill_08027,2,1.56,152.52,13.942594023204991,13.95315177675998
waybill_03600,3,1.0,192.89,13.487386558851783,13.952247153140814
waybill_03587,3,1.0,192.89,13.487386558851783,13.952247153140814
waybill_00287,3,1.89,92.63,8.471069392257835,13.951601352333185
waybill_00277,3,1.89,92.63,8.471069392257835,13.951601352333185
waybill_00622,3,1.0,219.79000000000002,8.46600283406938,13.943256880484288
waybill_11640,2,1.0,66.37,13.522890045486129,13.941685762363516
waybill_06456,2,1.0,75.16,10.097127112257567,13.940462734332232
waybill_10390,2,1.0,81.56,9.082224989331209,13.92382960415254
waybill_08934,4,1.0,210.23999999999998,8.850475187680603,13.917159597618664
waybill_01010,2,4.87,250.34,8.44884927004486,13.91500546664738
waybill_08095,4,1.2,201.54,9.154039488070591,13.905500895102453
waybill_01086,3,1.0,89.72999999999999,8.845185001248552,13.903290991602821
waybill_05721,3,1.0,212.12000000000003,11.496696630751437,13.900200256827144
waybill_04366,3,1.0,276.33,11.381982355450067,13.894242931652144
waybill_03543,3,1.0,276.33,11.381982355450067,13.894242931652144
waybill_04057,3,1.0,276.33,11.381982355450067,13.894242931652144
waybill_03980,2,1.0,84.5,8.625044259373436,13.891911465104847
waybill_07817,2,1.0,78.42,9.387877073418379,13.88208407876387
waybill_03750,3,1.0,86.58,9.477793727226324,13.870177295311656
waybill_01295,3,1.3,90.55,8.669784570190025,13.870016205725296
waybill_01204,2,0.63,81.97,13.553735703660143,13.869297671349692
waybill_05929,5,1.0,210.81,8.82507678127853,13.864628518357236
waybill_10428,3,0.44,93.05,8.581686991061419,13.85882967646925
waybill_09499,2,2.5,67.61,9.720801063403595,13.855631231360288
waybill_05081,1,2.36,144.0,13.852597253288051,13.852597253288051
waybill_01569,3,1.0,278.53,13.840208671815335,13.847648535197246
waybill_05418,3,0.44,90.84,8.54701154638318,13.821814901037659
waybill_08484,2,1.0,95.82,8.915383736824149,13.798915649340842
waybill_08530,2,1.0,95.82,8.915383736824149,13.798915649340842
waybill_10589,4,1.0,187.16,13.792938902939335,13.797699989038383
waybill_09247,3,5.2,74.97999999999999,9.860044267541905,13.796749959042348
waybill_09394,3,1.0,168.42,9.065103564656429,13.784481097926829
waybill_04776,2,1.03,35.08,8.368635848368722,13.78289632782308
waybill_10515,2,1.0,177.48000000000002,8.94327180622274,13.781548857734917
waybill_10513,2,1.0,177.48000000000002,8.94327180622274,13.781548857734917
waybill_03107,2,1.05,35.33,8.36655972717607,13.779477017474203
waybill_07954,3,1.1,90.64,8.975790483402127,13.779254734438862
waybill_09929,3,1.0,168.29,8.888563077044882,13.761502246360763
waybill_07332,3,1.2,91.64,8.762679031566428,13.761339554330576
waybill_09408,2,3.0,150.32,10.43843949089729,13.75537082947969
waybill_11098,2,2.36,152.52,13.743665442367273,13.752874800331341
waybill_02172,2,1.2,199.86,8.34762158795154,13.74828646093631
waybill_09348,3,1.0,168.32,9.034243765019095,13.733655918434561
waybill_10957,3,1.06,92.44999999999999,8.562000710748617,13.719201657850093
waybill_05675,3,1.0,90.08,8.843158547915936,13.69441774420647
waybill_04636,2,1.0,84.1,8.501605060824103,13.68861074713578
waybill_03915,2,1.0,95.82,8.797532293243767,13.68106420576046
waybill_04354,2,1.0,95.82,8.797532293243767,13.68106420576046
waybill_11410,2,1.2,119.79,10.664588715590082,13.661392231815576
waybill_06209,2,1.0,35.33,8.290776733066194,13.654664662132916
waybill_08019,2,2.7,152.52,13.62176735922164,13.650664933587441
waybill_09165,2,1.0,35.33,8.28286872890657,13.641640412605637
waybill_04906,2,1.2,83.12,8.63712041141806,13.628465375151393
waybill_08301,3,0.86,91.64,8.62690284769598,13.625491556602622
waybill_00859,2,1.0,81.56,8.768513193035172,13.610117807856502
waybill_02281,2,0.1,108.11,8.263225682889953,13.609288895379269
waybill_10330,1,0.87,26.77,8.261168362914132,13.605900550079784
waybill_06619,1,0.3,26.77,8.261168362914132,13.605900550079784
waybill_06812,3,2.36,197.26,13.505881685839263,13.602543177773663
waybill_08136,3,1.0,111.75,9.002358931237488,13.593177936670557
waybill_07939,3,1.0,111.75,9.002358931237488,13.593177936670557
waybill_03511,2,1.0,95.46000000000001,8.741984653896568,13.58957888267438
waybill_01924,2,1.0,35.230000000000004,8.250874300352724,13.588946532764805
waybill_08132,2,1.0,128.64,8.831254892250893,13.569039531826572
waybill_05798,2,0.53,78.35,9.087360916412576,13.567592155859618
waybill_04236,2,0.5,81.87,8.383507752547564,13.566520362888257
waybill_05035,3,0.34,90.50999999999999,8.35496092072465,13.56343612754726
waybill_05371,2,2.36,35.15,8.234102173350028,13.56132333444864
waybill_10474,2,1.0,147.26999999999998,8.234034598344122,13.561212040407694
waybill_07931,5,1.0,204.35,8.825608019888683,13.559739299655527
waybill_06826,3,1.0,88.21,8.800327810809168,13.559403060033382
waybill_02823,3,0.07,178.54,8.229379009441407,13.553544422846873
waybill_02241,3,1.0,86.94,9.04069812712057,13.545159218689706
waybill_08298,3,1.136,85.34,9.357577379799285,13.541906789462216
waybill_02454,2,1.0,200.01000000000002,13.533153582044884,13.541300765164959
waybill_06447,3,4.16,74.96000000000001,13.493711308961643,13.541254775185399
waybill_05411,3,0.36,90.42999999999999,8.348315738385852,13.54090712018663
waybill_03396,4,1.0,241.51999999999998,8.57775880047273,13.540658291994482
waybill_08809,3,2.02,86.88,9.03839116698628,13.535711100529046
waybill_04264,1,1.0,26.63,8.217964643421865,13.53474529879061
waybill_10117,2,2.36,35.03,8.211529132612899,13.524146202366328
waybill_06396,2,1.0,73.69,13.509956197087845,13.509956197087845
waybill_00337,2,3.89,34.89,8.198134324264409,13.502085348226727
waybill_10115,4,1.0,251.6,8.728353516631827,13.497641827302179
waybill_00571,2,1.13,223.79000000000002,8.192720349518563,13.493168691558244
waybill_10919,2,1.0,35.03,8.186964488624762,13.483688958491346
waybill_01992,2,4.46,34.93,8.186742389025351,13.483323167004109
waybill_02737,2,1.0,34.93,8.183583853135111,13.47812115158467
waybill_04331,1,1.0,139.47,13.466562188257637,13.466562188257637
waybill_03465,1,1.0,139.47,13.466562188257637,13.466562188257637
waybill_08129,3,1.0,161.41000000000003,11.680996459044186,13.462686518888137
waybill_02698,2,1.0,34.89,8.171239933280178,13.457791079787764
waybill_04309,2,0.5,84.12,8.265662463229118,13.45666122551178
waybill_10209,2,1.0,34.93,8.16333600626462,13.444773545196464
waybill_09969,2,1.0,34.93,8.163037596404406,13.444282072961197
waybill_03888,1,1.0,26.45,8.162417004074666,13.443259975704528
waybill_01419,2,1.1,34.93,8.162148489931438,13.442817740833075
waybill_06213,2,1.0,147.26999999999998,8.160949730540482,13.440843419485255
waybill_02473,3,1.0,86.5,9.025657430178523,13.440163947282382
waybill_09723,2,1.0,34.93,8.158803219788018,13.437308179608195
waybill_11159,2,1.0,34.93,8.157678461354037,13.435455735653134
waybill_07060,2,1.0,34.93,8.157194383559133,13.43465847380752
waybill_10506,2,1.0,34.89,8.152784880166903,13.427396151821778
waybill_04836,2,1.2,66.64,12.960978783343354,13.424901609790714
waybill_05863,1,1.0,26.41,8.15007308421973,13.422929903907622
waybill_09385,1,1.0,26.41,8.15007308421973,13.422929903907622
waybill_05087,1,1.0,26.41,8.15007308421973,13.422929903907622
waybill_04285,2,1.0,80.85,8.441041562942598,13.420407298762973
waybill_09951,2,1.0,128.51,8.67965937783327,13.417444017408947
waybill_11051,2,1.0,34.89,8.143760769132493,13.41253370720217
waybill_05476,2,4.16,152.52,13.35352312720204,13.410043650466765
waybill_04514,2,1.0,83.55,8.33187616281877,13.409072259928314
waybill_00783,2,1.4,81.42999999999999,8.748393751682622,13.40232379586758
waybill_11397,2,2.36,34.83,8.13716197461936,13.401665687334766
waybill_01939,3,2.43,246.43,8.857899968604364,13.395811891651537
waybill_09515,2,1.0,49.71,9.424652444706986,13.391773421882238
waybill_05296,2,1.0,177.61,8.536004928486621,13.374281979998798
waybill_05385,2,1.0,177.61,8.536004928486621,13.374281979998798
waybill_07830,1,2.0,26.31,8.119213284582399,13.372104724415356
waybill_01017,1,1.0,26.31,8.119213284582399,13.372104724415356
waybill_09862,2,2.5,160.87,12.267688879649512,13.36746625313026
waybill_11478,2,6.38,34.31,8.111100604830327,13.358743380226217
waybill_08482,3,0.44,185.66000000000003,8.11081109420721,13.35826656477188
waybill_11476,3,1.2,84.42,9.781024016454314,13.349408613120755
waybill_02559,3,1.47,86.5,8.92981979196572,13.349362086907703
waybill_08700,1,4.59,55.91,13.348782325894247,13.348782325894247
waybill_04928,2,1.2,82.52,8.451961613594058,13.32351429819779
waybill_09280,2,1.0,177.61,8.781485070733437,13.317369806526102
waybill_00007,3,1.06,123.98,11.038480633663854,13.314836362440722
waybill_07538,1,1.0,288.69,13.305268814717078,13.305268814717078
waybill_07725,1,1.0,288.69,13.305268814717078,13.305268814717078
waybill_07618,1,1.0,288.69,13.305268814717078,13.305268814717078
waybill_07712,1,1.0,288.69,13.305268814717078,13.305268814717078
waybill_07397,1,1.0,288.69,13.305268814717078,13.305268814717078
waybill_07609,1,1.0,288.69,13.305268814717078,13.305268814717078
waybill_06785,3,1.2,104.03999999999999,8.419157780113574,13.28631112651315
waybill_08983,2,1.2,128.64,8.545921284982771,13.283705924558449
waybill_10023,3,1.0,89.81,8.635173725426789,13.269539894683742
waybill_05361,2,1.0,200.91,8.463998729332843,13.255689894516843
waybill_05403,2,1.0,200.91,8.463998729332843,13.255689894516843
waybill_05381,2,1.0,200.91,8.463998729332843,13.255689894516843
waybill_04978,2,1.0,78.36,8.77205733868025,13.254285116112781
waybill_03410,2,1.0,97.72999999999999,8.178458205204274,13.25265949533558
waybill_03685,2,1.0,97.72999999999999,8.178458205204274,13.25265949533558
waybill_06594,2,1.2,95.52,8.398183865901508,13.251767708635802
waybill_01876,3,1.07,87.39,8.660128843099463,13.249871680072696
waybill_04090,3,1.0,228.51000000000002,9.768237634385665,13.235749477455684
waybill_04856,2,1.2,66.21,12.853460405492687,13.234292576456937
waybill_10861,3,1.0,184.51999999999998,10.312285180917206,13.220242702867628
waybill_08936,2,1.0,200.91,8.425427605496308,13.217118770680308
waybill_08942,2,1.0,200.91,8.425427605496308,13.217118770680308
waybill_08852,2,1.0,200.91,8.425427605496308,13.217118770680308
waybill_08867,2,1.0,200.91,8.425427605496308,13.217118770680308
waybill_02122,1,0.3,26.0,8.023547905706666,13.214546667989328
waybill_07884,2,0.29,82.0,8.015901229690336,13.201952818203637
waybill_02183,2,4.87,65.83,13.143147367475573,13.193084767384718
waybill_05872,2,0.99,80.88,8.647266309921964,13.191386764904792
waybill_07411,3,1.2,87.38999999999999,8.59975349251724,13.191120266240745
waybill_09750,3,1.0,209.60000000000002,10.068134885417967,13.186385744934357
waybill_03748,2,1.0,219.99,9.731939506007109,13.175967530983106
waybill_07739,2,1.0,128.64,8.429336243297389,13.167120882873066
waybill_04849,2,1.0,66.64,12.75961684677846,13.164628838121393
waybill_01897,3,1.2,100.32999999999998,8.259662311816438,13.15683749025346
waybill_06149,3,1.0,197.51999999999998,13.143760346758814,13.15492993671791
waybill_06137,3,1.0,197.51999999999998,13.143760346758814,13.15492993671791
waybill_06138,3,1.0,197.51999999999998,13.143760346758814,13.15492993671791
waybill_06152,3,1.0,197.51999999999998,13.143760346758814,13.15492993671791
waybill_06176,3,1.0,197.51999999999998,13.143760346758814,13.15492993671791
waybill_06157,3,1.0,197.51999999999998,13.143760346758814,13.15492993671791
waybill_06172,3,1.0,197.51999999999998,13.143760346758814,13.15492993671791
waybill_04076,2,1.0,331.22,10.321459070843506,13.151884421611223
waybill_04060,2,1.0,331.22,10.321459070843506,13.151884421611223
waybill_04137,2,1.0,331.22,10.321459070843506,13.151884421611223
waybill_03407,2,1.0,331.21,10.320430410855597,13.150190248961481
waybill_04154,2,1.0,331.21,10.320430410855597,13.150190248961481
waybill_04690,2,1.0,331.21,10.320430410855597,13.150190248961481
waybill_04327,4,1.0,240.75,8.340138343265263,13.14930440990403
waybill_07791,2,3.87,232.07,7.983476065941819,13.148549530205916
waybill_06455,4,1.0,245.28,10.197606682566331,13.13361263722611
waybill_06514,4,1.0,245.28,10.197606682566331,13.13361263722611
waybill_09126,3,2.5,77.6,8.683101376137216,13.126555989440028
waybill_06723,4,1.0,187.79,12.894134195615887,13.126542353135042
waybill_06784,4,1.0,187.79,12.894134195615887,13.126542353135042
waybill_02617,2,1.2,34.28,7.966118222062731,13.119961673475759
waybill_10297,3,1.0,168.29,8.443468675941093,13.11634717175473
waybill_08330,1,0.56,88.0,7.962151445695216,13.11342850983718
waybill_03415,3,1.0,232.79000000000002,8.177750562741288,13.108040476929736
waybill_09489,1,1.2,25.79,7.958742326468265,13.10781379105557
waybill_08794,2,1.0,147.26999999999998,7.957607571504023,13.105944883110114
waybill_00447,3,2.62,93.84,8.723460077727164,13.099831599955465
waybill_05309,3,1.0,104.76,8.169935837995617,13.099818991313546
waybill_05419,3,1.0,104.76,8.169935837995617,13.099818991313546
waybill_09309,2,1.2,81.0,8.527817299632083,13.095896210440829
waybill_02828,2,0.3,73.0,12.802520890809722,13.089418366036075
waybill_01122,3,2.75,102.34,8.506034412131546,13.084440219114768
waybill_00562,2,1.1,34.21,7.943509177047114,13.082725243409074
waybill_07599,2,1.0,128.46,8.373788603950189,13.075635559786985
waybill_10249,3,1.0,216.62,11.420385604821497,13.075111893104701
waybill_06911,3,2.56,84.47,9.061211207709194,13.074067943272698
waybill_05535,3,3.87,75.41,11.179743546488247,13.069138883775402
waybill_03186,3,0.5,76.64,10.918007320972073,13.0587021169434
waybill_00762,1,2.81,25.69,7.927882526830932,13.056988611563304
waybill_09096,3,1.0,103.88,8.212688578756541,13.056353462198324
waybill_08990,3,1.0,103.88,8.212688578756541,13.056353462198324
waybill_10138,2,1.0,208.10000000000002,11.407122682776608,13.053268251815862
waybill_07875,2,1.65,91.75999999999999,7.922600283530176,13.048288912698183
waybill_04474,3,1.0,232.67000000000002,8.140718803176487,13.047050261539015
waybill_02854,1,1.2,58.12,13.04435853069971,13.04435853069971
waybill_04170,2,1.0,78.36,8.557732072797055,13.039959850229586
waybill_04228,3,1.0,161.79,13.03686394594577,13.03686394594577
waybill_03967,3,1.0,161.79,13.03686394594577,13.03686394594577
waybill_10530,2,1.0,297.21,13.010178404302,13.019919008210955
waybill_11144,2,1.2,297.21,13.005511416212931,13.011415961746378
waybill_05388,5,1.0,117.68,8.832933210230035,13.011154235078436
waybill_05399,5,1.0,117.68,8.832933210230035,13.011154235078436
waybill_01009,2,4.78,67.61,8.875535256062339,13.010365424019032
waybill_02091,3,1.87,88.35,8.70571043902872,13.008678139205855
waybill_05278,3,1.87,93.92999999999999,8.551427363361968,13.000789571233655
waybill_08437,2,1.2,200.91,8.70687730695108,12.997944022041228
waybill_05695,4,1.0,176.93,8.311889021601418,12.976511274524027
waybill_11637,2,2.16,34.24,7.856781548466515,12.939887398013122
waybill_04899,1,4.52,57.31,12.934345472773522,12.934345472773522
waybill_10837,2,3.87,212.26999999999998,7.85182990720871,12.931732190958414
waybill_07675,2,1.0,67.17999999999999,10.67577224191358,12.925870551564564
waybill_10225,3,1.0,85.33999999999999,8.731904158253087,12.915245805163597
waybill_08420,2,1.0,164.26999999999998,12.258980089813331,12.912588560459424
waybill_10577,3,1.0,83.53,9.084809574232528,12.907937730433748
waybill_07877,2,0.32,73.0,12.691157565369013,12.906006254781392
waybill_08620,3,1.0,164.82999999999998,8.351953696677194,12.897344675832606
waybill_01553,2,1.0,103.01,7.830715958644218,12.896958140634297
waybill_06304,2,1.0,77.97999999999999,8.489888298494328,12.896247632478113
waybill_02587,3,1.0,86.94,8.388079682041457,12.891254688038785
waybill_00409,3,0.4,213.05,12.886681918740358,12.890700464366724
waybill_08187,3,1.0,87.39,8.297184699740281,12.88800370517335
waybill_06818,3,1.0,86.87,8.386806495668903,12.878345654837013
waybill_09974,3,1.0,227.85000000000002,10.615236304339046,12.875718808844425
waybill_09907,3,1.0,227.85000000000002,10.615236304339046,12.875718808844425
waybill_10084,3,1.0,227.85000000000002,10.615236304339046,12.875718808844425
waybill_09632,2,1.2,69.08,8.442977107646225,12.871298359470439
waybill_02591,3,1.0,86.88,8.369563802259055,12.860759580343423
waybill_10308,2,1.0,227.26999999999998,7.8045717429908334,12.8538993888315
waybill_06618,1,5.16,30.19,7.804142745817599,12.853192843144637
waybill_06306,2,2.59,72.61,9.50253458243996,12.836753018213827
waybill_05088,2,1.0,95.52,7.983126637873036,12.83671048060733
waybill_05083,2,1.0,95.52,7.983126637873036,12.83671048060733
waybill_11452,2,2.36,33.59,7.792910003708692,12.834692848310425
waybill_07809,2,1.0,97.03,8.868153228693732,12.83327766788349
waybill_05674,3,0.43,88.21,8.076662293098366,12.82858109263327
waybill_06007,3,1.0,74.97999999999999,8.900399177664147,12.821849586421667
waybill_02822,3,0.07,177.09,7.781911914700074,12.816579320209005
waybill_01510,2,4.76,205.84,10.238765912313438,12.81120202287347
waybill_06700,1,0.34,25.16,7.764325588753066,12.787615160254289
waybill_06044,2,0.29,73.0,12.616770994665064,12.783493767588553
waybill_11516,2,3.9,25.15,7.761239608789332,12.782532642305064
waybill_10707,3,1.2,89.97,8.117643753450219,12.781280176925023
waybill_06079,3,1.0,81.34,9.388275505192954,12.775590828621272
waybill_07375,2,0.33,124.09,11.849840632918006,12.774552963041234
waybill_00417,2,0.45,36.900000000000006,8.864471849597031,12.767703611236497
waybill_10100,2,1.0,33.59,7.74951628126414,12.763224667764826
waybill_01224,3,1.0,209.60000000000002,9.641037445195556,12.7605050516358
waybill_05810,2,0.3,73.0,12.601784495878645,12.7588114462601
waybill_05463,3,0.3,175.16,12.31832981812149,12.751737414099251
waybill_05344,3,0.3,175.16,12.31832981812149,12.751737414099251
waybill_08863,3,1.0,251.26999999999998,7.74158897404269,12.750168626664248
waybill_08864,3,1.0,251.26999999999998,7.74158897404269,12.750168626664248
waybill_08566,1,1.0,25.07,7.736551769079465,12.74187249871125
waybill_10174,2,0.29,119.0,11.246910676906666,12.732381504597331
waybill_01034,2,4.87,71.12,9.695484059483114,12.732218335418473
waybill_01584,3,1.0,86.94,8.22564351884919,12.727290387576593
waybill_10536,2,1.0,152.52,12.712733814914431,12.722474418823387
waybill_09829,3,2.5,103.98,8.296572316686047,12.717596511360226
waybill_08398,3,1.0,209.60000000000002,11.29124516427666,12.714487541682375
waybill_03856,3,1.0,226.33999999999997,11.577743393098723,12.713157167942208
waybill_03484,3,1.0,226.33999999999997,11.577743393098723,12.713157167942208
waybill_05486,2,1.2,33.45,7.718548576064202,12.712221770994676
waybill_10904,2,3.87,33.45,7.716690360038182,12.709161344026006
waybill_09754,2,2.5,33.45,7.715173388507914,12.706662936673506
waybill_11784,1,0.99,25.0,7.714949909333332,12.706294873066664
waybill_03914,3,1.0,273.26,8.220332125366044,12.700972911066515
waybill_03466,3,1.0,273.26,8.220332125366044,12.700972911066515
waybill_06967,2,0.63,100.49,7.707693686175364,12.694344087618484
waybill_04304,2,1.0,328.48,10.039606234155862,12.687681115581853
waybill_04618,2,1.0,328.48,10.039606234155862,12.687681115581853
waybill_07325,2,1.0,33.45,7.702770889171116,12.686236386198342
waybill_05212,3,1.0,58.379999999999995,7.700185985997436,12.681979126938192
waybill_05349,3,1.0,58.379999999999995,7.700185985997436,12.681979126938192
waybill_04434,3,1.0,159.1,8.055885299939158,12.681148034358596
waybill_02422,2,1.0,271.68,7.6953343992903935,12.673988706776507
waybill_02398,2,1.0,271.68,7.6953343992903935,12.673988706776507
waybill_04609,1,1.0,24.93,7.693348049587198,12.670717247422077
waybill_06267,1,1.0,24.93,7.693348049587198,12.670717247422077
waybill_00072,2,1.41,31.89,7.690907972406571,12.666698512299435
waybill_08058,4,1.1,200.73000000000002,12.392461175249082,12.658736749769501
waybill_04623,2,1.0,95.36,7.812769579501876,12.65038111835222
waybill_04487,2,1.0,95.36,7.812769579501876,12.65038111835222
waybill_08605,3,1.0,164.34,8.200740678454261,12.6483012963205
waybill_05480,4,3.87,169.82,9.351672225284673,12.642909632222818
waybill_05155,3,4.26,75.77,12.602579256709667,12.621425254340698
waybill_08657,2,1.0,69.08,8.181512923273043,12.609834175097257
waybill_02196,3,1.15,84.47,8.592584660391962,12.605438982477791
waybill_03655,3,1.0,248.79000000000002,7.649286013561314,12.598148374126442
waybill_01080,2,1.0,200.01000000000002,12.588411392030206,12.595276279086344
waybill_07123,3,1.0,169.04,8.345803446651479,12.593523961917349
waybill_07199,2,5.16,212.26999999999998,7.638150316278118,12.579808209256894
waybill_06962,1,0.41,56.0,12.578205856004839,12.578205856004839
waybill_08743,2,1.0,228.49,12.572427824070468,12.572427824070468
waybill_07829,1,2.5,144.0,12.571390161417716,12.571390161417716
waybill_05301,3,1.56,116.01,8.400177589797812,12.563743588245279
waybill_02352,3,1.0,84.72999999999999,8.479438976597724,12.540558270269264
waybill_07226,3,2.31,77.72,8.058264090124373,12.524626248908826
waybill_08055,2,0.58,98.78,7.595207196269011,12.509082157627564
waybill_04243,2,1.0,91.17,8.080041951675769,12.499378782565262
waybill_04132,2,1.0,91.17,8.080041951675769,12.499378782565262
waybill_05352,3,1.2,86.88,8.010584460845283,12.498120970004866
waybill_06721,4,1.0,236.98,9.808668694796179,12.49304324688359
waybill_10822,1,8.76,124.27,7.585039141151315,12.492335670854558
waybill_01072,3,1.0,86.94,7.984196591366953,12.485268483768582
waybill_06256,2,2.36,232.07,7.578653449496193,12.481818625106758
waybill_01936,2,2.87,253.57,7.569869643971341,12.46735195657124
waybill_02488,2,3.87,32.89,7.5692673857836565,12.466360055105598
waybill_04563,3,1.0,189.04,12.00043554645365,12.46529614074268
waybill_04505,3,1.0,189.04,12.00043554645365,12.46529614074268
waybill_01942,2,3.79,198.97,7.56803487951083,12.46433015363903
waybill_07724,2,1.0,227.26999999999998,7.560607592482764,12.452097631043989
waybill_07726,2,1.0,227.26999999999998,7.560607592482764,12.452097631043989
waybill_07685,2,1.0,227.26999999999998,7.560607592482764,12.452097631043989
waybill_09805,2,1.0,160.79,8.147191485126216,12.438212355486503
waybill_05765,2,3.87,152.52,12.399107845755356,12.43647107604117
waybill_08020,3,1.0,86.5,8.022532482968014,12.435659607692177
waybill_05168,2,4.16,38.739999999999995,7.546945589434203,12.429596715116881
waybill_09649,2,3.0,32.89,7.54672357832299,12.4292310693671
waybill_05996,3,1.0,240.58999999999997,7.54635246339643,12.428619854032705
waybill_04177,2,1.0,68.89,8.035295242201633,12.425682272301474
waybill_05016,2,1.2,80.74,7.902657180049528,12.418826103235446
waybill_01428,2,4.96,145.79000000000002,7.537676486550858,12.414330776150502
waybill_02544,2,1.0,32.9,7.537480681153252,12.414008290437833
waybill_02468,2,1.0,32.9,7.536211971779674,12.411918763532494
waybill_10375,1,2.36,143.37,7.533558411724799,12.407548428414717
waybill_06766,3,1.56,139.35,11.496522114978657,12.405068183395933
waybill_08191,2,1.0,32.89,7.53099391254833,12.403324773935962
waybill_10755,2,1.0,32.89,7.527892218335012,12.398216375081315
waybill_07542,2,1.0,149.05,12.391371086492882,12.391371086492882
waybill_01195,1,1.0,24.38,7.5236191515818645,12.39117876021461
waybill_03517,1,1.0,288.69,12.388683629703232,12.388683629703232
waybill_05839,1,2.87,24.37,7.520533171618131,12.386096242265385
waybill_09616,1,3.0,24.37,7.520533171618131,12.386096242265385
waybill_04973,1,2.36,24.37,7.520533171618131,12.386096242265385
waybill_11464,2,6.18,65.83,12.290515720157254,12.385997021222623
waybill_02366,3,1.2,83.53,8.552101310993535,12.37526548302989
waybill_10534,3,1.0,168.19,8.087774809874166,12.37257054596683
waybill_11414,3,1.2,106.92999999999999,7.895111690858424,12.372393263903245
waybill_05818,2,1.16,78.3,7.511620420912463,12.371417204821554
waybill_02563,3,1.2,85.34,8.182630644579667,12.368153173028428
waybill_06370,3,1.0,199.47,12.35537687381365,12.366805591655899
waybill_06410,4,1.2,175.19,8.18703587918425,12.362741332235482
waybill_00901,1,1.0,16.0,12.359073349802664,12.359073349802664
waybill_11380,1,0.29,16.0,12.359073349802664,12.359073349802664
waybill_09322,1,0.57,16.0,12.359073349802664,12.359073349802664
waybill_09778,1,0.77,16.0,12.359073349802664,12.359073349802664
waybill_09026,1,1.62,16.0,12.359073349802664,12.359073349802664
waybill_07541,2,1.2,66.46,8.440659138040877,12.345887437665835
waybill_06533,3,2.36,209.03,8.411299251146385,12.324294533744826
waybill_10853,1,1.96,24.24,7.480415432089598,12.320023508925436
waybill_06626,1,0.62,24.24,7.480415432089598,12.320023508925436
waybill_08500,2,1.0,231.37,7.475238141646095,12.311496664319606
waybill_01382,3,1.21,87.56,7.702337099646447,12.304964678601726
waybill_06515,4,1.0,259.78999999999996,7.465862229606906,12.296054813824924
waybill_06518,4,1.0,259.78999999999996,7.465862229606906,12.296054813824924
waybill_10089,3,0.098,86.87,7.812565418361066,12.293618648181258
waybill_05401,2,4.16,174.38,9.174079475677988,12.262890473671792
waybill_04937,2,4.16,174.38,9.174079475677988,12.262890473671792
waybill_09842,2,3.0,129.88,12.259276720136967,12.259276720136967
waybill_01996,3,1.2,227.85000000000002,9.396347225465588,12.247481739745037
waybill_05376,3,1.2,89.26,7.716688752179907,12.238166407092876
waybill_00175,2,5.8,39.94,7.428603871131476,12.234691396714139
waybill_07561,2,3.87,232.07,7.425282170776185,12.229220654234886
waybill_07564,2,3.87,232.07,7.425282170776185,12.229220654234886
waybill_07552,2,3.87,232.07,7.425282170776185,12.229220654234886
waybill_05509,2,2.1,73.0,11.2578408132242,12.228734970703592
waybill_07128,3,1.0,168.32,8.123612889262679,12.227582669573032
waybill_10345,2,3.87,212.26999999999998,7.40653392193655,12.198342841558249
waybill_08141,2,1.0,144.84,7.402576764753539,12.191825520432733
waybill_10429,2,1.97,188.04000000000002,12.188203769593642,12.188203769593642
waybill_02198,1,0.3,23.98,7.4001799530325325,12.187878042245543
waybill_03535,2,1.0,78.42,7.6911484317553995,12.185355437100892
waybill_02881,2,1.1,29.77,7.3935977183122,12.177037295868294
waybill_00713,3,1.0,84.86,8.085934999312636,12.174052996066052
waybill_02524,3,1.0,103.61,7.7804401280850675,12.162733834233434
waybill_04877,2,1.2,80.22999999999999,7.745272201899126,12.159617687824884
waybill_11105,3,1.56,86.5,7.746625961577462,12.15907283726631
waybill_04723,2,1.0,31.89,7.380153660791874,12.154895329795766
waybill_08647,2,1.2,78.58,8.065604185827333,12.150520904146692
waybill_05372,3,1.0,192.48,7.790931300626079,12.147167698117523
waybill_06030,3,1.0,128.26,8.41951940000546,12.14032787193922
waybill_07937,3,0.46,89.52,7.559586576650061,12.130778671199382
waybill_00315,3,1.03,77.72,7.667891711768509,12.130519174406531
waybill_10363,2,5.16,41.76,7.364029902028797,12.128339974840316
waybill_06382,2,1.0,89.59,7.851069374131333,12.112679704166853
waybill_06318,2,1.0,89.59,7.851069374131333,12.112679704166853
waybill_08479,2,1.2,88.09,7.996067829947699,12.107937811071217
waybill_08560,2,1.2,88.09,7.996067829947699,12.107937811071217
waybill_07680,2,1.0,177.61,7.783411246602633,12.103301471167075
waybill_06251,2,2.6,71.12,9.059514873029045,12.096249148964404
waybill_04120,2,1.0,215.74,9.076168763713774,12.095932466772439
waybill_04393,2,1.0,215.74,9.076168763713774,12.095932466772439
waybill_01048,2,1.01,145.0,7.343721560703077,12.094892735869225
waybill_10347,3,1.0,105.55,8.116535448254096,12.090240606687807
waybill_10252,3,1.0,105.55,8.116535448254096,12.090240606687807
waybill_03649,3,1.0,333.09000000000003,9.673698307261176,12.085041556005223
waybill_03208,3,1.0,74.64,11.978684243682096,12.081653394023519
waybill_08462,2,1.0,70.62,9.144150472351347,12.08105784901204
waybill_06757,3,1.0,100.51,7.5731246490246065,12.078926807879819
waybill_07141,3,1.0,100.51,7.5731246490246065,12.078926807879819
waybill_07163,2,1.56,50.480000000000004,7.333570719391168,12.078174599726461
waybill_09464,1,1.2,57.31,12.073269778588477,12.073269778588477
waybill_02600,3,1.0,103.2,7.722928683306401,12.068014181543301
waybill_09048,3,1.2,77.41,7.6685008922064055,12.066151935815974
waybill_03675,3,1.0,230.73000000000002,7.542038690212221,12.061041779389042
waybill_11261,3,1.2,89.25,7.540550193875578,12.060627124609452
waybill_02237,2,1.0,79.12,7.85557580877593,12.04830557831193
waybill_09669,3,1.0,138.83,7.877845215653476,12.047701154100425
waybill_02724,2,1.0,225.0,10.420389430924317,12.044012902400596
waybill_02686,2,1.0,225.0,10.420389430924317,12.044012902400596
waybill_01021,2,1.2,76.34,7.960926938839764,12.039854043202645
waybill_07529,2,1.0,72.87,8.65323903644238,12.039367459839072
waybill_07505,3,1.2,96.61,7.544539124751957,12.03753102682661
waybill_03870,2,0.5,116.9,7.368339979065781,12.026928611883559
waybill_03309,2,1.0,324.57,9.637400178882618,12.025259609532645
waybill_03581,2,1.0,324.57,9.637400178882618,12.025259609532645
waybill_06023,3,2.36,76.96000000000001,9.772849556247554,12.021356566405096
waybill_00428,2,3.77,34.4,7.2963220190918445,12.016827089346762
waybill_00787,2,1.0,76.82,7.833008998276872,12.00776992594343
waybill_06894,3,1.2,166.67,8.128195986155214,12.004777280143639
waybill_09123,2,1.0,188.17000000000002,12.001150739678202,12.001150739678202
waybill_10278,3,1.0,83.53,8.173341784817353,11.99531005635357
waybill_05641,2,0.53,92.0,7.282615116761504,11.994252225627305
waybill_11317,2,2.87,212.26999999999998,7.2814233013707685,11.992289340842968
waybill_07610,2,1.57,85.53999999999999,9.389689494958631,11.991290340923978
waybill_10902,3,0.455,89.71,7.375652307540878,11.983440973071307
waybill_11839,2,1.5,31.479999999999997,7.274813298559005,11.98140286123842
waybill_00135,2,2.5,39.94,7.274713386390555,11.981238308844866
waybill_05524,3,0.44,86.5,7.568801387595167,11.981138853847336
waybill_05714,3,1.0,166.67,7.704568723284164,11.976272662024122
waybill_01675,2,1.0,208.79000000000002,7.261329105994113,11.959194793931665
waybill_07309,3,1.0,128.26,8.241514968819367,11.957250149986379
waybill_00994,2,2.81,198.97,7.259690295221521,11.956495720941895
waybill_04965,2,1.0,92.03999999999999,7.446166124183437,11.95235235744189
waybill_04982,2,1.0,92.03999999999999,7.446166124183437,11.95235235744189
waybill_11667,2,1.0,32.13,7.255469335422837,11.94954392469179
waybill_04489,2,1.0,79.31,7.555182150613477,11.94756571869881
waybill_10686,3,1.2,77.41,7.543919412917898,11.940019746336597
waybill_00492,2,1.43,81.21,8.196323404414105,11.938952822919976
waybill_01324,3,1.0,83.5,8.123235756104519,11.937735904634621
waybill_04372,2,1.0,222.52,8.979577590848923,11.936849654961646
waybill_03742,2,1.0,222.52,8.979577590848923,11.936849654961646
waybill_01148,3,1.0,129.83,7.94475511908669,11.90760858421011
waybill_01408,3,1.0,323.25,11.899512179933732,11.906614390128047
waybill_01338,3,1.0,323.25,11.899512179933732,11.906614390128047
waybill_01335,3,1.0,323.25,11.899512179933732,11.906614390128047
waybill_01339,3,1.0,323.25,11.899512179933732,11.906614390128047
waybill_01360,3,1.0,323.25,11.899512179933732,11.906614390128047
waybill_00976,2,2.81,198.87,7.228830495584188,11.905670541449627
waybill_07627,3,1.0,209.72,7.662542175210364,11.904233676794757
waybill_01723,2,2.87,31.86,7.226273850777844,11.901459822886721
waybill_02520,2,1.0,31.89,7.225796704816186,11.900673977565942
waybill_08160,3,1.0,85.45,7.971641623350555,11.895616941628854
waybill_05233,3,1.0,77.72,7.438558586590816,11.895262237346826
waybill_07193,2,1.0,31.89,7.221358014828716,11.893363586118983
waybill_07815,2,3.5,232.07,7.220197992453841,11.89145306349372
waybill_11358,2,1.0,31.89,7.219540552379104,11.89037027908823
waybill_07009,2,1.0,31.89,7.2190564745842005,11.889573017242617
waybill_10022,2,1.0,31.86,7.215641747538273,11.883949062548611
waybill_06393,1,1.0,23.37,7.211935175244798,11.877844447342719
waybill_10385,1,2.36,23.37,7.211935175244798,11.877844447342719
waybill_02875,1,1.0,23.37,7.211935175244798,11.877844447342719
waybill_08635,1,1.2,23.37,7.211935175244798,11.877844447342719
waybill_02053,3,1.2,76.13,7.728641597412025,11.875772961200756
waybill_00479,2,0.39,31.86,7.2087332796623,11.872571019789444
waybill_00793,1,1.0,23.34,7.202677235353598,11.862596893495036
waybill_03801,2,1.0,156.65,9.329699295499445,11.855319847148511
waybill_00497,2,2.0,84.94999999999999,8.523079576803463,11.855232628454402
waybill_01142,2,1.0,223.79000000000002,7.1976453989032,11.854309607324264
waybill_00914,2,1.0,69.2,7.400160244091118,11.85243995174125
waybill_10292,2,1.0,194.01000000000002,11.835068386436888,11.84364910568084
waybill_09266,2,1.0,213.82,10.96113882209524,11.831322224080257
waybill_09265,2,1.0,213.82,10.96113882209524,11.831322224080257
waybill_04364,2,1.0,218.12,9.70748740505285,11.82461628486998
waybill_03798,2,1.0,218.12,9.70748740505285,11.82461628486998
waybill_00214,1,0.99,58.12,11.820582607374096,11.820582607374096
waybill_04668,2,1.0,75.94999999999999,7.814010901537323,11.81507302446596
waybill_02518,2,1.0,76.34,7.732334320013534,11.811261424376415
waybill_07053,3,1.0,110.83,7.711887043176596,11.80032201133709
waybill_10768,3,1.0,84.47,7.789414907975464,11.795238117003152
waybill_06330,2,2.57,70.62,8.854841959286333,11.791749335947024
waybill_01301,2,1.2,236.75,7.158634405527067,11.790059652243064
waybill_01348,2,1.2,236.75,7.158634405527067,11.790059652243064
waybill_05719,3,1.0,103.19999999999999,7.423162257697975,11.768934336752244
waybill_10265,3,1.87,90.08,8.593156810173117,11.763837120913971
waybill_09042,2,1.0,297.21,11.746004095330042,11.752057439921481
waybill_10938,2,6.18,31.52,7.1350292340510295,11.751182631286518
waybill_06615,4,1.0,268.39,7.133698374345116,11.748990744617554
waybill_06239,3,1.0,79.32,8.764907552518821,11.748922202877488
waybill_01688,3,1.0,217.54,11.188573629125852,11.729001383445187
waybill_06943,2,4.16,31.48,7.1150346019836475,11.718252062207997
waybill_01421,2,1.2,31.52,7.110927086453983,11.711487105321824
waybill_08580,1,2.0,144.0,11.708595805076206,11.708595805076206
waybill_01342,4,1.2,311.89,10.444488634523605,11.705760638406769
waybill_07147,2,1.0,31.52,7.107176756170585,11.705310421997595
waybill_11418,3,1.2,81.03999999999999,11.686315510696911,11.692220056230358
waybill_00763,1,2.81,23.0,7.097753916586666,11.68979128322133
waybill_04675,1,1.0,23.0,7.097753916586666,11.68979128322133
waybill_02433,3,1.0,80.2,11.680905727324669,11.689052910444742
waybill_09945,3,1.0,164.20999999999998,7.629483251841682,11.687834923076284
waybill_01615,3,2.4,81.34,8.288238407838161,11.682239813423974
waybill_08856,3,1.0,85.34,7.497519821198551,11.679752113276116
waybill_10896,3,1.0,88.47999999999999,7.303069320371794,11.667410551012992
waybill_00074,2,1.87,29.4,7.078759590298259,11.65850818824702
waybill_01864,3,2.46,195.42000000000002,7.071631259587994,11.646768037886769
waybill_08193,3,2.36,90.42999999999999,8.178769495018077,11.635965379757247
waybill_09091,2,1.0,125.27,7.565284621833333,11.630235960297757
waybill_06551,2,1.0,75.94999999999999,7.628693042529514,11.629755165458153
waybill_04425,2,1.0,88.02,7.350661975756821,11.624584290036214
waybill_10779,3,1.87,90.42999999999999,8.229444297942402,11.620635921096953
waybill_11625,2,1.0,32.13,7.054417308005051,11.618417167522862
waybill_00693,2,4.19,162.79000000000002,7.053250038406135,11.616494708933436
waybill_07007,3,1.0,98.69,7.292300472324872,11.616417674500195
waybill_06863,3,1.0,98.69,7.292300472324872,11.616417674500195
waybill_07526,3,2.36,81.38999999999999,8.21203089353656,11.61254658302719
waybill_01762,2,1.68,200.87,7.050706820305155,11.612306103758113
waybill_07067,2,1.0,200.13000000000002,11.606465169616092,11.611072440176587
waybill_07078,2,1.0,200.13000000000002,11.606465169616092,11.611072440176587
waybill_07065,2,1.0,200.13000000000002,11.606465169616092,11.611072440176587
waybill_02443,3,1.0,233.09000000000003,7.048936960625223,11.60939119708452
waybill_09176,3,1.0,98.11,7.322383359219471,11.590047033846432
waybill_09163,3,1.0,98.11,7.322383359219471,11.590047033846432
waybill_01457,3,1.0,75.7,7.53074938671931,11.586830631494106
waybill_01194,3,1.2,102.84,7.618583162046686,11.56907603059725
waybill_02182,2,1.2,31.21,7.021107802976596,11.56355739552934
waybill_02526,3,1.0,76.13,7.411805794235467,11.555603962843996
waybill_01341,2,1.0,31.21,7.013066179267029,11.550313078545717
waybill_03154,2,1.87,29.77,7.007132168584017,11.54053993803225
waybill_09304,1,1.2,185.49,11.539351588866927,11.539351588866927
waybill_03576,1,1.0,22.69,7.002088537710932,11.532233226795304
waybill_00468,2,0.81,69.55,8.221000002578597,11.525270368570062
waybill_04813,3,1.0,124.75999999999999,11.35910570067694,11.518678905521249
waybill_06385,1,1.2,288.69,11.514439173906617,11.514439173906617
waybill_11074,3,1.0,186.02,9.106527290952585,11.504369411530078
waybill_03196,4,0.1,160.76999999999998,8.081017062643298,11.502696572237912
waybill_07443,2,1.0,188.17000000000002,11.500689170367515,11.500689170367515
waybill_04227,3,0.5,144.22,11.479441259792111,11.479441259792111
waybill_06438,3,1.0,84.97999999999999,7.803634976912873,11.476714360149895
waybill_10561,3,1.0,98.03999999999999,7.207764529939316,11.467148063124654
waybill_10762,3,1.0,98.03999999999999,7.207764529939316,11.467148063124654
waybill_05163,3,2.36,138.93,10.687005967144053,11.46360257608619
waybill_07367,3,1.0,84.47,7.446256760476187,11.45341518259717
waybill_12009,2,1.0,64.39,10.401926818790242,11.453104068152482
waybill_02035,2,1.0,198.97,6.953665881515293,11.452482540739057
waybill_02562,2,1.0,31.0,6.951144488043921,11.448329880084769
waybill_03560,2,0.435,261.43,11.437949966346078,11.448165427216978
waybill_01209,2,1.26,31.0,6.950652590865555,11.447519739945301
waybill_04426,2,1.0,99.31,7.246584154240144,11.439313923776144
waybill_03324,2,1.0,99.31,7.246584154240144,11.439313923776144
waybill_00734,2,1.3,30.65,6.945375270062212,11.438828148288184
waybill_00062,2,1.0,29.77,6.944362559565803,11.43716024398036
waybill_06038,3,0.3,161.35,6.933451977272402,11.419190836857045
waybill_07775,2,1.0,85.53999999999999,9.759149750668989,11.416220353194687
waybill_07690,2,1.0,85.53999999999999,9.759149750668989,11.416220353194687
waybill_00213,2,0.35,72.34,8.567257359520651,11.40633437489217
waybill_04604,3,1.0,156.59,7.281304329042093,11.4054360291027
waybill_08510,2,3.5,118.17999999999999,8.737143640134455,11.386549546884106
waybill_08392,3,1.0,202.57,7.589753410257806,11.381744926029588
waybill_08394,3,1.0,202.57,7.589753410257806,11.381744926029588
waybill_05194,3,1.0,166.67,7.323906549699932,11.377991712786866
waybill_05292,3,1.0,207.49,7.314147396229279,11.361918674962002
waybill_05311,3,1.0,207.49,7.314147396229279,11.361918674962002
waybill_02534,2,0.81,77.0,6.896310181282466,11.358019394720719
waybill_05367,3,1.2,114.64,7.176508085484673,11.348504786936939
waybill_03092,2,0.6,30.65,6.882443627974439,11.335181590551473
waybill_03995,2,0.5,172.98,11.332451783759437,11.332451783759437
waybill_03769,2,0.5,172.98,11.332451783759437,11.332451783759437
waybill_08268,3,2.36,76.96,9.082303940296015,11.324328902579177
waybill_01934,3,1.09,83.53,7.498374574226764,11.317560134262761
waybill_01340,3,1.73,85.08,7.195508734433924,11.3066880422879
waybill_03876,2,1.0,84.44,7.499240945236522,11.296656193644841
waybill_07787,2,1.0,73.33,7.817113271878112,11.295082442607498
waybill_03464,3,1.0,98.44,7.913201885613524,11.293340695053736
waybill_04332,3,1.0,98.44,7.913201885613524,11.293340695053736
waybill_01473,2,1.8,225.01,10.252487014165984,11.293160862685234
waybill_03423,1,0.43,252.91,11.290871081874954,11.290871081874954
waybill_04191,1,0.43,252.91,11.290871081874954,11.290871081874954
waybill_00503,3,2.1,285.39,6.851041310006078,11.283462899374868
waybill_00403,3,0.35,213.05,11.275846678897814,11.279362906320882
waybill_07518,2,2.36,167.07,9.434430918772616,11.273090986663345
waybill_03099,2,0.3,66.64,11.25016846990583,11.267368170245975
waybill_05101,2,1.0,200.91,7.331119331709012,11.266799960196897
waybill_11225,3,1.0,83.53,7.442028139844881,11.260336146748353
waybill_07057,2,1.0,30.65,6.836394959081267,11.259340791538508
waybill_04798,2,1.0,65.83,11.183092311550055,11.258094532169116
waybill_08209,2,1.2,200.91,7.543819194072096,11.253515580020998
waybill_01386,2,0.46,76.76,6.83281370760217,11.253442576016337
waybill_09251,3,2.5,86.88,8.036643835897042,11.253368466970308
waybill_10865,3,1.0,98.03999999999999,6.990314535289341,11.24883925269939
waybill_11006,3,1.0,98.03999999999999,6.990314535289341,11.24883925269939
waybill_00438,1,0.6,22.13,6.829273659741864,11.24761222163861
waybill_03409,1,1.0,22.13,6.829273659741864,11.24761222163861
waybill_10581,4,2.36,213.95,10.975083371326207,11.24532178691659
waybill_00042,2,0.58,65.83,11.153551960696186,11.240172611346878
waybill_06231,4,1.2,192.89,7.504792468373793,11.239106564046361
waybill_07265,3,1.72,92.58999999999999,7.665781684869154,11.231514254589058
waybill_06586,2,1.0,75.16,7.384900625394581,11.228236247469248
waybill_08624,1,3.86,55.91,11.225773372102786,11.225773372102786
waybill_06116,3,1.87,163.04999999999998,7.57668760214492,11.22565744757174
waybill_09164,3,1.0,106.92999999999999,7.0937122439068325,11.213432453808737
waybill_09794,3,1.0,83.5,7.397427803034377,11.210473881502448
waybill_11064,3,2.36,108.52,7.184681715538347,11.209912810100851
waybill_01985,3,2.15,74.97999999999999,7.290582797966055,11.207247534883695
waybill_00392,2,1.01,75.16,7.801598881341798,11.203699608622436
waybill_09257,3,1.2,83.53,7.376487908447647,11.19713947424964
waybill_01280,2,1.0,253.57,6.797596767376382,11.195441314531191
waybill_08824,2,10.63,64.42999999999999,11.105540672051784,11.184961275740783
waybill_00429,3,1.0,245.27,6.78901788625827,11.181312150447333
waybill_04193,3,1.0,215.36,8.445797672816763,11.16807721603692
waybill_04686,3,1.0,215.36,8.445797672816763,11.16807721603692
waybill_03287,2,1.0,89.52,6.911663430091741,11.166285877178032
waybill_03329,2,1.0,89.52,6.911663430091741,11.166285877178032
waybill_07989,3,1.0,98.64999999999999,7.737990850369231,11.16477014886899
waybill_07951,3,1.0,98.64999999999999,7.737990850369231,11.16477014886899
waybill_02849,2,1.0,29.77,6.776994739789112,11.161510382952464
waybill_00515,3,2.1,214.36,9.487247772274095,11.153332194113979
waybill_06015,4,1.0,217.55,7.176843998068672,11.150037755093349
waybill_02388,2,2.09,73.0,10.051194649757385,11.145753187317535
waybill_04112,2,1.0,98.14,7.066054326361744,11.141986623746384
waybill_04367,2,1.0,98.14,7.066054326361744,11.141986623746384
waybill_03530,2,1.0,76.34,7.049264599298865,11.128191703661745
waybill_11456,3,1.0,81.46,8.151882007033173,11.126201350250371
waybill_10882,2,1.0,227.26999999999998,6.752093090012435,11.120498100487021
waybill_02268,3,1.0,74.97999999999999,7.156861017052436,11.072343402901039
waybill_05334,3,2.36,30.24,6.718886011156961,11.065807021378347
waybill_10549,3,1.0,79.89,7.961512867433595,11.057901196915243
waybill_00768,2,2.65,70.46,8.147696816624752,11.052659585517551
waybill_04199,3,1.0,266.72,7.211216677225242,11.038989541669396
waybill_04544,3,1.0,266.72,7.211216677225242,11.038989541669396
waybill_02412,2,1.0,198.86,6.701764214705225,11.03760792779652
waybill_10206,3,1.0,164.19,7.178216890810425,11.032514812571797
waybill_04859,2,1.0,66.21,10.71121700457724,11.028577147047448
waybill_01981,2,6.61,198.87,6.686737257422433,11.012858972518256
waybill_06463,4,1.0,173.85,7.249938124297274,11.006213179497461
waybill_06432,4,1.0,173.85,7.249938124297274,11.006213179497461
waybill_08453,3,1.0,165.26999999999998,6.678410409564444,10.999144899777644
waybill_08568,1,2.2,31.45,6.672467302834665,10.98935677834353
waybill_07280,2,1.56,177.61,7.300946827596925,10.988754091615977
waybill_00731,3,4.16,77.96,8.485349999025624,10.9857968108576
waybill_01878,2,1.2,30.08,6.663238982474254,10.974158006989143
waybill_03864,3,1.0,195.29000000000002,6.796412850114504,10.973343927765294
waybill_09965,3,1.0,162.79,7.19127409699155,10.966117374286096
waybill_01912,3,1.0,100.32999999999998,6.883051926513698,10.964031241877883
waybill_02713,3,2.36,79.6,8.31654057187283,10.955219730949722
waybill_09066,2,1.2,227.26999999999998,6.648711493750072,10.950231661690218
waybill_06420,2,0.62,112.97,6.64704013301381,10.947478979870665
waybill_06098,3,1.0,186.64,8.49699465498685,10.944750225201675
waybill_01219,2,0.31,157.0,10.788774124973715,10.944050648757463
waybill_10587,2,1.0,195.6,7.219917807173875,10.943235668416268
waybill_05975,2,2.61,64.42999999999999,10.89336698094114,10.935706685777124
waybill_07083,2,1.0,297.21,10.922261061192472,10.926868331752967
waybill_07089,2,1.0,297.21,10.922261061192472,10.926868331752967
waybill_06932,2,1.0,297.21,10.922261061192472,10.926868331752967
waybill_08213,3,1.0,83.53,7.105996433739214,10.926151776771857
waybill_02346,2,2.36,29.91,6.630630198092431,10.920452301226046
waybill_04127,2,1.0,327.8,8.963885051797819,10.916000067113924
waybill_04561,2,1.0,327.8,8.963885051797819,10.916000067113924
waybill_03754,2,1.0,327.8,8.963885051797819,10.916000067113924
waybill_03612,2,1.0,327.8,8.963885051797819,10.916000067113924
waybill_05227,3,1.0,96.16,6.842964453590283,10.91433627314608
waybill_05202,3,1.0,96.16,6.842964453590283,10.91433627314608
waybill_06958,3,1.0,83.67999999999999,7.06430336783807,10.91224626047323
waybill_02194,2,1.2,29.919999999999998,6.623016387654994,10.9079125800791
waybill_10715,3,1.0,193.06,6.863560723964875,10.90609222303257
waybill_01186,2,1.9,29.91,6.621071699208728,10.904709735585628
waybill_09635,2,1.0,65.72,7.139708915150877,10.897193403849329
waybill_08167,2,1.0,160.79,10.891716541395565,10.891716541395565
waybill_00791,2,0.7,67.61,6.753961952367781,10.888792120324474
waybill_11097,2,1.0,123.5,7.147365626540227,10.884884735383745
waybill_11704,2,1.0,30.880000000000003,6.603306231352676,10.87545053419225
waybill_03260,2,1.0,29.77,6.59400555131189,10.860132588579244
waybill_05532,3,1.0,182.56,7.845123426489494,10.85751014494681
waybill_09551,2,1.0,231.37,6.592285330688259,10.857299435966791
waybill_09501,2,1.0,231.37,6.592285330688259,10.857299435966791
waybill_01519,2,2.76,29.77,6.589446154582729,10.85262339669014
waybill_05693,3,1.0,182.56,7.839045741639961,10.84750037732015
waybill_11350,2,1.0,297.21,10.837926180177442,10.842846634788648
waybill_11290,2,1.0,297.21,10.837926180177442,10.842846634788648
waybill_05131,3,1.0,165.60999999999999,6.996792673544198,10.839244810168836
waybill_06845,3,1.67,92.58999999999999,7.312125680090586,10.836358816360772
waybill_08589,2,1.0,84.15,7.114714427985749,10.833266425967082
waybill_08549,2,1.0,84.15,7.114714427985749,10.833266425967082
waybill_05786,3,0.3,108.0,8.152367585817881,10.819331987062673
waybill_01650,3,4.44,79.89,8.776131878560236,10.812778307873987
waybill_05133,2,2.36,101.4,7.933046246339569,10.806415113307017
waybill_03413,2,1.0,88.09,6.691015862684808,10.802885843808326
waybill_04679,2,1.0,88.09,6.691015862684808,10.802885843808326
waybill_01954,2,4.87,193.87,6.5590938148315745,10.802633988657934
waybill_10393,1,5.16,21.25,6.5577074229333325,10.800350642106666
waybill_09481,1,0.3,21.23,6.551535463005865,10.79018560620821
waybill_08654,2,2.5,160.79,7.85376348114057,10.789725129281818
waybill_10655,2,8.76,129.75,10.788660006245165,10.788660006245165
waybill_07795,1,2.36,30.22,6.550286375877688,10.788128396562094
waybill_04781,2,1.0,29.349999999999998,6.544024612300482,10.777815456702156
waybill_11232,2,1.0,29.7,6.543710940321504,10.777298848207588
waybill_08076,3,2.5,82.47,7.596325954482239,10.77376506236913
waybill_07391,3,1.0,29.68,6.53935644284365,10.770127119339888
waybill_08831,3,1.0,83.53,6.938957447762818,10.75981636446609
waybill_00710,2,1.0,276.87,6.520834754874828,10.739622445732861
waybill_00857,2,1.0,276.87,6.520834754874828,10.739622445732861
waybill_00848,2,1.0,276.87,6.520834754874828,10.739622445732861
waybill_00862,2,1.0,276.87,6.520834754874828,10.739622445732861
waybill_03780,3,1.0,265.53999999999996,7.029143859364976,10.739120982665023
waybill_03301,3,1.0,265.53999999999996,7.029143859364976,10.739120982665023
waybill_03680,2,1.0,76.93,6.820718919244945,10.737926446782865
waybill_11067,3,1.2,173.35,9.257044320264129,10.729534794222973
waybill_11078,3,1.2,173.35,9.257044320264129,10.729534794222973
waybill_09173,1,0.29,88.0,6.508612287146664,10.719492402005331
waybill_04621,2,1.0,201.82,10.71561368738828,10.71561368738828
waybill_03844,2,1.0,201.82,10.71561368738828,10.71561368738828
waybill_05387,3,1.0,128.26,7.000120141795323,10.714182966875866
waybill_06067,3,2.36,159.57,7.458721228815491,10.703064157455318
waybill_05427,3,1.0,43.739999999999995,6.494429023888513,10.696132985892675
waybill_06793,3,2.36,92.83,7.832098747142408,10.693869377084662
waybill_05392,3,2.36,84.81,7.0550896733931765,10.69323969876443
waybill_08552,1,0.29,21.0,6.480557923839998,10.673287693375999
waybill_10364,2,3.87,177.48000000000002,8.334481286438658,10.670131871389028
waybill_10334,2,3.87,177.48000000000002,8.334481286438658,10.670131871389028
waybill_09020,2,1.0,200.91,6.9794231948722665,10.665339475783034
waybill_09144,2,1.0,200.91,6.9794231948722665,10.665339475783034
waybill_09146,2,1.0,200.91,6.9794231948722665,10.665339475783034
waybill_05584,2,1.2,236.02,6.994334109462083,10.663952267565318
waybill_05548,2,1.2,236.02,6.994334109462083,10.663952267565318
waybill_04158,1,1.0,41.96,6.474385963912533,10.663122657477546
waybill_03259,1,1.0,41.96,6.474385963912533,10.663122657477546
waybill_10210,2,1.2,200.13000000000002,10.651194149668038,10.66149101276078
waybill_01299,2,2.72,29.4,6.473385349307781,10.661474674746396
waybill_02515,3,1.2,96.53999999999999,7.134800175075667,10.642407305722829
waybill_10790,2,2.36,29.4,6.460893514527037,10.640900991430872
waybill_01739,2,1.4,29.4,6.45962552090895,10.638812643353704
waybill_02216,2,1.0,29.4,6.459375551996584,10.638400951930306
waybill_00660,2,1.1,29.4,6.459152814491379,10.638034109831047
waybill_02430,2,1.0,29.4,6.456118984473007,10.63303748130316
waybill_07441,2,1.0,29.4,6.452949003859116,10.62781661676154
waybill_11342,2,1.2,29.4,6.452652616836364,10.62732847607989
waybill_06663,2,2.36,84.31,7.790850049192013,10.625933988592546
waybill_06569,2,1.2,84.03,7.757180850836354,10.625661425630593
waybill_03751,2,1.0,208.10000000000002,8.979504731608156,10.625650300647408
waybill_04079,2,1.0,208.10000000000002,8.979504731608156,10.625650300647408
waybill_07143,2,1.0,29.4,6.4506474636146,10.624026047885174
waybill_06765,3,1.0,146.75,6.841583145198404,10.620060513336158
waybill_05669,1,1.0,20.88,6.443526164275197,10.612297477985276
waybill_07677,1,1.0,20.88,6.443526164275197,10.612297477985276
waybill_03388,1,1.0,20.88,6.443526164275197,10.612297477985276
waybill_05781,2,1.2,194.01000000000002,10.547569648631814,10.6011319796832
waybill_10810,3,1.2,85.64,6.7814144291536875,10.58054990490988
waybill_05453,3,2.08,78.14,7.814357402738083,10.579871242481806
waybill_05320,2,0.35,77.0,6.422072867854559,10.576964531754456
waybill_01644,2,1.0,198.97,6.42094429113741,10.575105799199678
waybill_05511,5,1.0,224.81,6.8519042497922715,10.571959431828134
waybill_07178,3,1.55,81.33999999999999,7.174419134062678,10.56001413128004
waybill_10072,1,0.58,88.0,6.402781193046718,10.545191712541829
waybill_04455,4,1.0,238.2,8.562992249950359,10.542842153591131
waybill_11385,1,0.34,116.0,10.54156256306698,10.54156256306698
waybill_03631,3,1.0,95.31,6.526725293420699,10.532304123581174
waybill_02446,2,1.0,192.04000000000002,9.782902783159837,10.524978122363134
waybill_04999,2,0.3,77.0,6.373334693274106,10.49669419622771
waybill_06641,3,1.0,254.39,6.3664057872498985,10.485282492441424
waybill_11854,2,0.6,65.44,10.210962800637132,10.484588115004744
waybill_01893,2,1.2,223.79000000000002,6.36360780875005,10.480674304405802
waybill_09517,2,1.2,212.26999999999998,6.362355510768824,10.478611806579455
waybill_05061,2,0.426,67.89999999999999,9.759054936919462,10.474187961465306
waybill_04689,2,0.5,78.22999999999999,6.448020264590184,10.463058153417277
waybill_04323,3,1.0,264.45,6.86095795134151,10.462123754432172
waybill_03825,3,1.0,264.45,6.86095795134151,10.462123754432172
waybill_01669,3,1.1,82.22999999999999,6.9000572179793345,10.46207868187757
waybill_09237,2,5.2,129.88,8.970443435122178,10.460319746549743
waybill_10656,2,6.18,122.88,7.843738765165081,10.458829467522378
waybill_04279,2,1.0,75.00999999999999,6.638829264122332,10.452216816414598
waybill_00293,3,1.0,90.39,8.638639472974905,10.446682021313869
waybill_02369,3,1.0,242.35000000000002,6.337104248990736,10.437023723462902
waybill_02464,3,1.0,242.35000000000002,6.337104248990736,10.437023723462902
waybill_02453,3,1.0,242.35000000000002,6.337104248990736,10.437023723462902
waybill_08380,3,1.0,118.91,7.268167924827501,10.430645535223793
waybill_00354,3,1.96,214.36,8.854764587455822,10.40977671450638
waybill_01665,2,2.2,195.38,6.315462152293236,10.401379828746599
waybill_01701,2,2.0,42.16,6.314657625147137,10.400054796274338
waybill_01241,2,1.0,54.480000000000004,10.39114830395257,10.398013191008706
waybill_06300,1,1.2,185.49,10.38890263891947,10.38890263891947
waybill_06313,1,1.2,185.49,10.38890263891947,10.38890263891947
waybill_07584,3,2.36,149.6,7.332391302755032,10.387068732827743
waybill_01526,2,1.9,196.16,6.305572422430413,10.385091735456454
waybill_11091,3,1.0,182.56,8.582600090854983,10.371502393447187
waybill_05363,3,1.75,85.34,6.905323171992414,10.35921206460528
waybill_06860,2,1.0,212.26999999999998,6.288871091477333,10.357585136145188
waybill_07073,2,1.0,212.26999999999998,6.288871091477333,10.357585136145188
waybill_07071,2,1.0,212.26999999999998,6.288871091477333,10.357585136145188
waybill_07808,3,1.19,83.64,6.944013119097694,10.350864032767955
waybill_02071,3,1.02,84.64999999999999,6.73743165838931,10.343652586720035
waybill_08297,2,2.36,212.26999999999998,6.273147785673898,10.33168931539901
waybill_05275,3,1.0,92.59,6.61931680136452,10.322590064963308
waybill_09166,3,2.63,78.28999999999999,7.525801602564117,10.30892354673336
waybill_06368,2,1.0,72.87,6.912952537026595,10.299080960423288
waybill_05199,3,2.36,104.17999999999999,6.760649290891305,10.29484460532463
waybill_06538,3,1.2,227.14999999999998,6.719463998136936,10.289368867687596
waybill_06492,3,5.16,138.4,9.173726644340807,10.288276735868795
waybill_08668,2,1.0,84.94999999999999,7.389074350890745,10.288047505827063
waybill_08659,2,1.0,84.94999999999999,7.389074350890745,10.288047505827063
waybill_02025,2,2.36,64.42999999999999,10.26024977104127,10.284442122844277
waybill_10909,2,3.87,34.93,6.244404013790305,10.284349171184303
waybill_09952,3,1.0,101.19,6.815988536805988,10.27339556361462
waybill_06187,2,1.0,177.61,6.644383907669836,10.273091696303968
waybill_06215,2,1.0,177.61,6.644383907669836,10.273091696303968
waybill_06175,2,1.0,177.61,6.644383907669836,10.273091696303968
waybill_10681,2,1.0,123.78,6.478521022067872,10.271943194505205
waybill_03737,3,1.0,154.35,6.590044817165826,10.26695200847593
waybill_08155,3,1.0,82.22999999999999,6.704819038453881,10.265424443372392
waybill_04930,2,1.0,76.8,6.533085990657806,10.26261894755935
waybill_03887,4,1.0,217.94,6.583101362247427,10.25551634309017
waybill_10898,2,6.18,65.83,10.230281769879225,10.25439780048005
waybill_04139,1,1.0,30.24,6.221335606886399,10.246356185640956
waybill_00982,3,1.0,234.01,8.95056571805702,10.243592512603854
waybill_01520,2,1.9,195.88,6.2191649834458795,10.242781232878109
waybill_10327,3,1.0,74.24,6.461932224521766,10.227997432464171
waybill_07461,2,1.0,123.00999999999999,6.611796952927515,10.225530706670448
waybill_02170,2,2.36,205.84,8.133686587748008,10.22248224468277
waybill_02069,2,2.36,205.84,8.133686587748008,10.22248224468277
waybill_00670,3,1.0,177.44,6.204313877992515,10.218321900374448
waybill_09847,2,2.5,129.88,10.216063933447472,10.216063933447472
waybill_10139,3,1.56,192.08,6.948287776850163,10.211542241390589
waybill_01242,3,1.39,75.77,10.201834649947113,10.211376842955145
waybill_06600,4,1.0,259.27,6.189388505442715,10.193740252154193
waybill_06728,4,1.0,259.27,6.189388505442715,10.193740252154193
waybill_04893,2,1.0,195.73,6.679437366730216,10.193498991584955
waybill_10873,2,8.76,65.83,10.142256966710304,10.18396408093797
waybill_10001,2,1.0,158.82,6.180597800050132,10.179262219740101
waybill_01315,2,4.87,65.83,10.141825831879125,10.176413595525437
waybill_06832,3,1.0,172.17000000000002,10.132605675368357,10.173563934662594
waybill_10417,3,1.0,78.14,7.4214663737802615,10.168460555800577
waybill_11054,2,2.36,118.42,7.443446947790438,10.166724760003344
waybill_06966,1,0.26,20.0,6.171959927466665,10.16503589845333
waybill_06283,2,1.0,167.07,6.17032232017459,10.162338807560463
waybill_10318,2,5.15,129.75,8.636495790540721,10.156601181384463
waybill_07977,2,2.5,28.39,6.15799404026363,10.142034494289828
waybill_09850,3,1.0,81.39,6.746286030686645,10.13806259421562
waybill_08826,3,1.0,74.24,6.370770950817266,10.135726803926724
waybill_02457,3,1.0,262.55,6.149208316670601,10.127564666752615
waybill_05317,3,1.0,74.24,6.364637559211616,10.126545991015945
waybill_10923,3,1.0,93.60999999999999,6.3067699733224085,10.123061526945683
waybill_11125,3,1.0,93.60999999999999,6.3067699733224085,10.123061526945683
waybill_10941,2,1.56,227.26999999999998,6.14586543175842,10.122059033933208
waybill_10454,2,1.0,28.38,6.1438119237765045,10.118676966875219
waybill_03912,2,1.0,72.61,6.78329359365039,10.117512029424255
waybill_07407,2,1.0,28.39,6.141265027522052,10.11448230388965
waybill_09818,3,1.0,81.33999999999999,6.730856130867978,10.112650004469488
waybill_08197,2,1.0,28.38,6.139216948904598,10.111109178834734
waybill_04482,3,1.0,93.64999999999999,6.270588956430833,10.110455133795357
waybill_05313,3,4.21,79.14,7.618690327669701,10.109202384391242
waybill_10687,2,1.0,28.38,6.13611525469128,10.106000779980088
waybill_03849,2,1.0,77.05,6.325989186392103,10.105435592930982
waybill_04324,1,1.0,19.87,6.131842187938133,10.098963165113386
waybill_03320,1,1.0,19.87,6.131842187938133,10.098963165113386
waybill_05238,3,0.43,83.53,6.282138864208582,10.097428712036374
waybill_03764,3,1.0,157.97,8.994942624154433,10.09653245765038
waybill_08674,1,1.0,19.86,6.128756207974399,10.093880647164157
waybill_08244,3,1.2,72.4,6.684936999592468,10.083179847848601
waybill_07245,3,1.0,74.24,6.317134106031431,10.080714893922229
waybill_00635,2,1.0,194.01000000000002,10.068962693260268,10.078153585650803
waybill_07987,3,1.0,81.85,6.587551799832015,10.072288761301778
waybill_01317,3,2.74,92.83,8.512831655171869,10.072059797121627
waybill_02547,3,1.0,81.39,6.6753608021694575,10.070457226217984
waybill_11485,2,1.0,227.26999999999998,6.1089272475993734,10.061222934474845
waybill_09630,1,1.0,57.31,10.061058148823731,10.061058148823731
waybill_09607,1,1.0,57.31,10.061058148823731,10.061058148823731
waybill_01641,3,1.0,75.77,10.038595857158095,10.046035720540006
waybill_02886,1,0.3,19.76,6.097896408337066,10.043055467671893
waybill_08367,3,1.0,79.14,7.096512860835611,10.041843197000153
waybill_01436,2,4.6,162.79000000000002,6.094583050339797,10.037598464810163
waybill_04512,2,1.0,76.91,6.282785466899837,10.034280341641809
waybill_03589,2,1.0,76.91,6.282785466899837,10.034280341641809
waybill_07273,3,1.0,96.61,6.287115937293298,10.031275855688842
waybill_01146,3,1.44,92.83,6.666528976483587,10.02274299805489
waybill_08791,2,1.0,212.26999999999998,6.082281285850688,10.017337821656985
waybill_08776,2,1.0,212.26999999999998,6.082281285850688,10.017337821656985
waybill_07890,3,1.0,94.13,7.040559378565497,10.016121092343765
waybill_07917,3,1.0,94.13,7.040559378565497,10.016121092343765
waybill_04131,2,1.0,251.07,6.073327260164265,10.002590805537663
waybill_03453,2,1.0,251.07,6.073327260164265,10.002590805537663
waybill_04149,2,1.0,84.94,6.204974018396808,10.002389266805126
waybill_04051,2,1.0,84.94,6.204974018396808,10.002389266805126
waybill_08464,2,1.0,63.879999999999995,6.607070723951616,9.997192223319296
waybill_07356,2,0.31,69.0,6.462798394619872,9.990015502324761
waybill_04070,2,1.0,84.89,6.197259068487475,9.989682971932062
waybill_08127,3,1.0,97.57,6.814399136950554,9.98967271066885
waybill_08230,3,1.0,97.57,6.814399136950554,9.98967271066885
waybill_01210,2,1.0,28.14,6.065303508204342,9.989375922798398
waybill_03878,4,1.0,256.11,6.421344579148404,9.989107693918205
waybill_03725,4,1.0,256.11,6.421344579148404,9.989107693918205
waybill_08026,4,1.0,235.67,6.656976246366468,9.988066753585047
waybill_08106,4,2.13,81.02,7.3691494262065405,9.98705035356685
waybill_05098,3,1.0,163.32,6.54764690200851,9.976443984631938
waybill_10982,3,2.36,83.63,6.572442186187471,9.973769581504714
waybill_05138,3,1.0,28.12,6.055358665327571,9.97299706000038
waybill_03972,1,1.0,19.62,6.0546926888448,9.97190021638272
waybill_10146,4,1.0,200.61,6.530821705758113,9.966274044018435
waybill_10135,4,1.0,200.61,6.530821705758113,9.966274044018435
waybill_07215,3,1.0,98.64999999999999,6.5420646311023205,9.964237423473758
waybill_07475,3,1.0,98.64999999999999,6.5420646311023205,9.964237423473758
waybill_08725,1,1.6,31.85,6.048520728917333,9.961735180484265
waybill_08137,2,2.5,129.88,9.952573546591989,9.952573546591989
waybill_00535,2,2.0,85.32,6.62807319284556,9.948722084735339
waybill_01107,3,1.2,231.84,8.306587640190562,9.93910576253347
waybill_11450,3,5.16,61.629999999999995,8.614857528825038,9.934429869191366
waybill_06993,2,1.2,152.59,6.030177162481251,9.93152386778623
waybill_05159,2,2.36,152.52,9.91831474417971,9.928755249909578
waybill_06369,2,1.0,83.42,6.479893885329386,9.927606795849082
waybill_00876,3,1.98,213.07,9.139347661688289,9.902508483935739
waybill_06169,3,1.0,86.94,7.643153835701753,9.901426928333594
waybill_06033,3,1.0,86.94,7.643153835701753,9.901426928333594
waybill_01672,2,1.4,250.34,6.010355865182053,9.898878775956709
waybill_05692,2,0.42,76.67999999999999,6.1716688820766255,9.87724338315225
waybill_03558,2,1.0,27.83,5.995325438347622,9.874124106429267
waybill_05629,3,1.2,161.07999999999998,6.5113042200732645,9.868416291414121
waybill_11256,2,2.36,212.26999999999998,5.987511843635892,9.861255346477144
waybill_08582,2,1.2,84.08,9.852007593466302,9.852007593466302
waybill_00398,2,1.42,27.83,5.981077522580234,9.850658209541454
waybill_05986,2,1.2,152.52,9.823044885331294,9.842511416290366
waybill_05723,2,1.0,27.83,5.973950063850369,9.838919495307197
waybill_07732,2,1.2,92.88,6.915738109494452,9.837829072683851
waybill_10801,3,1.0,184.74,6.214124606971486,9.836490099789426
waybill_06367,3,1.0,183.04000000000002,6.53966117649416,9.836408003003706
waybill_03307,3,1.0,165.81,6.237959731266784,9.83272637414753
waybill_03590,3,1.0,165.81,6.237959731266784,9.83272637414753
waybill_09863,2,1.2,200.13000000000002,9.823136568299438,9.829914336458181
waybill_09707,2,1.2,200.13000000000002,9.823136568299438,9.829914336458181
waybill_06461,2,1.0,152.89,8.0528233070059,9.827745576109471
waybill_06128,2,1.2,152.52,9.81367347959858,9.827076987549491
waybill_06307,2,5.16,212.26999999999998,5.966561704227323,9.826751084999685
waybill_01470,2,1.0,236.75,5.965528671272556,9.825049710202556
waybill_10090,3,0.44,84.67,6.217403460372128,9.820852017238924
waybill_00348,3,0.6,224.68,9.344031286889951,9.820055407415632
waybill_07503,2,1.92,65.69,9.816183633120138,9.816183633120138
waybill_06308,1,5.16,19.31,5.959027309969065,9.81434215995669
waybill_06738,3,1.2,80.25999999999999,6.639347231051429,9.813436365752658
waybill_02633,3,1.2,80.63,6.834832784598681,9.800470603911016
waybill_03427,2,1.0,73.71,6.237651868836999,9.791489483015132
waybill_00546,2,1.87,133.66,5.942959443138665,9.787878857365286
waybill_02163,3,1.0,72.4,6.354641555519443,9.755014051413822
waybill_06882,3,1.0,163.43,6.614568686997078,9.742231392401193
waybill_06582,3,2.36,235.39,5.911159091838474,9.735504617035026
waybill_06653,3,2.36,235.39,5.911159091838474,9.735504617035026
waybill_08653,1,2.5,26.81,5.909651630549331,9.733021872769067
waybill_09830,2,1.0,177.61,6.500280468583402,9.725798502924853
waybill_01930,1,0.35,19.13,5.903479670621865,9.72285683687061
waybill_02661,2,5.12,65.83,9.675018403299614,9.720934566637016
waybill_08199,3,5.16,31.12,5.896098193503824,9.710699761845776
waybill_07933,3,1.0,81.13,6.365361242443214,9.706347468957457
waybill_07152,3,1.2,93.92999999999999,6.479965801065504,9.69989248220832
waybill_01984,2,4.88,65.83,9.662885967884456,9.688844020902264
waybill_11591,2,1.0,65.44,9.389183054131934,9.674441466441904
waybill_01113,3,1.0,81.39,6.271477711494953,9.664471021947781
waybill_05364,3,1.2,116.01,6.4616750690752385,9.66441814480406
waybill_09319,3,1.2,165.32999999999998,6.701951755757315,9.663344390949636
waybill_07500,1,1.2,144.0,9.658320707515829,9.658320707515829
waybill_00453,3,4.32,27.3,5.8625527088491225,9.655451338370344
waybill_01169,3,1.0,102.84,6.348819301705571,9.640896692164375
waybill_00343,3,1.3,108.72999999999999,6.234090866533494,9.6384764341487
waybill_08387,3,1.0,72.4,6.236655026711165,9.635199485582692
waybill_10567,3,1.0,162.79,6.421345629458164,9.628010853384431
waybill_04171,1,1.0,28.4,5.8427887313351095,9.622900650535819
waybill_09324,1,1.0,185.49,9.616126324055774,9.616126324055774
waybill_02734,2,1.0,205.83,7.973567191798484,9.597190663274763
waybill_06404,1,1.0,288.69,9.595365978255515,9.595365978255515
waybill_04619,2,1.0,87.38,9.594537993391667,9.594537993391667
waybill_07155,3,1.0,114.13,6.368083040787262,9.587116467992022
waybill_07162,3,1.0,114.13,6.368083040787262,9.587116467992022
waybill_07150,3,1.0,114.13,6.368083040787262,9.587116467992022
waybill_09272,2,4.5,212.26999999999998,5.820855124932473,9.586776647936071
waybill_09283,2,4.5,212.26999999999998,5.820855124932473,9.586776647936071
waybill_05960,2,1.2,63.879999999999995,6.190639954975746,9.580761454343424
waybill_03771,2,1.0,75.97999999999999,5.995789330272635,9.56160617236373
waybill_03683,2,1.0,81.92999999999999,6.0977541104810875,9.561082002650188
waybill_08182,3,1.0,137.1,9.558061267735248,9.558061267735248
waybill_05211,3,1.0,27.3,5.802308308301438,9.556230588163793
waybill_08611,2,1.0,215.49,7.8364402566938764,9.547758529973876
waybill_01330,2,1.3,195.88,5.793774713352048,9.542176009063667
waybill_03312,2,1.0,83.11,5.922606851715208,9.537338874450889
waybill_04290,2,1.0,83.11,5.922606851715208,9.537338874450889
waybill_04421,2,1.0,126.31,6.089341667840144,9.533369692816143
waybill_04059,2,1.0,126.31,6.089341667840144,9.533369692816143
waybill_03608,2,1.0,126.31,6.089341667840144,9.533369692816143
waybill_03782,2,1.0,126.31,6.089341667840144,9.533369692816143
waybill_08415,3,1.2,78.9,6.905041019715133,9.524623718159539
waybill_06688,3,1.2,218.85,6.252738412812755,9.520685599276572
waybill_02757,2,1.0,253.56,5.775237414245469,9.511645624373351
waybill_02756,2,1.0,253.56,5.775237414245469,9.511645624373351
waybill_01579,2,1.0,196.87,5.77288849875341,9.507777029862076
waybill_01962,2,1.98,112.97,6.350882883493252,9.487733907770606
waybill_06922,3,0.635,75.77,9.47310111708128,9.476026733887194
waybill_08664,2,1.0,200.91,6.263867435761997,9.45832821255133
waybill_08682,2,1.0,200.91,6.263867435761997,9.45832821255133
waybill_07022,3,1.56,165.32999999999998,6.83006344872698,9.452154785445764
waybill_02818,3,0.07,170.46,5.735907198744875,9.446869919871727
waybill_07187,3,1.45,90.39,6.3708231175476016,9.445000919041547
waybill_09680,2,4.5,31.89,5.732918643145287,9.441947856975771
waybill_02469,2,1.56,236.74,5.728024890401155,9.433887990595096
waybill_01040,2,1.0,71.74,6.265331176700338,9.425850807736284
waybill_00853,1,1.0,144.0,9.418430156496525,9.418430156496525
waybill_00998,1,1.0,144.0,9.418430156496525,9.418430156496525
waybill_00875,1,1.0,144.0,9.418430156496525,9.418430156496525
waybill_05573,3,1.2,168.42,6.237493634200198,9.417458335191828
waybill_10706,3,1.2,79.14,6.465609799436372,9.408230479415923
waybill_02017,2,1.16,250.34,5.71104684382833,9.405925648822533
waybill_00788,2,1.0,197.44,5.709222024412962,9.402920225086246
waybill_02766,2,1.0,191.21,5.703568112467645,9.393608398929523
waybill_10609,5,1.0,223.23000000000002,5.9436482777372746,9.391023565874946
waybill_00404,3,0.3,75.32,9.381450787848948,9.384464697068722
waybill_04831,3,1.0,98.11,7.88308460877645,9.384036824795238
waybill_02395,3,1.0,92.59,6.55995943915559,9.379232105850278
waybill_02397,3,1.0,92.59,6.55995943915559,9.379232105850278
waybill_08165,2,1.0,200.91,6.28651599506008,9.3779296500175
waybill_08158,2,1.0,200.91,6.28651599506008,9.3779296500175
waybill_08133,2,1.0,200.91,6.28651599506008,9.3779296500175
waybill_08151,2,1.0,200.91,6.28651599506008,9.3779296500175
waybill_08166,2,1.0,200.91,6.28651599506008,9.3779296500175
waybill_09224,3,1.0,72.4,5.975353105049873,9.371527949008993
waybill_07660,3,1.0,139.35,8.997674285598155,9.370550527167104
waybill_03792,2,1.0,72.87,5.9784295518834,9.364557975280091
waybill_07873,3,0.32,159.16,5.681552202484795,9.357348844761509
waybill_08617,2,1.0,212.26999999999998,5.678995453297685,9.353137954286565
waybill_08556,2,1.0,212.26999999999998,5.678995453297685,9.353137954286565
waybill_07576,1,1.0,185.49,9.352498839975913,9.352498839975913
waybill_11663,1,1.0,18.4,5.678203133269332,9.351833026577063
waybill_11590,1,1.0,18.4,5.678203133269332,9.351833026577063
waybill_11822,1,4.0,18.4,5.678203133269332,9.351833026577063
waybill_08239,2,1.2,42.16,5.678115583718789,9.351688835050448
waybill_01001,1,4.65,30.26,5.676145813293511,9.348444681277583
waybill_10653,2,1.56,147.26999999999998,5.675954187919549,9.348129079940522
waybill_10807,4,1.2,235.54,6.316408337144114,9.338999482858567
waybill_10620,4,6.13,169.69,8.634552232545282,9.336485066260984
waybill_04344,2,1.0,91.17,5.800093447154995,9.335562911866592
waybill_04187,2,1.0,91.17,5.800093447154995,9.335562911866592
waybill_06608,2,1.0,71.37,6.215314219139649,9.301961944712343
waybill_07232,2,1.2,50.480000000000004,5.6412082456855135,9.290903538251122
waybill_06706,3,2.36,141.14,6.558243353745868,9.27236614466203
waybill_03752,1,1.0,144.0,9.269305012351996,9.269305012351996
waybill_04101,1,1.0,144.0,9.269305012351996,9.269305012351996
waybill_03882,1,1.0,144.0,9.269305012351996,9.269305012351996
waybill_05241,3,0.86,81.13,5.929420806390498,9.267443833235417
waybill_09654,2,1.0,297.21,9.261688863147464,9.26733700327975
waybill_09712,2,1.0,297.21,9.261688863147464,9.26733700327975
waybill_09762,2,1.0,297.21,9.261688863147464,9.26733700327975
waybill_10241,3,2.36,182.91,6.758213176119921,9.266657689964473
waybill_02680,2,1.68,73.0,7.981590441041849,9.26301455291076
waybill_00924,2,2.81,225.01,5.61602935420839,9.249434646884993
waybill_07996,3,2.7,240.59,5.61453300764061,9.246970208237178
waybill_09844,3,1.0,72.4,5.833983140750152,9.229752780250118
waybill_06155,2,1.0,227.26999999999998,5.603994903447148,9.229614261554588
waybill_06185,2,1.0,227.26999999999998,5.603994903447148,9.229614261554588
waybill_06154,2,1.0,227.26999999999998,5.603994903447148,9.229614261554588
waybill_06203,2,1.0,227.26999999999998,5.603994903447148,9.229614261554588
waybill_07237,2,3.47,116.06,7.0016887280012,9.227828581826266
waybill_03714,2,1.0,235.94,5.7349788605016,9.225193464208678
waybill_03850,2,1.0,235.94,5.7349788605016,9.225193464208678
waybill_04363,2,1.0,235.94,5.7349788605016,9.225193464208678
waybill_04617,2,1.0,235.94,5.7349788605016,9.225193464208678
waybill_08658,2,1.2,67.17999999999999,6.967777151387399,9.217875461038386
waybill_07212,2,3.78,212.26999999999998,5.595389185180482,9.215440897478887
waybill_10365,4,1.0,190.86,6.167602602753929,9.210103575025048
waybill_04882,2,1.0,172.98,9.20219194025716,9.20219194025716
waybill_04878,2,1.0,172.98,9.20219194025716,9.20219194025716
waybill_02490,2,4.87,38.78,5.587076008014843,9.201749339965227
waybill_03978,3,1.0,152.25,5.941989024781827,9.199623239138328
waybill_10481,3,3.87,50.28,5.581288046675748,9.192216738412043
waybill_07337,2,1.0,227.26999999999998,5.580553585670001,9.191007102805655
waybill_07437,2,1.0,227.26999999999998,5.580553585670001,9.191007102805655
waybill_07470,2,1.0,227.26999999999998,5.580553585670001,9.191007102805655
waybill_07233,2,1.0,227.26999999999998,5.580553585670001,9.191007102805655
waybill_00536,2,1.1,208.79000000000002,5.578567361358986,9.187735849968453
waybill_06378,2,5.89,65.83,9.120035051375634,9.18735019946648
waybill_09360,2,1.0,160.79,6.272993279880522,9.185957839394032
waybill_06644,2,1.0,71.12,6.138164720046316,9.174898995981675
waybill_10661,3,1.0,103.61,5.813191905004396,9.170328096362109
waybill_05554,2,1.56,177.61,6.229175120053846,9.147105094419437
waybill_10596,5,1.2,179.16,9.005314088515487,9.142723452375003
waybill_00516,3,0.5,205.39000000000001,5.5507130081118445,9.141860552005909
waybill_01353,2,1.2,195.38,5.550112731489357,9.140871914119682
waybill_02803,2,1.0,145.0,5.543521296498578,9.130016015168458
waybill_11793,1,1.0,17.96,5.5424200148650655,9.128202236811093
waybill_08215,3,1.0,195.73,6.134237607617938,9.1271316388348
waybill_07449,3,1.0,79.89,6.0328779370863215,9.12562196185136
waybill_11332,3,1.2,98.03999999999999,5.916025779551571,9.112897160399738
waybill_02496,2,4.87,26.25,5.5327695100625345,9.112308140136976
waybill_00556,4,1.07,81.46,6.403045403022022,9.104212862324907
waybill_03959,3,1.0,212.98,5.66057988356254,9.102660544312656
waybill_08971,3,1.0,80.25999999999999,5.929841999622019,9.09783299506897
waybill_08269,2,1.2,30.04,9.082688524165507,9.092796075570126
waybill_05833,2,0.52,81.21,6.350699840305948,9.086788771259103
waybill_01375,2,1.2,276.87,5.516166951888291,9.08496421667819
waybill_01343,3,2.47,92.83,7.673975981122086,9.07955755433957
waybill_06751,3,1.2,183.91,5.980587848437125,9.07246164948205
waybill_05699,2,0.62,73.0,8.78006186052804,9.071923918055791
waybill_06871,3,1.2,224.03,5.980000042729748,9.071493550825053
waybill_11145,2,1.15,30.04,9.066839996576343,9.071327607448664
waybill_08067,2,1.0,152.59,5.499314239387745,9.057208296424722
waybill_08081,2,1.0,152.59,5.499314239387745,9.057208296424722
waybill_08013,2,1.0,152.59,5.499314239387745,9.057208296424722
waybill_06827,3,1.2,98.03999999999999,5.84930796531464,9.05384430429464
waybill_10901,3,3.87,106.92999999999999,6.1158908403934635,9.051001938496423
waybill_06715,2,1.2,26.25,5.492416389911264,9.045847741856226
waybill_01252,3,1.0,170.69,7.887453810528459,9.042400529412888
waybill_04213,3,1.0,240.79000000000002,5.708966591754622,9.042026117548401
waybill_04422,3,1.0,240.79000000000002,5.708966591754622,9.042026117548401
waybill_04439,3,1.0,240.79000000000002,5.708966591754622,9.042026117548401
waybill_05593,2,1.2,26.25,5.489349780356763,9.040797126399486
waybill_01110,3,1.9,102.34,5.876896502927249,9.04015869684293
waybill_10413,2,1.0,26.25,5.486498191501305,9.03610064368994
waybill_04601,2,1.0,77.53,5.9754036164096345,9.033101541192675
waybill_04465,2,1.0,77.53,5.9754036164096345,9.033101541192675
waybill_09694,2,1.2,26.25,5.481918638381142,9.028558254819565
waybill_08526,1,1.0,288.69,9.028190499378875,9.028190499378875
waybill_08562,1,1.0,288.69,9.028190499378875,9.028190499378875
waybill_08676,1,1.0,288.69,9.028190499378875,9.028190499378875
waybill_09051,2,1.0,26.25,5.480798921836706,9.026714114707824
waybill_10670,2,1.0,26.25,5.47880152241608,9.023424456794809
waybill_07172,3,1.2,75.32,9.01006173961362,9.015590464286214
waybill_01593,2,2.3,26.169999999999998,5.473203579030496,9.014204809204625
waybill_09836,2,3.0,26.169999999999998,5.472945042694191,9.013779007486779
waybill_09536,1,1.2,17.73,5.471442475699199,9.011304323978878
waybill_03634,1,1.0,17.73,5.471442475699199,9.011304323978878
waybill_06329,1,1.0,17.73,5.471442475699199,9.011304323978878
waybill_07389,2,3.67,31.03,5.470361159651425,9.009523428352145
waybill_01724,2,2.87,26.169999999999998,5.470351251413577,9.009507109776749
waybill_06536,1,1.2,144.07,5.466358197234359,9.00293066735761
waybill_03641,2,1.0,89.52,5.5964187695485945,9.000116727217629
waybill_04522,2,1.0,89.52,5.5964187695485945,9.000116727217629
waybill_06343,2,1.0,26.169999999999998,5.4644196113259405,8.999737873563921
waybill_07340,3,1.2,79.14,6.053820022437239,8.998042958128746
waybill_06024,2,2.36,212.26999999999998,5.461220973386732,8.994469811253031
waybill_06081,2,2.36,212.26999999999998,5.461220973386732,8.994469811253031
waybill_06108,2,2.36,212.26999999999998,5.461220973386732,8.994469811253031
waybill_07277,1,8.76,104.91,8.9892773946748,8.9892773946748
waybill_07339,3,1.0,207.33999999999997,6.909327092058627,8.988748879243312
waybill_01309,2,4.3,65.83,8.954794882357337,8.985334386192891
waybill_11035,2,1.0,26.169999999999998,5.452786240757028,8.980578055476517
waybill_05564,2,1.2,26.13,5.452318020791963,8.979806911008765
waybill_01582,2,1.0,253.57,5.451590996356484,8.9786095232142
waybill_04383,1,1.0,139.47,8.97770812550509,8.97770812550509
waybill_04531,1,1.0,139.47,8.97770812550509,8.97770812550509
waybill_07323,3,1.0,98.03999999999999,5.646994269531964,8.977014355510475
waybill_02363,2,1.0,26.13,5.4470035363322085,8.971054111906042
waybill_05090,1,1.0,17.65,5.446754635989332,8.970644180385063
waybill_03504,1,1.0,17.65,5.446754635989332,8.970644180385063
waybill_06928,2,1.0,26.13,5.441532015473801,8.962042678488055
waybill_09504,2,1.0,166.37,5.438436517268906,8.956944484276468
waybill_03613,1,1.0,17.61,5.434410716134399,8.950314108588158
waybill_00918,2,1.0,70.8,5.975249060109405,8.948094120508978
waybill_08101,2,1.0,152.52,8.937560271285253,8.944328062025631
waybill_10055,2,2.36,212.26999999999998,5.430400359971421,8.943709170312259
waybill_10075,2,2.36,212.26999999999998,5.430400359971421,8.943709170312259
waybill_03506,2,0.5,98.69999999999999,5.4961788010675585,8.943534389352713
waybill_11022,3,1.0,173.35,7.714203600220108,8.94127899518581
waybill_07770,2,4.16,212.26999999999998,5.426897424911822,8.937939939622291
waybill_10096,2,1.0,119.69,5.957825049820468,8.93466318619103
waybill_06376,3,1.0,161.31,5.991709203539867,8.933947270729485
waybill_03263,3,1.0,170.39,5.692049875682358,8.933628948929334
waybill_03989,3,1.0,170.39,5.692049875682358,8.933628948929334
waybill_06612,4,1.0,162.47,8.675572702351298,8.907980859870452
waybill_06597,2,1.0,167.07,5.400269202050855,8.894084042229121
waybill_02463,3,1.2,86.88,6.436802317670868,8.891430452378156
waybill_06011,5,1.0,201.01999999999998,5.803902396783597,8.888843446064328
waybill_05676,2,1.0,236.02,5.828611757885069,8.886626889637766
waybill_05570,2,1.0,236.02,5.828611757885069,8.886626889637766
waybill_10228,2,1.0,200.13000000000002,8.875995124723365,8.884575843967317
waybill_10236,2,1.0,200.13000000000002,8.875995124723365,8.884575843967317
waybill_10218,2,1.0,200.13000000000002,8.875995124723365,8.884575843967317
waybill_10354,2,1.0,200.13000000000002,8.875995124723365,8.884575843967317
waybill_05473,2,6.44,65.83,8.795332245386168,8.882830363132523
waybill_01144,3,1.0,98.11,5.597316292210562,8.882342971601714
waybill_11477,3,1.87,70.88,8.000175145082231,8.875598842030472
waybill_06743,3,1.0,235.39,5.386119106269253,8.870779251971745
waybill_06727,3,1.0,235.39,5.386119106269253,8.870779251971745
waybill_06779,3,1.0,235.39,5.386119106269253,8.870779251971745
waybill_06722,3,1.0,235.39,5.386119106269253,8.870779251971745
waybill_02514,3,1.0,96.53999999999999,5.945666812563056,8.868672754769024
waybill_07310,2,1.2,119.92,5.863463787847951,8.860267304073446
waybill_04315,2,0.5,72.61,5.525890306130499,8.860108741904364
waybill_02804,2,0.97,145.0,5.377215657603621,8.856115534713403
waybill_06058,2,1.0,149.05,8.855705599678105,8.855705599678105
waybill_06567,2,1.0,84.03,6.464317375696963,8.854717854692161
waybill_10773,2,1.2,40.370000000000005,5.370019683964257,8.844263978444715
waybill_05875,2,0.44,69.77,6.072386392432116,8.839588040325875
waybill_09084,3,1.2,78.88999999999999,5.944593205275381,8.838851145808466
waybill_08518,2,1.2,70.28999999999999,6.318999327770302,8.8346371894919
waybill_02569,2,4.65,65.83,8.78688194830922,8.82858315134026
waybill_04528,3,1.0,191.06,5.491043325455303,8.823438835242415
waybill_06770,3,1.0,78.89,5.9241944846097025,8.82249633135413
waybill_00434,3,1.48,93.47,6.3300607985701465,8.810722675609393
waybill_09079,3,1.0,79.32,5.830245980763084,8.809144385754097
waybill_00457,2,2.78,38.739999999999995,5.344970654956395,8.803008966733897
waybill_07523,2,1.0,120.19999999999999,5.744636583118448,8.797343162937754
waybill_06690,3,0.33,147.76,6.832392324027659,8.790324486478692
waybill_06102,3,1.0,81.46,5.820230588696238,8.79026947315645
waybill_03829,2,1.0,84.07,5.974766843152256,8.785892326726868
waybill_04293,2,1.0,84.07,5.974766843152256,8.785892326726868
waybill_08774,3,1.0,79.64,5.738511241870552,8.782716882216919
waybill_04173,2,1.0,88.41,5.4594012591588355,8.774452930271966
waybill_04435,2,1.0,88.41,5.4594012591588355,8.774452930271966
waybill_05342,3,1.0,103.88,5.5417095688827285,8.771207871222167
waybill_05507,3,1.0,103.88,5.5417095688827285,8.771207871222167
waybill_05460,3,1.0,103.88,5.5417095688827285,8.771207871222167
waybill_08878,3,1.0,252.26999999999998,5.324238002451579,8.768862899770026
waybill_08860,3,1.0,252.26999999999998,5.324238002451579,8.768862899770026
waybill_08940,3,1.0,252.26999999999998,5.324238002451579,8.768862899770026
waybill_08947,3,1.0,252.26999999999998,5.324238002451579,8.768862899770026
waybill_08873,3,1.0,252.26999999999998,5.324238002451579,8.768862899770026
waybill_08866,3,1.0,252.26999999999998,5.324238002451579,8.768862899770026
waybill_07711,2,2.87,212.26999999999998,5.323696100125306,8.767970402627347
waybill_11721,2,1.0,40.37,5.310703171501263,8.74657143253655
waybill_11726,2,1.0,40.37,5.310703171501263,8.74657143253655
waybill_00464,1,0.52,88.0,5.308813651896139,8.743459449496699
waybill_01337,2,1.2,25.68,5.308714787633717,8.743296622973451
waybill_09204,3,1.0,79.19,5.790128241234551,8.743071652414148
waybill_07642,2,1.2,59.36,6.2496133637902105,8.737299693714904
waybill_01899,2,1.0,223.79000000000002,5.303006507291708,8.733895253671502
waybill_01781,2,1.0,223.79000000000002,5.303006507291708,8.733895253671502
waybill_07030,2,1.2,39.97,5.302403915175281,8.732902802235074
waybill_10888,3,2.36,239.89,5.301442890788639,8.73132002342505
waybill_10918,3,2.36,239.89,5.301442890788639,8.73132002342505
waybill_08545,1,1.2,17.16,5.2955416177664,8.721600800872958
waybill_00973,1,2.76,23.37,5.293867309488203,8.718843264538805
waybill_06691,3,1.0,81.64,5.7118097153493705,8.717924613310437
waybill_08084,2,1.0,194.01000000000002,8.709931428752363,8.71669921949274
waybill_02555,2,1.0,42.72,5.290887267555387,8.713935223400822
waybill_02551,2,1.0,42.72,5.290887267555387,8.713935223400822
waybill_05478,3,1.08,79.64,5.668079022875957,8.709591157365661
waybill_10025,3,1.0,89.27,8.70054706909879,8.708934725967689
waybill_05332,2,0.56,73.0,8.447949397515385,8.706854506176557
waybill_03760,2,1.0,119.74000000000001,5.582469458796944,8.698566119655665
waybill_03298,2,1.0,119.74000000000001,5.582469458796944,8.698566119655665
waybill_04396,2,1.0,119.74000000000001,5.582469458796944,8.698566119655665
waybill_04423,2,1.0,119.74000000000001,5.582469458796944,8.698566119655665
waybill_02930,2,1.2,55.42,8.637996167261596,8.679034776758348
waybill_10425,3,1.0,75.19,6.511102284478929,8.66911776077871
waybill_00474,3,2.1,204.4,5.262313543992754,8.666875143753504
waybill_02014,2,1.0,193.47,5.25637690146196,8.65709766866439
waybill_02200,3,1.15,74.64,8.644571748622582,8.656363947779772
waybill_10733,3,1.0,78.28999999999999,5.882279290388265,8.654242024381073
waybill_06258,2,1.0,69.62,5.910009048813262,8.647262626924622
waybill_04498,3,1.0,180.48,7.379654987221647,8.643654406968858
waybill_04401,3,1.0,180.48,7.379654987221647,8.643654406968858
waybill_01759,3,1.0,78.89,5.741429648043856,8.635863438449126
waybill_02090,2,1.87,236.75,5.243262361382662,8.635498408094907
waybill_01993,3,1.0,92.59,5.816759645354971,8.633204402088971
waybill_01812,3,1.0,92.59,5.816759645354971,8.633204402088971
waybill_01727,2,2.87,192.99,5.241400324643886,8.632431688525056
waybill_06893,3,1.0,79.19,5.6786983641218045,8.630195701270457
waybill_00318,3,0.73,86.5,5.721512863230875,8.626722667384724
waybill_06732,3,1.0,107.22,5.5218361843204224,8.61114016501038
waybill_03401,2,1.0,71.37,5.5155325573234,8.602180282896093
waybill_04389,2,1.0,79.41,5.351700558424541,8.597073053843953
waybill_03743,2,1.0,79.41,5.351700558424541,8.597073053843953
waybill_03507,3,0.5,256.79,5.3232672668639776,8.587027418155534
waybill_05185,3,1.2,74.96000000000001,8.571907216961534,8.577215948688584
waybill_06557,3,1.0,227.14999999999998,5.599553331780781,8.57447405640633
waybill_08117,3,1.0,78.89,5.674101730566948,8.567863448330684
waybill_06577,3,1.87,200.73000000000002,5.937571386447676,8.56757201044204
waybill_08519,1,8.0,124.27,5.199928543635814,8.564128888818951
waybill_01578,1,1.0,16.81,5.187532319035732,8.543712672650024
waybill_08010,4,1.0,188.99,5.774243281145377,8.534231604674154
waybill_08970,2,2.5,212.26999999999998,5.1805073159600585,8.532142699855292
waybill_08900,2,2.5,212.26999999999998,5.1805073159600585,8.532142699855292
waybill_06439,3,1.2,186.13,5.857966837828283,8.526833339702982
waybill_03802,2,0.5,96.24000000000001,5.243128444041426,8.526767917516128
waybill_07050,2,1.0,227.26999999999998,5.176241141509566,8.525116436407703
waybill_06890,2,1.0,227.26999999999998,5.176241141509566,8.525116436407703
waybill_07037,2,1.0,227.26999999999998,5.176241141509566,8.525116436407703
waybill_08817,3,1.0,102.34,5.389429322350067,8.519486096072646
waybill_08968,3,1.0,102.34,5.389429322350067,8.519486096072646
waybill_08958,3,1.0,102.34,5.389429322350067,8.519486096072646
waybill_03549,2,1.0,33.45,5.165196828103356,8.506926778087296
waybill_07519,2,1.2,232.07,5.16514654096105,8.506843956647627
waybill_05787,2,1.2,55.42,8.442989547034063,8.49655187808545
waybill_10042,3,1.2,156.13,5.7965993096826605,8.493589371753238
waybill_06253,2,1.0,94.68,5.652382125684757,8.491506677674977
waybill_06177,2,4.16,129.88,8.489377880639351,8.489377880639351
waybill_06884,2,2.36,212.26999999999998,5.153185955497065,8.487145225282429
waybill_10497,3,1.0,160.54,5.727000137618164,8.484444314808432
waybill_11463,2,2.36,66.64,8.445164893841682,8.481627008811628
waybill_01572,2,1.0,157.46,5.1478849890732254,8.47841468998601
waybill_04369,3,1.0,164.70999999999998,5.280719122857043,8.477041079124376
waybill_03583,2,1.0,71.12,5.438383058230067,8.475117334165425
waybill_00110,1,0.57,57.0,5.141717385727998,8.468256829249965
waybill_08323,1,0.63,16.0,8.463278489538782,8.463278489538782
waybill_02681,3,0.53,169.97,6.272772378826727,8.457500232302799
waybill_02688,2,1.2,38.78,5.1337631246568565,8.455156395954216
waybill_11019,3,1.2,79.63999999999999,5.413674126083013,8.45509112640688
waybill_02075,3,1.0,80.97,5.578661977937294,8.449951907675938
waybill_03053,2,1.0,40.739999999999995,5.12022723566381,8.43286318615558
waybill_03054,2,1.0,40.739999999999995,5.12022723566381,8.43286318615558
waybill_09007,3,1.0,97.24000000000001,8.42115878745595,8.427212132047387
waybill_01719,2,2.3,191.22,5.115226543058178,8.424627192978248
waybill_04001,2,0.5,95.6,5.177294204815115,8.418340867932626
waybill_05315,2,1.2,195.73,5.603228246239081,8.407232058236573
waybill_05180,2,1.2,195.73,5.603228246239081,8.407232058236573
waybill_02705,3,1.2,74.64,8.374677626871382,8.400694201385381
waybill_01112,2,1.0,25.009999999999998,5.099391779555806,8.398547804690448
waybill_08480,1,4.5,16.49,5.088780960196265,8.38107209827477
waybill_01127,3,1.0,103.23,5.289752060837487,8.375793757133504
waybill_11126,2,1.0,24.97,5.082468645109029,8.370675901569317
waybill_10346,3,1.0,188.51999999999998,5.560534615475464,8.368239834393014
waybill_06702,3,1.0,78.72,5.782494802266603,8.367340185288576
waybill_01755,3,2.87,96.61,5.727931102988491,8.365656716028042
waybill_10671,2,1.87,174.01,8.365385702561008,8.365385702561008
waybill_10820,2,1.87,174.01,8.365385702561008,8.365385702561008
waybill_07106,3,1.0,160.72,5.7782681168253465,8.364869028160767
waybill_08381,2,1.56,19.299999999999997,8.34723543150109,8.360375248327095
waybill_02557,3,1.0,81.28999999999999,5.425229434337551,8.35912558373712
waybill_00561,2,1.0,208.79000000000002,5.071424873962714,8.352487136334956
waybill_00605,2,1.0,208.79000000000002,5.071424873962714,8.352487136334956
waybill_07241,3,1.0,107.22,5.266872258374186,8.350964618535421
waybill_04660,2,1.0,69.11,5.703200606343723,8.338630747194921
waybill_01756,3,1.94,75.19,6.175612162428837,8.334206424748873
waybill_04549,3,1.0,256.07,5.567932346537244,8.332548733706197
waybill_03831,3,1.0,256.07,5.567932346537244,8.332548733706197
waybill_04311,2,0.5,95.09,5.124832545431648,8.331938062795771
waybill_04303,3,0.47,204.45999999999998,7.789979615002529,8.323624089178967
waybill_10339,4,1.0,196.62,5.629099099082461,8.323204192884997
waybill_02979,2,3.87,66.64,8.056611075791043,8.317223304899832
waybill_01601,3,1.8,76.22999999999999,5.943841074079153,8.313147651048727
waybill_10568,2,5.16,64.42999999999999,8.282373072973945,8.306940277245037
waybill_02145,2,6.3,24.52,5.037388998098047,8.296431053005577
waybill_11134,2,2.36,119.79,6.304859036901545,8.291504064511704
waybill_05858,1,2.03,55.91,8.28248379608265,8.28248379608265
waybill_05642,3,0.27,169.79,7.833812248138045,8.271166851534927
waybill_10509,3,1.0,78.9,5.647155105679449,8.26637085662819
waybill_10149,1,1.0,144.0,8.26386776732719,8.26386776732719
waybill_08040,3,1.0,78.28999999999999,5.4889429327429475,8.262912371377084
waybill_10389,1,5.16,57.31,8.249413658753845,8.249413658753845
waybill_01770,2,1.0,195.38,5.000820554066642,8.236203904628358
waybill_10242,2,1.87,40.760000000000005,4.999401365762075,8.233866543363517
waybill_10216,2,1.87,40.760000000000005,4.999401365762075,8.233866543363517
waybill_05655,2,3.87,24.52,4.995318999493978,8.227143006569124
waybill_04274,2,1.0,81.87,5.63530904714159,8.226815352311936
waybill_03468,2,1.0,81.87,5.63530904714159,8.226815352311936
waybill_06631,3,5.16,153.0,7.020418203334127,8.219644296132966
waybill_01921,3,1.0,93.03,8.213334633714673,8.21865390687406
waybill_05568,3,1.2,165.32999999999998,5.506817741878065,8.214056698940842
waybill_05658,3,1.2,165.32999999999998,5.506817741878065,8.214056698940842
waybill_01645,2,1.1,40.739999999999995,4.984163216072346,8.208769760422209
waybill_01653,2,1.1,40.739999999999995,4.984163216072346,8.208769760422209
waybill_01834,2,0.85,143.88,4.983968645127909,8.208449307817485
waybill_03244,4,3.0,169.74,5.7858961525051695,8.206172490231484
waybill_00839,3,1.0,228.79000000000002,4.982013593852704,8.205229396050507
waybill_00841,3,1.0,228.79000000000002,4.982013593852704,8.205229396050507
waybill_00863,3,1.0,228.79000000000002,4.982013593852704,8.205229396050507
waybill_10372,1,1.56,143.37,4.9798097975808,8.20159980861312
waybill_10370,1,1.56,143.37,4.9798097975808,8.20159980861312
waybill_06464,3,1.0,232.32999999999998,5.372271356711609,8.2001473493634
waybill_09603,2,1.2,147.26999999999998,4.977736934665598,8.198185864551068
waybill_09674,2,1.0,200.13000000000002,8.185947140249532,8.191595280381817
waybill_09729,2,1.0,200.13000000000002,8.185947140249532,8.191595280381817
waybill_04157,3,0.5,165.25,5.039708983231186,8.190178245085923
waybill_05557,3,1.27,76.22999999999999,5.82172720130402,8.189903342652041
waybill_09369,1,1.0,32.22,4.971513721574398,8.187936416204158
waybill_09299,1,1.0,32.22,4.971513721574398,8.187936416204158
waybill_11451,3,2.36,72.63,6.79193192543108,8.186039870536494
waybill_09473,2,3.0,149.26999999999998,4.969858398530665,8.185210147991008
waybill_07859,2,1.0,67.17999999999999,5.919235594182112,8.169333903833097
waybill_00387,3,1.52,285.39,4.958848948194875,8.167077908118952
waybill_08451,3,2.36,101.96,5.923213170458045,8.156147512977471
waybill_08195,2,1.2,24.52,4.9501208310895715,8.152702956767357
waybill_08872,2,1.0,24.52,4.949116172481163,8.1510483136815
waybill_02042,2,1.87,64.42999999999999,8.129943674511516,8.149113038016441
waybill_00722,2,2.85,250.34,4.944398443455412,8.143278353171466
waybill_04148,2,1.0,70.46,5.234708380623666,8.139671149516467
waybill_04515,1,1.0,16.0,4.937567941973333,8.132028718762664
waybill_03919,1,1.0,16.0,4.937567941973333,8.132028718762664
waybill_05250,3,0.55,91.17999999999999,5.129079222237644,8.12886597375921
waybill_01502,2,1.2,193.6,4.9308371619686255,8.12094332268484
waybill_08559,2,3.0,212.26999999999998,4.923326161621094,8.10857292672258
waybill_08575,2,3.0,212.26999999999998,4.923326161621094,8.10857292672258
waybill_00917,1,1.0,31.84,4.912880102263466,8.091368575168852
waybill_00883,1,1.0,31.84,4.912880102263466,8.091368575168852
waybill_03315,1,1.0,31.84,4.912880102263466,8.091368575168852
waybill_07670,1,1.0,31.84,4.912880102263466,8.091368575168852
waybill_03254,4,2.0,214.24,6.476756657613686,8.090274216097896
waybill_07478,3,1.0,93.92999999999999,5.39997150088792,8.083243735173598
waybill_10890,2,4.87,65.83,8.061726896328775,8.080730952805476
waybill_10309,2,2.36,38.739999999999995,4.900539925881919,8.071044668762159
waybill_01753,2,2.87,191.86,4.89268458874202,8.058107160262443
waybill_05393,3,1.0,116.01,5.384729224229366,8.053681787336716
waybill_09338,3,1.0,165.32999999999998,5.584959796464429,8.05278699245803
waybill_02720,2,4.87,55.42,7.9353599730181745,8.040943904587488
waybill_10772,3,1.0,89.72999999999999,5.508875714776531,8.039257352524647
waybill_10639,3,1.0,89.72999999999999,5.508875714776531,8.039257352524647
waybill_05899,3,0.29,145.03,4.877403032496876,8.032938888005063
waybill_00737,2,2.81,250.34,4.875003377582353,8.028986727162042
waybill_10648,3,1.2,239.89000000000001,4.874554043689604,8.028246687498166
waybill_03304,3,1.0,92.83,5.1629972102715564,8.021564967766109
waybill_07823,2,2.36,232.07,4.868476360626018,8.01823692281291
waybill_08104,2,1.0,177.61,5.444202392055788,7.990663998114828
waybill_08218,2,1.0,177.61,5.444202392055788,7.990663998114828
waybill_06503,3,2.36,90.08,6.270661419770357,7.990401622171151
waybill_10403,3,1.56,155.99,5.741365344205831,7.977360060831245
waybill_08501,2,1.2,59.36,5.485623129450634,7.973309459375327
waybill_04493,2,1.0,112.78999999999999,5.754132623275581,7.969491171978982
waybill_03467,2,1.0,112.78999999999999,5.754132623275581,7.969491171978982
waybill_04403,2,1.0,112.78999999999999,5.754132623275581,7.969491171978982
waybill_03411,2,1.0,112.78999999999999,5.754132623275581,7.969491171978982
waybill_04554,2,1.0,112.78999999999999,5.754132623275581,7.969491171978982
waybill_01906,2,1.2,194.51,4.836953022559759,7.966318915105733
waybill_10005,2,1.0,148.92000000000002,7.964302102918895,7.964302102918895
waybill_03306,2,1.0,84.31,5.126699081892999,7.961783021293532
waybill_04037,3,1.0,204.94,4.962119751770896,7.952317315137687
waybill_08997,2,3.0,65.83,7.933186455345452,7.95134648911977
waybill_05144,2,2.36,150.32,5.984660160006217,7.9512427355039685
waybill_03554,2,1.0,24.03,4.822653052128956,7.942767285723135
waybill_00077,2,0.64,65.83,7.773586200641121,7.940816958356913
waybill_07604,2,1.2,149.05,7.926714096346233,7.926714096346233
waybill_02478,2,3.87,23.95,4.810401298206058,7.922589008496958
waybill_03500,2,0.5,146.22,6.5718905382725445,7.919553678480544
waybill_03095,3,0.45,240.59,4.8067493445093055,7.916574348508358
waybill_02867,2,1.0,37.370000000000005,4.803501322464556,7.911224952032708
waybill_07905,3,1.0,170.48,6.777105276579273,7.908365026258075
waybill_10569,2,4.87,65.83,7.859105157299518,7.906541898336128
waybill_07566,2,1.0,167.07,7.126273567803541,7.905366816909783
waybill_05958,1,1.0,288.69,7.896469735646536,7.896469735646536
waybill_05889,1,1.0,288.69,7.896469735646536,7.896469735646536
waybill_05946,1,1.0,288.69,7.896469735646536,7.896469735646536
waybill_02326,3,1.0,103.26,5.035937159764319,7.886774141277281
waybill_10675,2,2.36,212.26999999999998,4.788196015765518,7.886017563478514
waybill_10533,2,2.36,129.75,7.885152940453615,7.885152940453615
waybill_10546,2,2.36,129.75,7.885152940453615,7.885152940453615
waybill_10743,2,1.0,297.21,7.878742927220171,7.88350401331922
waybill_10789,2,1.0,297.21,7.878742927220171,7.88350401331922
waybill_10699,2,1.0,297.21,7.878742927220171,7.88350401331922
waybill_10883,2,1.0,297.21,7.878742927220171,7.88350401331922
waybill_10814,2,1.0,297.21,7.878742927220171,7.88350401331922
waybill_07802,1,1.2,15.51,4.786354923750399,7.882985339250558
waybill_05923,1,2.36,15.51,4.786354923750399,7.882985339250558
waybill_07486,1,1.0,15.51,4.786354923750399,7.882985339250558
waybill_07704,2,1.0,118.24,5.219917081014721,7.881302215677334
waybill_10388,3,1.0,146.28,5.355641758698592,7.872828021560993
waybill_02618,2,8.62,66.64,7.794796947976036,7.872101113594866
waybill_11595,2,2.63,22.259999999999998,4.779458575039044,7.871627256397945
waybill_01183,2,1.2,23.95,4.774400067271982,7.86329604335556
waybill_00386,3,0.3,78.89,4.972888337745687,7.862896173988819
waybill_09160,2,1.0,23.95,4.771023530178039,7.857734986385691
waybill_04532,2,0.5,218.84,5.634893093967109,7.854377821173864
waybill_10997,2,1.0,23.95,4.7676986888082284,7.852259070748199
waybill_01918,2,1.0,297.21,7.846404781532351,7.851724054691738
waybill_06637,3,1.3,82.64,7.834409842571569,7.849110138208958
waybill_05544,3,1.0,168.42,5.197911361833498,7.847881945993189
waybill_00959,2,1.2,86.68,5.006405729862941,7.84291576782454
waybill_06548,1,1.2,15.43,4.761667084040532,7.842325195656745
waybill_00553,2,2.44,64.42999999999999,7.794372480813414,7.816798258246321
waybill_05382,3,1.0,159.66,5.1606345951228665,7.815146630378972
waybill_10613,4,5.13,169.69,7.225979274544421,7.813404305043857
waybill_07247,2,1.0,118.24,5.139784510226715,7.8011696448893275
waybill_08316,2,1.0,42.16,4.731762986432325,7.7930740292087055
waybill_00942,2,1.0,97.77000000000001,5.236238025685974,7.792564826099273
waybill_04685,3,1.0,163.35,4.861025847789308,7.785818638029551
waybill_01787,2,1.2,236.75,4.725368875752292,7.782543117575278
waybill_10932,4,1.0,235.54,5.263673614286763,7.782499569048805
waybill_07722,1,1.0,191.61,7.781683900353865,7.781683900353865
waybill_10847,2,6.18,117.51,6.217388297833107,7.780278232877288
waybill_06186,2,1.0,194.01000000000002,7.762144570752861,7.773314160711955
waybill_10991,2,2.36,212.26999999999998,4.714193865464175,7.764138205346542
waybill_10975,2,2.36,212.26999999999998,4.714193865464175,7.764138205346542
waybill_11114,3,1.0,92.59,4.94497528997371,7.760003043872081
waybill_11129,3,1.0,92.59,4.94497528997371,7.760003043872081
waybill_02459,2,1.0,145.0,4.700117694906604,7.740955167752002
waybill_11462,2,1.0,147.26999999999998,4.696242843970136,7.734573402586115
waybill_07623,3,1.2,164.32,5.2139475348360005,7.728321108361293
waybill_10571,5,1.0,219.77,6.446499394539498,7.722992305312882
waybill_04027,3,1.0,242.26,4.902908625227475,7.714472429210397
waybill_03592,3,1.0,242.26,4.902908625227475,7.714472429210397
waybill_10724,3,1.0,76.42,5.305201037170132,7.703811167875686
waybill_07780,1,1.0,30.26,4.669087685128533,7.689849657179947
waybill_07741,1,1.0,30.26,4.669087685128533,7.689849657179947
waybill_05828,2,0.44,81.21,5.3736690956434945,7.688821267988471
waybill_11382,3,1.56,103.2,5.448019862224102,7.686639088773559
waybill_06573,3,1.2,205.56,7.334123052700077,7.685230646940005
waybill_07565,1,3.87,144.07,4.660322064359391,7.675412938400545
waybill_03337,4,1.0,250.29,4.878721546316859,7.67463702387813
waybill_04647,3,1.0,138.85,7.672253670047051,7.672253670047051
waybill_00431,1,0.3,15.07,4.650571805346132,7.659354549484585
waybill_08637,3,1.0,252.26999999999998,4.641726189874476,7.644786081790367
waybill_08636,3,1.0,252.26999999999998,4.641726189874476,7.644786081790367
waybill_08689,3,1.0,252.26999999999998,4.641726189874476,7.644786081790367
waybill_08652,3,1.0,252.26999999999998,4.641726189874476,7.644786081790367
waybill_08660,3,1.0,252.26999999999998,4.641726189874476,7.644786081790367
waybill_08629,3,1.0,252.26999999999998,4.641726189874476,7.644786081790367
waybill_08628,3,1.0,252.26999999999998,4.641726189874476,7.644786081790367
waybill_10186,2,3.87,129.75,6.489949263959726,7.632242052807353
waybill_05891,1,1.0,144.0,7.623828659919394,7.623828659919394
waybill_05956,1,1.0,144.0,7.623828659919394,7.623828659919394
waybill_03348,4,1.0,214.24,7.326987613201654,7.623181648527773
waybill_03271,3,1.0,241.79000000000002,4.844892201909289,7.618921091764937
waybill_04180,3,1.0,241.79000000000002,4.844892201909289,7.618921091764937
waybill_07930,3,1.0,74.64,7.606299011666903,7.61700181698757
waybill_04080,3,1.0,241.76999999999998,4.842423417938302,7.6148550774055535
waybill_02645,3,1.56,74.64,7.590195983351752,7.604186064368616
waybill_06335,2,3.87,129.88,6.811931528702932,7.60361495929942
waybill_06266,2,1.0,59.36,5.109176176354268,7.596862506278962
waybill_04168,2,0.5,90.75,4.6783941106782265,7.596667132807648
waybill_11239,3,1.0,98.03999999999999,4.930021482959643,7.5940809669997815
waybill_11236,3,1.0,98.03999999999999,4.930021482959643,7.5940809669997815
waybill_03580,3,1.0,162.97,4.7437586091674415,7.592682955958937
waybill_03917,2,1.0,64.11,7.582535429183206,7.582535429183206
waybill_08446,2,1.0,30.04,7.568907103471257,7.577330062975105
waybill_05046,2,1.0,67.17999999999999,5.321931739226384,7.572030048877371
waybill_07317,2,1.0,30.04,7.565310864804183,7.571407163996529
waybill_01364,2,1.0,276.87,4.596805793240243,7.5708035138984915
waybill_01376,2,1.0,276.87,4.596805793240243,7.5708035138984915
waybill_06809,3,1.0,183.91,4.983823207030938,7.56038470790171
waybill_06676,3,1.0,224.03,4.983333368941458,7.5595779590208805
waybill_06744,3,1.0,224.03,4.983333368941458,7.5595779590208805
waybill_01765,2,1.0,67.89999999999999,5.163568015713714,7.557417060320219
waybill_02435,2,1.0,192.01000000000002,4.587867939547891,7.556083132576255
waybill_06720,3,1.0,98.03999999999999,4.874423304428867,7.544870253578868
waybill_06761,3,1.0,98.03999999999999,4.874423304428867,7.544870253578868
waybill_04118,2,1.0,70.46000000000001,7.537768503312854,7.537768503312854
waybill_10395,4,1.0,194.72,5.152034651052595,7.537493122643183
waybill_07886,2,0.59,73.0,7.122863554935785,7.51899082603986
waybill_00631,3,1.0,75.69999999999999,5.259177352532905,7.518466554574427
waybill_10532,3,1.2,163.3,5.246369267887397,7.503308265613958
waybill_06501,1,1.0,144.07,4.5552984976953,7.50244222279801
waybill_06545,1,1.0,144.07,4.5552984976953,7.50244222279801
waybill_06575,1,1.0,144.07,4.5552984976953,7.50244222279801
waybill_06547,1,1.0,144.07,4.5552984976953,7.50244222279801
waybill_01468,2,1.3,191.86,4.553210767931249,7.499003793474546
waybill_01104,2,4.08,65.83,7.466889179061061,7.4948979182501025
waybill_03958,1,1.0,29.45,4.544105496597332,7.484007680236266
waybill_03513,1,1.0,29.45,4.544105496597332,7.484007680236266
waybill_04627,2,1.0,78.87,5.17241205258159,7.464437659927935
waybill_03274,2,1.0,78.87,5.17241205258159,7.464437659927935
waybill_07403,2,2.36,232.07,4.528079049879016,7.457612595347372
waybill_07524,2,2.36,232.07,4.528079049879016,7.457612595347372
waybill_01713,2,4.6,205.84,5.896424810784038,7.453095785394125
waybill_01747,2,4.6,205.84,5.896424810784038,7.453095785394125
waybill_00919,2,1.0,193.6,4.524205718339361,7.4512333325832065
waybill_10272,2,2.36,212.26999999999998,4.51664600924296,7.438782714748699
waybill_10275,2,2.36,212.26999999999998,4.51664600924296,7.438782714748699
waybill_07653,2,1.0,200.91,4.943793827161297,7.426535363526064
waybill_05383,3,2.27,92.83,5.303929276132514,7.420564275899125
waybill_10893,4,1.2,213.95,7.050740226023443,7.4197863008719755
waybill_08314,2,1.56,129.88,7.412778825603818,7.412778825603818
waybill_08452,2,1.56,129.88,7.412778825603818,7.412778825603818
waybill_02402,3,1.0,86.88,5.364001931392391,7.409525376981797
waybill_06941,5,1.0,205.26999999999998,5.195404614095318,7.404910036401582
waybill_05276,3,0.29,240.0,6.981138384553617,7.400099060665452
waybill_07054,2,1.2,35.15,4.491071728346482,7.396662628674754
waybill_10200,2,2.16,38.739999999999995,4.485239932163113,7.387057832426385
waybill_09528,2,1.0,71.37,5.843207663024048,7.386531525810394
waybill_09479,2,1.0,71.37,5.843207663024048,7.386531525810394
waybill_05840,2,0.57,85.41,5.396082291681623,7.38257851807632
waybill_01231,3,1.2,105.55,5.339095777719763,7.380730790489569
waybill_10688,2,1.0,40.370000000000005,4.475016403303547,7.370219982037262
waybill_06331,2,3.87,212.26999999999998,4.474921278170492,7.370063313749763
waybill_00688,2,1.0,37.97,4.469211434471988,7.360659369645791
waybill_10805,1,5.16,124.27,4.467899768075432,7.358499093791041
waybill_04302,2,1.0,118.63,4.598926769852568,7.354149189833366
waybill_10634,4,1.0,235.54,4.706517179194806,7.353505147809178
waybill_06076,2,1.56,174.38,7.353189822341662,7.353189822341662
waybill_03673,2,1.0,81.91,4.756381486245,7.351880867386331
waybill_04121,2,1.0,81.91,4.756381486245,7.351880867386331
waybill_01972,2,4.87,22.85,4.462249537896093,7.349193331394253
waybill_03445,3,0.5,171.09,4.5881634933674365,7.336065274068092
waybill_05932,3,0.255,101.27000000000001,5.679791036921782,7.327221230999509
waybill_06325,1,3.87,57.31,7.324484743829435,7.324484743829435
waybill_08236,2,0.3,112.97,4.735462623634784,7.31921766368498
waybill_06985,3,2.36,66.94,5.008296375280024,7.319181293091111
waybill_10930,3,1.0,77.63,4.673409053165176,7.312741464340133
waybill_05197,2,1.0,113.0,7.306703278866816,7.306703278866816
waybill_07740,2,1.2,212.26999999999998,4.428184645014405,7.293089457893984
waybill_10046,2,2.36,65.83,7.270653616558024,7.290448486768627
waybill_06324,1,4.34,55.91,7.287426450441306,7.287426450441306
waybill_07137,2,1.0,39.97,4.418669929312735,7.277419001862563
waybill_06386,2,5.23,55.42,7.209968645468214,7.269740839783176
waybill_07525,3,1.0,76.22999999999999,4.90340927035992,7.265420392434399
waybill_05158,2,4.16,26.13,4.409676160257115,7.26260652958679
waybill_03266,3,1.0,168.34,4.539055271573131,7.255542598660234
waybill_10281,3,1.0,163.3,4.880704807810961,7.248580199372546
waybill_09779,3,1.0,75.69999999999999,4.990363431322378,7.2461098811056495
waybill_06638,3,1.2,82.64,7.231762931604524,7.245332435269806
waybill_08694,1,0.63,88.0,4.398116431603495,7.243567997561089
waybill_05944,2,1.0,84.94,4.705227574477654,7.2368377400832
waybill_05844,2,1.0,84.94,4.705227574477654,7.2368377400832
waybill_05890,2,1.0,84.94,4.705227574477654,7.2368377400832
waybill_10408,3,1.0,96.61,4.774883174328126,7.2321654336677454
waybill_03918,3,1.0,148.37,4.7446287988532925,7.227606274838383
waybill_04468,3,1.0,148.35,4.738456838925826,7.21744123893993
waybill_07647,2,2.36,212.26999999999998,4.377673448186663,7.209899007038513
waybill_07669,2,2.36,212.26999999999998,4.377673448186663,7.209899007038513
waybill_07743,2,2.36,212.26999999999998,4.377673448186663,7.209899007038513
waybill_03740,1,1.0,28.21,4.3527747388458655,7.168891567384211
waybill_03603,1,1.0,28.21,4.3527747388458655,7.168891567384211
waybill_05151,3,0.506,86.5,4.530053033685944,7.167773609176234
waybill_05182,1,1.0,14.09,4.348145768900265,7.161267790460371
waybill_06085,3,1.02,78.19,4.836051306204307,7.153445661207383
waybill_06913,2,1.0,152.52,7.14192951923831,7.146536789798805
waybill_09899,2,1.0,194.01000000000002,7.134250905247846,7.142638562116746
waybill_00777,2,0.31,145.0,4.332321029894319,7.135204912222418
waybill_07363,1,1.0,88.0,4.331199949099413,7.133358525230407
waybill_05195,2,1.0,194.01000000000002,7.124586680992008,7.1290106240978846
waybill_05420,2,1.0,194.01000000000002,7.124586680992008,7.1290106240978846
waybill_05429,2,1.0,194.01000000000002,7.124586680992008,7.1290106240978846
waybill_06182,2,1.87,212.26999999999998,4.327323398403894,7.1269739606115134
waybill_03280,2,1.0,58.42,4.804274220172835,7.104285979461155
waybill_11396,2,3.87,65.83,7.06514936631348,7.08419152565885
waybill_06395,2,1.0,177.61,4.8639740561869615,7.076600756573627
waybill_01372,2,1.0,250.34,4.296535044388094,7.076266449949927
waybill_01393,2,1.0,250.34,4.296535044388094,7.076266449949927
waybill_01414,2,1.0,250.34,4.296535044388094,7.076266449949927
waybill_01370,2,1.0,250.34,4.296535044388094,7.076266449949927
waybill_10809,2,1.0,195.6,4.529526413687685,7.062006579085793
waybill_02743,2,1.0,38.78,4.278135937214047,7.045963663295181
waybill_07297,2,1.0,177.61,4.680094120254439,7.044073135651269
waybill_07268,2,1.0,177.61,4.680094120254439,7.044073135651269
waybill_07434,2,1.0,177.61,4.680094120254439,7.044073135651269
waybill_07383,2,1.0,177.61,4.680094120254439,7.044073135651269
waybill_04984,1,1.2,144.0,7.043693518621043,7.043693518621043
waybill_04953,1,1.2,144.0,7.043693518621043,7.043693518621043
waybill_10435,3,1.0,165.2,4.849038837936032,7.038467958253445
waybill_05594,2,1.2,177.61,4.791673169272189,7.036234688014951
waybill_07895,2,1.1,34.83,4.271118497408605,7.034406146983365
waybill_03637,2,1.0,112.78999999999999,4.570696639020707,7.032206137580042
waybill_03723,2,1.0,112.78999999999999,4.570696639020707,7.032206137580042
waybill_03795,2,1.0,112.78999999999999,4.570696639020707,7.032206137580042
waybill_04633,2,1.0,112.78999999999999,4.570696639020707,7.032206137580042
waybill_07257,3,1.0,75.77,4.761454192028188,7.031624566769973
waybill_03525,3,1.0,205.72,6.966815705105654,7.029989142672825
waybill_03719,3,1.0,205.72,6.966815705105654,7.029989142672825
waybill_04061,3,1.0,205.72,6.966815705105654,7.029989142672825
waybill_04611,3,1.0,205.72,6.966815705105654,7.029989142672825
waybill_03734,3,1.0,205.72,6.966815705105654,7.029989142672825
waybill_04664,3,1.0,205.72,6.966815705105654,7.029989142672825
waybill_03732,3,1.0,205.72,6.966815705105654,7.029989142672825
waybill_02365,3,1.0,73.99000000000001,5.392333327412511,7.0296555066951445
waybill_06380,2,1.0,90.75,4.76069168959697,7.0229188385345065
waybill_05362,3,1.2,67.88,4.513318955770314,7.006314017422058
waybill_05161,2,1.0,195.73,4.669356871865902,7.006026715197145
waybill_03810,3,0.5,169.13,4.386546135736858,7.004007434718617
waybill_11046,2,1.0,195.6,4.788322113776078,6.999609672831012
waybill_11109,2,1.0,195.6,4.788322113776078,6.999609672831012
waybill_11018,2,1.0,195.6,4.788322113776078,6.999609672831012
waybill_10879,2,1.2,152.52,6.988304462220648,6.992987186609158
waybill_00360,3,1.3,285.39,4.241120810956144,6.985000842470156
waybill_01056,3,1.0,92.83,4.629534011446935,6.960238193093673
waybill_05146,2,2.36,174.38,5.204525856394243,6.956832095640728
waybill_02092,3,1.0,88.35,4.6554601278228445,6.956512373906874
waybill_08196,1,4.0,124.27,4.218863917416296,6.9483443954939235
waybill_01913,3,1.0,75.19,4.792214297395505,6.945808442945717
waybill_02593,3,1.0,75.19,4.76205322465479,6.919296097697452
waybill_09459,1,1.2,41.96,4.199601706321642,6.916620102147596
waybill_06790,3,1.2,197.26,6.867397467375896,6.916547378528981
waybill_11420,2,5.16,25.12,4.195418270754249,6.909730107199284
waybill_09364,2,1.0,200.91,4.88898830397835,6.906542478792666
waybill_09345,2,1.0,200.91,4.88898830397835,6.906542478792666
waybill_09248,1,0.32,88.0,4.1880094351195485,6.897527973504718
waybill_07650,2,1.0,147.26999999999998,6.51213865451467,6.893904734615081
waybill_07717,2,1.0,147.26999999999998,6.51213865451467,6.893904734615081
waybill_11063,2,2.36,129.75,6.893285556826053,6.893285556826053
waybill_11065,2,2.36,129.75,6.893285556826053,6.893285556826053
waybill_09301,3,1.0,154.85999999999999,4.88051473383403,6.89258675877547
waybill_05264,3,0.27,240.0,6.49968056492923,6.889747401309214
waybill_05531,4,1.0,217.55,4.611482796121872,6.8820514006895745
waybill_04567,2,1.0,98.41,4.309410825673608,6.880452616492648
waybill_03617,2,1.0,98.41,4.309410825673608,6.880452616492648
waybill_04652,2,1.0,98.41,4.309410825673608,6.880452616492648
waybill_06140,2,1.0,200.91,4.57932437284766,6.871999571500291
waybill_06143,2,1.0,200.91,4.57932437284766,6.871999571500291
waybill_06150,2,1.0,200.91,4.57932437284766,6.871999571500291
waybill_06148,2,1.0,200.91,4.57932437284766,6.871999571500291
waybill_06142,2,1.0,200.91,4.57932437284766,6.871999571500291
waybill_06170,2,1.0,200.91,4.57932437284766,6.871999571500291
waybill_00142,2,0.99,66.21,6.782222028563662,6.871608433022469
waybill_08139,2,1.0,227.26999999999998,4.1709506486142045,6.869432655445506
waybill_08164,2,1.0,227.26999999999998,4.1709506486142045,6.869432655445506
waybill_08163,2,1.0,227.26999999999998,4.1709506486142045,6.869432655445506
waybill_08168,2,1.0,227.26999999999998,4.1709506486142045,6.869432655445506
waybill_08171,2,1.0,227.26999999999998,4.1709506486142045,6.869432655445506
waybill_08159,2,1.0,227.26999999999998,4.1709506486142045,6.869432655445506
waybill_08125,2,1.0,227.26999999999998,4.1709506486142045,6.869432655445506
waybill_05321,2,0.3,73.0,6.719157967597039,6.857857132951238
waybill_11087,2,1.0,160.66,6.855044384010311,6.855044384010311
waybill_10985,2,1.0,160.66,6.855044384010311,6.855044384010311
waybill_11016,2,1.0,160.66,6.855044384010311,6.855044384010311
waybill_11108,2,1.0,160.66,6.855044384010311,6.855044384010311
waybill_07953,3,2.0,240.59,4.1589133389930435,6.8496075616571686
waybill_07975,3,2.0,240.59,4.1589133389930435,6.8496075616571686
waybill_01859,2,1.2,271.69,4.153068808710023,6.839981792722391
waybill_09420,2,4.5,51.79,6.835851584367225,6.835851584367225
waybill_09621,1,4.5,124.27,4.148380493795998,6.832260276386513
waybill_09633,1,4.5,124.27,4.148380493795998,6.832260276386513
waybill_08247,2,1.56,212.26999999999998,4.146657010869188,6.829421750856974
waybill_08281,2,1.56,212.26999999999998,4.146657010869188,6.829421750856974
waybill_08732,2,1.0,95.46000000000001,4.666924631243415,6.821410955144664
waybill_09796,1,4.5,104.91,6.816187772283981,6.816187772283981
waybill_05800,2,1.2,58.42,4.505694894777346,6.8057066540656646
waybill_07522,3,1.56,192.21,4.808692316216109,6.8032087266436365
waybill_01656,2,1.1,191.27,4.128271774740752,6.799141809405086
waybill_11333,3,1.0,181.5,6.784074008832263,6.78899446344347
waybill_11249,3,1.0,181.5,6.784074008832263,6.78899446344347
waybill_11295,3,1.0,181.5,6.784074008832263,6.78899446344347
waybill_06822,2,1.0,297.21,6.7769903968739476,6.788298316595016
waybill_06726,2,1.0,297.21,6.7769903968739476,6.788298316595016
waybill_06666,2,1.0,297.21,6.7769903968739476,6.788298316595016
waybill_06746,2,1.0,297.21,6.7769903968739476,6.788298316595016
waybill_09935,3,1.0,66.94,4.4737017743207,6.782101190477919
waybill_00711,3,1.84,102.32,6.673118804352566,6.779434452080086
waybill_11454,2,5.16,55.42,6.698463971346639,6.778186222721607
waybill_09008,2,1.0,150.32,4.6187615621753775,6.777399417443288
waybill_05940,2,0.32,66.67,4.626127650211769,6.774402522602595
waybill_06571,3,1.0,146.21,4.50251484502829,6.7676840365623105
waybill_07812,2,1.99,232.07,4.105198287138041,6.761140456100716
waybill_01594,2,1.3,42.16,4.1045274563456395,6.760035617578321
waybill_06469,1,1.0,288.69,6.75951213503056,6.75951213503056
waybill_08709,2,2.5,212.26999999999998,4.102771801350912,6.75714410560215
waybill_07914,2,0.53,73.0,6.398504549349096,6.75434769118835
waybill_05042,1,2.36,57.31,6.753330822067591,6.753330822067591
waybill_05049,1,2.36,57.31,6.753330822067591,6.753330822067591
waybill_04724,1,1.0,57.0,4.100253098666665,6.75299587659487
waybill_01043,2,1.1,97.03,4.882499228280953,6.746446614224857
waybill_06556,1,8.67,15.07,4.08515274086636,6.728126032829925
waybill_03509,2,0.5,133.66,4.078769868445302,6.7176136302774445
waybill_08964,2,1.0,194.01000000000002,6.706888521556009,6.714359885967016
waybill_05318,3,1.0,180.16,6.708579402414141,6.7130033455200175
waybill_05329,3,1.0,180.16,6.708579402414141,6.7130033455200175
waybill_09214,3,1.0,75.19,4.555736255741217,6.710064472723483
waybill_10557,3,2.36,72.3,6.687042243279924,6.710030068505057
waybill_04280,1,1.0,26.37,4.068864582182399,6.701299916055358
waybill_03601,1,1.0,26.37,4.068864582182399,6.701299916055358
waybill_10608,3,1.0,239.89000000000001,4.062128369741337,6.690205572915138
waybill_10601,3,1.0,239.89000000000001,4.062128369741337,6.690205572915138
waybill_08083,3,1.0,75.19,4.532289143985614,6.687331807116818
waybill_01943,2,1.0,276.87,4.058315136455687,6.683925290202136
waybill_00483,2,2.11,38.739999999999995,4.056794274085608,6.681420474751268
waybill_10426,2,1.2,21.6,4.054528651525726,6.677689061241752
waybill_02472,2,1.2,253.56,4.049894795129202,6.670057236477411
waybill_08214,1,0.55,88.0,4.047735236983558,6.666500507928744
waybill_01855,2,1.0,21.6,4.04468360978419,6.661474567968857
waybill_08859,2,1.0,227.26999999999998,4.03841301756269,6.65114708759225
waybill_04631,1,1.0,13.08,4.036461792563199,6.647933477588479
waybill_06970,3,2.36,84.42,6.608190454621424,6.619063613144191
waybill_06955,5,1.0,208.35999999999999,4.715918181114207,6.61521002840511
waybill_02848,1,1.0,13.0,4.011773952853333,6.607273333994664
waybill_07633,2,1.0,149.05,6.605595080288527,6.605595080288527
waybill_01046,2,0.3,81.97,6.454159858885781,6.604427462547472
waybill_08360,2,1.0,114.5,4.688057581092437,6.6027375091805425
waybill_04844,2,0.5,66.64,6.37980842338923,6.582314419060697
waybill_04847,2,0.5,66.64,6.37980842338923,6.582314419060697
waybill_07899,2,1.0,194.01000000000002,6.57099319654485,6.581696001865518
waybill_03621,2,1.0,78.87,4.287312531757533,6.5793381391038785
waybill_04083,2,1.0,65.99,6.56334831897909,6.56334831897909
waybill_03619,2,1.0,164.07,6.194356324839822,6.563127129416776
waybill_07832,2,1.0,53.11,5.321236955655943,6.5610870446473015
waybill_09506,1,1.0,33.96,6.558033296239039,6.558033296239039
waybill_07813,1,1.0,185.49,6.5544502391779975,6.5544502391779975
waybill_08615,1,0.57,88.0,3.9792482000222096,6.553704378745747
waybill_09469,2,1.2,78.36,5.605271418099519,6.547245732095847
waybill_08122,2,1.0,34.21,3.9744020043456647,6.545722837452229
waybill_08116,2,1.0,34.21,3.9744020043456647,6.545722837452229
waybill_08212,1,0.54,88.0,3.974140050856585,6.5452914077845845
waybill_05745,4,0.029,586.05,6.316761533113604,6.543559867261733
waybill_09071,3,1.2,92.59,4.549367205201593,6.54095508946987
waybill_09231,3,1.2,92.59,4.549367205201593,6.54095508946987
waybill_07400,3,1.0,92.58999999999999,4.456849816784391,6.529950148016894
waybill_00789,2,2.99,205.84,5.367792051172309,6.5202419797176985
waybill_11081,2,1.0,151.89000000000001,3.957935264638305,6.518602603001112
waybill_11179,2,1.0,151.89000000000001,3.957935264638305,6.518602603001112
waybill_11184,2,1.0,151.89000000000001,3.957935264638305,6.518602603001112
waybill_11240,2,1.0,151.89000000000001,3.957935264638305,6.518602603001112
waybill_11193,2,1.0,151.89000000000001,3.957935264638305,6.518602603001112
waybill_11233,2,1.0,151.89000000000001,3.957935264638305,6.518602603001112
waybill_11221,2,1.0,151.89000000000001,3.957935264638305,6.518602603001112
waybill_11115,2,1.0,151.89000000000001,3.957935264638305,6.518602603001112
waybill_07746,1,5.16,46.9,6.51792448340665,6.51792448340665
waybill_11024,2,1.0,148.92000000000002,4.494611950926597,6.515877700460443
waybill_07165,3,1.0,90.39,4.39367111555007,6.513793737270031
waybill_09827,2,4.5,65.83,6.486177239400651,6.511593869995934
waybill_05578,3,1.0,155.73,4.3839436737062485,6.507301179554107
waybill_02376,2,1.2,31.89,3.9488942070981707,6.50371224798658
waybill_03502,2,0.5,59.36,4.012851098499738,6.5005374284244315
waybill_04094,2,1.0,200.13000000000002,6.471412379888581,6.494896197982601
waybill_05590,2,1.2,174.38,4.459644383111354,6.489393073631674
waybill_07093,3,1.0,92.58999999999999,4.378518371311729,6.48883761458729
waybill_10940,2,1.0,227.26999999999998,3.9396573280502687,6.488499380726415
waybill_11128,2,1.0,227.26999999999998,3.9396573280502687,6.488499380726415
waybill_09444,2,1.0,68.47999999999999,4.419654527936247,6.488067880907341
waybill_11010,2,1.2,174.01,6.480318425410622,6.480318425410622
waybill_06139,3,0.32,181.5,6.465487902340593,6.469062171127503
waybill_07472,3,1.0,84.85999999999999,4.414281446108187,6.459841297481973
waybill_07528,3,1.0,84.85999999999999,4.414281446108187,6.459841297481973
waybill_05446,3,1.0,78.98,6.444541525396669,6.4581281896429985
waybill_10992,3,1.2,75.69999999999999,4.197798020372079,6.452579054411575
waybill_05672,3,1.0,78.98,6.438463840547136,6.448118422016339
waybill_07176,1,0.64,88.0,3.9144682783212006,6.447013759019051
waybill_09162,2,1.0,160.79,4.417585058825334,6.44606765208656
waybill_10595,2,2.36,32.9,3.9111702444915775,6.441581994609297
waybill_04395,2,1.0,83.92999999999999,4.203373876743987,6.441093650884914
waybill_07413,2,1.0,212.26999999999998,3.910836346691087,6.441032074783458
waybill_07286,2,1.0,212.26999999999998,3.910836346691087,6.441032074783458
waybill_07399,2,1.0,212.26999999999998,3.910836346691087,6.441032074783458
waybill_07291,2,1.0,212.26999999999998,3.910836346691087,6.441032074783458
waybill_04644,1,1.0,191.61,6.435114251510024,6.435114251510024
waybill_04677,1,1.0,191.61,6.435114251510024,6.435114251510024
waybill_05010,4,0.3,224.26,5.124663032897665,6.426901369298416
waybill_05417,4,1.0,214.32,4.334792140987842,6.426350055370175
waybill_05487,4,1.0,214.32,4.334792140987842,6.426350055370175
waybill_03971,2,1.0,68.44,4.200721930035344,6.422868707889425
waybill_05703,2,3.72,64.42999999999999,6.386305149643402,6.422220192708836
waybill_08974,3,1.96,90.50999999999999,4.694417250519999,6.421420737129089
waybill_02830,2,1.2,32.89,3.8915652089851354,6.409293079571699
waybill_02831,2,1.2,32.89,3.8915652089851354,6.409293079571699
waybill_10262,2,2.36,147.26999999999998,3.891507710360874,6.409198381034021
waybill_10258,2,2.36,147.26999999999998,3.891507710360874,6.409198381034021
waybill_00264,2,9.5,59.42,5.436389957869297,6.406671011744102
waybill_04654,2,1.0,227.79000000000002,3.8831146004573007,6.395375176659378
waybill_04643,2,1.0,227.79000000000002,3.8831146004573007,6.395375176659378
waybill_07946,2,1.0,34.83,3.882834997644186,6.394914679075786
waybill_02223,2,2.36,65.83,6.369163816682207,6.393363460170007
waybill_09432,2,3.0,212.26999999999998,3.8805700832883154,6.391184431957381
waybill_09407,2,3.0,212.26999999999998,3.8805700832883154,6.391184431957381
waybill_10618,4,1.0,155.48000000000002,4.112664297458727,6.375446973065817
waybill_00832,2,1.0,58.42,4.073473843186584,6.373485602474903
waybill_07444,3,1.0,66.94,4.0643687325060975,6.370476790986763
waybill_00879,2,1.0,253.57,3.8661722239734946,6.367471582470993
waybill_00845,2,1.0,253.57,3.8661722239734946,6.367471582470993
waybill_07860,2,1.5,65.83,6.348908129596625,6.3649623375776265
waybill_06130,2,2.36,65.83,6.3381538566123545,6.364514088915817
waybill_01503,2,1.0,264.13,5.820865358643303,6.361293112962638
waybill_04596,3,0.5,226.33999999999997,5.788871696549362,6.356578583971104
waybill_05432,3,0.43,91.17999999999999,4.010007391931248,6.355295215848108
waybill_00328,3,0.62,81.39,4.2680012801278595,6.352843513478377
waybill_04828,2,1.0,66.64,6.124173823744713,6.343381344832384
waybill_02764,3,1.0,75.44,4.544946494727042,6.323580400722841
waybill_06771,3,1.2,168.42,4.678511240981882,6.323248286900974
waybill_02348,3,1.36,104.44,4.175547389242361,6.323121895147318
waybill_07249,2,1.0,195.73,4.240263818412627,6.3196856055973125
waybill_01898,3,1.0,233.01000000000002,5.470029393560214,6.318956266223825
waybill_08713,1,1.0,12.43,3.835873094920532,6.317569810888744
waybill_03552,1,1.0,12.43,3.835873094920532,6.317569810888744
waybill_09803,2,1.2,194.01000000000002,6.308510546349241,6.315288314507983
waybill_10361,1,1.2,143.37,3.8306229212159995,6.3089229297023985
waybill_02052,2,2.68,26.169999999999998,3.8241481263032657,6.298259133518279
waybill_09711,3,1.0,77.0,4.2203665970504405,6.294428090153819
waybill_03895,2,0.5,64.96000000000001,6.292195060574471,6.292195060574471
waybill_10306,3,1.0,90.08,4.595271021482949,6.290821989793566
waybill_10447,2,3.87,65.83,6.245325864219535,6.28302200134719
waybill_00487,3,1.52,204.4,3.808912660413802,6.273166770716822
waybill_01967,2,3.87,205.84,4.9606878299422235,6.270321889016362
waybill_03662,3,1.0,188.71,5.63366368611141,6.264743301526042
waybill_03761,3,1.0,188.71,5.63366368611141,6.264743301526042
waybill_01405,2,1.2,31.0,3.797145692670516,6.253786922024973
waybill_08485,2,3.0,136.32999999999998,5.357497871799659,6.249411002191135
waybill_08535,1,1.2,185.49,6.2295774881926524,6.2295774881926524
waybill_08463,1,1.0,31.85,3.7803254555733323,6.226084487802665
waybill_10091,2,1.0,227.26999999999998,3.7737250600286134,6.215213831083478
waybill_09986,2,1.0,227.26999999999998,3.7737250600286134,6.215213831083478
waybill_09985,2,1.0,227.26999999999998,3.7737250600286134,6.215213831083478
waybill_09984,2,1.0,227.26999999999998,3.7737250600286134,6.215213831083478
waybill_10721,3,1.0,90.42999999999999,4.400772351840857,6.214243808073237
waybill_03863,3,1.0,170.24,3.9012860790682424,6.205155555820058
waybill_03408,3,1.0,170.24,3.9012860790682424,6.205155555820058
waybill_01567,2,1.04,16.52,6.191496196972119,6.199233654889308
waybill_06477,3,1.0,235.79,3.7626862731269064,6.197033274752925
waybill_04267,3,1.0,227.07,4.118517752878063,6.196419855361951
waybill_03452,3,1.0,227.07,4.118517752878063,6.196419855361951
waybill_03779,3,1.0,227.07,4.118517752878063,6.196419855361951
waybill_04278,3,1.0,227.07,4.118517752878063,6.196419855361951
waybill_03625,3,1.0,227.07,4.118517752878063,6.196419855361951
waybill_04552,3,1.0,227.07,4.118517752878063,6.196419855361951
waybill_03665,1,1.0,24.38,3.7618095757909322,6.195589380107305
waybill_03624,1,1.0,24.38,3.7618095757909322,6.195589380107305
waybill_04205,2,1.0,82.72,4.054012446499293,6.195099782142345
waybill_03371,2,1.0,82.72,4.054012446499293,6.195099782142345
waybill_03609,2,1.0,58.42,3.8904890455968086,6.1905008048851276
waybill_01635,2,2.3,205.84,4.947302856790106,6.190286691724576
waybill_10913,4,1.0,213.95,5.875616855019536,6.183155250726646
waybill_02507,3,1.2,89.72999999999999,4.787205755238869,6.174593584973358
waybill_02491,3,1.2,89.72999999999999,4.787205755238869,6.174593584973358
waybill_01062,2,1.0,297.21,6.1673282499133295,6.174193136969467
waybill_03521,2,1.0,82.72,4.387544481805412,6.171783928174621
waybill_03279,2,1.0,82.72,4.387544481805412,6.171783928174621
waybill_03661,2,1.0,82.72,4.387544481805412,6.171783928174621
waybill_08327,2,0.26,112.97,4.054879261146957,6.169730608743599
waybill_06511,2,1.0,227.26999999999998,3.745021297790298,6.167939581574068
waybill_06519,2,1.0,227.26999999999998,3.745021297790298,6.167939581574068
waybill_06517,2,1.0,227.26999999999998,3.745021297790298,6.167939581574068
waybill_06504,2,1.0,227.26999999999998,3.745021297790298,6.167939581574068
waybill_06521,2,1.0,227.26999999999998,3.745021297790298,6.167939581574068
waybill_06973,2,1.0,35.15,3.742559773622068,6.163885523895629
waybill_05469,3,0.4,75.19,4.009644993373159,6.163354531462517
waybill_04658,2,1.0,82.66,4.381372521877945,6.1616188922761665
waybill_04133,2,1.0,82.66,4.381372521877945,6.1616188922761665
waybill_03463,2,1.0,82.66,4.381372521877945,6.1616188922761665
waybill_09934,3,0.075,75.21,4.00599230376943,6.15888932639641
waybill_05014,1,4.16,57.31,6.1550002792804,6.1550002792804
waybill_08869,2,1.0,195.73,4.133172362605878,6.147901027522595
waybill_08868,2,1.0,195.73,4.133172362605878,6.147901027522595
waybill_05271,3,1.88,92.83,4.392681515034857,6.145665567705001
waybill_05440,3,0.45,75.69999999999999,3.883859209976448,6.135948294025078
waybill_00752,2,2.81,205.84,5.044647379195379,6.12771905117282
waybill_03716,3,1.0,85.34,4.007297713853424,6.1181619957807225
waybill_04974,2,1.0,67.89999999999999,4.438765823967268,6.117481844027932
waybill_01398,2,2.8,162.79000000000002,3.709746204554659,6.109842543797491
waybill_06460,3,1.0,103.26,4.239689196822608,6.10217173687418
waybill_04542,2,0.5,67.17999999999999,3.8502031858232995,6.100301495474286
waybill_07731,2,1.0,212.26999999999998,3.690153870845338,6.077574548244987
waybill_07616,2,1.0,212.26999999999998,3.690153870845338,6.077574548244987
waybill_07692,2,1.0,212.26999999999998,3.690153870845338,6.077574548244987
waybill_03975,2,1.0,76.82,3.9709995854748668,6.058380049308146
waybill_02410,2,1.0,236.74,3.671810827180227,6.0473640965353175
waybill_02477,2,1.0,236.74,3.671810827180227,6.0473640965353175
waybill_02341,2,1.0,236.74,3.671810827180227,6.0473640965353175
waybill_04935,2,1.2,94.92,3.8949899732703175,6.041417303047702
waybill_09014,2,3.0,129.88,5.175255827955102,6.034799853778697
waybill_10842,2,1.2,194.01000000000002,6.024797919535318,6.030511222854176
waybill_02304,3,1.0,92.67,4.091039599438788,6.023025984360794
waybill_02772,2,4.87,19.83,3.6534407836003058,6.017109176762578
waybill_05562,2,1.87,152.52,5.991300173530366,6.009354240877776
waybill_03305,1,1.0,17.73,3.6476283171327992,6.007536215985919
waybill_03645,2,1.0,297.21,5.9828662706361095,6.006350088730129
waybill_10570,2,5.16,65.83,5.974206158473193,5.998773362744284
waybill_09589,1,4.5,46.9,5.993525805321351,5.993525805321351
waybill_10677,2,1.0,147.26999999999998,3.638432171743301,5.992390435859309
waybill_00894,2,0.3,73.0,5.717561170943999,5.9898163507839985
waybill_00978,2,0.3,73.0,5.717561170943999,5.9898163507839985
waybill_01202,3,1.0,73.99,4.348279547235092,5.984319430453788
waybill_02272,2,1.78,162.79000000000002,3.628824689296235,5.976567195735283
waybill_07845,2,1.2,77.91,5.972444302292278,5.972444302292278
waybill_07839,2,1.2,77.91,5.972444302292278,5.972444302292278
waybill_10331,2,2.61,64.42999999999999,5.948503341166253,5.970899018392968
waybill_04251,2,0.5,222.52,4.489788795424461,5.968424827480823
waybill_00329,3,1.11,285.39,3.621264692431784,5.964116103955288
waybill_11040,1,2.02,16.0,5.958312211599376,5.958312211599376
waybill_09401,2,1.0,65.47,4.317698506293571,5.94687350245613
waybill_03881,3,1.0,232.25,3.966961847992494,5.946811751633264
waybill_03836,3,1.0,232.25,3.966961847992494,5.946811751633264
waybill_04629,3,1.0,232.25,3.966961847992494,5.946811751633264
waybill_04288,1,1.0,288.69,5.9465681422575525,5.9465681422575525
waybill_04378,1,1.0,288.69,5.9465681422575525,5.9465681422575525
waybill_03702,1,1.0,288.69,5.9465681422575525,5.9465681422575525
waybill_04204,1,1.0,288.69,5.9465681422575525,5.9465681422575525
waybill_04466,2,1.0,72.87,4.2466180634615895,5.939682275159935
waybill_04483,2,1.0,72.87,4.2466180634615895,5.939682275159935
waybill_10398,2,0.96,188.04000000000002,5.939429248126851,5.939429248126851
waybill_06400,2,1.0,84.31,4.26443526691323,5.937051160364872
waybill_02154,2,1.24,162.79000000000002,3.602753258047379,5.933628317699266
waybill_00819,2,1.0,87.46000000000001,3.8036571383259945,5.929105450441732
waybill_08062,3,1.2,90.42999999999999,4.158696353399022,5.916592565978261
waybill_10999,3,1.2,84.86,3.872227134198212,5.916373410768162
waybill_11175,3,1.2,84.86,3.872227134198212,5.916373410768162
waybill_03872,2,0.5,218.12,4.853743702526425,5.91230814243499
waybill_09905,2,1.56,212.26999999999998,3.589586678625177,5.911943349867425
waybill_00073,2,0.3,19.82,3.5890664647977664,5.911086573042455
waybill_02214,2,1.0,205.83,4.5621903918955065,5.901559309018371
waybill_01156,3,1.0,83.53,3.9847665583685523,5.898325221570823
waybill_01157,3,1.0,83.53,3.9847665583685523,5.898325221570823
waybill_10611,4,3.87,169.69,5.451177347463335,5.894322545910279
waybill_10518,3,1.0,155.44,4.153150356114165,5.892360160702832
waybill_02625,3,1.2,99.69,4.0417211553459795,5.87488969670117
waybill_06434,2,1.0,88.09,4.100386415277164,5.872744165761439
waybill_05613,2,1.0,177.61,3.993060974393491,5.863528906679127
waybill_05545,2,1.0,177.61,3.993060974393491,5.863528906679127
waybill_05678,2,1.0,177.61,3.993060974393491,5.863528906679127
waybill_08706,1,1.0,144.0,5.854297902538103,5.854297902538103
waybill_08701,1,1.0,144.0,5.854297902538103,5.854297902538103
waybill_01625,3,2.4,79.89,4.743855069492019,5.844745031283236
waybill_04162,2,0.5,66.67,3.6928182076728993,5.841093080063725
waybill_08667,2,1.0,227.26999999999998,3.539590488541143,5.829601099923701
waybill_08638,2,1.0,227.26999999999998,3.539590488541143,5.829601099923701
waybill_08685,2,1.0,227.26999999999998,3.539590488541143,5.829601099923701
waybill_02309,3,1.2,92.58999999999999,4.518400884786605,5.828148319135568
waybill_10986,2,1.0,152.52,5.82358705185054,5.827489322174298
waybill_11164,2,1.0,152.52,5.82358705185054,5.827489322174298
waybill_04599,3,1.0,154.97,3.892898328862893,5.824831320851823
waybill_04031,3,1.0,154.97,3.892898328862893,5.824831320851823
waybill_03857,3,1.0,159.49,3.6698375817882423,5.823966709628057
waybill_04085,3,1.0,98.11,3.6652503720489658,5.819539355160746
waybill_04538,2,0.5,88.02,3.6753309878784104,5.812292145018107
waybill_02715,2,1.2,19.82,3.527370281717123,5.80947477983859
waybill_01911,2,4.76,19.82,3.5262932089905843,5.807700872836733
waybill_09116,2,1.2,29.4,3.5258783704242065,5.807017645957613
waybill_10169,2,8.76,55.42,5.730073091114558,5.805240191691579
waybill_02032,2,1.56,65.83,5.784442626837093,5.800434181418742
waybill_02119,3,1.2,99.69,4.038394219264438,5.798044409187873
waybill_03375,3,1.0,103.2,3.648363203914093,5.791726687494143
waybill_04894,2,1.56,89.52,3.8037771132219276,5.77913753508342
waybill_05633,3,0.53,152.07,3.5087585299966078,5.778821773889829
waybill_09638,2,1.0,212.26999999999998,3.508207444416888,5.777914152199669
waybill_09588,2,1.0,212.26999999999998,3.508207444416888,5.777914152199669
waybill_09516,2,1.0,212.26999999999998,3.508207444416888,5.777914152199669
waybill_05219,2,1.0,177.61,3.9972697720542616,5.776048099816091
waybill_05188,2,1.0,177.61,3.9972697720542616,5.776048099816091
waybill_05172,2,1.0,177.61,3.9972697720542616,5.776048099816091
waybill_04910,2,1.0,177.61,3.9972697720542616,5.776048099816091
waybill_09200,3,1.2,79.89,4.084588918043382,5.775478963683668
waybill_05135,2,2.36,19.82,3.5032948889468285,5.769823318284163
waybill_10032,2,1.0,19.83,3.503207851167075,5.769679969628933
waybill_07438,2,1.0,19.83,3.4996661785663186,5.763846939351623
waybill_06652,3,1.0,197.26,5.722831222813247,5.763789482107485
waybill_06683,3,1.0,197.26,5.722831222813247,5.763789482107485
waybill_00331,2,0.74,19.82,3.498648314886458,5.7621705479027
waybill_01396,2,1.0,19.82,3.498135000574763,5.761325134376545
waybill_03759,2,1.0,89.59,3.6289522436704087,5.759757408688168
waybill_03357,2,1.0,89.59,3.6289522436704087,5.759757408688168
waybill_04524,2,1.0,89.59,3.6289522436704087,5.759757408688168
waybill_04896,1,0.6,57.0,3.4947190317774823,5.7556991345547
waybill_07000,2,1.0,19.82,3.494278658358068,5.754973852526031
waybill_00771,2,0.25,145.0,3.4938072821728383,5.754197509856788
waybill_07197,2,2.36,212.26999999999998,3.4934175865147985,5.753555692605866
waybill_05845,1,2.36,11.31,3.4902433389824,5.748327800575359
waybill_04912,1,2.36,11.31,3.4902433389824,5.748327800575359
waybill_09523,1,1.7,11.3,3.4871573590186657,5.743245282626133
waybill_04143,1,1.0,11.3,3.4871573590186657,5.743245282626133
waybill_02148,2,1.2,162.79000000000002,3.4865354110135924,5.742220952612192
waybill_02039,2,1.2,162.79000000000002,3.4865354110135924,5.742220952612192
waybill_07040,1,0.57,88.0,3.486323310379819,5.741871629126341
waybill_04183,2,1.0,94.68,3.6120650755355355,5.731944741021566
waybill_04572,2,1.0,94.68,3.6120650755355355,5.731944741021566
waybill_03837,2,1.0,94.68,3.6120650755355355,5.731944741021566
waybill_08227,3,1.2,108.13,4.040613295987906,5.7280567281000865
waybill_11250,2,1.0,152.52,5.717649532587282,5.722569987198488
waybill_11310,2,1.0,152.52,5.717649532587282,5.722569987198488
waybill_11238,2,1.0,152.52,5.717649532587282,5.722569987198488
waybill_05222,2,1.87,25.68,3.463192106670131,5.703775219096677
waybill_09154,2,1.0,212.26999999999998,3.463096426564777,5.703617636786178
waybill_09081,2,1.0,212.26999999999998,3.463096426564777,5.703617636786178
waybill_01777,2,1.0,271.69,3.4608906739250194,5.6999848272686595
waybill_04610,3,1.0,208.95,3.8088053748511603,5.6863327067353975
waybill_04268,3,1.0,208.95,3.8088053748511603,5.6863327067353975
waybill_03308,3,1.0,208.95,3.8088053748511603,5.6863327067353975
waybill_04049,3,1.0,208.95,3.8088053748511603,5.6863327067353975
waybill_03927,3,1.0,208.95,3.8088053748511603,5.6863327067353975
waybill_04263,3,1.0,208.95,3.8088053748511603,5.6863327067353975
waybill_04270,3,1.0,208.95,3.8088053748511603,5.6863327067353975
waybill_01869,3,1.2,195.42000000000002,3.449576224189265,5.6813502623837895
waybill_06417,3,1.0,154.85999999999999,4.001252126931867,5.655723193478285
waybill_08842,2,1.0,149.26999999999998,3.431503624695134,5.651585224244338
waybill_08877,2,1.0,149.26999999999998,3.431503624695134,5.651585224244338
waybill_01472,2,0.3,145.0,3.4311008126569518,5.6509218047023175
waybill_03386,2,0.5,84.44,3.749620472618261,5.6483280968224205
waybill_06430,3,1.0,73.45,4.24550007872834,5.616571164691549
waybill_10298,2,1.0,149.26999999999998,3.4056967946867402,5.60908213664437
waybill_01974,2,1.2,19.509999999999998,3.4013581608081225,5.601936534656559
waybill_02203,1,1.0,11.0,3.3945779601066657,5.590769744149332
waybill_01322,1,1.0,11.0,3.3945779601066657,5.590769744149332
waybill_09022,1,0.33,11.0,3.3945779601066657,5.590769744149332
waybill_04903,2,1.0,160.79,3.8766014617793942,5.577310953080728
waybill_09919,2,2.36,129.75,4.640365229368124,5.571175247206206
waybill_09937,2,2.36,129.75,4.640365229368124,5.571175247206206
waybill_09947,2,2.36,129.75,4.640365229368124,5.571175247206206
waybill_02371,2,1.0,253.56,3.3749123292743346,5.558381030397843
waybill_01861,2,1.2,250.34,3.373243413891585,5.555632376003372
waybill_10360,3,1.2,161.17000000000002,4.945472113606368,5.551083281788514
waybill_02045,2,1.2,236.75,3.364660338855184,5.541496304659834
waybill_09396,2,1.0,119.71,4.054149513789438,5.531587623054504
waybill_09339,2,1.0,119.71,4.054149513789438,5.531587623054504
waybill_11304,2,12.0,19.1,3.3562313272415336,5.527613971227962
waybill_05691,3,1.0,74.24,3.624882009608376,5.513278835426805
waybill_05583,3,1.0,74.24,3.624882009608376,5.513278835426805
waybill_00355,1,0.3,30.9,5.508106247724552,5.508106247724552
waybill_09308,1,4.5,58.12,5.501606784788316,5.501606784788316
waybill_06635,3,1.2,200.73000000000002,3.8102062372926255,5.497907172476175
waybill_06854,3,1.2,200.73000000000002,3.8102062372926255,5.497907172476175
waybill_01902,2,2.76,65.83,5.465074850688751,5.479756044608658
waybill_11435,2,4.16,55.42,5.4003120389151205,5.464584241574009
waybill_05650,3,1.2,103.26,3.650703449029591,5.46444700766058
waybill_04376,1,1.0,32.22,3.3143424810495987,5.458624277469438
waybill_03541,1,1.0,32.22,3.3143424810495987,5.458624277469438
waybill_03394,1,1.0,32.22,3.3143424810495987,5.458624277469438
waybill_04339,1,1.0,32.22,3.3143424810495987,5.458624277469438
waybill_03832,1,1.0,32.22,3.3143424810495987,5.458624277469438
waybill_09100,3,1.0,92.59,3.7911393376679934,5.450795907891559
waybill_09465,2,0.99,65.99,3.872167063017944,5.443442457601197
waybill_02192,2,1.56,31.89,3.304788856326962,5.442889739428487
waybill_03359,1,1.0,21.39,3.3004555712127996,5.435752946697919
waybill_03646,1,1.0,21.39,3.3004555712127996,5.435752946697919
waybill_06925,2,3.87,65.83,5.416666007813432,5.434496144882547
waybill_09245,2,3.0,147.26999999999998,3.2995603701055556,5.434278576886966
waybill_01482,2,2.6,65.83,5.414527138169554,5.432992884674771
waybill_04335,1,1.0,144.0,5.425934641376779,5.425934641376779
waybill_03542,1,1.0,144.0,5.425934641376779,5.425934641376779
waybill_02359,2,1.0,31.89,3.290745172581809,5.419760206655484
waybill_06275,2,1.0,70.62,3.94886878186073,5.417322470191076
waybill_06265,2,1.0,70.62,3.94886878186073,5.417322470191076
waybill_05689,2,1.0,174.38,3.716370319259462,5.407827561359728
waybill_05619,2,1.0,174.38,3.716370319259462,5.407827561359728
waybill_05551,2,1.0,174.38,3.716370319259462,5.407827561359728
waybill_10970,2,1.0,174.01,5.400265354508852,5.400265354508852
waybill_11069,2,1.0,174.01,5.400265354508852,5.400265354508852
waybill_11119,2,1.0,174.01,5.400265354508852,5.400265354508852
waybill_11077,2,1.0,174.01,5.400265354508852,5.400265354508852
waybill_10981,2,1.0,174.01,5.400265354508852,5.400265354508852
waybill_10907,2,1.0,19.1,3.2709984063975623,5.387237865373266
waybill_04092,1,1.0,10.58,3.264966801629866,5.377303990281812
waybill_10669,2,1.2,174.01,5.368161948167491,5.368161948167491
waybill_10748,2,1.2,174.01,5.368161948167491,5.368161948167491
waybill_04655,2,1.0,70.62,3.8994453175415904,5.367899005871937
waybill_04670,2,1.0,70.62,3.8994453175415904,5.367899005871937
waybill_05206,3,0.52,92.59,3.4420447367095504,5.367746833780919
waybill_01321,2,1.3,205.84,4.615471198325027,5.367068977811151
waybill_09659,2,1.0,149.26999999999998,3.251605164978382,5.355297768948458
waybill_11993,1,2.1,10.53,3.2495369018111986,5.351891400535679
waybill_11901,1,1.0,10.53,3.2495369018111986,5.351891400535679
waybill_11527,1,1.0,10.53,3.2495369018111986,5.351891400535679
waybill_10168,2,1.0,160.66,3.7127348275583163,5.324968102549176
waybill_08544,2,1.2,129.88,5.324697233811387,5.324697233811387
waybill_09771,2,1.0,29.4,3.230493217705885,5.3205270146932095
waybill_09645,2,1.0,29.4,3.230493217705885,5.3205270146932095
waybill_08925,2,1.0,147.26999999999998,3.225771627112912,5.312750694295894
waybill_08895,2,1.0,147.26999999999998,3.225771627112912,5.312750694295894
waybill_08823,2,1.0,147.26999999999998,3.225771627112912,5.312750694295894
waybill_02925,1,0.3,16.0,5.296745721343999,5.296745721343999
waybill_09973,2,1.0,147.26999999999998,3.2154853848963554,5.295809556858146
waybill_09920,2,1.0,147.26999999999998,3.2154853848963554,5.295809556858146
waybill_06286,2,1.0,232.07,3.211293834532285,5.288906197079133
waybill_06257,2,1.0,232.07,3.211293834532285,5.288906197079133
waybill_06277,2,1.0,232.07,3.211293834532285,5.288906197079133
waybill_06295,2,1.0,232.07,3.211293834532285,5.288906197079133
waybill_06930,3,1.0,168.42,3.898759367484902,5.269373572417478
waybill_07072,3,1.0,168.42,3.898759367484902,5.269373572417478
waybill_10397,1,1.0,143.37,3.19218576768,5.2574357747519995
waybill_04342,3,1.0,233.79000000000002,3.191759399279833,5.256733558576816
waybill_03687,3,1.0,233.79000000000002,3.191759399279833,5.256733558576816
waybill_04337,3,1.0,233.79000000000002,3.191759399279833,5.256733558576816
waybill_03954,3,1.0,233.79000000000002,3.191759399279833,5.256733558576816
waybill_06234,2,1.0,73.0,4.679739362909028,5.254645476438303
waybill_04165,2,0.5,86.78999999999999,3.245213582521071,5.236261088554298
waybill_04577,2,0.5,86.78999999999999,3.245213582521071,5.236261088554298
waybill_06570,3,1.0,209.03,3.5641098521806724,5.2221587007393335
waybill_02428,2,1.2,186.67000000000002,3.1693546949113367,5.219833671526919
waybill_01432,2,1.0,31.0,3.16428807722543,5.211489101687477
waybill_05565,2,4.81,66.64,5.157667097964705,5.204105634831571
waybill_02114,2,1.2,205.84,4.1357728412278005,5.197872327804799
waybill_01999,2,1.2,205.84,4.1357728412278005,5.197872327804799
waybill_10486,2,5.16,55.42,5.117700278227536,5.167961794397743
waybill_06865,3,1.0,170.32,3.8361918554598597,5.166326726150523
waybill_06407,2,1.0,38.739999999999995,3.1262754588039856,5.1488834406998505
waybill_05059,2,1.0,81.56,3.70679993793813,5.14775369234924
waybill_02408,3,1.0,89.72999999999999,3.989338129365725,5.145494654144466
waybill_02426,3,1.0,89.72999999999999,3.989338129365725,5.145494654144466
waybill_07104,2,1.0,38.82,3.1239610627100682,5.145071698618829
waybill_07069,2,1.0,38.82,3.1239610627100682,5.145071698618829
waybill_06998,2,1.0,38.82,3.1239610627100682,5.145071698618829
waybill_03674,3,1.0,180.48000000000002,3.898534702123905,5.132395177158784
waybill_01761,3,1.0,105.47999999999999,3.342090306439033,5.132171928773353
waybill_06195,2,4.87,55.42,5.070739529099823,5.1251354322006115
waybill_03444,1,0.5,30.24,3.1106678034431994,5.123178092820478
waybill_02599,2,1.0,31.89,3.1091126777451206,5.120616846679327
waybill_02667,2,1.0,31.89,3.1091126777451206,5.120616846679327
waybill_06250,1,1.0,30.22,3.1086104834673773,5.1197897475209935
waybill_06249,1,1.0,30.22,3.1086104834673773,5.1197897475209935
waybill_07851,1,1.5,46.9,5.107265097266314,5.107265097266314
waybill_07863,2,1.5,232.07,3.094370568194503,5.096337027211595
waybill_03341,3,1.0,89.72999999999999,3.383415431185335,5.090646283712065
waybill_06495,2,2.36,66.64,5.059716627285221,5.086688401392928
waybill_09346,2,1.2,110.72999999999999,3.920669547644926,5.082654655202045
waybill_06194,2,1.0,18.42,3.072384614393129,5.0601268099906225
waybill_01263,3,1.0,64.31,3.2738107625934965,5.0555979187532065
waybill_02201,3,1.0,95.89999999999999,3.8859614623119665,5.055460020924452
waybill_01124,2,2.75,65.83,5.0328297162789015,5.05170815568328
waybill_05796,1,2.36,57.31,5.0507144219185705,5.0507144219185705
waybill_05240,2,1.2,152.52,5.043210886871041,5.048519618598092
waybill_05214,2,1.2,152.52,5.043210886871041,5.048519618598092
waybill_11288,3,1.0,93.61,3.24358723395836,5.043395337528073
waybill_11289,3,1.0,93.61,3.24358723395836,5.043395337528073
waybill_11282,3,1.0,93.61,3.24358723395836,5.043395337528073
waybill_09841,1,4.5,124.27,3.0597983784027227,5.039397650668067
waybill_09849,1,4.5,124.27,3.0597983784027227,5.039397650668067
waybill_04291,1,1.0,9.9,3.055120164095999,5.0316927697343985
waybill_04067,2,1.0,81.21,3.3471173028067778,5.030864337239488
waybill_03561,2,1.0,81.21,3.3471173028067778,5.030864337239488
waybill_09188,2,2.5,129.88,4.312713189962585,5.028999878148914
waybill_09062,2,2.5,129.88,4.312713189962585,5.028999878148914
waybill_04592,2,0.5,85.13,3.1171454140261377,5.0253365936613905
waybill_04451,2,0.5,85.13,3.1171454140261377,5.0253365936613905
waybill_02016,2,1.16,205.84,3.997913746520207,5.024609916877971
waybill_05743,3,1.0,90.42999999999999,3.7176334606560775,5.021801449178313
waybill_01420,2,2.3,162.79000000000002,3.0472915251698987,5.018799232405081
waybill_06240,2,1.2,64.42999999999999,5.003860063823865,5.0172635717747776
waybill_06082,2,1.2,64.42999999999999,5.003860063823865,5.0172635717747776
waybill_05560,2,1.56,152.52,4.9980899843354925,5.013151131427449
waybill_10780,2,6.51,66.64,4.98043480197743,5.011429472482237
waybill_00560,2,4.4,66.64,4.967772787849975,5.008212714368331
waybill_01707,2,1.1,18.32,3.0369098589566144,5.0017009344601835
waybill_09766,2,2.5,107.3,4.524320195934479,5.001492774467385
waybill_06819,3,1.0,78.28999999999999,3.600451571918503,4.995360315586451
waybill_08557,1,1.0,31.45,3.0329396831066657,4.995162171974332
waybill_07982,3,1.0,86.86,4.976484824450369,4.987187629771038
waybill_03909,1,1.0,9.8,3.0242603644586663,4.980867590242132
waybill_00815,1,1.2,9.8,3.0242603644586663,4.980867590242132
waybill_11741,1,1.0,18.4,3.0203208155687937,4.974379269455885
waybill_02759,2,1.0,65.83,4.952250308340315,4.973930787101982
waybill_06585,2,1.0,69.77,3.5829733100751153,4.966574134021995
waybill_07842,2,1.0,78.34,4.959941867083517,4.959941867083517
waybill_10935,2,1.0,118.87,3.5444840188815614,4.951045029661614
waybill_11033,2,1.0,118.87,3.5444840188815614,4.951045029661614
waybill_06767,3,1.2,235.39,3.0056741144941395,4.950256584933064
waybill_06887,3,1.2,102.84,3.318721017759054,4.942339482913558
waybill_08742,1,0.57,16.0,4.9263439226486145,4.9263439226486145
waybill_09912,2,5.16,19.82,2.9879572680249216,4.9210774615292445
waybill_09236,1,5.2,124.27,2.9852883180903214,4.916681779733635
waybill_09119,2,1.0,149.05,4.9094202245837675,4.9094202245837675
waybill_01275,2,0.3,73.0,4.598985007425957,4.909074013347264
waybill_10851,2,3.87,117.51,3.893413060293548,4.872115980782381
waybill_03889,3,1.0,174.42,2.955752739659377,4.868037553497487
waybill_06670,2,1.2,67.17999999999999,3.630303081046298,4.857629431765018
waybill_02247,3,1.0,92.58999999999999,3.765334070655504,4.856790265946307
waybill_02277,3,1.0,92.58999999999999,3.765334070655504,4.856790265946307
waybill_02229,3,1.0,92.58999999999999,3.765334070655504,4.856790265946307
waybill_04419,3,1.0,157.57999999999998,3.080415408715176,4.853205781325764
waybill_07632,2,2.36,129.88,3.9710486821735405,4.8510366122762605
waybill_07600,2,2.36,129.88,3.9710486821735405,4.8510366122762605
waybill_09807,2,2.5,14.75,4.834139524500129,4.848259874830842
waybill_01571,2,1.8,205.84,3.871802235748779,4.844572193523581
waybill_09172,2,1.0,29.4,2.9382319753535056,4.839181371631344
waybill_01070,2,1.0,194.01000000000002,4.8299946817352915,4.836859568791429
waybill_01159,2,1.0,194.01000000000002,4.8299946817352915,4.836859568791429
waybill_01079,2,1.0,194.01000000000002,4.8299946817352915,4.836859568791429
waybill_04916,1,3.87,104.91,4.829270086276348,4.829270086276348
waybill_02695,2,1.2,162.79000000000002,2.931205975090856,4.8276097564990845
waybill_02570,1,5.42,58.12,4.826007337800819,4.826007337800819
waybill_00708,2,1.0,208.79000000000002,2.9246936180304828,4.816884096566063
waybill_00767,2,1.0,208.79000000000002,2.9246936180304828,4.816884096566063
waybill_05433,3,0.34,86.5,3.0439091530696065,4.816290567430672
waybill_01392,2,2.42,17.91,2.9243010785113546,4.816237595559835
waybill_04917,2,1.0,96.96000000000001,3.112866705227946,4.815536067302839
waybill_05028,2,1.0,96.96000000000001,3.112866705227946,4.815536067302839
waybill_09000,3,1.0,79.89,3.4038240983694843,4.812899136403057
waybill_03813,1,0.5,28.4,2.9213943656675547,4.811450325267909
waybill_06136,2,1.0,17.91,2.9149996362427295,4.800918394580063
waybill_04467,3,1.0,143.59,3.26953037618876,4.798162695108037
waybill_01114,2,1.2,17.91,2.9104681691770495,4.793455202022654
waybill_01278,2,2.5,25.33,2.909406503354538,4.791706669737154
waybill_11163,2,1.2,17.91,2.9068616385067667,4.787515352418454
waybill_02098,2,1.0,162.79000000000002,2.905446175844661,4.785184127176827
waybill_09897,2,5.16,55.42,4.740248737475491,4.783529046919013
waybill_04536,2,0.5,81.92999999999999,3.0488770552405438,4.780541001325094
waybill_07447,2,1.0,167.07,3.997640219818905,4.776733468925147
waybill_09689,2,1.2,110.72999999999999,3.613690411501861,4.775675519058981
waybill_10594,2,1.0,151.89000000000001,2.899103800968175,4.774738422885388
waybill_10628,2,1.0,151.89000000000001,2.899103800968175,4.774738422885388
waybill_04688,1,1.0,9.39,2.8977351859455998,4.772484354323839
waybill_01078,3,1.0,102.34,3.093103422593289,4.757978261496279
waybill_08383,2,1.0,129.88,4.751781298463986,4.751781298463986
waybill_02013,3,1.0,195.42000000000002,2.8746468534910545,4.734458551986492
waybill_11455,2,2.36,65.83,4.693465550092414,4.729927665062362
waybill_06214,2,1.0,174.38,4.713583219449783,4.713583219449783
waybill_10214,2,2.36,65.83,4.691159007060087,4.711409504475814
waybill_10235,2,2.36,65.83,4.691159007060087,4.711409504475814
waybill_03282,2,1.0,87.11,3.151671905103666,4.708971533788467
waybill_03756,2,1.0,87.11,3.151671905103666,4.708971533788467
waybill_04374,2,1.0,87.11,3.151671905103666,4.708971533788467
waybill_04129,2,1.0,87.11,3.151671905103666,4.708971533788467
waybill_06418,3,2.36,138.4,4.19573544198533,4.705490910203557
waybill_10080,3,1.0,60.309999999999995,4.69589464863334,4.70428230550224
waybill_10610,4,2.36,162.82,3.4130418127116275,4.681923279687647
waybill_07234,3,1.0,95.31,3.0370352301646144,4.6784888238401034
waybill_11772,1,1.0,18.4,2.839101566634666,4.675916513288532
waybill_04648,1,1.0,9.19,2.836015586670933,4.670833995339305
waybill_01800,2,2.87,205.84,3.6788563493369977,4.650083674800248
waybill_03985,2,1.0,85.09,2.954408456597698,4.648803693619706
waybill_03894,2,1.0,85.09,2.954408456597698,4.648803693619706
waybill_03425,2,1.0,85.09,2.954408456597698,4.648803693619706
waybill_03325,2,1.0,85.09,2.954408456597698,4.648803693619706
waybill_01824,2,1.0,250.34,2.811036178242988,4.629693646669478
waybill_10083,1,0.52,16.0,4.623538231580853,4.623538231580853
waybill_10660,2,6.24,106.31,4.310747662132328,4.616217973912808
waybill_08309,2,1.92,65.83,4.5946643313850695,4.610836413632459
waybill_08100,4,1.0,169.82,4.355186672922213,4.597255377031685
waybill_01035,2,4.86,162.79000000000002,2.7902445407563827,4.595450433180936
waybill_06693,3,1.0,200.73000000000002,3.1751718644105216,4.581589310396813
waybill_06817,3,1.0,200.73000000000002,3.1751718644105216,4.581589310396813
waybill_06786,3,1.0,200.73000000000002,3.1751718644105216,4.581589310396813
waybill_04956,2,1.0,101.4,3.3614602738726984,4.578989454791109
waybill_06146,2,1.2,212.26999999999998,2.7768920203661347,4.573459226060864
waybill_07822,1,1.0,30.22,2.775545074524444,4.5712408460008875
waybill_06336,3,2.36,220.79,2.770581904192939,4.563066650901959
waybill_09975,2,1.0,150.19,3.3029393426875506,4.562144758260499
waybill_09915,2,1.0,150.19,3.3029393426875506,4.562144758260499
waybill_10006,2,1.0,150.19,3.3029393426875506,4.562144758260499
waybill_09613,1,3.0,124.27,2.765586995863999,4.554840184257675
waybill_09578,1,3.0,124.27,2.765586995863999,4.554840184257675
waybill_05734,3,1.0,103.26,3.0422528741913264,4.55370583971715
waybill_04541,3,0.5,212.98,2.83028994178127,4.551330272156328
waybill_04437,2,1.0,78.35,3.0529205462641995,4.546330959413213
waybill_04111,2,1.0,78.35,3.0529205462641995,4.546330959413213
waybill_04203,2,1.0,78.35,3.0529205462641995,4.546330959413213
waybill_06320,1,4.87,124.27,2.758669624155979,4.543447477149832
waybill_09157,2,2.5,147.26999999999998,2.7496336417546297,4.528565480739138
waybill_09256,2,2.5,147.26999999999998,2.7496336417546297,4.528565480739138
waybill_04578,3,0.5,240.79000000000002,2.854483295877311,4.521013058774201
waybill_03900,3,0.5,240.79000000000002,2.854483295877311,4.521013058774201
waybill_10323,2,3.87,66.64,4.482254349251776,4.515461732725871
waybill_01137,2,0.3,73.0,4.351954573378353,4.502222177040044
waybill_01136,2,0.3,73.0,4.351954573378353,4.502222177040044
waybill_09103,3,1.0,86.88,3.214657534358817,4.501347386788122
waybill_04260,2,0.5,89.52,2.7982093847742973,4.500058363608814
waybill_00291,3,0.38,86.5,2.978321764421552,4.490622758364651
waybill_04036,2,1.0,77.97999999999999,3.014860126711488,4.48364657137275
waybill_04518,2,1.0,77.97999999999999,3.014860126711488,4.48364657137275
waybill_10666,2,1.0,174.01,4.473468290139577,4.473468290139577
waybill_10799,2,1.0,174.01,4.473468290139577,4.473468290139577
waybill_00045,3,0.46,89.27,4.404605482386895,4.473304619109857
waybill_05187,2,2.36,129.88,3.696405103661921,4.4730017126040575
waybill_05201,2,2.36,129.88,3.696405103661921,4.4730017126040575
waybill_03439,3,0.5,170.39,2.846024937841179,4.466814474464667
waybill_10273,2,1.95,64.42999999999999,4.444284105469039,4.461016507994747
waybill_02357,2,2.36,38.78,2.707494738996926,4.459163951194649
waybill_08618,2,1.0,129.88,4.437247694842822,4.437247694842822
waybill_08645,2,1.0,129.88,4.437247694842822,4.437247694842822
waybill_08729,2,1.0,129.88,4.437247694842822,4.437247694842822
waybill_08634,2,1.0,129.88,4.437247694842822,4.437247694842822
waybill_07575,1,0.33,16.0,4.433145875472695,4.433145875472695
waybill_04507,1,1.0,13.08,2.690974528375466,4.431955651725652
waybill_10554,1,2.36,124.27,2.681622408947595,4.416552986959817
waybill_03349,3,1.0,192.13,3.033180616613419,4.40890161452609
waybill_04269,3,1.0,192.13,3.033180616613419,4.40890161452609
waybill_03920,3,1.0,192.13,3.033180616613419,4.40890161452609
waybill_04454,3,1.0,192.13,3.033180616613419,4.40890161452609
waybill_06718,2,1.2,64.55,4.398732878244328,4.404261602916922
waybill_06946,2,1.2,64.55,4.398732878244328,4.404261602916922
waybill_10967,2,1.0,110.72,3.2034832328890284,4.389426796272069
waybill_04583,2,0.5,88.41,2.7297006295794177,4.387226465135983
waybill_03310,3,1.0,92.59,2.9534355562384906,4.382482116119816
waybill_08409,2,1.0,212.26999999999998,2.6581134685058894,4.377834455677547
waybill_08401,2,1.0,212.26999999999998,2.6581134685058894,4.377834455677547
waybill_08378,2,1.0,212.26999999999998,2.6581134685058894,4.377834455677547
waybill_08282,2,1.0,212.26999999999998,2.6581134685058894,4.377834455677547
waybill_08369,2,1.0,212.26999999999998,2.6581134685058894,4.377834455677547
waybill_08336,2,1.0,212.26999999999998,2.6581134685058894,4.377834455677547
waybill_08399,2,1.0,212.26999999999998,2.6581134685058894,4.377834455677547
waybill_08277,2,1.0,212.26999999999998,2.6581134685058894,4.377834455677547
waybill_08373,2,1.0,212.26999999999998,2.6581134685058894,4.377834455677547
waybill_04145,2,1.0,84.44,2.9456827425244665,4.369713460677587
waybill_04687,2,1.0,84.44,2.9456827425244665,4.369713460677587
waybill_04048,2,1.0,84.44,2.9456827425244665,4.369713460677587
waybill_04424,2,1.0,84.44,2.9456827425244665,4.369713460677587
waybill_02693,2,2.36,66.64,4.317110538874431,4.368276468751963
waybill_02138,2,3.87,55.42,4.313686123377947,4.353357479936268
waybill_00812,2,4.6,162.79000000000002,2.640972199069827,4.349603290665083
waybill_08145,1,2.5,124.27,2.636789948385185,4.342715247183703
waybill_08884,2,4.12,64.42999999999999,4.30431115417247,4.335093175545817
waybill_01668,2,1.0,186.67000000000002,2.6251889357454106,4.323608721650878
waybill_04564,2,1.0,84.07,2.9171374278599327,4.32270016964724
waybill_03807,2,1.0,84.07,2.9171374278599327,4.32270016964724
waybill_04394,2,1.0,84.07,2.9171374278599327,4.32270016964724
waybill_11271,2,2.36,65.83,4.308463179457315,4.320075452339763
waybill_11405,2,2.36,65.83,4.308463179457315,4.320075452339763
waybill_07086,2,1.2,212.26999999999998,2.6202640451679993,4.315497572177507
waybill_07035,2,1.2,212.26999999999998,2.6202640451679993,4.315497572177507
waybill_06988,2,1.2,212.26999999999998,2.6202640451679993,4.315497572177507
waybill_00334,2,2.52,64.42999999999999,4.288715005573211,4.314031843019311
waybill_11442,2,1.2,66.64,4.294151640936448,4.312691699395743
waybill_07916,2,3.0,66.64,4.280287010296711,4.312395426258715
waybill_08563,1,3.0,11.3,2.6153680192639994,4.3074339619696
waybill_06348,1,0.49,25.73,2.6112154086416597,4.30059473479631
waybill_06117,2,1.2,66.21,4.234068354285708,4.253534885244781
waybill_07876,2,0.63,145.0,2.5826152547443413,4.253491125167584
waybill_07824,2,1.0,65.83,4.232605419731082,4.24330822505175
waybill_05205,3,0.61,93.92999999999999,2.78950304366353,4.240899271899748
waybill_03977,2,1.0,188.09,4.238063992266364,4.238063992266364
waybill_03666,2,1.0,188.09,4.238063992266364,4.238063992266364
waybill_04312,1,0.5,24.93,2.5644493498623993,4.223572415807359
waybill_00087,2,0.34,65.83,4.129717669090597,4.218559009127111
waybill_10996,2,1.2,119.79,3.2058605272380736,4.2160190158534085
waybill_10625,4,1.0,157.72,2.798036832908328,4.210294326695258
waybill_06159,3,1.0,61.629999999999995,2.9576131733099857,4.208632852260439
waybill_06093,2,1.0,64.42999999999999,4.169883386519888,4.181052976478981
waybill_11283,2,1.0,212.26999999999998,2.537081289676226,4.178498028168281
waybill_11255,2,1.0,212.26999999999998,2.537081289676226,4.178498028168281
waybill_11258,2,1.0,212.26999999999998,2.537081289676226,4.178498028168281
waybill_11400,2,1.0,212.26999999999998,2.537081289676226,4.178498028168281
waybill_11341,2,1.0,212.26999999999998,2.537081289676226,4.178498028168281
waybill_11383,2,1.0,212.26999999999998,2.537081289676226,4.178498028168281
waybill_11339,2,1.0,212.26999999999998,2.537081289676226,4.178498028168281
waybill_11330,2,1.0,212.26999999999998,2.537081289676226,4.178498028168281
waybill_11329,2,1.0,212.26999999999998,2.537081289676226,4.178498028168281
waybill_11346,2,1.0,212.26999999999998,2.537081289676226,4.178498028168281
waybill_11402,2,1.0,212.26999999999998,2.537081289676226,4.178498028168281
waybill_11417,2,1.0,212.26999999999998,2.537081289676226,4.178498028168281
waybill_11367,2,1.0,212.26999999999998,2.537081289676226,4.178498028168281
waybill_06558,3,1.0,141.11,2.92866506352429,4.1755998824567095
waybill_00445,2,0.5,81.21,2.865847344200737,4.174459028993
waybill_03355,3,1.0,168.24,2.6668940935749097,4.172148376129391
waybill_03686,3,1.0,168.24,2.6668940935749097,4.172148376129391
waybill_04429,3,1.0,168.24,2.6668940935749097,4.172148376129391
waybill_05402,5,0.32,117.68,2.8265386272736115,4.1635693552251
waybill_06921,3,1.0,99.89999999999999,2.7890041317767205,4.157160753415414
waybill_06482,1,1.0,55.91,4.156615682070902,4.156615682070902
waybill_08901,2,2.5,19.82,2.519697261282909,4.149867046315759
waybill_09055,2,1.2,31.52,2.516317352983832,4.144300437070499
waybill_09208,2,1.2,31.52,2.516317352983832,4.144300437070499
waybill_07573,1,0.58,88.0,2.51209597047766,4.137347944633636
waybill_07348,1,0.58,88.0,2.51209597047766,4.137347944633636
waybill_02739,1,1.0,180.86,2.509578850003645,4.1332023214799225
waybill_06100,1,2.36,124.27,2.5091421209310045,4.132483041582862
waybill_01331,2,1.0,205.84,3.5503624602500206,4.12851459831627
waybill_06836,3,1.0,235.39,2.5047284287451164,4.125213820777554
waybill_06777,3,1.0,235.39,2.5047284287451164,4.125213820777554
waybill_06587,3,1.0,235.39,2.5047284287451164,4.125213820777554
waybill_06611,3,1.0,235.39,2.5047284287451164,4.125213820777554
waybill_06864,3,1.0,235.39,2.5047284287451164,4.125213820777554
waybill_06778,3,1.0,235.39,2.5047284287451164,4.125213820777554
waybill_06694,3,1.0,235.39,2.5047284287451164,4.125213820777554
waybill_06129,2,1.0,149.26999999999998,2.5025521403219746,4.121629537955466
waybill_04410,3,1.0,154.25,2.8560090610484936,4.117105289911664
waybill_04033,3,1.0,154.25,2.8560090610484936,4.117105289911664
waybill_03834,3,1.0,154.25,2.8560090610484936,4.117105289911664
waybill_08483,1,3.0,46.9,4.101230236597251,4.101230236597251
waybill_08474,1,3.0,46.9,4.101230236597251,4.101230236597251
waybill_08228,1,2.36,124.27,2.4891297112756146,4.099523193341415
waybill_08677,2,1.0,149.26999999999998,2.486883903510032,4.095824414213479
waybill_08766,2,1.2,212.26999999999998,2.4866435116608283,4.09542849593054
waybill_08780,2,1.2,212.26999999999998,2.4866435116608283,4.09542849593054
waybill_05868,1,5.16,46.9,4.08777769919315,4.08777769919315
waybill_09845,2,1.0,129.88,4.086425573378989,4.086425573378989
waybill_09802,2,1.0,129.88,4.086425573378989,4.086425573378989
waybill_10367,1,4.18,46.9,4.082801054263301,4.082801054263301
waybill_05867,2,0.57,85.61,3.3917981168277147,4.081581617979074
waybill_08288,1,2.36,104.91,4.079502598258322,4.079502598258322
waybill_10296,2,1.78,64.42999999999999,4.056833696274302,4.072107376528537
waybill_09270,2,1.2,129.88,4.061487335600908,4.061487335600908
waybill_08625,2,1.5,212.26999999999998,2.461663080810547,4.05428646336129
waybill_06579,2,1.0,67.17999999999999,3.025252567538582,4.048024526470849
waybill_08450,2,1.0,37.89,2.456162166680022,4.045226620091367
waybill_07531,2,1.0,110.85,2.8592453170277823,4.045188880410823
waybill_09698,2,1.0,147.26999999999998,2.454393674347272,4.042313965398236
waybill_09817,2,1.0,147.26999999999998,2.454393674347272,4.042313965398236
waybill_09761,2,1.0,147.26999999999998,2.454393674347272,4.042313965398236
waybill_09736,2,1.0,147.26999999999998,2.454393674347272,4.042313965398236
waybill_00416,1,1.05,53.0,4.036281877444356,4.036281877444356
waybill_07345,1,0.3,16.0,4.030132614066086,4.030132614066086
waybill_02308,2,1.2,162.79000000000002,2.446398666941282,4.029146424091202
waybill_02707,2,1.0,162.79000000000002,2.442671645909047,4.023008130415904
waybill_02744,2,1.0,162.79000000000002,2.442671645909047,4.023008130415904
waybill_02754,2,1.0,162.79000000000002,2.442671645909047,4.023008130415904
waybill_06689,2,1.0,212.26999999999998,2.441420658770392,4.020947791508592
waybill_11376,3,1.2,75.69999999999999,3.161579973109858,4.011271384762426
waybill_00380,1,1.04,53.0,3.997841097659171,3.997841097659171
waybill_00441,3,0.39,81.39,2.684710482661073,3.996143500413818
waybill_03528,2,1.0,68.47999999999999,2.615612609996725,3.9945548453107875
waybill_01793,2,2.7,64.42999999999999,3.9735896123297847,3.987951649860129
waybill_03659,3,1.0,141.99,2.775773581991427,3.9849598232317707
waybill_08097,2,1.0,129.88,3.981029418636795,3.981029418636795
waybill_08121,2,1.0,129.88,3.981029418636795,3.981029418636795
waybill_10134,3,1.0,208.9,2.894908534141551,3.9780323270454145
waybill_00744,2,4.2,162.79000000000002,2.4113224426289728,3.9713769175637714
waybill_11352,2,1.0,147.26999999999998,2.403845029040986,3.959061838003514
waybill_11285,2,1.0,147.26999999999998,2.403845029040986,3.959061838003514
waybill_11072,2,1.2,212.26999999999998,2.3970477282021228,3.947866884074513
waybill_10960,2,1.2,212.26999999999998,2.3970477282021228,3.947866884074513
waybill_10963,2,1.2,212.26999999999998,2.3970477282021228,3.947866884074513
waybill_10980,2,1.2,212.26999999999998,2.3970477282021228,3.947866884074513
waybill_02008,2,2.36,198.87,2.387397871031307,3.9319738540307236
waybill_08258,1,2.36,124.27,2.384213811959466,3.9267298026842425
waybill_00382,1,1.02,53.0,3.9209595380888027,3.9209595380888027
waybill_00377,1,1.02,53.0,3.9209595380888027,3.9209595380888027
waybill_10763,2,1.0,117.78,2.621046067401206,3.9187957579718717
waybill_11088,2,2.36,65.83,3.906709543190124,3.915918901154193
waybill_08021,2,0.58,145.0,2.3776457900820924,3.915912464439998
waybill_07958,2,0.58,145.0,2.3776457900820924,3.915912464439998
waybill_06246,3,1.2,161.3,3.0558909713403657,3.91189706212242
waybill_00742,1,1.26,46.9,3.9047641174788206,3.9047641174788206
waybill_04005,3,1.0,185.21,2.5007287405977046,3.898478942441776
waybill_03510,3,1.0,185.21,2.5007287405977046,3.898478942441776
waybill_07546,1,0.29,16.0,3.895794860263883,3.895794860263883
waybill_08497,1,1.0,26.81,2.3638606522197323,3.893208749107626
waybill_08454,2,3.87,55.42,3.8570782568899062,3.889675110169802
waybill_10553,2,3.87,55.42,3.838275208670652,3.875971345798307
waybill_05105,1,2.1,55.91,3.872467872207729,3.872467872207729
waybill_05229,2,4.27,64.42999999999999,3.852107348722562,3.870997585784652
waybill_01740,2,2.62,64.42999999999999,3.85585362381631,3.8697901194939033
waybill_10864,3,1.0,174.89000000000001,2.346233077265474,3.864176653255009
waybill_03442,3,0.5,242.26,2.4514543126137376,3.8572362146051984
waybill_10121,2,4.16,55.42,3.8215958813755893,3.8564885339502117
waybill_06616,1,5.16,46.9,3.8535162684828435,3.8535162684828435
waybill_10527,2,1.2,64.42999999999999,3.828705412202235,3.8403941368929804
waybill_03622,3,1.0,92.67,2.4617883221012336,3.8374728667339197
waybill_09373,2,1.8,212.26999999999998,2.328342049972989,3.8347106591744287
waybill_10547,2,2.36,65.83,3.80851913166876,3.831506956893893
waybill_10510,2,2.36,65.83,3.80851913166876,3.831506956893893
waybill_08225,1,2.2,124.27,2.320375154578963,3.8215894175216585
waybill_06065,2,1.0,212.26999999999998,2.314076683638446,3.811216021717387
waybill_06204,2,1.0,212.26999999999998,2.314076683638446,3.811216021717387
waybill_06084,2,1.0,212.26999999999998,2.314076683638446,3.811216021717387
waybill_06133,2,1.0,212.26999999999998,2.314076683638446,3.811216021717387
waybill_06097,2,1.0,212.26999999999998,2.314076683638446,3.811216021717387
waybill_06202,2,1.0,212.26999999999998,2.314076683638446,3.811216021717387
waybill_06131,2,1.0,212.26999999999998,2.314076683638446,3.811216021717387
waybill_06198,2,1.0,212.26999999999998,2.314076683638446,3.811216021717387
waybill_06178,2,1.0,212.26999999999998,2.314076683638446,3.811216021717387
waybill_06091,2,1.0,212.26999999999998,2.314076683638446,3.811216021717387
waybill_03430,3,0.5,241.79000000000002,2.4224461009546445,3.8094605458824686
waybill_03443,3,0.5,241.76999999999998,2.421211708969151,3.8074275387027767
waybill_00501,3,0.39,195.33,2.311325250045639,3.8066844917703713
waybill_07258,2,1.56,212.26999999999998,2.3092082351538497,3.8031978307055727
waybill_08840,2,1.0,160.79,2.706400158029642,3.7980493031310854
waybill_08885,2,1.0,160.79,2.706400158029642,3.7980493031310854
waybill_03334,2,1.0,67.89999999999999,2.5946525216497998,3.791577043953053
waybill_04155,2,1.0,67.89999999999999,2.5946525216497998,3.791577043953053
waybill_10097,2,1.0,212.26999999999998,2.3010171016828056,3.7897072755560415
waybill_10028,2,1.0,212.26999999999998,2.3010171016828056,3.7897072755560415
waybill_10076,2,1.0,212.26999999999998,2.3010171016828056,3.7897072755560415
waybill_10016,2,1.0,212.26999999999998,2.3010171016828056,3.7897072755560415
waybill_09727,1,2.5,104.91,3.786770984602212,3.786770984602212
waybill_10222,2,1.2,212.26999999999998,2.2965996657167596,3.7824318888552706
waybill_07398,3,1.02,86.94,2.7979535314029693,3.781589911259845
waybill_03838,2,1.0,84.15,2.425490193722676,3.777690920261343
waybill_04196,2,1.0,84.15,2.425490193722676,3.777690920261343
waybill_04077,2,1.0,84.15,2.425490193722676,3.777690920261343
waybill_04069,2,1.0,84.15,2.425490193722676,3.777690920261343
waybill_09090,3,1.0,150.26999999999998,2.443959162839728,3.775255013873698
waybill_09179,3,1.0,150.26999999999998,2.443959162839728,3.775255013873698
waybill_05325,2,4.16,64.42999999999999,3.7528727331817007,3.771276336502144
waybill_08149,1,2.5,104.91,3.770561095779236,3.770561095779236
waybill_03698,2,0.5,70.46000000000001,3.768884251656427,3.768884251656427
waybill_07788,2,1.0,147.26999999999998,3.3835053065300347,3.7652713866304444
waybill_07615,2,1.0,147.26999999999998,3.3835053065300347,3.7652713866304444
waybill_07662,2,1.0,147.26999999999998,3.3835053065300347,3.7652713866304444
waybill_06774,3,2.36,153.0,3.2108889457109564,3.7593721974561625
waybill_08368,2,1.56,65.83,3.733164769250369,3.7463045860763735
waybill_09549,2,0.03,98.52,3.7424217142345855,3.7424217142345855
waybill_09568,2,0.03,98.52,3.7424217142345855,3.7424217142345855
waybill_07827,2,1.0,169.07,2.2644653788466504,3.729507666494039
waybill_02604,3,1.0,95.89999999999999,2.821024429397724,3.72247894146256
waybill_01045,2,1.0,264.13,3.325529453031261,3.710964211742094
waybill_00912,2,1.0,264.13,3.325529453031261,3.710964211742094
waybill_09006,2,5.0,55.42,3.6767956331533718,3.7070623561105673
waybill_09976,2,1.2,65.83,3.6969425168939107,3.7070077051365904
waybill_04905,2,1.0,89.52,2.4383186623217488,3.704575343002192
waybill_10878,3,1.0,239.89,2.246374106266372,3.6997118743326487
waybill_10925,3,1.0,239.89,2.246374106266372,3.6997118743326487
waybill_10924,3,1.0,239.89,2.246374106266372,3.6997118743326487
waybill_10766,3,1.0,239.89,2.246374106266372,3.6997118743326487
waybill_04948,2,1.0,59.559999999999995,2.970415006861585,3.6991513715666513
waybill_05708,2,1.2,33.68,3.684821048537694,3.6964065463007376
waybill_02337,2,1.0,205.83,2.949605779661467,3.6916811188647642
waybill_02372,2,1.0,205.83,2.949605779661467,3.6916811188647642
waybill_02405,2,1.0,205.83,2.949605779661467,3.6916811188647642
waybill_02396,2,1.0,205.83,2.949605779661467,3.6916811188647642
waybill_02425,2,1.0,205.83,2.949605779661467,3.6916811188647642
waybill_00639,3,1.2,89.72999999999999,3.070704353741348,3.685467421020126
waybill_00528,3,1.0,102.32,3.6266950023655253,3.6844752456956993
waybill_07132,2,1.0,64.55,3.665610731870273,3.670218002430768
waybill_09281,1,3.0,58.12,3.667737856525544,3.667737856525544
waybill_07661,2,1.2,212.26999999999998,2.225935651620337,3.666050342561956
waybill_11214,2,2.36,64.42999999999999,3.652823125509549,3.6644353983919973
waybill_11340,2,2.36,64.42999999999999,3.652823125509549,3.6644353983919973
waybill_00327,3,0.38,98.50999999999999,2.335805613662044,3.6631743365441327
waybill_06695,3,1.2,170.39,2.2211870603265464,3.6582295528070423
waybill_06804,3,1.2,170.39,2.2211870603265464,3.6582295528070423
waybill_11007,3,1.2,61.629999999999995,2.4133030365667323,3.657835849946601
waybill_08174,2,3.0,64.42999999999999,3.635324109025645,3.6556274812467797
waybill_07693,1,1.0,57.31,3.65252936095911,3.65252936095911
waybill_07702,1,1.0,57.31,3.65252936095911,3.65252936095911
waybill_08598,1,2.5,58.12,3.6493524583936088,3.6493524583936088
waybill_08688,1,2.5,58.12,3.6493524583936088,3.6493524583936088
waybill_09553,1,2.5,58.12,3.645204120100534,3.645204120100534
waybill_06125,1,2.49,57.0,2.2126452955426728,3.6441615182305673
waybill_09496,1,1.0,143.37,2.21218473700224,3.6434029919031357
waybill_09526,1,1.0,143.37,2.21218473700224,3.6434029919031357
waybill_09483,1,1.0,143.37,2.21218473700224,3.6434029919031357
waybill_09520,1,1.0,143.37,2.21218473700224,3.6434029919031357
waybill_09585,1,1.0,143.37,2.21218473700224,3.6434029919031357
waybill_09583,1,1.0,143.37,2.21218473700224,3.6434029919031357
waybill_09569,1,1.0,143.37,2.21218473700224,3.6434029919031357
waybill_09475,1,1.0,143.37,2.21218473700224,3.6434029919031357
waybill_09566,1,1.0,143.37,2.21218473700224,3.6434029919031357
waybill_09558,1,1.0,143.37,2.21218473700224,3.6434029919031357
waybill_09579,1,1.0,143.37,2.21218473700224,3.6434029919031357
waybill_09571,1,1.0,143.37,2.21218473700224,3.6434029919031357
waybill_09470,1,1.0,143.37,2.21218473700224,3.6434029919031357
waybill_07205,2,2.87,64.42999999999999,3.621804860753668,3.639301239435701
waybill_01982,1,0.63,16.0,3.6384187898951765,3.6384187898951765
waybill_03808,3,0.5,168.34,2.2695276357865657,3.627771299330117
waybill_02004,3,1.0,98.03999999999999,2.428107564014528,3.6268693188250483
waybill_09706,2,2.5,65.83,3.603431799667028,3.617552149997741
waybill_01037,1,2.81,57.31,3.610883104558972,3.610883104558972
waybill_06332,1,3.87,124.27,2.1922076890110143,3.6105013832792303
waybill_07124,2,1.0,212.26999999999998,2.183553370973333,3.596247976814589
waybill_06904,2,1.0,212.26999999999998,2.183553370973333,3.596247976814589
waybill_07055,2,1.0,212.26999999999998,2.183553370973333,3.596247976814589
waybill_06990,2,1.0,212.26999999999998,2.183553370973333,3.596247976814589
waybill_07127,2,1.0,212.26999999999998,2.183553370973333,3.596247976814589
waybill_06833,2,1.0,212.26999999999998,2.183553370973333,3.596247976814589
waybill_11433,2,1.0,66.64,3.578459700780374,3.593909749496453
waybill_11413,2,1.0,66.64,3.578459700780374,3.593909749496453
waybill_07908,2,2.5,66.64,3.5669058419139263,3.593662855215596
waybill_04826,3,0.4,67.97999999999999,3.4847419225438587,3.5724249309789267
waybill_07354,2,0.3,160.7,2.1611419050485443,3.5593369536809787
waybill_05991,2,1.0,66.21,3.5283902952380894,3.54461240437065
waybill_05990,2,1.0,66.21,3.5283902952380894,3.54461240437065
waybill_05471,2,1.87,129.88,2.9289311626473697,3.5442852553260966
waybill_01543,2,5.0,55.42,3.4959500329969866,3.533149349906546
waybill_01083,2,1.2,162.79000000000002,2.142193612876073,3.5281296755373868
waybill_10122,2,2.36,66.64,3.5045012327177094,3.5242961029283126
waybill_04241,2,0.5,112.78999999999999,2.2853483195103537,3.516103068790021
waybill_00521,3,0.5,92.83,2.461998586280772,3.5093320401521595
waybill_01660,2,1.3,205.84,2.7963016147074518,3.4988576953225863
waybill_01513,2,1.3,205.84,2.7963016147074518,3.4988576953225863
waybill_04477,2,1.0,53.11,2.2518336848544096,3.491683773845769
waybill_01479,2,1.6,162.79000000000002,2.119854974031234,3.4913385964557095
waybill_06532,3,1.56,161.3,2.7291952758829154,3.4842969896256935
waybill_03718,2,1.0,38.739999999999995,2.108705117356809,3.472975111486573
waybill_05109,2,1.0,83.11,2.2951245162773044,3.4687388093733045
waybill_05086,2,1.0,83.11,2.2951245162773044,3.4687388093733045
waybill_02394,2,1.2,65.83,3.4490084124073337,3.458785032151423
waybill_05981,2,1.2,55.42,3.4370668423220976,3.4565333732811707
waybill_06003,2,1.2,55.42,3.4370668423220976,3.4565333732811707
waybill_11099,2,1.0,147.26999999999998,2.0973987445008704,3.454353848984455
waybill_11093,2,1.0,147.26999999999998,2.0973987445008704,3.454353848984455
waybill_09148,2,1.0,31.52,2.0969311274865263,3.453583697558749
waybill_01575,2,1.0,65.83,3.4378660926836724,3.4453059560655843
waybill_03766,2,0.5,98.41,2.154705412836804,3.440226308246324
waybill_04259,2,0.5,98.41,2.154705412836804,3.440226308246324
waybill_03739,3,1.0,163.88,2.218398338845665,3.433489100841783
waybill_03488,3,1.0,163.88,2.218398338845665,3.433489100841783
waybill_03654,3,1.0,163.88,2.218398338845665,3.433489100841783
waybill_05186,1,3.1,57.0,2.0808725800102263,3.4271357436685808
waybill_07944,3,1.0,240.59,2.0794566694965217,3.4248037808285843
waybill_07920,3,1.0,240.59,2.0794566694965217,3.4248037808285843
waybill_07985,3,1.0,240.59,2.0794566694965217,3.4248037808285843
waybill_07888,3,1.0,240.59,2.0794566694965217,3.4248037808285843
waybill_10270,2,5.16,55.42,3.375248533122274,3.419525044421067
waybill_07608,1,1.0,55.91,3.4194170179506482,3.4194170179506482
waybill_04432,1,1.0,30.22,2.0724069889782517,3.413193165013996
waybill_03998,1,1.0,30.22,2.0724069889782517,3.413193165013996
waybill_04113,1,1.0,30.22,2.0724069889782517,3.413193165013996
waybill_08798,2,1.0,212.26999999999998,2.0722029263840236,3.4128570799421167
waybill_08897,2,1.0,212.26999999999998,2.0722029263840236,3.4128570799421167
waybill_08955,2,1.0,212.26999999999998,2.0722029263840236,3.4128570799421167
waybill_08908,2,1.0,212.26999999999998,2.0722029263840236,3.4128570799421167
waybill_08945,2,1.0,212.26999999999998,2.0722029263840236,3.4128570799421167
waybill_08909,2,1.0,212.26999999999998,2.0722029263840236,3.4128570799421167
waybill_08880,2,1.0,212.26999999999998,2.0722029263840236,3.4128570799421167
waybill_08882,2,1.0,212.26999999999998,2.0722029263840236,3.4128570799421167
waybill_08702,2,1.2,147.26999999999998,2.0704899936520382,3.4100359302721754
waybill_07818,2,1.0,232.07,2.062913712129669,3.3975580181410634
waybill_11165,2,1.56,24.52,2.0579747261712233,3.3894236539910083
waybill_09255,2,3.0,15.079999999999998,2.0524721946215867,3.380361146879531
waybill_01743,2,2.87,162.79000000000002,2.0486021295687777,3.373987263922825
waybill_04358,1,1.0,19.86,2.0429187359914662,3.3646268823880523
waybill_04218,1,1.0,19.86,2.0429187359914662,3.3646268823880523
waybill_06036,2,0.64,73.0,2.995033192261778,3.362973104920514
waybill_09814,1,3.0,124.27,2.0398655856018153,3.359598433778711
waybill_09815,1,3.0,124.27,2.0398655856018153,3.359598433778711
waybill_09886,1,3.0,124.27,2.0398655856018153,3.359598433778711
waybill_11328,3,1.0,75.69999999999999,2.634649977591549,3.342726153968689
waybill_11137,3,1.0,75.69999999999999,2.634649977591549,3.342726153968689
waybill_08730,1,2.5,46.9,3.3420234092812784,3.3420234092812784
waybill_10493,2,1.0,129.75,3.34116650019221,3.34116650019221
waybill_00476,2,4.32,55.42,3.297277297299535,3.3406775900642773
waybill_09461,1,2.5,46.9,3.329736558511862,3.329736558511862
waybill_09552,1,2.5,46.9,3.329736558511862,3.329736558511862
waybill_01483,2,2.6,55.42,3.30819325269709,3.3266589992023086
waybill_06654,1,1.2,57.69,3.323469273850756,3.323469273850756
waybill_07350,2,0.28,160.7,2.0170657780453083,3.3220478234355806
waybill_07046,2,2.36,65.83,3.3031865060567696,3.3140596645795375
waybill_04420,2,1.0,40.36,2.001450169283944,3.296329376540118
waybill_09525,1,1.0,29.84,3.2928102567688526,3.2928102567688526
waybill_09596,1,1.0,29.84,3.2928102567688526,3.2928102567688526
waybill_11781,1,1.0,29.84,3.2928102567688526,3.2928102567688526
waybill_11777,1,1.0,29.84,3.2928102567688526,3.2928102567688526
waybill_09491,1,1.0,29.84,3.2928102567688526,3.2928102567688526
waybill_00843,2,1.0,225.01,1.9985869587930214,3.2916137533398553
waybill_10934,2,1.0,212.26999999999998,1.997539773501769,3.2898890700620944
waybill_10964,2,1.0,212.26999999999998,1.997539773501769,3.2898890700620944
waybill_10965,2,1.0,212.26999999999998,1.997539773501769,3.2898890700620944
waybill_11003,2,1.0,212.26999999999998,1.997539773501769,3.2898890700620944
waybill_10990,2,1.0,212.26999999999998,1.997539773501769,3.2898890700620944
waybill_11101,2,1.0,212.26999999999998,1.997539773501769,3.2898890700620944
waybill_11136,2,1.0,212.26999999999998,1.997539773501769,3.2898890700620944
waybill_11157,2,1.0,212.26999999999998,1.997539773501769,3.2898890700620944
waybill_03817,2,0.5,78.87,2.1436562658787666,3.2896690695519393
waybill_03904,2,0.5,78.87,2.1436562658787666,3.2896690695519393
waybill_00842,2,1.0,223.79000000000002,1.9959330733512,3.2872428823193793
waybill_00838,2,1.0,223.79000000000002,1.9959330733512,3.2872428823193793
waybill_00615,2,1.0,223.79000000000002,1.9959330733512,3.2872428823193793
waybill_00834,2,1.0,223.79000000000002,1.9959330733512,3.2872428823193793
waybill_00837,2,1.0,223.79000000000002,1.9959330733512,3.2872428823193793
waybill_00835,2,1.0,223.79000000000002,1.9959330733512,3.2872428823193793
waybill_00858,2,1.0,223.79000000000002,1.9959330733512,3.2872428823193793
waybill_00860,2,1.0,223.79000000000002,1.9959330733512,3.2872428823193793
waybill_00865,2,1.0,223.79000000000002,1.9959330733512,3.2872428823193793
waybill_00844,2,1.0,223.79000000000002,1.9959330733512,3.2872428823193793
waybill_00874,2,1.0,223.79000000000002,1.9959330733512,3.2872428823193793
waybill_00798,2,1.0,223.79000000000002,1.9959330733512,3.2872428823193793
waybill_10819,2,5.16,55.42,3.2587527324736967,3.283319936744788
waybill_04018,2,1.0,167.07,1.9895471081571554,3.2767253860610426
waybill_04134,2,1.0,167.07,1.9895471081571554,3.2767253860610426
waybill_04492,2,1.0,167.07,1.9895471081571554,3.2767253860610426
waybill_04630,2,1.0,167.07,1.9895471081571554,3.2767253860610426
waybill_03462,2,1.0,167.07,1.9895471081571554,3.2767253860610426
waybill_08953,3,1.0,90.50999999999999,2.3951108421020404,3.2762350699638203
waybill_08819,3,1.0,90.50999999999999,2.3951108421020404,3.2762350699638203
waybill_08796,3,1.0,90.50999999999999,2.3951108421020404,3.2762350699638203
waybill_08889,3,1.0,90.50999999999999,2.3951108421020404,3.2762350699638203
waybill_10674,2,1.2,32.9,1.988730632792327,3.275380675225066
waybill_00938,2,1.0,145.79000000000002,1.9883605402055875,3.274771143654192
waybill_00958,1,2.37,55.91,3.2711329990418196,3.2711329990418196
waybill_05493,3,1.0,92.83,2.336532720763222,3.2689710466515964
waybill_05518,4,1.0,169.82,2.4164527713913886,3.266901713752666
waybill_05530,4,1.0,169.82,2.4164527713913886,3.266901713752666
waybill_11278,3,1.0,107.22,2.301381104317331,3.2647878207316396
waybill_11263,3,1.0,107.22,2.301381104317331,3.2647878207316396
waybill_06162,2,0.315,145.0,1.982268473396824,3.2647376893650173
waybill_07167,2,1.0,129.88,2.680445882092439,3.2628472080009496
waybill_07138,2,1.0,129.88,2.680445882092439,3.2628472080009496
waybill_07139,2,1.0,129.88,2.680445882092439,3.2628472080009496
waybill_07110,2,1.0,129.88,2.680445882092439,3.2628472080009496
waybill_06852,2,1.0,129.88,2.680445882092439,3.2628472080009496
waybill_07101,2,1.0,129.88,2.680445882092439,3.2628472080009496
waybill_01610,2,1.1,143.79000000000002,1.980895295600792,3.262476106050208
waybill_06262,3,1.0,161.3,2.546575809450305,3.25991421843535
waybill_05447,2,2.36,65.83,3.2231341768806447,3.25519870450198
waybill_05435,2,2.36,65.83,3.2231341768806447,3.25519870450198
waybill_02899,1,0.3,57.0,1.976414134076404,3.255095765235055
waybill_01901,2,2.76,162.79000000000002,1.9700842779128316,3.244670678894424
waybill_08586,2,1.2,212.26999999999998,1.9693304646484373,3.243429170689032
waybill_10238,1,2.36,124.27,1.968350506785153,3.241815209001606
waybill_03765,1,1.0,31.84,1.9651520409053864,3.236547430067541
waybill_04485,1,1.0,31.84,1.9651520409053864,3.236547430067541
waybill_04343,1,1.0,31.84,1.9651520409053864,3.236547430067541
waybill_03602,1,1.0,31.84,1.9651520409053864,3.236547430067541
waybill_03671,2,1.0,195.64999999999998,2.09524436546263,3.2306581403061148
waybill_04210,2,1.0,195.64999999999998,2.09524436546263,3.2306581403061148
waybill_03668,2,1.0,195.64999999999998,2.09524436546263,3.2306581403061148
waybill_04282,2,1.0,195.64999999999998,2.09524436546263,3.2306581403061148
waybill_03475,2,1.0,195.64999999999998,2.09524436546263,3.2306581403061148
waybill_04580,2,1.0,195.64999999999998,2.09524436546263,3.2306581403061148
waybill_04215,2,1.0,195.64999999999998,2.09524436546263,3.2306581403061148
waybill_04622,2,1.0,195.64999999999998,2.09524436546263,3.2306581403061148
waybill_03361,2,1.0,195.64999999999998,2.09524436546263,3.2306581403061148
waybill_04224,2,1.0,195.64999999999998,2.09524436546263,3.2306581403061148
waybill_01501,2,1.2,205.84,2.581201490499186,3.229714795682387
waybill_05759,2,1.87,64.42999999999999,3.210320061783108,3.228374129130517
waybill_09223,2,2.6,64.42999999999999,3.2115767183867936,3.2273154143245355
waybill_00449,3,0.6,285.39,1.9574403742874509,3.223846542678533
waybill_00390,3,0.6,285.39,1.9574403742874509,3.223846542678533
waybill_01754,2,2.74,162.79000000000002,1.955808304884478,3.221158572525624
waybill_08741,1,0.28,88.0,1.954718414045998,3.2193635544715957
waybill_08740,1,0.28,88.0,1.954718414045998,3.2193635544715957
waybill_04238,1,0.5,191.61,3.217557125755012,3.217557125755012
waybill_05748,2,1.0,152.52,3.2039038361124956,3.2135584175816985
waybill_04705,2,1.2,19.83,1.9496003418775227,3.2109342406175134
waybill_04713,2,1.2,19.83,1.9496003418775227,3.2109342406175134
waybill_09124,1,2.5,104.91,3.2055735391806697,3.2055735391806697
waybill_04484,3,1.0,157.49,2.079261993268992,3.204335644858958
waybill_04407,3,1.0,157.49,2.079261993268992,3.204335644858958
waybill_09940,1,2.36,104.78,3.201644260390004,3.201644260390004
waybill_06905,2,5.16,55.42,3.1774393552650855,3.201212871357239
waybill_10604,2,1.0,64.42999999999999,3.1905878435018624,3.200328447410817
waybill_10535,2,1.0,64.42999999999999,3.1905878435018624,3.200328447410817
waybill_10494,2,1.0,64.42999999999999,3.1905878435018624,3.200328447410817
waybill_10491,2,1.0,64.42999999999999,3.1905878435018624,3.200328447410817
waybill_03901,2,0.5,227.79000000000002,1.9415573002286504,3.197687588329689
waybill_03809,2,0.5,227.79000000000002,1.9415573002286504,3.197687588329689
waybill_10148,3,1.0,161.17000000000002,2.418285272519088,3.193047877799504
waybill_11177,2,3.87,55.42,3.172943025610145,3.1919851849555156
waybill_00465,1,0.83,53.0,3.1905847221703,3.1905847221703
waybill_11086,2,1.2,34.93,1.936249306601645,3.1889454794369927
waybill_00332,3,0.6,214.36,2.710642220649741,3.186666341175422
waybill_00393,3,0.6,214.36,2.710642220649741,3.186666341175422
waybill_09243,2,1.2,65.83,3.173274582138181,3.1805385956479078
waybill_09002,2,1.2,65.83,3.173274582138181,3.1805385956479078
waybill_08992,2,1.2,65.83,3.173274582138181,3.1805385956479078
waybill_07554,2,1.0,232.07,1.9186775635080582,3.160005337011599
waybill_07469,2,1.0,232.07,1.9186775635080582,3.160005337011599
waybill_07385,2,1.0,232.07,1.9186775635080582,3.160005337011599
waybill_01051,1,1.0,23.37,1.918067865756595,3.1590011828039146
waybill_10232,2,1.0,212.26999999999998,1.9138330547639661,3.152026574046059
waybill_10231,2,1.0,212.26999999999998,1.9138330547639661,3.152026574046059
waybill_10195,2,1.0,212.26999999999998,1.9138330547639661,3.152026574046059
waybill_10162,2,1.0,212.26999999999998,1.9138330547639661,3.152026574046059
waybill_10163,2,1.0,212.26999999999998,1.9138330547639661,3.152026574046059
waybill_10274,2,1.0,212.26999999999998,1.9138330547639661,3.152026574046059
waybill_10340,2,1.0,212.26999999999998,1.9138330547639661,3.152026574046059
waybill_10352,2,1.0,212.26999999999998,1.9138330547639661,3.152026574046059
waybill_10266,2,1.0,212.26999999999998,1.9138330547639661,3.152026574046059
waybill_04612,2,1.0,148.97,2.0429638648904347,3.144553698386381
waybill_03292,2,1.0,148.97,2.0429638648904347,3.144553698386381
waybill_05272,3,0.96,92.83,2.2430714119326933,3.1382122047855323
waybill_08928,2,5.5,55.42,3.096261624891238,3.1373541291517735
waybill_00572,2,1.13,162.79000000000002,1.9021891511691962,3.1328494083758427
waybill_00545,2,1.13,162.79000000000002,1.9021891511691962,3.1328494083758427
waybill_00667,2,1.0,55.42,3.1132251865072806,3.122416078897816
waybill_00663,2,1.0,55.42,3.1132251865072806,3.122416078897816
waybill_00707,2,1.0,55.42,3.1132251865072806,3.122416078897816
waybill_00668,2,1.0,55.42,3.1132251865072806,3.122416078897816
waybill_02504,2,4.8,55.42,3.0820295861540674,3.1211360651304245
waybill_00460,1,0.81,53.0,3.1137031625999314,3.1137031625999314
waybill_05713,2,1.0,149.05,2.3225090579323817,3.1121791894706945
waybill_05581,2,1.0,149.05,2.3225090579323817,3.1121791894706945
waybill_05592,2,1.0,149.05,2.3225090579323817,3.1121791894706945
waybill_05618,2,1.0,149.05,2.3225090579323817,3.1121791894706945
waybill_06112,2,0.3,145.0,1.8878747365684039,3.1092739898714448
waybill_11481,2,2.36,55.42,3.063638560538385,3.100100675508332
waybill_03898,2,0.5,82.72,2.0270062232496464,3.0975498910711723
waybill_04175,4,1.0,173.76999999999998,2.0096182251044,3.0896344135132754
waybill_09914,2,1.0,65.83,3.080785430744925,3.089173087613825
waybill_09958,2,1.0,65.83,3.080785430744925,3.089173087613825
waybill_09967,2,1.0,65.83,3.080785430744925,3.089173087613825
waybill_02639,4,0.03,255.36,2.021037002422704,3.079239019174017
waybill_09271,1,4.5,46.9,3.0586097918337853,3.0586097918337853
waybill_09422,1,4.5,46.9,3.0586097918337853,3.0586097918337853
waybill_09306,1,2.5,58.12,3.056448213771287,3.056448213771287
waybill_05389,2,1.0,25.68,1.8519743885936528,3.050147175987528
waybill_06782,3,1.0,170.39,1.8509892169387885,3.048524627339202
waybill_06656,3,1.0,170.39,1.8509892169387885,3.048524627339202
waybill_06873,3,1.0,170.39,1.8509892169387885,3.048524627339202
waybill_06614,3,1.0,170.39,1.8509892169387885,3.048524627339202
waybill_08092,2,2.5,64.42999999999999,3.0294367575213714,3.0463562343723165
waybill_00613,2,0.95,64.42999999999999,3.0346942035953868,3.0434255513663957
waybill_04385,3,1.0,165.25,1.9733200967258426,3.0298524670406985
waybill_04082,3,1.0,165.25,1.9733200967258426,3.0298524670406985
waybill_03604,3,1.0,165.25,1.9733200967258426,3.0298524670406985
waybill_00694,2,1.0,65.83,3.0154708493679836,3.024661741758519
waybill_00638,2,1.0,65.83,3.0154708493679836,3.024661741758519
waybill_04003,1,0.5,17.73,1.8238141585663996,3.0037681079929595
waybill_00743,1,1.0,57.31,3.0012648037169094,3.0012648037169094
waybill_00797,2,0.7,98.69999999999999,1.9637219608518808,2.999408189092056
waybill_05386,2,2.36,65.83,2.988371607236431,2.9988121129662977
waybill_05430,2,2.36,65.83,2.988371607236431,2.9988121129662977
waybill_02974,2,0.3,73.0,2.561849684448239,2.989143796487488
waybill_05200,2,1.0,38.739999999999995,1.8141696128447602,2.9878838257492504
waybill_03845,3,1.0,161.23,1.9458034420492205,2.984533348660094
waybill_04525,3,1.0,161.23,1.9458034420492205,2.984533348660094
waybill_03399,3,1.0,161.23,1.9458034420492205,2.984533348660094
waybill_00931,1,2.16,55.91,2.9812857712786203,2.9812857712786203
waybill_08978,2,5.2,55.42,2.9273746271698977,2.9662257221071315
waybill_01612,2,1.0,143.79000000000002,1.800813905091629,2.965887369136553
waybill_01617,2,1.0,143.79000000000002,1.800813905091629,2.965887369136553
waybill_02537,2,0.3,145.0,1.796793275959239,2.9592655115831317
waybill_11196,1,1.0,16.0,2.9496595106927606,2.9496595106927606
waybill_05380,2,1.0,174.38,2.205307566268747,2.9478102100172574
waybill_05136,2,1.0,174.38,2.205307566268747,2.9478102100172574
waybill_05299,2,1.0,174.38,2.205307566268747,2.9478102100172574
waybill_05283,2,1.0,174.38,2.205307566268747,2.9478102100172574
waybill_05031,2,1.0,174.38,2.205307566268747,2.9478102100172574
waybill_01831,1,0.51,16.0,2.9453866394389525,2.9453866394389525
waybill_04985,1,2.36,104.91,2.9449812412434575,2.9449812412434575
waybill_04966,1,2.36,104.91,2.9449812412434575,2.9449812412434575
waybill_01155,2,1.0,162.79000000000002,1.785161344063394,2.9401080629478225
waybill_01174,2,1.0,162.79000000000002,1.785161344063394,2.9401080629478225
waybill_01200,2,1.0,162.79000000000002,1.785161344063394,2.9401080629478225
waybill_01164,2,1.0,162.79000000000002,1.785161344063394,2.9401080629478225
waybill_10792,3,0.3,69.18,2.9350185499680252,2.93644687579774
waybill_09970,2,0.323,64.42999999999999,2.9255440883381603,2.928253301506815
waybill_07303,2,1.2,212.26999999999998,1.7763140270414228,2.92553679285044
waybill_07481,2,1.2,212.26999999999998,1.7763140270414228,2.92553679285044
waybill_11150,2,1.0,129.75,2.9208837105195142,2.9208837105195142
waybill_11059,2,1.0,129.75,2.9208837105195142,2.9208837105195142
waybill_10405,1,1.56,124.27,1.7725978635416308,2.9194163812107274
waybill_10424,1,1.56,124.27,1.7725978635416308,2.9194163812107274
waybill_05968,4,1.0,169.82,2.573175927090988,2.917661895481532
waybill_08650,1,1.0,55.91,2.9082314435499446,2.9082314435499446
waybill_05121,2,1.2,129.88,2.353636085372541,2.907564457569969
waybill_04915,2,1.2,129.88,2.353636085372541,2.907564457569969
waybill_05193,2,1.2,129.88,2.353636085372541,2.907564457569969
waybill_03933,3,1.0,181.66,1.8926560093404798,2.897001095090079
waybill_01504,3,1.0,90.39,2.254888733256678,2.8936334212842283
waybill_01524,3,1.0,90.39,2.254888733256678,2.8936334212842283
waybill_02690,2,1.56,66.64,2.853683237561065,2.887504784429264
waybill_02427,2,1.0,65.83,2.8741736770061115,2.882320860126186
waybill_02343,2,1.0,65.83,2.8741736770061115,2.882320860126186
waybill_02413,2,1.0,65.83,2.8741736770061115,2.882320860126186
waybill_02420,2,1.0,65.83,2.8741736770061115,2.882320860126186
waybill_08439,2,1.2,65.83,2.8716652071156683,2.8817727585202872
waybill_07973,2,2.0,66.64,2.8535246735311417,2.874930284172477
waybill_07991,2,2.0,66.64,2.8535246735311417,2.874930284172477
waybill_05177,2,5.12,55.42,2.8509351294232808,2.8735857181253652
waybill_01957,2,4.87,55.42,2.841375426028281,2.867280286314495
waybill_04593,2,0.5,94.68,1.8060325377677677,2.865972370510783
waybill_06493,3,1.0,155.79,1.73635968914824,2.8597331771827923
waybill_03147,2,1.2,66.64,2.8007662546017373,2.859541389538921
waybill_03150,2,1.2,66.64,2.8007662546017373,2.859541389538921
waybill_07892,2,2.36,55.42,2.8417212749740948,2.857693261121387
waybill_00803,2,1.0,250.34,1.7348766468264603,2.857290650235602
waybill_00738,2,1.0,250.34,1.7348766468264603,2.857290650235602
waybill_00804,2,1.0,250.34,1.7348766468264603,2.857290650235602
waybill_00828,2,1.0,250.34,1.7348766468264603,2.857290650235602
waybill_00729,2,1.0,250.34,1.7348766468264603,2.857290650235602
waybill_08744,1,1.2,57.31,2.8560423132144783,2.8560423132144783
waybill_05656,3,0.35,98.64999999999999,1.964728539060098,2.850489024576298
waybill_04447,1,0.5,28.02,1.7293831716761598,2.8482430587466236
waybill_08666,2,1.0,147.26999999999998,1.7254083280433656,2.841696608560146
waybill_08538,2,1.0,147.26999999999998,1.7254083280433656,2.841696608560146
waybill_00740,2,1.0,19.1,1.721792331830585,2.835741169486732
waybill_06858,2,1.56,65.83,2.8152799412623657,2.8329202960272326
waybill_00288,2,9.5,39.94,1.7142985127632424,2.8233990705860155
waybill_00904,3,0.3,214.47,1.713192745170568,2.821577903986268
waybill_02167,1,1.25,180.87,1.7100526839474506,2.81640631579849
waybill_01068,2,2.2,66.64,2.7961549950375946,2.811257746561097
waybill_09797,1,2.5,124.27,1.6998879880015128,2.7996653614822593
waybill_09675,1,2.5,124.27,1.6998879880015128,2.7996653614822593
waybill_09775,1,2.5,124.27,1.6998879880015128,2.7996653614822593
waybill_09677,1,2.5,124.27,1.6998879880015128,2.7996653614822593
waybill_06875,2,1.0,147.26999999999998,1.6906160638262282,2.784394775931295
waybill_00995,1,2.16,57.31,2.7756254469207757,2.7756254469207757
waybill_02083,2,1.18,26.169999999999998,1.6837667123275573,2.7731140961013314
waybill_00681,2,1.0,162.79000000000002,1.6833532311231827,2.7724331047573827
waybill_00554,2,1.0,162.79000000000002,1.6833532311231827,2.7724331047573827
waybill_00538,2,1.0,162.79000000000002,1.6833532311231827,2.7724331047573827
waybill_00616,2,1.0,162.79000000000002,1.6833532311231827,2.7724331047573827
waybill_00625,2,1.0,162.79000000000002,1.6833532311231827,2.7724331047573827
waybill_00563,2,1.0,162.79000000000002,1.6833532311231827,2.7724331047573827
waybill_06427,1,1.0,57.69,2.7695577282089636,2.7695577282089636
waybill_06686,1,1.0,57.69,2.7695577282089636,2.7695577282089636
waybill_00333,3,0.36,262.09000000000003,1.680210883368636,2.767257750719804
waybill_09979,1,0.31,16.0,2.7563400995962772,2.7563400995962772
waybill_10324,2,2.36,66.64,2.7333644093628404,2.7536149067785676
waybill_10303,2,2.36,66.64,2.7333644093628404,2.7536149067785676
waybill_10716,2,2.36,65.83,2.732388863177662,2.743625026371417
waybill_10848,2,2.36,65.83,2.732388863177662,2.743625026371417
waybill_07742,1,1.0,57.31,2.7393970207193328,2.7393970207193328
waybill_00093,2,0.39,65.83,2.674808796896521,2.7306984044634732
waybill_10846,2,1.0,32.9,1.6572755273269395,2.7294838960208887
waybill_01215,2,2.61,64.42999999999999,2.7082813587384043,2.726198713954923
waybill_01456,2,1.3,65.83,2.707263569084777,2.7164964423373856
waybill_06379,1,2.36,57.69,2.7160835195930284,2.7160835195930284
waybill_10335,2,1.0,147.26999999999998,1.6489439450681669,2.7157620258618733
waybill_10259,2,1.0,147.26999999999998,1.6489439450681669,2.7157620258618733
waybill_04584,1,0.5,144.0,2.7129673206883895,2.7129673206883895
waybill_04256,1,0.5,144.0,2.7129673206883895,2.7129673206883895
waybill_01794,2,4.6,55.42,2.6838453716078217,2.708314028141001
waybill_08672,2,1.0,212.26999999999998,1.6411087205403647,2.7028576422408603
waybill_08570,2,1.0,212.26999999999998,1.6411087205403647,2.7028576422408603
waybill_08558,2,1.0,212.26999999999998,1.6411087205403647,2.7028576422408603
waybill_08680,2,1.0,212.26999999999998,1.6411087205403647,2.7028576422408603
waybill_08737,2,1.0,212.26999999999998,1.6411087205403647,2.7028576422408603
waybill_08715,2,1.0,212.26999999999998,1.6411087205403647,2.7028576422408603
waybill_08686,2,1.0,212.26999999999998,1.6411087205403647,2.7028576422408603
waybill_08639,2,1.0,212.26999999999998,1.6411087205403647,2.7028576422408603
waybill_08621,2,1.0,212.26999999999998,1.6411087205403647,2.7028576422408603
waybill_08561,2,1.0,212.26999999999998,1.6411087205403647,2.7028576422408603
waybill_08641,2,1.0,212.26999999999998,1.6411087205403647,2.7028576422408603
waybill_05626,2,1.2,129.88,2.1576371395956095,2.6980550636906613
waybill_07097,2,2.39,64.42999999999999,2.6858627309868575,2.69687410762644
waybill_06021,2,1.0,65.83,2.6856584138187944,2.6968280037778887
waybill_06022,2,1.0,65.83,2.6856584138187944,2.6968280037778887
waybill_01598,2,1.0,205.84,2.151001242082655,2.6914289964019895
waybill_00962,1,1.0,10.58,1.632483400814933,2.688651995140906
waybill_00498,3,0.5,285.39,1.6312003119062086,2.6865387855654443
waybill_02266,2,2.37,55.42,2.6560215729363885,2.6803237572864247
waybill_02195,2,2.36,55.42,2.6448147308564876,2.669014374344288
waybill_07466,2,5.16,55.42,2.628090241712144,2.6595471455446495
waybill_00760,2,2.81,162.79000000000002,1.6132895389970032,2.657040271036714
waybill_00782,2,2.81,162.79000000000002,1.6132895389970032,2.657040271036714
waybill_00756,2,2.81,162.79000000000002,1.6132895389970032,2.657040271036714
waybill_09155,2,1.0,65.83,2.6443954851151505,2.6504488297065896
waybill_09152,2,1.0,65.83,2.6443954851151505,2.6504488297065896
waybill_09142,2,1.0,65.83,2.6443954851151505,2.6504488297065896
waybill_09106,2,1.0,65.83,2.6443954851151505,2.6504488297065896
waybill_11958,3,0.03,127.56,2.640505471111597,2.645375790413661
waybill_00526,2,0.5,205.84,2.251104357837988,2.6427679429097655
waybill_08962,2,1.2,129.88,2.6341990393266776,2.6341990393266776
waybill_03897,3,0.5,233.79000000000002,1.5958796996399165,2.628366779288408
waybill_00906,3,0.3,169.97,1.7313042044175104,2.618595589823718
waybill_01400,2,1.2,162.79000000000002,1.5898912305234252,2.6185039473417815
waybill_01633,2,3.7,55.42,2.58700302441777,2.614530518930844
waybill_07672,1,2.36,104.91,2.6108816628853257,2.6108816628853257
waybill_11107,2,1.2,24.52,1.5830574816701717,2.6072489646084676
waybill_05452,2,1.2,66.21,2.586245575148397,2.6025495722439906
waybill_07330,2,1.56,129.88,2.205502226619874,2.596707173584255
waybill_07239,2,1.56,129.88,2.205502226619874,2.596707173584255
waybill_11042,2,1.56,65.83,2.5824012234646587,2.5884887651697213
waybill_06414,2,1.2,66.64,2.5727372681111293,2.586451729521828
waybill_01849,2,2.2,162.79000000000002,1.5703570331189238,2.5863317005680195
waybill_02708,2,1.56,55.42,2.5419222911516126,2.575743838019812
waybill_09681,2,2.5,66.64,2.5582283865567708,2.5723487368874838
waybill_08035,2,2.11,64.42999999999999,2.556844623348037,2.571124661810235
waybill_05861,1,1.2,57.31,2.5681598755518156,2.5681598755518156
waybill_08813,2,4.5,55.42,2.5333049658201037,2.566926105669633
waybill_08760,2,4.5,55.42,2.5333049658201037,2.566926105669633
waybill_08359,2,1.0,64.42999999999999,2.5570363341838784,2.5654592936877276
waybill_08291,2,1.0,64.42999999999999,2.5570363341838784,2.5654592936877276
waybill_10321,2,3.87,55.42,2.5314363998417058,2.5646437833158005
waybill_10328,2,3.87,55.42,2.5314363998417058,2.5646437833158005
waybill_05797,1,1.56,58.12,2.5583620438840824,2.5583620438840824
waybill_05663,2,0.62,145.0,1.55230534206609,2.556601098014486
waybill_09288,2,1.2,212.26999999999998,1.552228033315326,2.556473772782952
waybill_09310,2,1.2,212.26999999999998,1.552228033315326,2.556473772782952
waybill_09397,2,1.2,212.26999999999998,1.552228033315326,2.556473772782952
waybill_09399,2,1.2,212.26999999999998,1.552228033315326,2.556473772782952
waybill_03713,3,1.0,161.22,2.4881040710035545,2.551277508570725
waybill_03711,3,1.0,161.22,2.4881040710035545,2.551277508570725
waybill_04351,3,1.0,161.22,2.4881040710035545,2.551277508570725
waybill_04333,3,1.0,161.22,2.4881040710035545,2.551277508570725
waybill_03928,3,1.0,161.22,2.4881040710035545,2.551277508570725
waybill_03910,3,1.0,161.22,2.4881040710035545,2.551277508570725
waybill_04272,3,1.0,161.22,2.4881040710035545,2.551277508570725
waybill_03712,3,1.0,161.22,2.4881040710035545,2.551277508570725
waybill_03628,3,1.0,161.22,2.4881040710035545,2.551277508570725
waybill_04184,3,1.0,161.22,2.4881040710035545,2.551277508570725
waybill_03699,3,1.0,161.22,2.4881040710035545,2.551277508570725
waybill_03515,3,1.0,161.22,2.4881040710035545,2.551277508570725
waybill_03575,3,1.0,161.22,2.4881040710035545,2.551277508570725
waybill_08972,1,2.5,104.91,2.547689231340774,2.547689231340774
waybill_06092,2,1.0,150.32,1.950927865407694,2.5431080739070557
waybill_09978,1,1.87,104.78,2.53689608768191,2.53689608768191
waybill_01038,1,4.87,46.9,2.5312494891633586,2.5312494891633586
waybill_01006,1,4.87,46.9,2.5312494891633586,2.5312494891633586
waybill_01022,1,4.86,46.9,2.5195451353337157,2.5195451353337157
waybill_09888,2,1.2,31.89,1.528778304838743,2.517852761860205
waybill_07971,2,1.2,55.42,2.504025292150559,2.51686865853536
waybill_07107,2,1.0,65.83,2.507653982632701,2.513750281825047
waybill_07381,2,1.0,65.83,2.507653982632701,2.513750281825047
waybill_07431,2,1.0,65.83,2.507653982632701,2.513750281825047
waybill_07302,2,1.0,65.83,2.507653982632701,2.513750281825047
waybill_01430,2,1.2,65.83,2.4990125253090243,2.507535177542202
waybill_08609,1,0.29,16.0,2.506385504505435,2.506385504505435
waybill_08449,2,1.2,136.32999999999998,2.1429991487198636,2.4997644008764537
waybill_08848,2,2.5,66.64,2.480719467782496,2.4993978788100124
waybill_08911,2,2.5,66.64,2.480719467782496,2.4993978788100124
waybill_07396,3,1.0,161.3,1.9480775043089467,2.4926789676249546
waybill_06583,1,1.0,30.19,1.5124307646933333,2.490928845570666
waybill_00818,1,1.8,55.91,2.4844048093988502,2.4844048093988502
waybill_06218,2,2.36,55.42,2.4572782933625423,2.4836385256660045
waybill_06211,2,2.36,55.42,2.4572782933625423,2.4836385256660045
waybill_00411,2,1.45,64.42999999999999,2.467712999238554,2.4822802271341273
waybill_10637,2,3.87,55.42,2.4440645493552724,2.462489952558591
waybill_03290,2,1.0,200.82999999999998,1.6283356221544816,2.4616732160995247
waybill_04125,2,1.0,200.82999999999998,1.6283356221544816,2.4616732160995247
waybill_03322,2,1.0,200.82999999999998,1.6283356221544816,2.4616732160995247
waybill_04390,2,1.0,200.82999999999998,1.6283356221544816,2.4616732160995247
waybill_03970,2,1.0,200.82999999999998,1.6283356221544816,2.4616732160995247
waybill_03758,2,1.0,200.82999999999998,1.6283356221544816,2.4616732160995247
waybill_03738,2,1.0,200.82999999999998,1.6283356221544816,2.4616732160995247
waybill_03688,2,1.0,200.82999999999998,1.6283356221544816,2.4616732160995247
waybill_04523,2,1.0,200.82999999999998,1.6283356221544816,2.4616732160995247
waybill_03582,2,1.0,200.82999999999998,1.6283356221544816,2.4616732160995247
waybill_03553,2,1.0,200.82999999999998,1.6283356221544816,2.4616732160995247
waybill_03937,2,1.0,200.82999999999998,1.6283356221544816,2.4616732160995247
waybill_04440,2,1.0,200.82999999999998,1.6283356221544816,2.4616732160995247
waybill_11227,2,5.16,66.64,2.421542832260407,2.446932378054234
waybill_07384,2,1.0,212.26999999999998,1.4802616892011855,2.4379473273753667
waybill_07279,2,1.0,212.26999999999998,1.4802616892011855,2.4379473273753667
waybill_07335,2,1.0,212.26999999999998,1.4802616892011855,2.4379473273753667
waybill_07321,2,1.0,212.26999999999998,1.4802616892011855,2.4379473273753667
waybill_07338,2,1.0,212.26999999999998,1.4802616892011855,2.4379473273753667
waybill_07464,2,1.0,212.26999999999998,1.4802616892011855,2.4379473273753667
waybill_07476,2,1.0,212.26999999999998,1.4802616892011855,2.4379473273753667
waybill_07516,2,1.0,212.26999999999998,1.4802616892011855,2.4379473273753667
waybill_07455,2,1.0,212.26999999999998,1.4802616892011855,2.4379473273753667
waybill_07471,2,1.0,212.26999999999998,1.4802616892011855,2.4379473273753667
waybill_07462,2,1.0,212.26999999999998,1.4802616892011855,2.4379473273753667
waybill_07458,2,1.0,212.26999999999998,1.4802616892011855,2.4379473273753667
waybill_07298,2,1.0,212.26999999999998,1.4802616892011855,2.4379473273753667
waybill_07420,2,1.0,212.26999999999998,1.4802616892011855,2.4379473273753667
waybill_04566,2,1.0,208.79000000000002,1.4773260860946482,2.433112475673112
waybill_04135,2,1.0,208.79000000000002,1.4773260860946482,2.433112475673112
waybill_04211,2,1.0,208.79000000000002,1.4773260860946482,2.433112475673112
waybill_03389,2,1.0,208.79000000000002,1.4773260860946482,2.433112475673112
waybill_03422,2,1.0,208.79000000000002,1.4773260860946482,2.433112475673112
waybill_03403,2,1.0,208.79000000000002,1.4773260860946482,2.433112475673112
waybill_04341,2,1.0,208.79000000000002,1.4773260860946482,2.433112475673112
waybill_03607,2,1.0,208.79000000000002,1.4773260860946482,2.433112475673112
waybill_08539,1,1.2,57.69,2.430664573466303,2.430664573466303
waybill_04693,2,1.5,66.64,2.0782266401720744,2.4277575368104958
waybill_05060,2,1.0,129.88,1.9613634044771175,2.4229703813083074
waybill_04929,2,1.0,129.88,1.9613634044771175,2.4229703813083074
waybill_04913,2,1.0,129.88,1.9613634044771175,2.4229703813083074
waybill_05085,2,1.0,129.88,1.9613634044771175,2.4229703813083074
waybill_05089,2,1.0,129.88,1.9613634044771175,2.4229703813083074
waybill_04895,2,1.0,129.88,1.9613634044771175,2.4229703813083074
waybill_07329,1,2.36,104.91,2.4217687958256313,2.4217687958256313
waybill_07314,1,2.36,104.91,2.4217687958256313,2.4217687958256313
waybill_09170,2,1.95,64.42999999999999,2.408682538790095,2.4204865607434014
waybill_09069,2,1.2,129.88,2.070102331182041,2.413919941511479
waybill_00871,1,4.65,46.9,2.410675901090901,2.410675901090901
waybill_07624,1,1.2,46.9,2.4044823289784776,2.4044823289784776
waybill_08408,2,1.0,65.83,2.393054339263057,2.401477298766906
waybill_08386,2,1.0,65.83,2.393054339263057,2.401477298766906
waybill_08377,2,1.0,65.83,2.393054339263057,2.401477298766906
waybill_08403,2,1.0,65.83,2.393054339263057,2.401477298766906
waybill_11861,1,5.5,10.53,1.4530449560944383,2.3931221709712385
waybill_05407,2,3.87,66.64,2.3742516893437213,2.391372349163461
waybill_03146,2,1.0,66.64,2.333971878834782,2.382951157949101
waybill_03136,2,1.0,66.64,2.333971878834782,2.382951157949101
waybill_03130,2,1.0,66.64,2.333971878834782,2.382951157949101
waybill_08626,1,1.0,57.31,2.380035261012065,2.380035261012065
waybill_08707,1,1.0,57.31,2.380035261012065,2.380035261012065
waybill_08632,1,1.0,57.31,2.380035261012065,2.380035261012065
waybill_08260,2,2.36,55.42,2.352120073969038,2.371998258398122
waybill_08313,2,2.36,55.42,2.352120073969038,2.371998258398122
waybill_09019,1,2.5,124.27,1.4352347683126545,2.363789317179632
waybill_09183,1,2.5,124.27,1.4352347683126545,2.363789317179632
waybill_09032,2,2.9,66.64,2.3462211258464847,2.363775825161658
waybill_02089,2,2.1,55.42,2.340759911910513,2.3622870046165794
waybill_10011,2,1.0,129.75,1.9662564531220863,2.3606674776297485
waybill_10074,2,1.0,129.75,1.9662564531220863,2.3606674776297485
waybill_01557,1,1.8,120.79,1.4318393847094082,2.358197220565003
waybill_01438,1,1.6,180.87,1.4298077388163892,2.354851159722388
waybill_07349,1,0.72,16.0,2.3478978395403476,2.3478978395403476
waybill_10862,3,1.0,106.92999999999999,1.5803335504892666,2.338760190825949
waybill_05165,2,4.16,55.42,2.3163847926564154,2.334788395976859
waybill_04462,1,1.0,57.31,2.3299292555170745,2.3299292555170745
waybill_04202,1,1.0,57.31,2.3299292555170745,2.3299292555170745
waybill_04657,1,1.0,57.31,2.3299292555170745,2.3299292555170745
waybill_04558,1,1.0,57.31,2.3299292555170745,2.3299292555170745
waybill_03896,2,0.5,85.09,1.477204228298849,2.324401846809853
waybill_06490,3,1.2,220.79,1.4087704597591215,2.3202033818145553
waybill_00001,2,0.32,55.42,2.2987514248784144,2.3153470381822223
waybill_00002,2,0.32,55.42,2.2987514248784144,2.3153470381822223
waybill_09742,2,1.6,65.83,2.306196351786898,2.315233375998554
waybill_10093,1,0.26,16.0,2.3117691157904265,2.3117691157904265
waybill_05751,2,0.56,145.0,1.402082244446791,2.309188088529213
waybill_05661,2,0.56,145.0,1.402082244446791,2.309188088529213
waybill_07970,2,1.1,55.42,2.295356517804679,2.3071296036574136
waybill_10368,1,2.36,46.9,2.305122126330476,2.305122126330476
waybill_04669,3,1.0,170.07,1.4592418759345775,2.303378867533754
waybill_01125,2,4.26,55.42,2.2593956887952418,2.2886401076543876
waybill_01746,2,2.87,66.64,2.273015931361116,2.2882822453285563
waybill_10271,2,1.0,64.42999999999999,2.279120054086687,2.2877007733306387
waybill_10229,2,1.0,64.42999999999999,2.279120054086687,2.2877007733306387
waybill_10338,2,1.0,64.42999999999999,2.279120054086687,2.2877007733306387
waybill_04062,3,1.0,154.78,1.515823567102376,2.276369181067845
waybill_03794,3,1.0,154.78,1.515823567102376,2.276369181067845
waybill_05134,2,1.2,129.88,1.879528018811146,2.2744076504766397
waybill_06337,2,2.36,132.79,1.378539508736513,2.270413897436724
waybill_05756,2,1.0,129.88,1.798030949663008,2.248379219742218
waybill_05725,2,1.0,129.88,1.798030949663008,2.248379219742218
waybill_05566,2,1.0,129.88,1.798030949663008,2.248379219742218
waybill_10400,1,1.2,124.27,1.3635368181089467,2.2457049086236363
waybill_01460,2,1.0,64.42999999999999,2.2382719652650542,2.245374175459369
waybill_09928,2,1.5,66.64,2.227437224184985,2.2400187094883344
waybill_04411,2,1.0,232.07,1.8647563900572441,2.2335271946341986
waybill_04406,2,1.0,232.07,1.8647563900572441,2.2335271946341986
waybill_04591,2,1.0,232.07,1.8647563900572441,2.2335271946341986
waybill_03597,2,1.0,232.07,1.8647563900572441,2.2335271946341986
waybill_04667,2,1.0,232.07,1.8647563900572441,2.2335271946341986
waybill_04626,2,1.0,232.07,1.8647563900572441,2.2335271946341986
waybill_03518,2,1.0,232.07,1.8647563900572441,2.2335271946341986
waybill_03571,2,1.0,232.07,1.8647563900572441,2.2335271946341986
waybill_03520,2,1.0,232.07,1.8647563900572441,2.2335271946341986
waybill_04325,2,1.0,232.07,1.8647563900572441,2.2335271946341986
waybill_04349,2,1.0,232.07,1.8647563900572441,2.2335271946341986
waybill_04543,2,1.0,232.07,1.8647563900572441,2.2335271946341986
waybill_03833,2,1.0,232.07,1.8647563900572441,2.2335271946341986
waybill_03523,2,1.0,232.07,1.8647563900572441,2.2335271946341986
waybill_04169,2,1.0,232.07,1.8647563900572441,2.2335271946341986
waybill_03570,2,1.0,232.07,1.8647563900572441,2.2335271946341986
waybill_04665,2,1.0,232.07,1.8647563900572441,2.2335271946341986
waybill_04126,2,1.0,232.07,1.8647563900572441,2.2335271946341986
waybill_03976,2,1.0,232.07,1.8647563900572441,2.2335271946341986
waybill_03823,2,1.0,232.07,1.8647563900572441,2.2335271946341986
waybill_03824,2,1.0,232.07,1.8647563900572441,2.2335271946341986
waybill_03720,2,1.0,232.07,1.8647563900572441,2.2335271946341986
waybill_04040,2,1.0,232.07,1.8647563900572441,2.2335271946341986
waybill_03710,2,1.0,232.07,1.8647563900572441,2.2335271946341986
waybill_04012,2,1.0,232.07,1.8647563900572441,2.2335271946341986
waybill_04559,2,1.0,232.07,1.8647563900572441,2.2335271946341986
waybill_04020,2,1.0,232.07,1.8647563900572441,2.2335271946341986
waybill_04350,2,1.0,232.07,1.8647563900572441,2.2335271946341986
waybill_04598,2,1.0,232.07,1.8647563900572441,2.2335271946341986
waybill_03516,2,1.0,232.07,1.8647563900572441,2.2335271946341986
waybill_06546,3,1.0,161.3,1.7494841512069967,2.233523711298521
waybill_06540,3,1.0,161.3,1.7494841512069967,2.233523711298521
waybill_00339,2,1.3,64.42999999999999,2.2124323441449105,2.225492617430597
waybill_00435,2,1.3,64.42999999999999,2.2124323441449105,2.225492617430597
waybill_02682,2,1.2,66.64,2.1951409519700493,2.2211575264840486
waybill_02716,2,1.2,66.64,2.1951409519700493,2.2211575264840486
waybill_05282,3,0.29,148.03,1.7979880958863832,2.216948771998218
waybill_03441,1,0.5,13.08,1.345487264187733,2.215977825862826
waybill_03454,3,0.5,192.13,1.5165903083067096,2.204450807263045
waybill_11375,2,1.2,65.83,2.1907439895545675,2.1966485350880154
waybill_11207,2,1.2,65.83,2.1907439895545675,2.1966485350880154
waybill_08875,2,1.0,129.88,2.195165866105565,2.195165866105565
waybill_08756,2,1.0,129.88,2.195165866105565,2.195165866105565
waybill_00514,1,1.3,55.91,2.1922455297825727,2.1922455297825727
waybill_00485,1,1.3,55.91,2.1922455297825727,2.1922455297825727
waybill_05030,3,0.37,85.34,1.4599826135069676,2.190233407945116
waybill_09939,2,2.36,55.42,2.1680207403957668,2.18781561060637
waybill_01368,2,1.0,162.79000000000002,1.324909358769521,2.1820866227848184
waybill_01308,2,1.0,162.79000000000002,1.324909358769521,2.1820866227848184
waybill_01489,2,1.0,162.79000000000002,1.324909358769521,2.1820866227848184
waybill_01347,2,1.0,162.79000000000002,1.324909358769521,2.1820866227848184
waybill_10142,2,1.87,66.64,2.1658438328425897,2.18188977782878
waybill_00796,2,1.0,205.84,1.7952481776496012,2.180682936360434
waybill_00935,2,1.0,205.84,1.7952481776496012,2.180682936360434
waybill_00926,2,1.0,205.84,1.7952481776496012,2.180682936360434
waybill_00824,2,1.0,205.84,1.7952481776496012,2.180682936360434
waybill_00999,2,1.0,205.84,1.7952481776496012,2.180682936360434
waybill_00840,2,1.0,205.84,1.7952481776496012,2.180682936360434
waybill_00754,2,1.0,205.84,1.7952481776496012,2.180682936360434
waybill_10905,2,1.0,24.52,1.3192145680584761,2.1727074705070564
waybill_01323,2,4.3,64.55,2.1375520440603384,2.1680915478958918
waybill_09293,1,1.2,57.31,2.1594466270646056,2.1594466270646056
waybill_10871,2,5.16,55.42,2.1367107600798296,2.156846474950421
waybill_06375,2,1.0,66.64,2.1439477234259408,2.15537644126819
waybill_04460,2,1.0,169.07,1.3047534590620442,2.148890450661221
waybill_03311,2,1.0,169.07,1.3047534590620442,2.148890450661221
waybill_00652,2,1.2,64.42999999999999,2.137533520086527,2.1485625909551698
waybill_07688,2,1.0,212.26999999999998,1.3045426502191877,2.1485432547168966
waybill_07707,2,1.0,212.26999999999998,1.3045426502191877,2.1485432547168966
waybill_07639,2,1.0,212.26999999999998,1.3045426502191877,2.1485432547168966
waybill_07781,2,1.0,212.26999999999998,1.3045426502191877,2.1485432547168966
waybill_07699,2,1.0,212.26999999999998,1.3045426502191877,2.1485432547168966
waybill_07701,2,1.0,212.26999999999998,1.3045426502191877,2.1485432547168966
waybill_07706,2,1.0,212.26999999999998,1.3045426502191877,2.1485432547168966
waybill_05987,1,1.0,57.31,2.140133229626513,2.140133229626513
waybill_05951,1,1.0,57.31,2.140133229626513,2.140133229626513
waybill_05942,1,1.0,57.31,2.140133229626513,2.140133229626513
waybill_05912,1,1.0,57.31,2.140133229626513,2.140133229626513
waybill_05906,1,1.0,57.31,2.140133229626513,2.140133229626513
waybill_05888,1,1.0,57.31,2.140133229626513,2.140133229626513
waybill_05883,1,1.0,57.31,2.140133229626513,2.140133229626513
waybill_05893,1,1.0,57.31,2.140133229626513,2.140133229626513
waybill_05918,1,1.0,57.31,2.140133229626513,2.140133229626513
waybill_05307,2,2.36,64.42999999999999,2.129033569785772,2.139474075515639
waybill_05664,1,2.02,58.12,2.135861762292553,2.135861762292553
waybill_00296,2,0.64,66.64,2.1255773853740036,2.134929436166288
waybill_09352,2,1.0,212.26999999999998,1.293523361096105,2.1303948106524606
waybill_09377,2,1.0,212.26999999999998,1.293523361096105,2.1303948106524606
waybill_09297,2,1.0,212.26999999999998,1.293523361096105,2.1303948106524606
waybill_09362,2,1.0,212.26999999999998,1.293523361096105,2.1303948106524606
waybill_09400,2,1.0,212.26999999999998,1.293523361096105,2.1303948106524606
waybill_09415,2,1.0,212.26999999999998,1.293523361096105,2.1303948106524606
waybill_09382,2,1.0,212.26999999999998,1.293523361096105,2.1303948106524606
waybill_09434,2,1.0,212.26999999999998,1.293523361096105,2.1303948106524606
waybill_09412,2,1.0,212.26999999999998,1.293523361096105,2.1303948106524606
waybill_09347,2,1.0,212.26999999999998,1.293523361096105,2.1303948106524606
waybill_09368,2,1.0,212.26999999999998,1.293523361096105,2.1303948106524606
waybill_09403,2,1.0,212.26999999999998,1.293523361096105,2.1303948106524606
waybill_09370,2,1.0,212.26999999999998,1.293523361096105,2.1303948106524606
waybill_09372,2,1.0,212.26999999999998,1.293523361096105,2.1303948106524606
waybill_09544,1,0.64,16.0,2.1262921892133613,2.1262921892133613
waybill_09313,1,1.2,104.91,2.1246292087521264,2.1246292087521264
waybill_09291,1,1.2,104.91,2.1246292087521264,2.1246292087521264
waybill_08079,3,1.0,144.85,1.8823816925971117,2.124450396706584
waybill_04316,2,0.5,188.09,2.119031996133182,2.119031996133182
waybill_09903,1,1.56,104.78,2.1163411212747487,2.1163411212747487
waybill_09539,1,1.0,30.08,2.112277990693546,2.112277990693546
waybill_09510,1,1.0,30.08,2.112277990693546,2.112277990693546
waybill_09472,1,1.0,30.08,2.112277990693546,2.112277990693546
waybill_09595,1,1.0,30.08,2.112277990693546,2.112277990693546
waybill_09594,1,1.0,30.08,2.112277990693546,2.112277990693546
waybill_09580,1,1.0,30.08,2.112277990693546,2.112277990693546
waybill_09590,1,1.0,30.08,2.112277990693546,2.112277990693546
waybill_09492,1,1.0,30.08,2.112277990693546,2.112277990693546
waybill_02199,2,1.5,66.64,2.0863009089859776,2.1016820383214436
waybill_07935,2,1.0,55.42,2.0866877434587994,2.097390548779467
waybill_07913,2,1.0,55.42,2.0866877434587994,2.097390548779467
waybill_07909,2,1.0,55.42,2.0866877434587994,2.097390548779467
waybill_07906,2,1.0,55.42,2.0866877434587994,2.097390548779467
waybill_07900,2,1.0,55.42,2.0866877434587994,2.097390548779467
waybill_07963,2,1.0,55.42,2.0866877434587994,2.097390548779467
waybill_07911,2,1.0,55.42,2.0866877434587994,2.097390548779467
waybill_00427,3,0.39,285.39,1.272336243286843,2.095500252741047
waybill_00405,3,0.39,285.39,1.272336243286843,2.095500252741047
waybill_00473,3,0.39,285.39,1.272336243286843,2.095500252741047
waybill_00407,3,0.39,285.39,1.272336243286843,2.095500252741047
waybill_00395,3,0.39,285.39,1.272336243286843,2.095500252741047
waybill_01327,2,1.0,65.83,2.0825104377575205,2.089612647951835
waybill_01344,2,1.0,65.83,2.0825104377575205,2.089612647951835
waybill_01444,2,1.0,65.83,2.0825104377575205,2.089612647951835
waybill_01490,2,1.0,65.83,2.0825104377575205,2.089612647951835
waybill_08490,2,1.0,136.32999999999998,1.7858326239332196,2.083137000730378
waybill_06526,1,0.62,31.37,1.2556581319379727,2.0680318954328265
waybill_07638,2,1.0,129.88,1.6826477466837035,2.055523988252653
waybill_07754,2,1.0,129.88,1.6826477466837035,2.055523988252653
waybill_07698,2,1.0,129.88,1.6826477466837035,2.055523988252653
waybill_03555,3,1.0,182.82,2.027697212915263,2.0511810310092824
waybill_03340,3,1.0,182.82,2.027697212915263,2.0511810310092824
waybill_06063,2,1.0,129.88,2.0407158366921516,2.0407158366921516
waybill_06151,2,1.0,129.88,2.0407158366921516,2.0407158366921516
waybill_06158,2,1.0,129.88,2.0407158366921516,2.0407158366921516
waybill_06105,2,1.0,129.88,2.0407158366921516,2.0407158366921516
waybill_08890,2,0.33,188.17000000000002,2.0314598524612437,2.0314598524612437
waybill_08528,1,1.0,57.69,2.0255538112219194,2.0255538112219194
waybill_08531,1,1.0,57.69,2.0255538112219194,2.0255538112219194
waybill_09159,2,1.0,129.88,1.725085275985034,2.0115999512595657
waybill_09136,2,1.0,129.88,1.725085275985034,2.0115999512595657
waybill_01014,1,1.0,30.26,1.2206765189878517,2.0104182110274373
waybill_00880,1,1.0,30.26,1.2206765189878517,2.0104182110274373
waybill_01002,1,1.0,30.26,1.2206765189878517,2.0104182110274373
waybill_04178,3,1.0,186.05,1.3520105629026622,2.0065739964113134
waybill_11377,2,1.0,65.83,1.9887565890222094,2.0042066377382888
waybill_11438,2,1.0,65.83,1.9887565890222094,2.0042066377382888
waybill_11366,2,1.0,65.83,1.9887565890222094,2.0042066377382888
waybill_07579,1,1.0,46.9,2.003735274148731,2.003735274148731
waybill_01868,2,1.2,198.87,1.2139311208633763,1.9993087393376563
waybill_01783,2,1.2,198.87,1.2139311208633763,1.9993087393376563
waybill_07667,1,1.0,58.12,1.999302335477986,1.999302335477986
waybill_07737,1,1.0,58.12,1.999302335477986,1.999302335477986
waybill_07686,1,1.0,58.12,1.999302335477986,1.999302335477986
waybill_07272,2,1.2,129.88,1.6965401743229798,1.9974670566032726
waybill_07248,2,1.2,129.88,1.6965401743229798,1.9974670566032726
waybill_04537,2,0.5,68.47999999999999,1.3078063049983626,1.9972774226553938
waybill_10184,2,1.0,65.83,1.9877792402796979,1.99635995952365
waybill_10246,2,1.0,65.83,1.9877792402796979,1.99635995952365
waybill_10212,2,1.0,65.83,1.9877792402796979,1.99635995952365
waybill_07192,2,3.87,55.42,1.9710676812841081,1.9946603591584873
waybill_06494,3,1.0,138.4,1.7778540008412418,1.993852080594728
waybill_06408,3,1.0,138.4,1.7778540008412418,1.993852080594728
waybill_04415,2,1.0,174.3,1.9913990845367056,1.9913990845367056
waybill_03544,2,1.0,174.3,1.9913990845367056,1.9913990845367056
waybill_03532,2,1.0,174.3,1.9913990845367056,1.9913990845367056
waybill_04574,2,1.0,174.3,1.9913990845367056,1.9913990845367056
waybill_04053,2,1.0,174.3,1.9913990845367056,1.9913990845367056
waybill_04035,2,1.0,174.3,1.9913990845367056,1.9913990845367056
waybill_03931,2,1.0,174.3,1.9913990845367056,1.9913990845367056
waybill_03853,2,1.0,174.3,1.9913990845367056,1.9913990845367056
waybill_04230,2,1.0,174.3,1.9913990845367056,1.9913990845367056
waybill_03385,2,1.0,174.3,1.9913990845367056,1.9913990845367056
waybill_03384,2,1.0,174.3,1.9913990845367056,1.9913990845367056
waybill_04371,2,1.0,174.3,1.9913990845367056,1.9913990845367056
waybill_03633,2,1.0,174.3,1.9913990845367056,1.9913990845367056
waybill_03626,2,1.0,174.3,1.9913990845367056,1.9913990845367056
waybill_03354,2,1.0,174.3,1.9913990845367056,1.9913990845367056
waybill_03406,2,1.0,174.3,1.9913990845367056,1.9913990845367056
waybill_04634,2,1.0,174.3,1.9913990845367056,1.9913990845367056
waybill_03331,2,1.0,174.3,1.9913990845367056,1.9913990845367056
waybill_04509,2,1.0,174.3,1.9913990845367056,1.9913990845367056
waybill_03262,2,1.0,174.3,1.9913990845367056,1.9913990845367056
waybill_04075,2,1.0,174.3,1.9913990845367056,1.9913990845367056
waybill_11004,2,1.2,65.83,1.986462479588199,1.9911452039767086
waybill_10979,2,1.2,65.83,1.986462479588199,1.9911452039767086
waybill_00721,2,2.1,162.79000000000002,1.2056612213144864,1.9856884587818857
waybill_02685,2,1.2,55.42,1.9553248393473943,1.9813414138613936
waybill_02694,2,1.2,55.42,1.9553248393473943,1.9813414138613936
waybill_10343,2,1.0,129.75,1.6769894738914022,1.9721555692008663
waybill_10287,2,1.0,129.75,1.6769894738914022,1.9721555692008663
waybill_10172,2,1.0,129.75,1.6769894738914022,1.9721555692008663
waybill_06241,2,1.87,55.42,1.9470806816050659,1.9679678148285717
waybill_11296,1,1.0,124.27,1.1946876326889135,1.9676152820884663
waybill_11404,1,1.0,124.27,1.1946876326889135,1.9676152820884663
waybill_06371,2,1.0,129.88,1.7601890255046333,1.9647583874158707
waybill_06428,2,1.0,129.88,1.7601890255046333,1.9647583874158707
waybill_01141,2,1.87,64.42999999999999,1.9404161459160216,1.9532534847109988
waybill_10466,2,1.2,65.83,1.9365351516959797,1.9482238763867255
waybill_04284,2,1.0,177.53,1.3157124345241047,1.9467920499387366
waybill_04683,2,1.0,177.53,1.3157124345241047,1.9467920499387366
waybill_03969,2,1.0,177.53,1.3157124345241047,1.9467920499387366
waybill_03426,2,1.0,177.53,1.3157124345241047,1.9467920499387366
waybill_03314,2,1.0,177.53,1.3157124345241047,1.9467920499387366
waybill_04499,2,1.0,177.53,1.3157124345241047,1.9467920499387366
waybill_03757,2,1.0,177.53,1.3157124345241047,1.9467920499387366
waybill_03563,2,1.0,177.53,1.3157124345241047,1.9467920499387366
waybill_03988,2,1.0,177.53,1.3157124345241047,1.9467920499387366
waybill_04443,2,1.0,177.53,1.3157124345241047,1.9467920499387366
waybill_01828,2,1.2,205.84,1.5381977767262707,1.944285857059337
waybill_08918,3,1.0,66.17,1.5816962307217524,1.9365652046085988
waybill_06426,3,1.0,220.79,1.1739753831326012,1.933502818178796
waybill_06446,3,1.0,220.79,1.1739753831326012,1.933502818178796
waybill_06473,3,1.0,220.79,1.1739753831326012,1.933502818178796
waybill_00882,1,1.4,55.91,1.9323148517546611,1.9323148517546611
waybill_10875,2,1.2,64.42999999999999,1.9261332727846385,1.9318465761034969
waybill_10700,2,1.2,64.42999999999999,1.9261332727846385,1.9318465761034969
waybill_08238,2,1.0,65.83,1.916948934505755,1.9237167252461331
waybill_07856,2,1.0,65.83,1.916948934505755,1.9237167252461331
waybill_08192,2,1.0,65.83,1.916948934505755,1.9237167252461331
waybill_07207,1,1.87,104.91,1.918943918726242,1.918943918726242
waybill_01399,2,1.0,25.33,1.1637626013418152,1.9166826678948614
waybill_01305,2,1.0,25.33,1.1637626013418152,1.9166826678948614
waybill_06705,3,1.2,153.0,1.632655396124215,1.9115451851472014
waybill_08098,1,1.1,124.27,1.1601875772894814,1.9107947087608292
waybill_08094,1,1.1,124.27,1.1601875772894814,1.9107947087608292
waybill_06512,2,1.0,212.26999999999998,1.156310407795993,1.9044091249999386
waybill_06402,2,1.0,212.26999999999998,1.156310407795993,1.9044091249999386
waybill_06475,2,1.0,212.26999999999998,1.156310407795993,1.9044091249999386
waybill_06412,2,1.0,212.26999999999998,1.156310407795993,1.9044091249999386
waybill_06339,2,1.0,212.26999999999998,1.156310407795993,1.9044091249999386
waybill_06422,2,1.0,212.26999999999998,1.156310407795993,1.9044091249999386
waybill_05181,2,1.0,129.88,1.5662733490092886,1.895339708730533
waybill_05252,2,1.0,129.88,1.5662733490092886,1.895339708730533
waybill_05192,2,1.0,129.88,1.5662733490092886,1.895339708730533
waybill_05209,2,1.0,129.88,1.5662733490092886,1.895339708730533
waybill_07568,1,1.0,57.69,1.8940869574056287,1.8940869574056287
waybill_07645,1,1.0,57.69,1.8940869574056287,1.8940869574056287
waybill_07352,1,0.58,16.0,1.8913621485186134,1.8913621485186134
waybill_02355,2,1.0,38.78,1.1472435334732738,1.8894762505062068
waybill_02329,1,1.0,180.86,1.1470002799852255,1.8890756191885225
waybill_02335,1,1.0,180.86,1.1470002799852255,1.8890756191885225
waybill_03866,2,0.5,84.15,1.212745096861338,1.8888454601306714
waybill_08099,3,1.0,31.12,1.1426546886635316,1.8819185584972433
waybill_05220,1,1.7,57.0,1.1411236729088339,1.8793970207214798
waybill_06405,2,1.2,65.83,1.858071657326105,1.8717861187368037
waybill_10422,1,1.0,124.27,1.1362806817574556,1.8714207571863635
waybill_10498,1,1.0,124.27,1.1362806817574556,1.8714207571863635
waybill_10479,1,1.0,124.27,1.1362806817574556,1.8714207571863635
waybill_10560,1,1.0,124.27,1.1362806817574556,1.8714207571863635
waybill_10559,1,1.0,124.27,1.1362806817574556,1.8714207571863635
waybill_10473,1,1.0,124.27,1.1362806817574556,1.8714207571863635
waybill_10545,1,1.0,124.27,1.1362806817574556,1.8714207571863635
waybill_10558,1,1.0,124.27,1.1362806817574556,1.8714207571863635
waybill_10572,1,1.0,124.27,1.1362806817574556,1.8714207571863635
waybill_10566,1,1.0,124.27,1.1362806817574556,1.8714207571863635
waybill_10524,1,1.0,124.27,1.1362806817574556,1.8714207571863635
waybill_10407,1,1.0,124.27,1.1362806817574556,1.8714207571863635
waybill_10475,1,1.0,124.27,1.1362806817574556,1.8714207571863635
waybill_10539,1,1.0,124.27,1.1362806817574556,1.8714207571863635
waybill_10543,1,1.0,124.27,1.1362806817574556,1.8714207571863635
waybill_10522,1,1.0,124.27,1.1362806817574556,1.8714207571863635
waybill_10496,1,1.0,124.27,1.1362806817574556,1.8714207571863635
waybill_10508,1,1.0,124.27,1.1362806817574556,1.8714207571863635
waybill_10504,1,1.0,124.27,1.1362806817574556,1.8714207571863635
waybill_11246,2,1.2,64.42999999999999,1.857367690937059,1.8632722364705072
waybill_11303,2,1.2,64.42999999999999,1.857367690937059,1.8632722364705072
waybill_11274,2,1.2,64.42999999999999,1.857367690937059,1.8632722364705072
waybill_00038,2,0.35,55.42,1.7896395425551421,1.8419106248443529
waybill_01140,2,1.0,65.83,1.8301198968286918,1.8369847838848292
waybill_01250,2,1.0,65.83,1.8301198968286918,1.8369847838848292
waybill_01733,1,1.4,120.79,1.1136528547739841,1.8341533937727796
waybill_11360,2,1.0,65.83,1.825619991295473,1.8305404459066799
waybill_11305,2,1.0,65.83,1.825619991295473,1.8305404459066799
waybill_11321,2,1.0,65.83,1.825619991295473,1.8305404459066799
waybill_11326,2,1.0,65.83,1.825619991295473,1.8305404459066799
waybill_11359,2,1.0,65.83,1.825619991295473,1.8305404459066799
waybill_10646,4,1.2,169.69,1.6902875496010341,1.8276969134605512
waybill_00944,1,1.42,57.31,1.8247167289942137,1.8247167289942137
waybill_10614,2,2.36,66.64,1.805503246185366,1.816739409379121
waybill_06801,2,1.0,65.83,1.8046666290143367,1.8159745487354053
waybill_06821,2,1.0,65.83,1.8046666290143367,1.8159745487354053
waybill_06699,2,1.0,65.83,1.8046666290143367,1.8159745487354053
waybill_09147,2,1.0,147.26999999999998,1.0998534567018519,1.811426192295655
waybill_09215,2,1.0,147.26999999999998,1.0998534567018519,1.811426192295655
waybill_09107,2,1.0,147.26999999999998,1.0998534567018519,1.811426192295655
waybill_09453,1,1.0,57.31,1.7995388558871714,1.7995388558871714
waybill_09427,1,1.0,57.31,1.7995388558871714,1.7995388558871714
waybill_09317,1,1.0,57.31,1.7995388558871714,1.7995388558871714
waybill_09354,1,1.0,57.31,1.7995388558871714,1.7995388558871714
waybill_11728,2,1.5,21.06,1.0924225952673705,1.7991877827587128
waybill_09833,2,3.0,55.42,1.7819674869928586,1.798911907389714
waybill_09683,2,3.0,55.42,1.7819674869928586,1.798911907389714
waybill_09948,2,1.2,66.64,1.781949779347988,1.7920149675906676
waybill_00718,2,1.0,64.42999999999999,1.7812779334054394,1.7904688257959749
waybill_00542,2,1.0,64.42999999999999,1.7812779334054394,1.7904688257959749
waybill_00642,2,1.0,64.42999999999999,1.7812779334054394,1.7904688257959749
waybill_00658,2,1.0,64.42999999999999,1.7812779334054394,1.7904688257959749
waybill_00610,2,1.0,64.42999999999999,1.7812779334054394,1.7904688257959749
waybill_00541,2,1.0,64.42999999999999,1.7812779334054394,1.7904688257959749
waybill_01506,1,1.3,180.87,1.0859167238141012,1.788472804429236
waybill_06578,1,1.0,57.31,1.7871883671709492,1.7871883671709492
waybill_11779,1,1.0,10.53,1.0831789672703995,1.7839638001785594
waybill_00701,1,1.0,55.91,1.7670718877543652,1.7670718877543652
waybill_02184,2,1.56,55.42,1.7482673644644582,1.764263738973343
waybill_06659,1,2.36,46.9,1.7624609289960291,1.7624609289960291
waybill_02050,2,1.56,55.42,1.7388502202763816,1.754841774858031
waybill_02076,2,1.56,55.42,1.7388502202763816,1.754841774858031
waybill_08728,1,1.2,58.12,1.7516891800289323,1.7516891800289323
waybill_08663,1,1.2,58.12,1.7516891800289323,1.7516891800289323
waybill_06071,1,1.0,124.27,1.0631958139538156,1.7510521362639249
waybill_08080,1,1.0,124.27,1.054715979354074,1.7370860988734809
waybill_08173,1,1.0,124.27,1.054715979354074,1.7370860988734809
waybill_08223,1,1.0,124.27,1.054715979354074,1.7370860988734809
waybill_08169,1,1.0,124.27,1.054715979354074,1.7370860988734809
waybill_08200,1,1.0,124.27,1.054715979354074,1.7370860988734809
waybill_08140,1,1.0,124.27,1.054715979354074,1.7370860988734809
waybill_08161,1,1.0,124.27,1.054715979354074,1.7370860988734809
waybill_08123,1,1.0,124.27,1.054715979354074,1.7370860988734809
waybill_08221,1,1.0,124.27,1.054715979354074,1.7370860988734809
waybill_08130,1,1.0,124.27,1.054715979354074,1.7370860988734809
waybill_09697,2,1.2,65.83,1.7296472638401736,1.7364250319989158
waybill_09757,2,1.2,65.83,1.7296472638401736,1.7364250319989158
waybill_08315,1,1.0,104.91,1.7286027958721704,1.7286027958721704
waybill_08246,1,1.0,104.91,1.7286027958721704,1.7286027958721704
waybill_04161,1,0.5,30.22,1.0362034944891259,1.706596582506998
waybill_00817,2,1.8,162.79000000000002,1.0334239039838455,1.702018678955902
waybill_09242,1,1.8,124.27,1.033369033185111,1.701928308369335
waybill_09413,1,2.5,46.9,1.6992276621298807,1.6992276621298807
waybill_05809,1,1.27,57.0,1.02747718505499,1.6922246083364836
waybill_02259,2,1.2,66.64,1.6690407271887822,1.681345630657155
waybill_02536,1,1.14,57.0,1.0194559127777931,1.6790138095615081
waybill_05938,1,0.41,55.91,1.672816924331964,1.672816924331964
waybill_08506,1,2.2,31.42,1.0109728863180232,1.6650425152717727
waybill_07442,2,1.0,129.88,1.4137834786024832,1.6645558805027272
waybill_07320,2,1.0,129.88,1.4137834786024832,1.6645558805027272
waybill_07423,2,1.0,129.88,1.4137834786024832,1.6645558805027272
waybill_08423,1,1.0,124.27,1.0102600898133332,1.6638685604594248
waybill_08362,1,1.0,124.27,1.0102600898133332,1.6638685604594248
waybill_08973,2,1.0,19.82,1.0078789045131635,1.6599468185263035
waybill_10897,2,1.0,65.83,1.6553853996568324,1.6592876699805905
waybill_11009,2,1.0,65.83,1.6553853996568324,1.6592876699805905
waybill_02749,2,1.0,55.42,1.6294373661228285,1.6511178448844945
waybill_02710,2,1.0,55.42,1.6294373661228285,1.6511178448844945
waybill_02726,2,1.0,55.42,1.6294373661228285,1.6511178448844945
waybill_02687,2,1.0,55.42,1.6294373661228285,1.6511178448844945
waybill_02732,2,1.0,55.42,1.6294373661228285,1.6511178448844945
waybill_05596,2,1.2,65.83,1.6315885630351252,1.6431740607981686
waybill_06031,2,1.56,55.42,1.6243026006972738,1.6417271610334607
waybill_05848,1,1.0,58.12,1.6399756691564629,1.6399756691564629
waybill_05935,1,1.0,58.12,1.6399756691564629,1.6399756691564629
waybill_05880,1,1.0,58.12,1.6399756691564629,1.6399756691564629
waybill_10073,3,0.083,66.17,1.2887257128600869,1.6368194978560455
waybill_05502,2,0.28,73.0,1.5010454417632269,1.6304979960938124
waybill_05543,2,0.28,73.0,1.5010454417632269,1.6304979960938124
waybill_03961,1,1.0,55.91,1.6297070542157237,1.6297070542157237
waybill_01168,2,1.56,64.42999999999999,1.6187428810850235,1.629452104892598
waybill_09971,1,1.2,104.78,1.6279547086728836,1.6279547086728836
waybill_01666,2,2.3,55.42,1.6081370151786136,1.6252487009570107
waybill_01941,2,2.76,55.42,1.6103072229646929,1.6249884168846007
waybill_00471,2,2.1,55.42,1.6028431306317186,1.6239404951701348
waybill_10437,2,1.0,65.83,1.613779293079983,1.623519896988938
waybill_10462,2,1.0,65.83,1.613779293079983,1.623519896988938
waybill_07161,1,0.4,2.1,1.6221283771615997,1.6221283771615997
waybill_11965,1,2.92,10.53,0.9832795599262901,1.6194324237890343
waybill_07129,2,2.36,66.64,1.6081344146214236,1.6190075731441917
waybill_11194,2,3.87,55.42,1.6025330700598723,1.6176348562128158
waybill_11103,2,3.87,55.42,1.6025330700598723,1.6176348562128158
waybill_11047,2,3.87,55.42,1.6025330700598723,1.6176348562128158
waybill_03902,2,0.5,195.64999999999998,1.047622182731315,1.6153290701530574
waybill_10767,2,1.0,64.42999999999999,1.6051110606538654,1.609872146752914
waybill_10676,2,1.0,64.42999999999999,1.6051110606538654,1.609872146752914
waybill_10597,2,1.0,64.42999999999999,1.6051110606538654,1.609872146752914
waybill_10840,2,1.0,64.42999999999999,1.6051110606538654,1.609872146752914
waybill_10823,2,1.0,64.42999999999999,1.6051110606538654,1.609872146752914
waybill_11322,2,1.2,25.12,0.9756786676172672,1.6069139784184383
waybill_08712,1,1.2,46.9,1.6041712364550134,1.6041712364550134
waybill_05207,1,2.08,58.12,1.5984288702801952,1.5984288702801952
waybill_09508,1,1.2,46.9,1.5982735480856938,1.5982735480856938
waybill_09555,1,1.2,46.9,1.5982735480856938,1.5982735480856938
waybill_06685,3,1.0,153.0,1.3605461634368459,1.592954320956001
waybill_06679,3,1.0,153.0,1.3605461634368459,1.592954320956001
waybill_04883,1,2.07,58.12,1.5907441160961557,1.5907441160961557
waybill_06046,2,0.3,73.0,1.4039218088727083,1.5763936429314906
waybill_02207,2,1.39,55.42,1.5577510491061515,1.5720042289570169
waybill_08440,2,1.56,55.42,1.554791235335466,1.5679310521614707
waybill_10226,2,2.36,55.42,1.5437183213504975,1.5639688187662246
waybill_10301,2,2.36,55.42,1.5437183213504975,1.5639688187662246
waybill_11170,2,1.0,64.42999999999999,1.5478064091142159,1.5527268637254228
waybill_11301,2,1.0,64.42999999999999,1.5478064091142159,1.5527268637254228
waybill_11106,2,1.0,64.42999999999999,1.5478064091142159,1.5527268637254228
waybill_11251,2,1.0,64.42999999999999,1.5478064091142159,1.5527268637254228
waybill_11373,2,1.0,64.42999999999999,1.5478064091142159,1.5527268637254228
waybill_11167,2,1.0,64.42999999999999,1.5478064091142159,1.5527268637254228
waybill_07453,2,1.0,136.32999999999998,1.371735546983432,1.5434607687304907
waybill_09088,1,1.2,104.91,1.5386752988067214,1.5386752988067214
waybill_09233,1,1.2,104.91,1.5386752988067214,1.5386752988067214
waybill_09151,1,1.2,104.91,1.5386752988067214,1.5386752988067214
waybill_02217,2,1.36,55.42,1.5241305228664508,1.5380760801306068
waybill_01282,2,1.2,55.42,1.526858424321734,1.5353810765549116
waybill_01387,2,1.2,55.42,1.526858424321734,1.5353810765549116
waybill_01401,2,1.2,55.42,1.526858424321734,1.5353810765549116
waybill_01296,2,1.2,55.42,1.526858424321734,1.5353810765549116
waybill_01416,2,1.2,55.42,1.526858424321734,1.5353810765549116
waybill_02342,2,2.36,55.42,1.5153312131924161,1.5345585653557916
waybill_01196,2,1.2,66.64,1.5251754518386877,1.5334133163060528
waybill_06454,1,1.0,57.31,1.530728072435146,1.530728072435146
waybill_04661,1,1.0,3.01,0.928879969083733,1.5298379027172262
waybill_05395,2,1.2,65.83,1.5195109867303889,1.52481971845744
waybill_03295,2,1.0,160.71,1.0587934214564796,1.5236540157455107
waybill_03335,2,1.0,160.71,1.0587934214564796,1.5236540157455107
waybill_03352,2,1.0,160.71,1.0587934214564796,1.5236540157455107
waybill_03481,2,1.0,160.71,1.0587934214564796,1.5236540157455107
waybill_03416,2,1.0,160.71,1.0587934214564796,1.5236540157455107
waybill_07256,2,1.2,64.42999999999999,1.5143434957855055,1.521659054816321
waybill_07195,2,1.2,64.42999999999999,1.5143434957855055,1.521659054816321
waybill_09522,1,1.0,124.27,0.9218623319546664,1.5182800614192251
waybill_09524,1,1.0,124.27,0.9218623319546664,1.5182800614192251
waybill_09810,2,1.0,64.42999999999999,1.5124640121949118,1.518112152327197
waybill_09748,2,1.0,64.42999999999999,1.5124640121949118,1.518112152327197
waybill_09780,2,1.0,64.42999999999999,1.5124640121949118,1.518112152327197
waybill_09687,2,1.0,64.42999999999999,1.5124640121949118,1.518112152327197
waybill_06196,1,1.2,46.9,1.516854169851042,1.516854169851042
waybill_07735,1,1.2,46.9,1.5157963914899186,1.5157963914899186
waybill_07715,1,1.2,46.9,1.5157963914899186,1.5157963914899186
waybill_09788,1,1.0,104.91,1.5147083938408847,1.5147083938408847
waybill_09688,1,1.0,104.91,1.5147083938408847,1.5147083938408847
waybill_09765,1,1.0,104.91,1.5147083938408847,1.5147083938408847
waybill_08075,4,1.2,66.9,1.5022203844426325,1.5103417333310862
waybill_10702,2,2.36,55.42,1.4904372962476595,1.5016734594414145
waybill_10704,2,2.36,55.42,1.4904372962476595,1.5016734594414145
waybill_09769,2,2.5,55.42,1.4849729058273822,1.499093256158095
waybill_09882,2,2.5,55.42,1.4849729058273822,1.499093256158095
waybill_09785,2,2.5,55.42,1.4849729058273822,1.499093256158095
waybill_09997,2,1.0,66.64,1.4849581494566566,1.4933458063255562
waybill_09925,2,1.0,66.64,1.4849581494566566,1.4933458063255562
waybill_09966,2,1.0,66.64,1.4849581494566566,1.4933458063255562
waybill_10105,2,1.0,66.64,1.4849581494566566,1.4933458063255562
waybill_07834,1,1.04,57.69,1.4844070081277831,1.4844070081277831
waybill_05854,1,1.87,46.9,1.481423313467285,1.481423313467285
waybill_05058,1,1.0,57.31,1.479567374827019,1.479567374827019
waybill_04938,1,1.0,57.31,1.479567374827019,1.479567374827019
waybill_04977,1,1.0,57.31,1.479567374827019,1.479567374827019
waybill_01830,2,1.0,64.42999999999999,1.471699856418439,1.4770191295778257
waybill_06837,2,1.0,64.42999999999999,1.4618674570513033,1.4731753767723719
waybill_06831,2,1.0,64.42999999999999,1.4618674570513033,1.4731753767723719
waybill_06748,2,1.0,64.42999999999999,1.4618674570513033,1.4731753767723719
waybill_06711,2,1.0,64.42999999999999,1.4618674570513033,1.4731753767723719
waybill_06516,2,1.0,113.42999999999999,1.4616581875690986,1.4730869054113473
waybill_09287,1,1.2,58.12,1.4670951426102175,1.4670951426102175
waybill_09253,1,1.2,58.12,1.4670951426102175,1.4670951426102175
waybill_09284,1,1.2,58.12,1.4670951426102175,1.4670951426102175
waybill_09275,1,1.2,58.12,1.4670951426102175,1.4670951426102175
waybill_09418,1,1.2,58.12,1.4670951426102175,1.4670951426102175
waybill_10276,1,1.2,104.78,1.4649136941089629,1.4649136941089629
waybill_07130,2,2.36,55.42,1.4532474570592249,1.464120615581993
waybill_08082,2,1.2,64.42999999999999,1.4541296436102582,1.4622509924987117
waybill_08154,2,1.2,64.42999999999999,1.4541296436102582,1.4622509924987117
waybill_08679,1,1.0,58.12,1.4597409833574435,1.4597409833574435
waybill_05412,2,2.36,66.64,1.4478640792897108,1.458304585019578
waybill_05357,2,2.36,66.64,1.4478640792897108,1.458304585019578
waybill_05424,2,2.36,66.64,1.4478640792897108,1.458304585019578
waybill_09642,1,1.0,58.12,1.4580816480402135,1.4580816480402135
waybill_01130,1,1.14,57.0,0.8826011357543659,1.4536180296687882
waybill_08032,2,1.2,55.42,1.4449430211732686,1.453064370061722
waybill_08033,2,1.2,55.42,1.4449430211732686,1.453064370061722
waybill_02579,2,1.0,64.42999999999999,1.441538783677724,1.4505067843295605
waybill_09855,2,1.0,65.83,1.4413727198668114,1.4470208599990966
waybill_09651,2,1.0,65.83,1.4413727198668114,1.4470208599990966
waybill_09860,2,1.0,65.83,1.4413727198668114,1.4470208599990966
waybill_09668,2,1.0,65.83,1.4413727198668114,1.4470208599990966
waybill_09772,2,1.0,65.83,1.4413727198668114,1.4470208599990966
waybill_06646,1,1.0,55.91,1.4443891952079158,1.4443891952079158
waybill_05044,1,1.87,58.12,1.4370490324153677,1.4370490324153677
waybill_05279,1,1.22,57.0,0.871822249352086,1.4358655217924936
waybill_08564,1,1.0,11.3,0.8717893397546664,1.4358113206565333
waybill_01054,2,1.12,66.64,1.4234970883827753,1.4311857618856494
waybill_05896,1,0.35,55.91,1.428014447600457,1.428014447600457
waybill_07862,1,1.0,57.69,1.427314430892099,1.427314430892099
waybill_07850,1,1.0,57.69,1.427314430892099,1.427314430892099
waybill_08887,2,2.5,55.42,1.4073916476778352,1.4260700587053514
waybill_10758,1,1.0,124.27,0.8658720480766341,1.4260657158509769
waybill_10811,1,1.0,124.27,0.8658720480766341,1.4260657158509769
waybill_10786,1,1.0,124.27,0.8658720480766341,1.4260657158509769
waybill_10804,1,1.0,124.27,0.8658720480766341,1.4260657158509769
waybill_10678,1,1.0,124.27,0.8658720480766341,1.4260657158509769
waybill_10815,1,1.0,124.27,0.8658720480766341,1.4260657158509769
waybill_10808,1,1.0,124.27,0.8658720480766341,1.4260657158509769
waybill_10816,1,1.0,124.27,0.8658720480766341,1.4260657158509769
waybill_10855,1,1.0,124.27,0.8658720480766341,1.4260657158509769
waybill_10710,1,1.0,124.27,0.8658720480766341,1.4260657158509769
waybill_11056,2,2.36,64.42999999999999,1.4158005824477393,1.4250099404118082
waybill_06121,2,0.34,64.42999999999999,1.419059300199229,1.4245748173042998
waybill_01866,2,1.2,162.79000000000002,0.8565583817012312,1.4107263821280105
waybill_01874,2,1.2,162.79000000000002,0.8565583817012312,1.4107263821280105
waybill_01944,2,1.2,162.79000000000002,0.8565583817012312,1.4107263821280105
waybill_01433,2,1.1,55.42,1.3996202222949228,1.407432653508669
waybill_06783,2,1.0,65.83,1.3996552991765971,1.404262569737092
waybill_06936,2,1.0,65.83,1.3996552991765971,1.404262569737092
waybill_07166,2,1.0,65.83,1.3996552991765971,1.404262569737092
waybill_02001,2,1.2,66.64,1.3877432278889144,1.4000444237209522
waybill_09950,1,1.0,124.27,0.8495674127008003,1.399212462451036
waybill_09942,1,1.0,124.27,0.8495674127008003,1.399212462451036
waybill_09998,1,1.0,124.27,0.8495674127008003,1.399212462451036
waybill_09921,1,1.0,124.27,0.8495674127008003,1.399212462451036
waybill_09904,1,1.0,124.27,0.8495674127008003,1.399212462451036
waybill_10019,1,1.0,124.27,0.8495674127008003,1.399212462451036
waybill_10024,1,1.0,124.27,0.8495674127008003,1.399212462451036
waybill_10049,1,1.0,124.27,0.8495674127008003,1.399212462451036
waybill_06584,1,1.87,46.9,1.3965262445858369,1.3965262445858369
waybill_10590,2,1.2,65.83,1.3893502694123705,1.3950635727312288
waybill_05886,1,0.34,55.91,1.3872140348118724,1.3872140348118724
waybill_06302,1,1.2,57.69,1.3810594167422179,1.3810594167422179
waybill_06273,1,1.2,57.69,1.3810594167422179,1.3810594167422179
waybill_06287,1,1.2,57.69,1.3810594167422179,1.3810594167422179
waybill_00822,1,1.0,55.91,1.3802248941104724,1.3802248941104724
waybill_00849,1,1.0,55.91,1.3802248941104724,1.3802248941104724
waybill_00945,1,1.0,55.91,1.3802248941104724,1.3802248941104724
waybill_00954,1,1.0,55.91,1.3802248941104724,1.3802248941104724
waybill_00956,1,1.0,55.91,1.3802248941104724,1.3802248941104724
waybill_00854,1,1.0,55.91,1.3802248941104724,1.3802248941104724
waybill_05519,2,1.0,65.83,1.3657348207121376,1.3793214849584658
waybill_05434,2,1.0,65.83,1.3657348207121376,1.3793214849584658
waybill_05495,2,1.0,65.83,1.3657348207121376,1.3793214849584658
waybill_10290,1,1.0,124.27,0.8340468249089632,1.3736505122888163
waybill_05536,2,1.0,65.83,1.3596571358626042,1.3693117173318072
waybill_05681,2,1.0,65.83,1.3596571358626042,1.3693117173318072
waybill_05742,2,1.0,65.83,1.3596571358626042,1.3693117173318072
waybill_05561,2,1.0,65.83,1.3596571358626042,1.3693117173318072
waybill_05608,2,1.0,65.83,1.3596571358626042,1.3693117173318072
waybill_05690,2,1.0,65.83,1.3596571358626042,1.3693117173318072
waybill_08555,1,1.0,46.9,1.367076745532417,1.367076745532417
waybill_06999,2,1.21,64.42999999999999,1.3597882445581997,1.3653630419363985
waybill_06505,1,1.0,46.9,1.360914115575096,1.360914115575096
waybill_02294,2,1.2,55.42,1.3448210495880446,1.3571259530564175
waybill_09959,1,1.0,104.78,1.3566289238940696,1.3566289238940696
waybill_09931,1,1.0,104.78,1.3566289238940696,1.3566289238940696
waybill_02020,2,1.2,55.42,1.3375770925202932,1.349878288352331
waybill_00241,3,1.89,67.94,1.1242433189350005,1.3448959562281626
waybill_09671,1,1.2,124.27,0.815946234240726,1.3438393735114844
waybill_01534,2,1.9,55.42,1.328461012538855,1.3425967529644873
waybill_01527,2,1.9,55.42,1.328461012538855,1.3425967529644873
waybill_10948,2,2.36,66.64,1.3293622278045392,1.338571585768608
waybill_10961,2,2.36,66.64,1.3293622278045392,1.338571585768608
waybill_11002,2,2.36,66.64,1.3293622278045392,1.338571585768608
waybill_08753,1,1.0,46.9,1.3368093637125114,1.3368093637125114
waybill_08631,1,1.0,46.9,1.3368093637125114,1.3368093637125114
waybill_08734,1,1.0,46.9,1.3368093637125114,1.3368093637125114
waybill_08710,1,1.0,46.9,1.3368093637125114,1.3368093637125114
waybill_08681,1,1.0,46.9,1.3368093637125114,1.3368093637125114
waybill_05415,2,1.47,64.42999999999999,1.3261353167733412,1.3326385131389786
waybill_09615,1,1.0,46.9,1.3318946234047446,1.3318946234047446
waybill_09609,1,1.0,46.9,1.3318946234047446,1.3318946234047446
waybill_08673,1,1.0,104.91,1.3262994937886636,1.3262994937886636
waybill_08610,1,1.0,104.91,1.3262994937886636,1.3262994937886636
waybill_08548,1,1.0,104.91,1.3262994937886636,1.3262994937886636
waybill_08684,1,1.0,104.91,1.3262994937886636,1.3262994937886636
waybill_05150,2,2.36,55.42,1.3141029112185432,1.3245434169484103
waybill_05281,2,2.36,55.42,1.3141029112185432,1.3245434169484103
waybill_10243,2,1.98,55.42,1.2951535068957563,1.3121433309987816
waybill_01558,1,1.0,120.79,0.7954663248385601,1.310109566980557
waybill_01622,1,1.0,120.79,0.7954663248385601,1.310109566980557
waybill_01608,1,1.0,120.79,0.7954663248385601,1.310109566980557
waybill_01561,1,1.0,120.79,0.7954663248385601,1.310109566980557
waybill_01642,1,1.0,120.79,0.7954663248385601,1.310109566980557
waybill_01618,1,1.0,120.79,0.7954663248385601,1.310109566980557
waybill_08007,2,1.2,66.64,1.3013854425083393,1.3095067913967928
waybill_08017,2,1.2,66.64,1.3013854425083393,1.3095067913967928
waybill_01084,2,1.24,64.42999999999999,1.286693059323993,1.2952055192736036
waybill_01710,2,1.0,64.42999999999999,1.279102620485456,1.286542483867368
waybill_01680,2,1.0,64.42999999999999,1.279102620485456,1.286542483867368
waybill_00930,1,1.0,57.31,1.2850117809818407,1.2850117809818407
waybill_00986,1,1.0,57.31,1.2850117809818407,1.2850117809818407
waybill_00868,1,1.0,57.31,1.2850117809818407,1.2850117809818407
waybill_00884,1,1.0,57.31,1.2850117809818407,1.2850117809818407
waybill_00799,1,1.0,57.31,1.2850117809818407,1.2850117809818407
waybill_08289,2,1.2,66.64,1.2724924721339272,1.282600023538546
waybill_08256,2,1.2,66.64,1.2724924721339272,1.282600023538546
waybill_09078,1,1.0,104.91,1.2822294156722678,1.2822294156722678
waybill_09244,1,1.0,104.91,1.2822294156722678,1.2822294156722678
waybill_09082,1,1.0,104.91,1.2822294156722678,1.2822294156722678
waybill_01367,2,1.0,55.42,1.2723820202681115,1.2794842304624263
waybill_01449,2,1.0,55.42,1.2723820202681115,1.2794842304624263
waybill_01373,2,1.0,55.42,1.2723820202681115,1.2794842304624263
waybill_01355,2,1.0,55.42,1.2723820202681115,1.2794842304624263
waybill_01442,2,1.0,55.42,1.2723820202681115,1.2794842304624263
waybill_01283,2,1.0,55.42,1.2723820202681115,1.2794842304624263
waybill_01371,2,1.0,55.42,1.2723820202681115,1.2794842304624263
waybill_01459,2,1.0,55.42,1.2723820202681115,1.2794842304624263
waybill_01469,2,1.0,55.42,1.2723820202681115,1.2794842304624263
waybill_01491,2,1.0,55.42,1.2723820202681115,1.2794842304624263
waybill_03616,3,1.0,152.31,0.7762849879963527,1.2785184711418327
waybill_03939,3,1.0,152.31,0.7762849879963527,1.2785184711418327
waybill_01064,2,1.0,66.64,1.2709795431989064,1.2778444302550438
waybill_01089,2,1.0,66.64,1.2709795431989064,1.2778444302550438
waybill_01135,1,1.0,57.0,0.7742115225915492,1.2751035347971829
waybill_01132,1,1.0,57.0,0.7742115225915492,1.2751035347971829
waybill_05122,2,1.0,65.83,1.266259155608657,1.270683098714533
waybill_05204,2,1.0,65.83,1.266259155608657,1.270683098714533
waybill_05314,2,1.0,65.83,1.266259155608657,1.270683098714533
waybill_07235,2,1.0,64.42999999999999,1.2619529131545881,1.268049212346934
waybill_07408,2,1.0,64.42999999999999,1.2619529131545881,1.268049212346934
waybill_07421,2,1.0,64.42999999999999,1.2619529131545881,1.268049212346934
waybill_00362,2,0.74,64.42999999999999,1.2593845651286413,1.2668188745374167
waybill_00451,2,0.74,64.42999999999999,1.2593845651286413,1.2668188745374167
waybill_09298,1,1.035,58.12,1.2653695605013127,1.2653695605013127
waybill_05838,1,0.31,55.91,1.2648127964461189,1.2648127964461189
waybill_06390,1,1.0,46.9,1.2640451415425351,1.2640451415425351
waybill_06360,1,1.0,46.9,1.2640451415425351,1.2640451415425351
waybill_07620,1,1.0,46.9,1.2631636595749323,1.2631636595749323
waybill_07753,1,1.0,46.9,1.2631636595749323,1.2631636595749323
waybill_07752,1,1.0,46.9,1.2631636595749323,1.2631636595749323
waybill_07769,1,1.0,46.9,1.2631636595749323,1.2631636595749323
waybill_07747,1,1.0,46.9,1.2631636595749323,1.2631636595749323
waybill_07767,1,1.0,46.9,1.2631636595749323,1.2631636595749323
waybill_07785,1,1.0,46.9,1.2631636595749323,1.2631636595749323
waybill_07728,1,1.0,46.9,1.2631636595749323,1.2631636595749323
waybill_07738,1,1.0,46.9,1.2631636595749323,1.2631636595749323
waybill_07714,1,1.0,46.9,1.2631636595749323,1.2631636595749323
waybill_07613,1,1.0,46.9,1.2631636595749323,1.2631636595749323
waybill_08803,2,1.2,64.42999999999999,1.2536828604385832,1.262648497731791
waybill_06056,2,1.0,66.64,1.2468082824434388,1.2579778724025328
waybill_06099,2,1.0,66.64,1.2468082824434388,1.2579778724025328
waybill_06088,2,1.0,66.64,1.2468082824434388,1.2579778724025328
waybill_08773,2,2.2,55.42,1.2385046499564951,1.2549416516607095
waybill_08932,2,2.2,55.42,1.2385046499564951,1.2549416516607095
waybill_01123,2,1.2,64.42999999999999,1.245186831603864,1.253424696071229
waybill_03736,1,1.0,46.9,1.2492253019520363,1.2492253019520363
waybill_03519,1,1.0,46.9,1.2492253019520363,1.2492253019520363
waybill_04198,1,1.0,46.9,1.2492253019520363,1.2492253019520363
waybill_03281,1,1.0,46.9,1.2492253019520363,1.2492253019520363
waybill_04463,1,1.0,46.9,1.2492253019520363,1.2492253019520363
waybill_04352,1,1.0,46.9,1.2492253019520363,1.2492253019520363
waybill_05027,1,1.0,104.91,1.2478734073065498,1.2478734073065498
waybill_00401,2,0.39,34.4,0.7547919330095011,1.2431200437255272
waybill_09120,2,1.0,64.42999999999999,1.2352218147641512,1.2412751593555904
waybill_09149,2,1.0,64.42999999999999,1.2352218147641512,1.2412751593555904
waybill_09232,2,1.0,64.42999999999999,1.2352218147641512,1.2412751593555904
waybill_02629,2,1.2,55.42,1.2248895472124819,1.2356511479946855
waybill_02632,2,1.2,55.42,1.2248895472124819,1.2356511479946855
waybill_02653,2,1.2,55.42,1.2248895472124819,1.2356511479946855
waybill_02613,2,1.2,55.42,1.2248895472124819,1.2356511479946855
waybill_09824,2,1.2,66.64,1.22794962554725,1.2347273937059922
waybill_10742,2,1.0,129.75,1.2315821924937402,1.2315821924937402
waybill_10757,2,1.0,129.75,1.2315821924937402,1.2315821924937402
waybill_07181,1,1.2,104.91,1.2314078622842193,1.2314078622842193
waybill_04449,2,0.5,200.82999999999998,0.8141678110772408,1.2308366080497624
waybill_03496,2,0.5,200.82999999999998,0.8141678110772408,1.2308366080497624
waybill_03865,2,0.5,200.82999999999998,0.8141678110772408,1.2308366080497624
waybill_03432,2,0.5,200.82999999999998,0.8141678110772408,1.2308366080497624
waybill_00990,2,1.3,162.79000000000002,0.7463617084327774,1.2292357125792626
waybill_05992,1,0.92,57.0,0.744314181299678,1.2258634958028072
waybill_08820,1,1.2,104.91,1.2228908310435715,1.2228908310435715
waybill_10205,1,1.0,104.78,1.220761411757469,1.220761411757469
waybill_03610,2,1.0,143.79000000000002,0.7399868596177953,1.2187365246692556
waybill_03569,2,1.0,143.79000000000002,0.7399868596177953,1.2187365246692556
waybill_03584,2,1.0,143.79000000000002,0.7399868596177953,1.2187365246692556
waybill_03986,2,1.0,143.79000000000002,0.7399868596177953,1.2187365246692556
waybill_03272,2,1.0,143.79000000000002,0.7399868596177953,1.2187365246692556
waybill_04404,2,1.0,143.79000000000002,0.7399868596177953,1.2187365246692556
waybill_04122,2,1.0,143.79000000000002,0.7399868596177953,1.2187365246692556
waybill_03997,2,1.0,143.79000000000002,0.7399868596177953,1.2187365246692556
waybill_03974,2,1.0,143.79000000000002,0.7399868596177953,1.2187365246692556
waybill_03991,2,1.0,143.79000000000002,0.7399868596177953,1.2187365246692556
waybill_03789,2,1.0,143.79000000000002,0.7399868596177953,1.2187365246692556
waybill_08114,2,1.0,64.42999999999999,1.2117747030085484,1.2185424937489264
waybill_08015,2,1.0,64.42999999999999,1.2117747030085484,1.2185424937489264
waybill_08016,2,1.0,64.42999999999999,1.2117747030085484,1.2185424937489264
waybill_08041,2,1.0,64.42999999999999,1.2117747030085484,1.2185424937489264
waybill_08143,2,1.0,64.42999999999999,1.2117747030085484,1.2185424937489264
waybill_07530,2,2.36,55.42,1.201994761713306,1.2163820278072426
waybill_07376,2,2.36,55.42,1.201994761713306,1.2163820278072426
waybill_05216,1,1.1,57.0,0.7383741412939514,1.2160804251727224
waybill_05000,1,1.1,57.0,0.7383741412939514,1.2160804251727224
waybill_08188,2,1.0,55.42,1.204119184311057,1.210886975051435
waybill_08208,2,1.0,55.42,1.204119184311057,1.210886975051435
waybill_08210,2,1.0,55.42,1.204119184311057,1.210886975051435
waybill_07998,2,1.0,55.42,1.204119184311057,1.210886975051435
waybill_08089,2,1.0,55.42,1.204119184311057,1.210886975051435
waybill_08211,2,1.0,55.42,1.204119184311057,1.210886975051435
waybill_08148,2,1.0,55.42,1.204119184311057,1.210886975051435
waybill_08029,2,1.0,55.42,1.204119184311057,1.210886975051435
waybill_08131,2,1.0,55.42,1.204119184311057,1.210886975051435
waybill_08355,2,1.2,55.42,1.1959932579503585,1.2061008093549772
waybill_08353,2,1.2,55.42,1.1959932579503585,1.2061008093549772
waybill_10579,2,1.2,55.42,1.1901628554017523,1.201851580092498
waybill_10550,2,1.2,55.42,1.1901628554017523,1.201851580092498
waybill_10414,2,1.2,55.42,1.1901628554017523,1.201851580092498
waybill_08956,2,1.2,66.64,1.190745344535598,1.1997109818288059
waybill_08850,2,1.2,66.64,1.190745344535598,1.1997109818288059
waybill_00712,2,1.05,66.64,1.1854912334641985,1.1951416704742608
waybill_01212,2,2.22,55.42,1.177431556132732,1.1926716053973572
waybill_06598,1,0.43,57.69,1.1909098231298545,1.1909098231298545
waybill_05572,2,1.1,66.64,1.1795080681416166,1.1901281077577397
waybill_10401,2,1.2,66.64,1.1771288368409654,1.1888175615317111
waybill_10432,2,1.2,66.64,1.1771288368409654,1.1888175615317111
waybill_10433,2,1.2,66.64,1.1771288368409654,1.1888175615317111
waybill_10440,2,1.2,66.64,1.1771288368409654,1.1888175615317111
waybill_10436,2,1.2,66.64,1.1771288368409654,1.1888175615317111
waybill_03715,3,1.0,158.76,0.851604243713467,1.1824195530659691
waybill_05553,2,1.09,66.64,1.1687852675221473,1.1793087613235784
waybill_01779,2,1.0,162.79000000000002,0.7137986514176927,1.1756053184400088
waybill_01871,2,1.0,162.79000000000002,0.7137986514176927,1.1756053184400088
waybill_01909,2,1.0,162.79000000000002,0.7137986514176927,1.1756053184400088
waybill_01988,2,1.0,162.79000000000002,0.7137986514176927,1.1756053184400088
waybill_01922,2,1.0,162.79000000000002,0.7137986514176927,1.1756053184400088
waybill_01810,2,1.0,162.79000000000002,0.7137986514176927,1.1756053184400088
waybill_01813,2,1.0,162.79000000000002,0.7137986514176927,1.1756053184400088
waybill_01769,2,1.0,162.79000000000002,0.7137986514176927,1.1756053184400088
waybill_00567,2,1.03,66.64,1.1629104480648804,1.172377067227132
waybill_10277,2,1.0,66.64,1.1582052582045934,1.1667859774485456
waybill_10204,2,1.0,66.64,1.1582052582045934,1.1667859774485456
waybill_02150,2,1.0,66.64,1.1564526899074286,1.1667036864341267
waybill_02038,2,1.0,66.64,1.1564526899074286,1.1667036864341267
waybill_02153,2,1.0,66.64,1.1564526899074286,1.1667036864341267
waybill_02085,2,1.0,66.64,1.1564526899074286,1.1667036864341267
waybill_02099,2,1.0,66.64,1.1564526899074286,1.1667036864341267
waybill_10866,2,1.0,65.83,1.1577918911769753,1.162552977276024
waybill_10683,2,1.0,65.83,1.1577918911769753,1.162552977276024
waybill_10684,2,1.0,65.83,1.1577918911769753,1.162552977276024
waybill_10591,2,1.0,65.83,1.1577918911769753,1.162552977276024
waybill_10665,2,1.0,65.83,1.1577918911769753,1.162552977276024
waybill_05491,2,1.56,55.42,1.1342019757923554,1.1553971720166276
waybill_00420,1,0.3,53.0,1.15322339355553,1.15322339355553
waybill_00418,1,0.3,53.0,1.15322339355553,1.15322339355553
waybill_06274,1,1.0,57.69,1.1508828472851815,1.1508828472851815
waybill_06333,1,1.0,57.69,1.1508828472851815,1.1508828472851815
waybill_00647,2,1.0,66.64,1.1290392699659033,1.1382301623564388
waybill_00580,2,1.0,66.64,1.1290392699659033,1.1382301623564388
waybill_04983,1,2.36,46.9,1.1354180566480394,1.1354180566480394
waybill_04980,1,2.36,46.9,1.1354180566480394,1.1354180566480394
waybill_00703,2,1.2,162.79000000000002,0.6889492693225636,1.1346791193039345
waybill_09035,1,1.2,124.27,0.6889126887900741,1.1346188722462234
waybill_09074,1,1.2,124.27,0.6889126887900741,1.1346188722462234
waybill_09216,1,1.2,124.27,0.6889126887900741,1.1346188722462234
waybill_09218,1,1.2,124.27,0.6889126887900741,1.1346188722462234
waybill_02175,2,1.0,55.42,1.1206842079900372,1.1309382942136812
waybill_02208,2,1.0,55.42,1.1206842079900372,1.1309382942136812
waybill_02249,2,1.0,55.42,1.1206842079900372,1.1309382942136812
waybill_02284,2,1.0,55.42,1.1206842079900372,1.1309382942136812
waybill_02254,2,1.0,55.42,1.1206842079900372,1.1309382942136812
waybill_07099,2,1.0,64.42999999999999,1.1237919376514047,1.1283992082118997
waybill_06868,2,1.0,64.42999999999999,1.1237919376514047,1.1283992082118997
waybill_06901,2,1.0,64.42999999999999,1.1237919376514047,1.1283992082118997
waybill_06898,2,1.0,64.42999999999999,1.1237919376514047,1.1283992082118997
waybill_02110,2,1.0,55.42,1.1146475771002444,1.1248985736269426
waybill_02093,2,1.0,55.42,1.1146475771002444,1.1248985736269426
waybill_03350,2,1.0,150.24,0.8153061153349097,1.122637606593392
waybill_04613,2,1.0,150.24,0.8153061153349097,1.122637606593392
waybill_09823,1,1.0,124.27,0.6799551952006051,1.1198661445929037
waybill_09887,1,1.0,124.27,0.6799551952006051,1.1198661445929037
waybill_09739,1,1.0,124.27,0.6799551952006051,1.1198661445929037
waybill_09806,1,1.0,124.27,0.6799551952006051,1.1198661445929037
waybill_09735,1,1.0,124.27,0.6799551952006051,1.1198661445929037
waybill_09732,1,1.0,124.27,0.6799551952006051,1.1198661445929037
waybill_09812,1,1.0,124.27,0.6799551952006051,1.1198661445929037
waybill_09643,1,1.0,124.27,0.6799551952006051,1.1198661445929037
waybill_09846,1,1.0,124.27,0.6799551952006051,1.1198661445929037
waybill_11320,2,2.36,66.64,1.1075273418865426,1.1191396147689907
waybill_11237,2,2.36,66.64,1.1075273418865426,1.1191396147689907
waybill_11353,2,2.36,66.64,1.1075273418865426,1.1191396147689907
waybill_10065,2,1.2,55.42,1.1023834273198814,1.112448615562561
waybill_00867,1,1.0,58.12,1.1106960401573027,1.1106960401573027
waybill_07757,1,1.0,104.91,1.106305789358189,1.106305789358189
waybill_07683,1,1.0,104.91,1.106305789358189,1.106305789358189
waybill_07713,1,1.0,104.91,1.106305789358189,1.106305789358189
waybill_00675,1,1.12,180.87,0.6672436114476482,1.098930541203781
waybill_02598,2,1.2,66.64,1.0851225449618611,1.0958841457440647
waybill_02651,2,1.2,66.64,1.0851225449618611,1.0958841457440647
waybill_02616,2,1.2,66.64,1.0851225449618611,1.0958841457440647
waybill_06764,2,1.0,66.64,1.0828397697493717,1.0941476894704403
waybill_06828,2,1.0,66.64,1.0828397697493717,1.0941476894704403
waybill_06806,2,1.0,66.64,1.0828397697493717,1.0941476894704403
waybill_07380,1,0.33,16.0,1.0761198431226595,1.0761198431226595
waybill_00730,1,0.84,57.0,0.6503376789769013,1.0710869692296334
waybill_08488,2,1.0,66.64,1.0604103934449394,1.0688333529487883
waybill_03286,2,1.0,136.25,1.004421082808494,1.0675945203756647
waybill_03885,2,1.0,136.25,1.004421082808494,1.0675945203756647
waybill_04100,2,1.0,136.25,1.004421082808494,1.0675945203756647
waybill_04663,2,1.0,136.25,1.004421082808494,1.0675945203756647
waybill_00330,2,0.62,64.42999999999999,1.0551600410537263,1.0613887867745921
waybill_05428,3,0.442,79.14,0.7998720011472702,1.0613461885750426
waybill_05043,1,1.0,104.91,1.0576468163728443,1.0576468163728443
waybill_05316,1,1.0,104.91,1.0576468163728443,1.0576468163728443
waybill_07319,2,1.2,66.64,1.0477291222330956,1.055044681263911
waybill_07267,2,1.2,66.64,1.0477291222330956,1.055044681263911
waybill_07253,2,1.2,66.64,1.0477291222330956,1.055044681263911
waybill_07260,2,1.2,66.64,1.0477291222330956,1.055044681263911
waybill_06109,2,1.0,55.42,1.041219615831586,1.05238920579068
waybill_06069,2,1.0,55.42,1.041219615831586,1.05238920579068
waybill_06020,2,1.0,55.42,1.041219615831586,1.05238920579068
waybill_06110,2,1.0,55.42,1.041219615831586,1.05238920579068
waybill_06217,2,1.0,55.42,1.041219615831586,1.05238920579068
waybill_06167,2,1.0,55.42,1.041219615831586,1.05238920579068
waybill_06019,2,1.0,55.42,1.041219615831586,1.05238920579068
waybill_06078,2,1.0,55.42,1.041219615831586,1.05238920579068
waybill_06028,2,1.0,55.42,1.041219615831586,1.05238920579068
waybill_06051,2,1.0,55.42,1.041219615831586,1.05238920579068
waybill_06106,2,1.0,55.42,1.041219615831586,1.05238920579068
waybill_06075,2,1.0,55.42,1.041219615831586,1.05238920579068
waybill_06193,2,1.0,55.42,1.041219615831586,1.05238920579068
waybill_06190,2,1.0,55.42,1.041219615831586,1.05238920579068
waybill_08764,2,1.0,64.42999999999999,1.0447357170321527,1.0522070814431592
waybill_08857,2,1.0,64.42999999999999,1.0447357170321527,1.0522070814431592
waybill_01180,2,1.0,64.42999999999999,1.0376556930032201,1.0445205800593576
waybill_11990,1,1.0,10.53,0.6273237262183781,1.0331836680570807
waybill_04854,1,1.0,8.52,0.6260130783573331,1.0310250697002663
waybill_02612,2,1.0,55.42,1.0207412893437349,1.0297092899955713
waybill_02552,2,1.0,55.42,1.0207412893437349,1.0297092899955713
waybill_02571,2,1.0,55.42,1.0207412893437349,1.0297092899955713
waybill_02643,2,1.0,55.42,1.0207412893437349,1.0297092899955713
waybill_02513,2,1.0,55.42,1.0207412893437349,1.0297092899955713
waybill_02622,2,1.0,55.42,1.0207412893437349,1.0297092899955713
waybill_02602,2,1.0,55.42,1.0207412893437349,1.0297092899955713
waybill_02561,2,1.0,55.42,1.0207412893437349,1.0297092899955713
waybill_02676,1,0.53,57.0,0.6248488921205361,1.029107689317276
waybill_09821,2,1.0,66.64,1.0232913546227083,1.0289394947549935
waybill_09811,2,1.0,66.64,1.0232913546227083,1.0289394947549935
waybill_07405,1,1.0,104.91,1.0261732185701828,1.0261732185701828
waybill_07415,1,1.0,104.91,1.0261732185701828,1.0261732185701828
waybill_07294,1,1.0,104.91,1.0261732185701828,1.0261732185701828
waybill_07494,1,1.0,104.91,1.0261732185701828,1.0261732185701828
waybill_07131,1,1.0,104.91,1.0261732185701828,1.0261732185701828
waybill_00314,2,3.45,39.94,0.6225610388455985,1.0253396624759739
waybill_08923,1,1.0,104.91,1.0190756925363096,1.0190756925363096
waybill_08804,1,1.0,104.91,1.0190756925363096,1.0190756925363096
waybill_08853,1,1.0,104.91,1.0190756925363096,1.0190756925363096
waybill_08939,1,1.0,104.91,1.0190756925363096,1.0190756925363096
waybill_08807,1,1.0,104.91,1.0190756925363096,1.0190756925363096
waybill_02220,2,0.48,64.42999999999999,1.0051954698032821,1.0101174311906314
waybill_00357,2,1.3,55.42,0.992236223724397,1.0052964970100833
waybill_00388,2,1.3,55.42,0.992236223724397,1.0052964970100833
waybill_00494,2,1.3,55.42,0.992236223724397,1.0052964970100833
waybill_08445,2,1.0,55.42,0.9966610482919653,1.0050840077958143
waybill_08267,2,1.0,55.42,0.9966610482919653,1.0050840077958143
waybill_08319,2,1.0,55.42,0.9966610482919653,1.0050840077958143
waybill_08264,2,1.0,55.42,0.9966610482919653,1.0050840077958143
waybill_08243,2,1.0,55.42,0.9966610482919653,1.0050840077958143
waybill_08389,2,1.0,55.42,0.9966610482919653,1.0050840077958143
waybill_08295,2,1.0,55.42,0.9966610482919653,1.0050840077958143
waybill_08257,2,1.0,55.42,0.9966610482919653,1.0050840077958143
waybill_08249,2,1.0,55.42,0.9966610482919653,1.0050840077958143
waybill_08286,2,1.0,55.42,0.9966610482919653,1.0050840077958143
waybill_08290,2,1.0,55.42,0.9966610482919653,1.0050840077958143
waybill_08255,2,1.0,55.42,0.9966610482919653,1.0050840077958143
waybill_08338,2,1.0,55.42,0.9966610482919653,1.0050840077958143
waybill_02523,2,1.1,66.64,0.9946956662150396,1.0045604669320596
waybill_10499,2,1.0,55.42,0.9918023795014604,1.0015429834104153
waybill_10548,2,1.0,55.42,0.9918023795014604,1.0015429834104153
waybill_10467,2,1.0,55.42,0.9918023795014604,1.0015429834104153
waybill_10476,2,1.0,55.42,0.9918023795014604,1.0015429834104153
waybill_10516,2,1.0,55.42,0.9918023795014604,1.0015429834104153
waybill_10421,2,1.0,55.42,0.9918023795014604,1.0015429834104153
waybill_08799,2,1.0,66.64,0.9922877871129983,0.9997591515240049
waybill_08830,2,1.0,66.64,0.9922877871129983,0.9997591515240049
waybill_08801,2,1.0,66.64,0.9922877871129983,0.9997591515240049
waybill_08785,2,1.0,66.64,0.9922877871129983,0.9997591515240049
waybill_04000,2,0.5,174.3,0.9956995422683528,0.9956995422683528
waybill_03435,2,0.5,174.3,0.9956995422683528,0.9956995422683528
waybill_03431,2,0.5,174.3,0.9956995422683528,0.9956995422683528
waybill_11343,2,1.2,55.42,0.9838583025147736,0.9897628480482218
waybill_11412,2,1.2,55.42,0.9838583025147736,0.9897628480482218
waybill_11379,2,1.2,55.42,0.9838583025147736,0.9897628480482218
waybill_07676,1,0.495,58.12,0.989654656061603,0.989654656061603
waybill_10978,2,2.36,55.42,0.9772553088737205,0.9864646668377893
waybill_11092,2,2.36,55.42,0.9772553088737205,0.9864646668377893
waybill_11068,2,2.36,55.42,0.9772553088737205,0.9864646668377893
waybill_10972,2,2.36,55.42,0.9772553088737205,0.9864646668377893
waybill_11020,2,2.36,55.42,0.9772553088737205,0.9864646668377893
waybill_11121,2,2.36,55.42,0.9772553088737205,0.9864646668377893
waybill_09210,2,1.2,66.64,0.9708501210399246,0.9781141345496517
waybill_09122,2,1.2,66.64,0.9708501210399246,0.9781141345496517
waybill_09047,2,1.2,66.64,0.9708501210399246,0.9781141345496517
waybill_09036,2,1.2,66.64,0.9708501210399246,0.9781141345496517
waybill_10386,1,1.0,46.9,0.9767466636993544,0.9767466636993544
waybill_10374,1,1.0,46.9,0.9767466636993544,0.9767466636993544
waybill_03811,2,0.5,177.53,0.6578562172620523,0.9733960249693683
waybill_04320,2,0.5,177.53,0.6578562172620523,0.9733960249693683
waybill_03706,2,0.5,177.53,0.6578562172620523,0.9733960249693683
waybill_02673,1,0.5,57.0,0.5894800869061662,0.9708563106766753
waybill_03717,3,1.0,217.31,0.8076967781598468,0.9697793452583146
waybill_03339,3,1.0,217.31,0.8076967781598468,0.9697793452583146
waybill_03296,3,1.0,217.31,0.8076967781598468,0.9697793452583146
waybill_03269,3,1.0,217.31,0.8076967781598468,0.9697793452583146
waybill_03379,3,1.0,217.31,0.8076967781598468,0.9697793452583146
waybill_04402,3,1.0,217.31,0.8076967781598468,0.9697793452583146
waybill_06977,2,1.56,55.42,0.9606212004289795,0.9678085425033515
waybill_06849,2,1.56,55.42,0.9606212004289795,0.9678085425033515
waybill_07015,2,1.56,55.42,0.9606212004289795,0.9678085425033515
waybill_03066,2,0.1,64.55,0.9555420220507272,0.9663560739492671
waybill_06658,2,1.2,23.59,0.5863929786918382,0.9657719345320082
waybill_06453,2,1.0,132.79,0.5841269104815734,0.9620397870494594
waybill_06552,2,1.0,132.79,0.5841269104815734,0.9620397870494594
waybill_09892,2,1.6,55.42,0.9503826597295246,0.9594196839411808
waybill_00389,1,0.38,58.12,0.9568057710824512,0.9568057710824512
waybill_10059,2,1.0,19.82,0.5790614860513413,0.9536971824669078
waybill_05928,1,1.2,46.9,0.9506459765565465,0.9506459765565465
waybill_01031,2,1.0,162.79000000000002,0.5741243911021363,0.9455659327532788
waybill_00952,2,1.0,162.79000000000002,0.5741243911021363,0.9455659327532788
waybill_00823,2,1.0,162.79000000000002,0.5741243911021363,0.9455659327532788
waybill_01015,2,1.0,162.79000000000002,0.5741243911021363,0.9455659327532788
waybill_00732,2,1.0,162.79000000000002,0.5741243911021363,0.9455659327532788
waybill_01020,2,1.0,162.79000000000002,0.5741243911021363,0.9455659327532788
waybill_00778,2,1.0,162.79000000000002,0.5741243911021363,0.9455659327532788
waybill_00923,2,1.0,162.79000000000002,0.5741243911021363,0.9455659327532788
waybill_00928,2,1.0,162.79000000000002,0.5741243911021363,0.9455659327532788
waybill_00997,2,1.0,162.79000000000002,0.5741243911021363,0.9455659327532788
waybill_00872,2,1.0,162.79000000000002,0.5741243911021363,0.9455659327532788
waybill_09239,1,1.0,124.27,0.5740939073250617,0.9455157268718528
waybill_09105,1,1.0,124.27,0.5740939073250617,0.9455157268718528
waybill_09013,1,1.0,124.27,0.5740939073250617,0.9455157268718528
waybill_09030,1,1.0,124.27,0.5740939073250617,0.9455157268718528
waybill_09192,1,1.0,124.27,0.5740939073250617,0.9455157268718528
waybill_09104,1,1.0,124.27,0.5740939073250617,0.9455157268718528
waybill_09130,1,1.0,124.27,0.5740939073250617,0.9455157268718528
waybill_04494,1,1.0,144.07,0.5699963248398221,0.9387671294167765
waybill_06499,1,1.0,124.27,0.5664619351449649,0.9329460938706021
waybill_06303,1,1.0,124.27,0.5664619351449649,0.9329460938706021
waybill_06476,1,1.0,124.27,0.5664619351449649,0.9329460938706021
waybill_06798,2,1.2,55.42,0.9171404882778427,0.9307099919431248
waybill_06742,2,1.2,55.42,0.9171404882778427,0.9307099919431248
waybill_06802,2,1.2,55.42,0.9171404882778427,0.9307099919431248
waybill_06772,2,1.2,55.42,0.9171404882778427,0.9307099919431248
waybill_09900,2,1.0,55.42,0.9186528560999013,0.927040512968801
waybill_10071,2,1.0,55.42,0.9186528560999013,0.927040512968801
waybill_09982,2,1.0,55.42,0.9186528560999013,0.927040512968801
waybill_10116,2,1.0,55.42,0.9186528560999013,0.927040512968801
waybill_10052,2,1.0,55.42,0.9186528560999013,0.927040512968801
waybill_10033,2,1.0,55.42,0.9186528560999013,0.927040512968801
waybill_10111,2,1.0,55.42,0.9186528560999013,0.927040512968801
waybill_09916,2,1.0,55.42,0.9186528560999013,0.927040512968801
waybill_10852,2,1.2,66.64,0.9180524980603556,0.923765801379214
waybill_10787,2,1.2,66.64,0.9180524980603556,0.923765801379214
waybill_10718,2,1.2,66.64,0.9180524980603556,0.923765801379214
waybill_05176,1,1.2,58.12,0.922170502084728,0.922170502084728
waybill_04138,2,1.0,208.79000000000002,0.7713986497812894,0.9099973987857375
waybill_04508,2,1.0,208.79000000000002,0.7713986497812894,0.9099973987857375
waybill_04476,2,1.0,208.79000000000002,0.7713986497812894,0.9099973987857375
waybill_03367,2,1.0,208.79000000000002,0.7713986497812894,0.9099973987857375
waybill_04511,2,1.0,208.79000000000002,0.7713986497812894,0.9099973987857375
waybill_03370,2,1.0,208.79000000000002,0.7713986497812894,0.9099973987857375
waybill_04066,2,1.0,208.79000000000002,0.7713986497812894,0.9099973987857375
waybill_03390,2,1.0,208.79000000000002,0.7713986497812894,0.9099973987857375
waybill_03398,2,1.0,208.79000000000002,0.7713986497812894,0.9099973987857375
waybill_03377,2,1.0,208.79000000000002,0.7713986497812894,0.9099973987857375
waybill_03387,2,1.0,208.79000000000002,0.7713986497812894,0.9099973987857375
waybill_03700,2,1.0,208.79000000000002,0.7713986497812894,0.9099973987857375
waybill_03400,2,1.0,208.79000000000002,0.7713986497812894,0.9099973987857375
waybill_03289,2,1.0,208.79000000000002,0.7713986497812894,0.9099973987857375
waybill_03689,2,1.0,208.79000000000002,0.7713986497812894,0.9099973987857375
waybill_04041,2,1.0,208.79000000000002,0.7713986497812894,0.9099973987857375
waybill_04248,2,1.0,208.79000000000002,0.7713986497812894,0.9099973987857375
waybill_03852,2,1.0,208.79000000000002,0.7713986497812894,0.9099973987857375
waybill_03880,2,1.0,208.79000000000002,0.7713986497812894,0.9099973987857375
waybill_03588,2,1.0,208.79000000000002,0.7713986497812894,0.9099973987857375
waybill_03890,2,1.0,208.79000000000002,0.7713986497812894,0.9099973987857375
waybill_04680,2,1.0,208.79000000000002,0.7713986497812894,0.9099973987857375
waybill_04650,2,1.0,208.79000000000002,0.7713986497812894,0.9099973987857375
waybill_04674,2,1.0,208.79000000000002,0.7713986497812894,0.9099973987857375
waybill_03598,2,1.0,208.79000000000002,0.7713986497812894,0.9099973987857375
waybill_04305,2,1.0,208.79000000000002,0.7713986497812894,0.9099973987857375
waybill_03417,2,1.0,208.79000000000002,0.7713986497812894,0.9099973987857375
waybill_04362,2,1.0,208.79000000000002,0.7713986497812894,0.9099973987857375
waybill_03318,2,1.0,208.79000000000002,0.7713986497812894,0.9099973987857375
waybill_04306,2,1.0,208.79000000000002,0.7713986497812894,0.9099973987857375
waybill_04365,2,1.0,208.79000000000002,0.7713986497812894,0.9099973987857375
waybill_04345,2,1.0,208.79000000000002,0.7713986497812894,0.9099973987857375
waybill_04368,2,1.0,208.79000000000002,0.7713986497812894,0.9099973987857375
waybill_04195,2,1.0,208.79000000000002,0.7713986497812894,0.9099973987857375
waybill_04495,2,1.0,208.79000000000002,0.7713986497812894,0.9099973987857375
waybill_04386,2,1.0,208.79000000000002,0.7713986497812894,0.9099973987857375
waybill_03948,2,1.0,208.79000000000002,0.7713986497812894,0.9099973987857375
waybill_03358,2,1.0,208.79000000000002,0.7713986497812894,0.9099973987857375
waybill_04054,2,1.0,208.79000000000002,0.7713986497812894,0.9099973987857375
waybill_04065,2,1.0,208.79000000000002,0.7713986497812894,0.9099973987857375
waybill_03638,2,1.0,208.79000000000002,0.7713986497812894,0.9099973987857375
waybill_03402,2,1.0,208.79000000000002,0.7713986497812894,0.9099973987857375
waybill_03404,2,1.0,208.79000000000002,0.7713986497812894,0.9099973987857375
waybill_04398,2,1.0,208.79000000000002,0.7713986497812894,0.9099973987857375
waybill_04399,2,1.0,208.79000000000002,0.7713986497812894,0.9099973987857375
waybill_04526,2,1.0,208.79000000000002,0.7713986497812894,0.9099973987857375
waybill_03346,2,1.0,208.79000000000002,0.7713986497812894,0.9099973987857375
waybill_04400,2,1.0,208.79000000000002,0.7713986497812894,0.9099973987857375
waybill_03351,2,1.0,208.79000000000002,0.7713986497812894,0.9099973987857375
waybill_03930,2,1.0,208.79000000000002,0.7713986497812894,0.9099973987857375
waybill_03566,2,1.0,208.79000000000002,0.7713986497812894,0.9099973987857375
waybill_04442,2,1.0,208.79000000000002,0.7713986497812894,0.9099973987857375
waybill_04637,2,1.0,208.79000000000002,0.7713986497812894,0.9099973987857375
waybill_04475,2,1.0,208.79000000000002,0.7713986497812894,0.9099973987857375
waybill_03483,2,1.0,208.79000000000002,0.7713986497812894,0.9099973987857375
waybill_04473,2,1.0,208.79000000000002,0.7713986497812894,0.9099973987857375
waybill_03536,2,1.0,208.79000000000002,0.7713986497812894,0.9099973987857375
waybill_03768,2,1.0,208.79000000000002,0.7713986497812894,0.9099973987857375
waybill_03770,2,1.0,208.79000000000002,0.7713986497812894,0.9099973987857375
waybill_04436,2,1.0,208.79000000000002,0.7713986497812894,0.9099973987857375
waybill_03936,2,1.0,208.79000000000002,0.7713986497812894,0.9099973987857375
waybill_03932,2,1.0,208.79000000000002,0.7713986497812894,0.9099973987857375
waybill_03328,2,1.0,208.79000000000002,0.7713986497812894,0.9099973987857375
waybill_03745,2,1.0,208.79000000000002,0.7713986497812894,0.9099973987857375
waybill_04220,2,1.0,208.79000000000002,0.7713986497812894,0.9099973987857375
waybill_04479,2,1.0,208.79000000000002,0.7713986497812894,0.9099973987857375
waybill_04571,2,1.0,208.79000000000002,0.7713986497812894,0.9099973987857375
waybill_04573,2,1.0,208.79000000000002,0.7713986497812894,0.9099973987857375
waybill_03537,2,1.0,208.79000000000002,0.7713986497812894,0.9099973987857375
waybill_03353,2,1.0,208.79000000000002,0.7713986497812894,0.9099973987857375
waybill_04189,2,1.0,208.79000000000002,0.7713986497812894,0.9099973987857375
waybill_04088,2,1.0,208.79000000000002,0.7713986497812894,0.9099973987857375
waybill_03784,2,1.0,208.79000000000002,0.7713986497812894,0.9099973987857375
waybill_04188,2,1.0,208.79000000000002,0.7713986497812894,0.9099973987857375
waybill_04142,2,1.0,208.79000000000002,0.7713986497812894,0.9099973987857375
waybill_03364,2,1.0,208.79000000000002,0.7713986497812894,0.9099973987857375
waybill_03363,2,1.0,208.79000000000002,0.7713986497812894,0.9099973987857375
waybill_04296,2,1.0,208.79000000000002,0.7713986497812894,0.9099973987857375
waybill_04024,2,1.0,208.79000000000002,0.7713986497812894,0.9099973987857375
waybill_03657,2,1.0,208.79000000000002,0.7713986497812894,0.9099973987857375
waybill_03984,2,1.0,208.79000000000002,0.7713986497812894,0.9099973987857375
waybill_01458,2,1.8,64.55,0.8947892277461882,0.9075732060959546
waybill_09936,2,0.099,64.42999999999999,0.8966837917816652,0.8975141698116863
waybill_10040,2,0.099,64.42999999999999,0.8966837917816652,0.8975141698116863
waybill_09250,2,1.2,55.42,0.8824309519568091,0.8896949654665361
waybill_05522,2,1.2,55.42,0.8724630583018117,0.8887670553974059
waybill_10110,2,0.098,64.42999999999999,0.8876263797434666,0.8884483701166187
waybill_11297,2,1.87,66.64,0.8775746310711164,0.8867758811940732
waybill_07313,2,1.0,66.64,0.8731076018609131,0.8792039010532592
waybill_07387,2,1.0,66.64,0.8731076018609131,0.8792039010532592
waybill_07326,2,1.0,66.64,0.8731076018609131,0.8792039010532592
waybill_07159,2,1.0,66.64,0.8731076018609131,0.8792039010532592
waybill_05653,2,1.2,55.42,0.8651698364823718,0.8767553342454153
waybill_11887,1,1.0,10.53,0.5309700819952939,0.8744920589110586
waybill_05921,1,0.64,57.0,0.5177837782954281,0.8527746057758658
waybill_01495,2,1.2,55.42,0.8390280079192767,0.8479558439775708
waybill_01587,2,1.2,55.42,0.8390280079192767,0.8479558439775708
waybill_05243,3,0.35,79.14,0.6333828063383361,0.8404325022653052
waybill_05595,2,0.483,64.42999999999999,0.8291896202359578,0.8338527830855827
waybill_05994,1,0.62,57.0,0.501603035223696,0.8261253993453699
waybill_05805,1,0.62,57.0,0.501603035223696,0.8261253993453699
waybill_11411,2,1.0,55.42,0.8198819187623113,0.8248023733735181
waybill_11241,2,1.0,55.42,0.8198819187623113,0.8248023733735181
waybill_11361,2,1.0,55.42,0.8198819187623113,0.8248023733735181
waybill_11298,2,1.0,55.42,0.8198819187623113,0.8248023733735181
waybill_11287,2,1.0,55.42,0.8198819187623113,0.8248023733735181
waybill_11619,1,2.0,10.53,0.4999287541247998,0.8233679077747198
waybill_07039,2,1.2,66.64,0.8176954650617411,0.8232241897343349
waybill_07051,2,1.2,66.64,0.8176954650617411,0.8232241897343349
waybill_07004,2,1.2,66.64,0.8176954650617411,0.8232241897343349
waybill_00335,1,1.1,46.9,0.8225033463832809,0.8225033463832809
waybill_06763,2,0.75,66.64,0.8121298273120289,0.8206107671028301
waybill_09355,1,1.2,46.9,0.8156292778223427,0.8156292778223427
waybill_09294,1,1.2,46.9,0.8156292778223427,0.8156292778223427
waybill_09424,1,1.2,46.9,0.8156292778223427,0.8156292778223427
waybill_09456,1,1.2,46.9,0.8156292778223427,0.8156292778223427
waybill_09092,2,1.0,66.64,0.8090417675332706,0.8150951121247098
waybill_02608,1,0.55,57.0,0.4918427649366547,0.810050522156868
waybill_02594,1,0.55,57.0,0.4918427649366547,0.810050522156868
waybill_03614,2,1.0,64.42999999999999,0.7809056617702241,0.8043894798642439
waybill_07151,2,1.56,55.42,0.7945389102850668,0.8040491370251267
waybill_01877,2,1.0,66.64,0.7919916137146744,0.7973108868740613
waybill_01887,2,1.0,66.64,0.7919916137146744,0.7973108868740613
waybill_01886,2,1.0,66.64,0.7919916137146744,0.7973108868740613
waybill_01847,2,1.0,66.64,0.7919916137146744,0.7973108868740613
waybill_01890,2,1.0,66.64,0.7919916137146744,0.7973108868740613
waybill_05850,1,1.0,46.9,0.7922049804637887,0.7922049804637887
waybill_05901,1,1.0,46.9,0.7922049804637887,0.7922049804637887
waybill_05909,1,1.0,46.9,0.7922049804637887,0.7922049804637887
waybill_05922,1,1.0,46.9,0.7922049804637887,0.7922049804637887
waybill_05930,1,1.0,46.9,0.7922049804637887,0.7922049804637887
waybill_05959,1,1.0,46.9,0.7922049804637887,0.7922049804637887
waybill_05952,1,1.0,46.9,0.7922049804637887,0.7922049804637887
waybill_05949,1,1.0,46.9,0.7922049804637887,0.7922049804637887
waybill_05957,1,1.0,46.9,0.7922049804637887,0.7922049804637887
waybill_05914,1,1.0,46.9,0.7922049804637887,0.7922049804637887
waybill_05879,1,1.0,46.9,0.7922049804637887,0.7922049804637887
waybill_05852,1,1.0,46.9,0.7922049804637887,0.7922049804637887
waybill_05856,1,1.0,46.9,0.7922049804637887,0.7922049804637887
waybill_05877,1,1.0,46.9,0.7922049804637887,0.7922049804637887
waybill_05865,1,1.0,46.9,0.7922049804637887,0.7922049804637887
waybill_01271,1,0.3,57.0,0.479293890825068,0.7893828967463757
waybill_03077,2,0.1,66.64,0.7763483074221651,0.787162359320705
waybill_03082,2,0.1,66.64,0.7763483074221651,0.787162359320705
waybill_10889,2,1.87,55.42,0.7743506049126515,0.7816478504180789
waybill_02494,2,1.2,55.42,0.7705073965385169,0.7802840162826061
waybill_06835,2,1.0,55.42,0.7642837402315357,0.775591659952604
waybill_06787,2,1.0,55.42,0.7642837402315357,0.775591659952604
waybill_06687,2,1.0,55.42,0.7642837402315357,0.775591659952604
waybill_06789,2,1.0,55.42,0.7642837402315357,0.775591659952604
waybill_06755,2,1.0,55.42,0.7642837402315357,0.775591659952604
waybill_00350,2,1.0,55.42,0.7632586336341516,0.7733049977000642
waybill_00366,2,1.0,55.42,0.7632586336341516,0.7733049977000642
waybill_10657,2,1.0,66.64,0.7650437483836299,0.7698048344826786
waybill_10144,1,1.2,46.9,0.7690260128768949,0.7690260128768949
waybill_04969,1,1.0,58.12,0.76847541840394,0.76847541840394
waybill_04975,1,1.0,58.12,0.76847541840394,0.76847541840394
waybill_04950,1,1.0,58.12,0.76847541840394,0.76847541840394
waybill_04944,1,1.0,58.12,0.76847541840394,0.76847541840394
waybill_03056,1,4.1,8.52,0.465656380531891,0.7669223196647337
waybill_04297,1,1.0,57.31,0.7660262304001456,0.7660262304001456
waybill_04520,1,1.0,57.31,0.7660262304001456,0.7660262304001456
waybill_04516,1,1.0,57.31,0.7660262304001456,0.7660262304001456
waybill_04140,1,1.0,57.31,0.7660262304001456,0.7660262304001456
waybill_04194,1,1.0,57.31,0.7660262304001456,0.7660262304001456
waybill_03585,1,1.0,57.31,0.7660262304001456,0.7660262304001456
waybill_03493,1,1.0,57.31,0.7660262304001456,0.7660262304001456
waybill_03803,1,1.0,57.31,0.7660262304001456,0.7660262304001456
waybill_04569,1,1.0,57.31,0.7660262304001456,0.7660262304001456
waybill_04078,1,1.0,57.31,0.7660262304001456,0.7660262304001456
waybill_04359,1,1.0,57.31,0.7660262304001456,0.7660262304001456
waybill_03273,1,1.0,57.31,0.7660262304001456,0.7660262304001456
waybill_03278,1,1.0,57.31,0.7660262304001456,0.7660262304001456
waybill_09672,1,0.28,16.0,0.76560631370459,0.76560631370459
waybill_09664,1,0.28,16.0,0.76560631370459,0.76560631370459
waybill_10813,2,1.2,55.42,0.7578494726683015,0.7635627759871599
waybill_10690,2,1.2,55.42,0.7578494726683015,0.7635627759871599
waybill_10673,2,1.2,55.42,0.7578494726683015,0.7635627759871599
waybill_10692,2,1.2,55.42,0.7578494726683015,0.7635627759871599
waybill_10588,2,1.2,55.42,0.7578494726683015,0.7635627759871599
waybill_00527,1,1.0,46.9,0.7477303148938917,0.7477303148938917
waybill_00530,1,1.0,46.9,0.7477303148938917,0.7477303148938917
waybill_06530,1,1.0,46.9,0.746805478388148,0.746805478388148
waybill_06568,1,1.0,46.9,0.746805478388148,0.746805478388148
waybill_06664,1,1.0,46.9,0.746805478388148,0.746805478388148
waybill_06661,1,1.0,46.9,0.746805478388148,0.746805478388148
waybill_06543,1,1.0,46.9,0.746805478388148,0.746805478388148
waybill_06997,2,1.2,55.42,0.7389393849453688,0.7444681096179626
waybill_07084,2,1.2,55.42,0.7389393849453688,0.7444681096179626
waybill_05753,1,0.62,57.0,0.45112112479146216,0.7429831823192155
waybill_05284,2,1.2,66.64,0.7362020742151073,0.7415108059421582
waybill_05445,2,1.2,66.64,0.7362020742151073,0.7415108059421582
waybill_03342,3,1.0,138.32,0.7179509349434761,0.7414347530374958
waybill_09057,2,1.0,55.42,0.7353591266306743,0.7414124712221134
waybill_05449,2,1.0,55.42,0.7270525485848431,0.7406392128311716
waybill_05512,2,1.0,55.42,0.7270525485848431,0.7406392128311716
waybill_05515,2,1.0,55.42,0.7270525485848431,0.7406392128311716
waybill_05448,2,1.0,55.42,0.7270525485848431,0.7406392128311716
waybill_05525,2,1.0,55.42,0.7270525485848431,0.7406392128311716
waybill_05489,2,1.0,55.42,0.7270525485848431,0.7406392128311716
waybill_01714,2,1.1,64.55,0.7289889917222069,0.73717284144231
waybill_01536,2,1.1,64.55,0.7289889917222069,0.73717284144231
waybill_09996,2,0.081,64.42999999999999,0.7336503750940897,0.7343297753004705
waybill_05704,2,1.0,55.42,0.72097486373531,0.7306294452045128
waybill_05657,2,1.0,55.42,0.72097486373531,0.7306294452045128
waybill_05547,2,1.0,55.42,0.72097486373531,0.7306294452045128
waybill_05591,2,1.0,55.42,0.72097486373531,0.7306294452045128
waybill_05711,2,1.0,55.42,0.72097486373531,0.7306294452045128
waybill_05614,2,1.0,55.42,0.72097486373531,0.7306294452045128
waybill_05686,2,1.0,55.42,0.72097486373531,0.7306294452045128
waybill_05755,2,1.0,55.42,0.72097486373531,0.7306294452045128
waybill_05726,2,1.0,55.42,0.72097486373531,0.7306294452045128
waybill_05683,2,1.0,55.42,0.72097486373531,0.7306294452045128
waybill_05575,2,1.0,55.42,0.72097486373531,0.7306294452045128
waybill_00781,1,1.4,46.9,0.7257948949520989,0.7257948949520989
waybill_00866,1,1.4,46.9,0.7257948949520989,0.7257948949520989
waybill_11116,2,1.2,64.42999999999999,0.7198986012446131,0.7245813256331227
waybill_10921,2,1.2,64.42999999999999,0.7198986012446131,0.7245813256331227
waybill_09870,2,1.2,55.42,0.7127869947971434,0.7195647629558856
waybill_09871,2,1.2,55.42,0.7127869947971434,0.7195647629558856
waybill_09691,2,1.2,55.42,0.7127869947971434,0.7195647629558856
waybill_09718,2,1.2,55.42,0.7127869947971434,0.7195647629558856
waybill_09627,2,1.2,55.42,0.7127869947971434,0.7195647629558856
waybill_06467,1,0.334,58.12,0.7101784378618372,0.7101784378618372
waybill_01687,2,1.0,55.42,0.6991900065993973,0.7066298699813092
waybill_01523,2,1.0,55.42,0.6991900065993973,0.7066298699813092
waybill_01659,2,1.0,55.42,0.6991900065993973,0.7066298699813092
waybill_01600,2,1.0,55.42,0.6991900065993973,0.7066298699813092
waybill_01768,2,1.0,55.42,0.6991900065993973,0.7066298699813092
waybill_01715,2,1.0,55.42,0.6991900065993973,0.7066298699813092
waybill_01573,2,1.0,55.42,0.6991900065993973,0.7066298699813092
waybill_01722,2,1.0,55.42,0.6991900065993973,0.7066298699813092
waybill_01533,2,1.0,55.42,0.6991900065993973,0.7066298699813092
waybill_01505,2,1.0,55.42,0.6991900065993973,0.7066298699813092
waybill_01686,2,1.0,55.42,0.6991900065993973,0.7066298699813092
waybill_01856,2,1.2,55.42,0.7001335752020404,0.7065167029933047
waybill_07047,2,1.0,66.64,0.6814128875514508,0.6860201581119456
waybill_08891,2,1.2,55.42,0.675547990885361,0.6845136281785688
waybill_03957,2,1.0,129.8,0.6816528065649188,0.6816528065649188
waybill_04068,2,1.0,129.8,0.6816528065649188,0.6816528065649188
waybill_03968,2,1.0,129.8,0.6816528065649188,0.6816528065649188
waybill_03476,2,1.0,129.8,0.6816528065649188,0.6816528065649188
waybill_04405,2,1.0,129.8,0.6816528065649188,0.6816528065649188
waybill_04430,2,1.0,129.8,0.6816528065649188,0.6816528065649188
waybill_04255,2,1.0,129.8,0.6816528065649188,0.6816528065649188
waybill_03482,2,1.0,129.8,0.6816528065649188,0.6816528065649188
waybill_03344,2,1.0,129.8,0.6816528065649188,0.6816528065649188
waybill_04502,2,1.0,129.8,0.6816528065649188,0.6816528065649188
waybill_04181,2,1.0,129.8,0.6816528065649188,0.6816528065649188
waybill_03372,2,1.0,129.8,0.6816528065649188,0.6816528065649188
waybill_03356,2,1.0,129.8,0.6816528065649188,0.6816528065649188
waybill_04301,2,1.0,129.8,0.6816528065649188,0.6816528065649188
waybill_03293,2,1.0,129.8,0.6816528065649188,0.6816528065649188
waybill_03681,2,1.0,129.8,0.6816528065649188,0.6816528065649188
waybill_03701,2,1.0,129.8,0.6816528065649188,0.6816528065649188
waybill_04056,2,1.0,129.8,0.6816528065649188,0.6816528065649188
waybill_03670,2,1.0,129.8,0.6816528065649188,0.6816528065649188
waybill_04222,2,1.0,129.8,0.6816528065649188,0.6816528065649188
waybill_04379,2,1.0,129.8,0.6816528065649188,0.6816528065649188
waybill_04373,2,1.0,129.8,0.6816528065649188,0.6816528065649188
waybill_03473,2,1.0,129.8,0.6816528065649188,0.6816528065649188
waybill_04651,2,1.0,129.8,0.6816528065649188,0.6816528065649188
waybill_03755,2,1.0,129.8,0.6816528065649188,0.6816528065649188
waybill_03330,2,1.0,129.8,0.6816528065649188,0.6816528065649188
waybill_04409,2,1.0,129.8,0.6816528065649188,0.6816528065649188
waybill_04570,2,1.0,129.8,0.6816528065649188,0.6816528065649188
waybill_04091,2,1.0,129.8,0.6816528065649188,0.6816528065649188
waybill_04179,2,1.0,129.8,0.6816528065649188,0.6816528065649188
waybill_04095,2,1.0,129.8,0.6816528065649188,0.6816528065649188
waybill_09398,1,1.0,46.9,0.6796910648519523,0.6796910648519523
waybill_09416,1,1.0,46.9,0.6796910648519523,0.6796910648519523
waybill_09300,1,1.0,46.9,0.6796910648519523,0.6796910648519523
waybill_09395,1,1.0,46.9,0.6796910648519523,0.6796910648519523
waybill_09282,1,1.0,46.9,0.6796910648519523,0.6796910648519523
waybill_09402,1,1.0,46.9,0.6796910648519523,0.6796910648519523
waybill_09388,1,1.0,46.9,0.6796910648519523,0.6796910648519523
waybill_09344,1,1.0,46.9,0.6796910648519523,0.6796910648519523
waybill_09438,1,1.0,46.9,0.6796910648519523,0.6796910648519523
waybill_01134,1,0.53,57.0,0.4103321069735211,0.675804873442507
waybill_05638,1,0.56,57.0,0.40746424174712714,0.6710815840302592
waybill_05697,2,0.62,66.64,0.664813638407093,0.6707994789179987
waybill_01540,2,1.0,64.55,0.6627172652020062,0.6701571285839181
waybill_01604,2,1.0,64.55,0.6627172652020062,0.6701571285839181
waybill_00454,2,0.39,64.42999999999999,0.6637297032434731,0.6676477852291791
waybill_05006,1,0.6,57.0,0.4027495316148825,0.6633165955487575
waybill_05002,1,0.6,57.0,0.4027495316148825,0.6633165955487575
waybill_10183,2,1.0,55.42,0.6541179327756345,0.6626986520195867
waybill_10284,2,1.0,55.42,0.6541179327756345,0.6626986520195867
waybill_10291,2,1.0,55.42,0.6541179327756345,0.6626986520195867
waybill_10244,2,1.0,55.42,0.6541179327756345,0.6626986520195867
waybill_10213,2,1.0,55.42,0.6541179327756345,0.6626986520195867
waybill_10245,2,1.0,55.42,0.6541179327756345,0.6626986520195867
waybill_10196,2,1.0,55.42,0.6541179327756345,0.6626986520195867
waybill_10293,2,1.0,55.42,0.6541179327756345,0.6626986520195867
waybill_01287,2,1.3,64.55,0.6462366644833581,0.6554695377359673
waybill_10949,2,1.56,55.42,0.6459823228148323,0.6520698645198947
waybill_02401,2,1.0,55.42,0.6420894971154307,0.6502366802355051
waybill_02417,2,1.0,55.42,0.6420894971154307,0.6502366802355051
waybill_02336,2,1.0,55.42,0.6420894971154307,0.6502366802355051
waybill_02432,2,1.0,55.42,0.6420894971154307,0.6502366802355051
waybill_02361,2,1.0,55.42,0.6420894971154307,0.6502366802355051
waybill_02471,2,1.0,55.42,0.6420894971154307,0.6502366802355051
waybill_02487,2,1.0,55.42,0.6420894971154307,0.6502366802355051
waybill_02424,2,1.0,55.42,0.6420894971154307,0.6502366802355051
waybill_02436,2,1.0,55.42,0.6420894971154307,0.6502366802355051
waybill_02509,2,1.0,55.42,0.6420894971154307,0.6502366802355051
waybill_02421,2,1.0,55.42,0.6420894971154307,0.6502366802355051
waybill_02434,2,1.0,55.42,0.6420894971154307,0.6502366802355051
waybill_05632,1,0.54,57.0,0.39291194739901547,0.6471143846006071
waybill_10136,1,1.0,46.9,0.6408550107307457,0.6408550107307457
waybill_10151,1,1.0,46.9,0.6408550107307457,0.6408550107307457
waybill_01290,2,0.5,55.42,0.6361910101340558,0.6397421152312132
waybill_10685,2,1.0,55.42,0.6315412272235846,0.6363023133226333
waybill_10679,2,1.0,55.42,0.6315412272235846,0.6363023133226333
waybill_10798,2,1.0,55.42,0.6315412272235846,0.6363023133226333
waybill_10749,2,1.0,55.42,0.6315412272235846,0.6363023133226333
waybill_10760,2,1.0,55.42,0.6315412272235846,0.6363023133226333
waybill_10770,2,1.0,55.42,0.6315412272235846,0.6363023133226333
waybill_10736,2,1.0,55.42,0.6315412272235846,0.6363023133226333
waybill_10641,2,1.0,55.42,0.6315412272235846,0.6363023133226333
waybill_10764,2,1.0,55.42,0.6315412272235846,0.6363023133226333
waybill_10854,2,1.0,55.42,0.6315412272235846,0.6363023133226333
waybill_10774,2,1.0,55.42,0.6315412272235846,0.6363023133226333
waybill_10756,2,1.0,55.42,0.6315412272235846,0.6363023133226333
waybill_10818,2,1.0,55.42,0.6315412272235846,0.6363023133226333
waybill_11694,1,1.0,10.53,0.3818492246546649,0.6288944066434405
waybill_00877,1,1.2,46.9,0.6221099099589421,0.6221099099589421
waybill_00856,1,1.2,46.9,0.6221099099589421,0.6221099099589421
waybill_06995,2,1.0,55.42,0.6157828207878073,0.6203900913483021
waybill_06856,2,1.0,55.42,0.6157828207878073,0.6203900913483021
waybill_07081,2,1.0,55.42,0.6157828207878073,0.6203900913483021
waybill_06983,2,1.0,55.42,0.6157828207878073,0.6203900913483021
waybill_06980,2,1.0,55.42,0.6157828207878073,0.6203900913483021
waybill_07021,2,1.0,55.42,0.6157828207878073,0.6203900913483021
waybill_07024,2,1.0,55.42,0.6157828207878073,0.6203900913483021
waybill_07044,2,1.0,55.42,0.6157828207878073,0.6203900913483021
waybill_06866,2,1.0,55.42,0.6157828207878073,0.6203900913483021
waybill_07135,2,1.0,55.42,0.6157828207878073,0.6203900913483021
waybill_07140,2,1.0,55.42,0.6157828207878073,0.6203900913483021
waybill_07120,2,1.0,55.42,0.6157828207878073,0.6203900913483021
waybill_07126,2,1.0,55.42,0.6157828207878073,0.6203900913483021
waybill_06919,2,1.0,55.42,0.6157828207878073,0.6203900913483021
waybill_07118,2,1.0,55.42,0.6157828207878073,0.6203900913483021
waybill_07111,2,1.0,55.42,0.6157828207878073,0.6203900913483021
waybill_07096,2,1.0,55.42,0.6157828207878073,0.6203900913483021
waybill_07308,2,1.2,55.42,0.6111837771423589,0.6184993361731742
waybill_07133,2,1.2,55.42,0.6111837771423589,0.6184993361731742
waybill_07450,2,1.2,55.42,0.6111837771423589,0.6184993361731742
waybill_05413,2,1.0,66.64,0.6135017285125894,0.6179256716184653
waybill_05343,2,1.0,66.64,0.6135017285125894,0.6179256716184653
waybill_05258,2,1.0,66.64,0.6135017285125894,0.6179256716184653
waybill_05267,2,1.0,66.64,0.6135017285125894,0.6179256716184653
waybill_10783,1,1.0,104.78,0.6151590909745397,0.6151590909745397
waybill_04318,2,0.5,143.79000000000002,0.36999342980889766,0.6093682623346278
waybill_10903,2,1.0,64.42999999999999,0.5999155010371776,0.6038177713609356
waybill_10886,2,1.0,64.42999999999999,0.5999155010371776,0.6038177713609356
waybill_10877,2,1.0,64.42999999999999,0.5999155010371776,0.6038177713609356
waybill_11021,2,1.0,64.42999999999999,0.5999155010371776,0.6038177713609356
waybill_11034,2,1.0,64.42999999999999,0.5999155010371776,0.6038177713609356
waybill_02670,1,0.31,57.0,0.36547765388182296,0.6019309126195387
waybill_04547,1,0.587,58.12,0.6018584484683197,0.6018584484683197
waybill_01066,2,1.12,55.42,0.5940195238147116,0.6017081973175856
waybill_09744,2,1.0,55.42,0.5939891623309529,0.599637302463238
waybill_09743,2,1.0,55.42,0.5939891623309529,0.599637302463238
waybill_09749,2,1.0,55.42,0.5939891623309529,0.599637302463238
waybill_09755,2,1.0,55.42,0.5939891623309529,0.599637302463238
waybill_09710,2,1.0,55.42,0.5939891623309529,0.599637302463238
waybill_09684,2,1.0,55.42,0.5939891623309529,0.599637302463238
waybill_09685,2,1.0,55.42,0.5939891623309529,0.599637302463238
waybill_09655,2,1.0,55.42,0.5939891623309529,0.599637302463238
waybill_09657,2,1.0,55.42,0.5939891623309529,0.599637302463238
waybill_09693,2,1.0,55.42,0.5939891623309529,0.599637302463238
waybill_00402,2,0.35,64.42999999999999,0.5956548618851681,0.5991710893082376
waybill_04995,1,0.54,57.0,0.3624745784533943,0.5969849359938819
waybill_05020,1,0.54,57.0,0.3624745784533943,0.5969849359938819
waybill_02545,1,0.4,57.0,0.35770382904483977,0.5891276524777223
waybill_01811,2,1.0,55.42,0.5834446460017003,0.5887639191610872
waybill_01935,2,1.0,55.42,0.5834446460017003,0.5887639191610872
waybill_01702,2,1.0,55.42,0.5834446460017003,0.5887639191610872
waybill_01807,2,1.0,55.42,0.5834446460017003,0.5887639191610872
waybill_05620,1,0.55,58.12,0.5815465194360911,0.5815465194360911
waybill_04875,1,1.2,46.9,0.5773312152447658,0.5773312152447658
waybill_04990,1,1.2,46.9,0.5773312152447658,0.5773312152447658
waybill_00426,2,0.74,55.42,0.5648113888892721,0.5722456982980474
waybill_08896,2,1.0,55.42,0.5629566590711341,0.5704280234821407
waybill_08789,2,1.0,55.42,0.5629566590711341,0.5704280234821407
waybill_08838,2,1.0,55.42,0.5629566590711341,0.5704280234821407
waybill_08815,2,1.0,55.42,0.5629566590711341,0.5704280234821407
waybill_08883,2,1.0,55.42,0.5629566590711341,0.5704280234821407
waybill_08847,2,1.0,55.42,0.5629566590711341,0.5704280234821407
waybill_08788,2,1.0,55.42,0.5629566590711341,0.5704280234821407
waybill_08931,2,1.0,55.42,0.5629566590711341,0.5704280234821407
waybill_08938,2,1.0,55.42,0.5629566590711341,0.5704280234821407
waybill_08916,2,1.0,55.42,0.5629566590711341,0.5704280234821407
waybill_08930,2,1.0,55.42,0.5629566590711341,0.5704280234821407
waybill_08986,2,1.0,55.42,0.5629566590711341,0.5704280234821407
waybill_08980,2,1.0,55.42,0.5629566590711341,0.5704280234821407
waybill_08950,2,1.0,55.42,0.5629566590711341,0.5704280234821407
waybill_08954,2,1.0,55.42,0.5629566590711341,0.5704280234821407
waybill_08851,2,1.0,55.42,0.5629566590711341,0.5704280234821407
waybill_08902,2,1.0,55.42,0.5629566590711341,0.5704280234821407
waybill_08861,2,1.0,55.42,0.5629566590711341,0.5704280234821407
waybill_08870,2,1.0,55.42,0.5629566590711341,0.5704280234821407
waybill_11149,2,1.2,66.64,0.5631494958745131,0.5690540414079613
waybill_11311,2,1.2,66.64,0.5631494958745131,0.5690540414079613
waybill_11160,2,1.0,66.64,0.5632890795781945,0.5671913499019525
waybill_10917,2,1.0,66.64,0.5632890795781945,0.5671913499019525
waybill_11026,2,1.0,66.64,0.5632890795781945,0.5671913499019525
waybill_05340,2,0.62,64.42999999999999,0.5593223785030418,0.5620652232286848
waybill_00281,2,1.89,39.94,0.3410551778023714,0.5617078150955336
waybill_04458,2,0.5,150.24,0.40765305766745485,0.561318803296696
waybill_05431,2,1.0,55.42,0.5568232674654844,0.5612472105713603
waybill_05215,2,1.0,55.42,0.5568232674654844,0.5612472105713603
waybill_05254,2,1.0,55.42,0.5568232674654844,0.5612472105713603
waybill_05126,2,1.0,55.42,0.5568232674654844,0.5612472105713603
waybill_05354,2,1.0,55.42,0.5568232674654844,0.5612472105713603
waybill_05289,2,1.0,55.42,0.5568232674654844,0.5612472105713603
waybill_05442,2,1.0,55.42,0.5568232674654844,0.5612472105713603
waybill_05355,2,1.0,55.42,0.5568232674654844,0.5612472105713603
waybill_05400,2,1.0,55.42,0.5568232674654844,0.5612472105713603
waybill_01053,2,1.0,55.42,0.5303745748345638,0.5372394618907014
waybill_01266,2,1.0,55.42,0.5303745748345638,0.5372394618907014
waybill_01267,2,1.0,55.42,0.5303745748345638,0.5372394618907014
waybill_01189,2,1.0,55.42,0.5303745748345638,0.5372394618907014
waybill_01143,2,1.0,55.42,0.5303745748345638,0.5372394618907014
waybill_01096,2,1.0,55.42,0.5303745748345638,0.5372394618907014
waybill_01153,2,1.0,55.42,0.5303745748345638,0.5372394618907014
waybill_00325,3,0.1,214.36,0.4517737034416236,0.5311110568625704
waybill_01049,1,1.0,46.9,0.5184249249657851,0.5184249249657851
waybill_01050,1,1.0,46.9,0.5184249249657851,0.5184249249657851
waybill_00870,1,1.0,46.9,0.5184249249657851,0.5184249249657851
waybill_07440,2,1.0,55.42,0.5093198142852992,0.5154161134776453
waybill_07532,2,1.0,55.42,0.5093198142852992,0.5154161134776453
waybill_07513,2,1.0,55.42,0.5093198142852992,0.5154161134776453
waybill_07295,2,1.0,55.42,0.5093198142852992,0.5154161134776453
waybill_07283,2,1.0,55.42,0.5093198142852992,0.5154161134776453
waybill_07271,2,1.0,55.42,0.5093198142852992,0.5154161134776453
waybill_07426,2,1.0,55.42,0.5093198142852992,0.5154161134776453
waybill_07425,2,1.0,55.42,0.5093198142852992,0.5154161134776453
waybill_07259,2,1.0,55.42,0.5093198142852992,0.5154161134776453
waybill_07157,2,1.0,55.42,0.5093198142852992,0.5154161134776453
waybill_07229,2,1.0,55.42,0.5093198142852992,0.5154161134776453
waybill_07457,2,1.0,55.42,0.5093198142852992,0.5154161134776453
waybill_00323,2,0.3,64.42999999999999,0.510561310187287,0.5135752194070607
waybill_00495,1,0.3,55.91,0.505902814565209,0.505902814565209
waybill_01378,2,1.0,64.55,0.49710512652566013,0.5042073367199749
waybill_10959,2,1.2,55.42,0.49690947908833244,0.5015922034768421
waybill_10973,2,1.2,55.42,0.49690947908833244,0.5015922034768421
waybill_11039,2,1.2,55.42,0.49690947908833244,0.5015922034768421
waybill_09286,1,0.41,58.12,0.501257507058491,0.501257507058491
waybill_02539,1,0.34,57.0,0.3040482546881138,0.5007585046060639
waybill_03935,1,1.0,58.12,0.48422911504490396,0.48422911504490396
waybill_04641,1,1.0,58.12,0.48422911504490396,0.48422911504490396
waybill_03632,1,1.0,58.12,0.48422911504490396,0.48422911504490396
waybill_03941,1,1.0,58.12,0.48422911504490396,0.48422911504490396
waybill_05118,1,1.0,46.9,0.4811093460373049,0.4811093460373049
waybill_05075,1,1.0,46.9,0.4811093460373049,0.4811093460373049
waybill_05070,1,1.0,46.9,0.4811093460373049,0.4811093460373049
waybill_05071,1,1.0,46.9,0.4811093460373049,0.4811093460373049
waybill_04957,1,1.0,46.9,0.4811093460373049,0.4811093460373049
waybill_05140,1,1.0,46.9,0.4811093460373049,0.4811093460373049
waybill_04945,1,1.0,46.9,0.4811093460373049,0.4811093460373049
waybill_04949,1,1.0,46.9,0.4811093460373049,0.4811093460373049
waybill_05037,1,1.0,46.9,0.4811093460373049,0.4811093460373049
waybill_05023,1,1.0,46.9,0.4811093460373049,0.4811093460373049
waybill_05095,1,1.0,46.9,0.4811093460373049,0.4811093460373049
waybill_05108,1,1.0,46.9,0.4811093460373049,0.4811093460373049
waybill_05051,1,1.0,46.9,0.4811093460373049,0.4811093460373049
waybill_05124,1,1.0,46.9,0.4811093460373049,0.4811093460373049
waybill_04964,1,1.0,46.9,0.4811093460373049,0.4811093460373049
waybill_00324,2,0.62,55.42,0.47322035285317393,0.4794490985740397
waybill_11370,2,1.0,66.64,0.4692912465620943,0.47421170117330114
waybill_11313,2,1.0,66.64,0.4692912465620943,0.47421170117330114
waybill_11428,2,1.0,66.64,0.4692912465620943,0.47421170117330114
waybill_01184,1,0.37,57.0,0.28645826335887314,0.47178830787495757
waybill_05628,1,0.44,58.12,0.46523721554887293,0.46523721554887293
waybill_00486,2,0.6,55.42,0.4579551801804909,0.46398299862003844
waybill_04160,2,0.5,208.79000000000002,0.3856993248906447,0.45499869939286874
waybill_04229,2,0.5,208.79000000000002,0.3856993248906447,0.45499869939286874
waybill_03820,2,0.5,208.79000000000002,0.3856993248906447,0.45499869939286874
waybill_03499,2,0.5,208.79000000000002,0.3856993248906447,0.45499869939286874
waybill_03899,2,0.5,208.79000000000002,0.3856993248906447,0.45499869939286874
waybill_04445,2,0.5,208.79000000000002,0.3856993248906447,0.45499869939286874
waybill_03869,2,0.5,208.79000000000002,0.3856993248906447,0.45499869939286874
waybill_03875,2,0.5,208.79000000000002,0.3856993248906447,0.45499869939286874
waybill_03868,2,0.5,208.79000000000002,0.3856993248906447,0.45499869939286874
waybill_04147,2,0.5,208.79000000000002,0.3856993248906447,0.45499869939286874
waybill_04287,2,0.5,208.79000000000002,0.3856993248906447,0.45499869939286874
waybill_04590,2,0.5,208.79000000000002,0.3856993248906447,0.45499869939286874
waybill_04585,2,0.5,208.79000000000002,0.3856993248906447,0.45499869939286874
waybill_04597,2,0.5,208.79000000000002,0.3856993248906447,0.45499869939286874
waybill_04004,2,0.5,208.79000000000002,0.3856993248906447,0.45499869939286874
waybill_04002,2,0.5,208.79000000000002,0.3856993248906447,0.45499869939286874
waybill_04081,2,0.5,208.79000000000002,0.3856993248906447,0.45499869939286874
waybill_04233,2,0.5,208.79000000000002,0.3856993248906447,0.45499869939286874
waybill_04007,1,0.44,58.12,0.45113750822156845,0.45113750822156845
waybill_05763,1,0.42,58.12,0.44409006938756046,0.44409006938756046
waybill_00544,2,0.39,66.64,0.4403253152867023,0.44390976331901116
waybill_06205,2,0.35,66.64,0.4363828988552035,0.4402922553408864
waybill_09087,2,0.54,66.64,0.43688255446796614,0.4401513605473433
waybill_02391,1,0.33,57.0,0.2671296968146525,0.43995472906099203
waybill_06227,1,0.29,57.0,0.25769764486239954,0.42442041778588924
waybill_03242,1,1.0,8.52,0.254526130600271,0.41919702737087305
waybill_10933,2,1.0,55.42,0.4140912325736104,0.4179935028973684
waybill_11075,2,1.0,55.42,0.4140912325736104,0.4179935028973684
waybill_11012,2,1.0,55.42,0.4140912325736104,0.4179935028973684
waybill_11096,2,1.0,55.42,0.4140912325736104,0.4179935028973684
waybill_11083,2,1.0,55.42,0.4140912325736104,0.4179935028973684
waybill_10828,2,1.0,55.42,0.4140912325736104,0.4179935028973684
waybill_10894,2,1.0,55.42,0.4140912325736104,0.4179935028973684
waybill_10838,2,1.0,55.42,0.4140912325736104,0.4179935028973684
waybill_10868,2,1.0,55.42,0.4140912325736104,0.4179935028973684
waybill_11118,2,1.0,55.42,0.4140912325736104,0.4179935028973684
waybill_11133,2,1.0,55.42,0.4140912325736104,0.4179935028973684
waybill_11122,2,1.0,55.42,0.4140912325736104,0.4179935028973684
waybill_11124,2,1.0,55.42,0.4140912325736104,0.4179935028973684
waybill_10984,2,1.0,55.42,0.4140912325736104,0.4179935028973684
waybill_05820,1,0.3,57.0,0.2427111460759819,0.3997380964574371
waybill_05645,1,0.33,57.0,0.24011285674384275,0.39545879058925987
waybill_03494,1,0.5,57.31,0.3830131152000728,0.3830131152000728
waybill_04262,1,0.5,57.31,0.3830131152000728,0.3830131152000728
waybill_03495,1,0.5,57.31,0.3830131152000728,0.3830131152000728
waybill_10951,2,0.67,66.64,0.3774036833173904,0.3800182044343082
waybill_05804,1,0.28,57.0,0.22653040300424981,0.37308889002694134
waybill_05104,2,0.41,64.42999999999999,0.3698744761068502,0.37168829278025933
waybill_05441,2,0.41,64.42999999999999,0.3698744761068502,0.37168829278025933
waybill_05688,2,0.34,66.64,0.36457522106195417,0.3678577787614831
waybill_02799,1,1.0,8.52,0.22244119535539758,0.36635408568029765
waybill_02816,2,0.07,152.59,0.22126100355340814,0.36441034460367555
waybill_02814,2,0.07,152.59,0.22126100355340814,0.36441034460367555
waybill_03169,1,0.62,8.52,0.21764193004572704,0.35844983731635427
waybill_05461,1,0.3,57.0,0.21438252033248015,0.35308168568667875
waybill_03962,1,1.0,120.79,0.2142273102410053,0.3528260592454534
waybill_03327,1,1.0,120.79,0.2142273102410053,0.3528260592454534
waybill_03383,1,1.0,120.79,0.2142273102410053,0.3528260592454534
waybill_04146,1,1.0,120.79,0.2142273102410053,0.3528260592454534
waybill_03744,1,1.0,120.79,0.2142273102410053,0.3528260592454534
waybill_03236,1,1.0,8.52,0.21034039432806395,0.3464244234192895
waybill_04313,2,0.5,129.8,0.3408264032824594,0.3408264032824594
waybill_04319,2,0.5,129.8,0.3408264032824594,0.3408264032824594
waybill_04116,2,0.5,129.8,0.3408264032824594,0.3408264032824594
waybill_03861,2,0.5,129.8,0.3408264032824594,0.3408264032824594
waybill_04317,2,0.5,129.8,0.3408264032824594,0.3408264032824594
waybill_04582,2,0.5,129.8,0.3408264032824594,0.3408264032824594
waybill_03966,1,1.0,46.9,0.33544012737600976,0.33544012737600976
waybill_04038,1,1.0,46.9,0.33544012737600976,0.33544012737600976
waybill_03965,1,1.0,46.9,0.33544012737600976,0.33544012737600976
waybill_04022,1,1.0,46.9,0.33544012737600976,0.33544012737600976
waybill_04214,1,1.0,46.9,0.33544012737600976,0.33544012737600976
waybill_04052,1,1.0,46.9,0.33544012737600976,0.33544012737600976
waybill_03667,1,1.0,46.9,0.33544012737600976,0.33544012737600976
waybill_03695,1,1.0,46.9,0.33544012737600976,0.33544012737600976
waybill_03735,1,1.0,46.9,0.33544012737600976,0.33544012737600976
waybill_05760,2,0.31,66.64,0.3324068192035465,0.33539973945899937
waybill_05004,1,0.3,57.0,0.20137476580744126,0.3316582977743788
waybill_05396,2,0.36,64.42999999999999,0.32476783267918563,0.3263604521973009
waybill_05217,1,0.29,57.0,0.1946622736138599,0.32060302118189954
waybill_01609,2,0.1,143.79000000000002,0.1800813905091629,0.2965887369136553
waybill_05370,2,0.31,64.42999999999999,0.2796611892515209,0.2810326116143424
waybill_04772,1,1.0,8.52,0.16725540261455465,0.2754647132786971
waybill_04773,1,1.0,8.52,0.16725540261455465,0.2754647132786971
waybill_00368,2,0.35,55.42,0.267140521771953,0.2706567491950225
waybill_00367,2,0.35,55.42,0.267140521771953,0.2706567491950225
waybill_04534,1,0.5,58.12,0.24211455752245198,0.24211455752245198
waybill_04586,1,0.5,58.12,0.24211455752245198,0.24211455752245198
waybill_04450,1,0.5,58.12,0.24211455752245198,0.24211455752245198
waybill_02927,1,2.36,8.52,0.1247495302106531,0.20545879555426294
waybill_03140,1,1.56,8.52,0.11810071089540017,0.19450838631373873
waybill_06013,1,4.61,8.52,0.11559093289294953,0.19037485599405454
waybill_03105,1,1.25,8.52,0.11077076715119646,0.18243618523513305
waybill_00278,2,0.6,39.94,0.10827148501662584,0.1783199413001694
waybill_00283,2,0.6,39.94,0.10827148501662584,0.1783199413001694
waybill_00273,2,0.6,39.94,0.10827148501662584,0.1783199413001694
waybill_03905,1,0.5,120.79,0.10711365512050265,0.1764130296227267
waybill_10512,1,6.87,8.52,0.10343276756046893,0.1703507164149883
waybill_03999,1,0.5,46.9,0.16772006368800488,0.16772006368800488
waybill_04448,1,0.5,46.9,0.16772006368800488,0.16772006368800488
waybill_03860,1,0.5,46.9,0.16772006368800488,0.16772006368800488
waybill_00251,3,0.1,67.94,0.14844293169373865,0.1601176744076626
waybill_00690,1,6.55,8.52,0.09304959901453552,0.15324994417254334
waybill_03102,1,1.05,8.52,0.09304744440700503,0.1532463955975118
waybill_06643,1,4.16,8.52,0.0727095692684925,0.11975051530813703
waybill_11470,1,2.36,8.52,0.05635823462922695,0.09282034959917385
waybill_02955,1,1.0,8.52,0.05285997042824285,0.08705881167553516
waybill_02963,1,1.0,8.52,0.05285997042824285,0.08705881167553516
waybill_07036,1,6.87,8.52,0.04892332646169523,0.08057527521229514
waybill_03108,1,0.5,8.52,0.04430830686047858,0.07297447409405322
waybill_06437,1,2.36,8.52,0.04168934179439591,0.06866111590210319
waybill_02012,1,2.62,8.52,0.041512883658214386,0.06837049455816399
waybill_06034,1,2.36,8.52,0.04074410270122649,0.06710433500468858
waybill_03103,1,0.45,8.52,0.03987747617443073,0.06567702668464791
waybill_09825,1,4.5,8.52,0.03928561005728856,0.06470224065257174
waybill_09820,1,4.5,8.52,0.03928561005728856,0.06470224065257174
waybill_11228,1,5.16,8.52,0.039243746013017056,0.06463329180684439
waybill_07201,1,4.03,8.52,0.03797404352319186,0.06254212926834646
waybill_01791,1,4.6,8.52,0.03782035921655985,0.062289015749739336
waybill_10887,1,5.16,8.52,0.031123080601312934,0.05125879547190419
waybill_10892,1,5.16,8.52,0.031123080601312934,0.05125879547190419
waybill_10118,1,2.36,8.52,0.03059624875583266,0.05039111896643577
waybill_08985,1,2.5,8.52,0.028870576269576054,0.04754898729709234
waybill_09228,1,3.0,8.52,0.028069338412520545,0.046229372186838036
waybill_01193,1,2.33,8.52,0.0247232091077318,0.04071839594853225
waybill_02144,1,1.55,8.52,0.024559148729096293,0.04044819334547869
waybill_11468,1,1.0,8.52,0.023880607893740233,0.03933065660981942
waybill_11391,1,1.0,8.52,0.023880607893740233,0.03933065660981942
waybill_09770,1,2.5,8.52,0.021825338920715868,0.03594568925142875
waybill_06824,1,1.2,8.52,0.020973914212065143,0.034543417877347216
waybill_06775,1,1.2,8.52,0.020973914212065143,0.034543417877347216
waybill_02407,1,1.56,8.52,0.01964479950858397,0.03235440517589992
waybill_02113,1,1.2,8.52,0.019013534499945518,0.0313147303319835
waybill_02097,1,1.2,8.52,0.019013534499945518,0.0313147303319835
waybill_00282,2,0.1,39.94,0.01804524750277097,0.029719990216694896
waybill_06725,1,1.0,8.52,0.017478261843387615,0.028786181564456014
waybill_03076,1,0.1,8.52,0.01671490736872727,0.027528959267267124
waybill_03074,1,0.1,8.52,0.01671490736872727,0.027528959267267124
waybill_07893,1,1.0,8.52,0.01654295736685311,0.0272457626875208
waybill_07904,1,1.0,8.52,0.01654295736685311,0.0272457626875208
waybill_02297,1,1.0,8.52,0.015849387721386457,0.026103473945030556
waybill_02287,1,1.0,8.52,0.015849387721386457,0.026103473945030556
waybill_02267,1,1.0,8.52,0.015849387721386457,0.026103473945030556
waybill_02124,1,1.0,8.52,0.01584461208328793,0.02609560860998625
waybill_02115,1,1.0,8.52,0.01584461208328793,0.02609560860998625
waybill_02070,1,1.0,8.52,0.01584461208328793,0.02609560860998625
waybill_02063,1,1.0,8.52,0.01584461208328793,0.02609560860998625
waybill_02146,1,1.0,8.52,0.01584461208328793,0.02609560860998625
waybill_08375,1,1.2,8.52,0.015622893901190168,0.025730445305808956
waybill_08280,1,1.2,8.52,0.015622893901190168,0.025730445305808956
waybill_10063,1,1.2,8.52,0.015557414621609825,0.02562260286428937
waybill_00505,1,1.0,8.52,0.01552831874025986,0.025574682806172446
waybill_11000,1,2.36,8.52,0.01423458725176328,0.023443945215832148
waybill_11169,1,2.36,8.52,0.01423458725176328,0.023443945215832148
waybill_00606,1,1.0,8.52,0.014206045651074126,0.02339693804160967
waybill_00676,1,1.0,8.52,0.014206045651074126,0.02339693804160967
waybill_02583,1,1.0,8.52,0.013861529571387596,0.022829530223223947
waybill_02586,1,1.0,8.52,0.013861529571387596,0.022829530223223947
waybill_02585,1,1.0,8.52,0.013861529571387596,0.022829530223223947
waybill_02638,1,1.0,8.52,0.013861529571387596,0.022829530223223947
waybill_08806,1,1.2,8.52,0.013857876609396507,0.022823513902604325
waybill_10300,1,1.0,8.52,0.013262922044888796,0.02184364128884095
waybill_10247,1,1.0,8.52,0.013262922044888796,0.02184364128884095
waybill_08350,1,1.0,8.52,0.013019078250991805,0.021442037754840798
waybill_08382,1,1.0,8.52,0.013019078250991805,0.021442037754840798
waybill_08253,1,1.0,8.52,0.013019078250991805,0.021442037754840798
waybill_10067,1,1.0,8.52,0.012964512184674856,0.02135216905357448
waybill_10013,1,1.0,8.52,0.012964512184674856,0.02135216905357448
waybill_10030,1,1.0,8.52,0.012964512184674856,0.02135216905357448
waybill_01233,1,1.2,8.52,0.012732983231449852,0.020970847698814892
waybill_01576,1,1.1,8.52,0.012649494497948215,0.020833344218051223
waybill_01532,1,1.1,8.52,0.012649494497948215,0.020833344218051223
waybill_08913,1,1.0,8.52,0.011548230507830421,0.019019594918836934
waybill_08775,1,1.0,8.52,0.011548230507830421,0.019019594918836934
waybill_01511,1,1.0,8.52,0.011499540452680194,0.018939403834592018
waybill_01574,1,1.0,8.52,0.011499540452680194,0.018939403834592018
waybill_09075,1,1.2,8.52,0.011227735365008217,0.018491748874735214
waybill_01385,1,1.0,8.52,0.010977641556097031,0.018079851750411755
waybill_01413,1,1.0,8.52,0.010977641556097031,0.018079851750411755
waybill_01106,1,1.0,8.52,0.010610819359541546,0.01747570641567908
waybill_01199,1,1.0,8.52,0.010610819359541546,0.01747570641567908
waybill_09726,1,1.2,8.52,0.010476162681943617,0.0172539308406858
waybill_08152,1,1.0,8.52,0.010460740930198728,0.017228531670576773
waybill_01854,1,1.2,8.52,0.009866180665189527,0.01624930845645374
waybill_07402,1,1.0,8.52,0.009422839583918574,0.015519138776264627
waybill_07467,1,1.0,8.52,0.009422839583918574,0.015519138776264627
waybill_09072,1,1.0,8.52,0.009356446137506849,0.01540979072894601
waybill_09191,1,1.0,8.52,0.009356446137506849,0.01540979072894601
waybill_09044,1,1.0,8.52,0.009356446137506849,0.01540979072894601
waybill_09813,1,1.0,8.52,0.008730135568286347,0.014378275700571498
waybill_09838,1,1.0,8.52,0.008730135568286347,0.014378275700571498
waybill_09774,1,1.0,8.52,0.008730135568286347,0.014378275700571498
waybill_06933,1,1.2,8.52,0.008545559207283008,0.014074283879876878
waybill_01771,1,1.0,8.52,0.008221817220991273,0.013541090380378117
waybill_01900,1,1.0,8.52,0.008221817220991273,0.013541090380378117
waybill_01799,1,1.0,8.52,0.008221817220991273,0.013541090380378117
waybill_01883,1,1.0,8.52,0.008221817220991273,0.013541090380378117
waybill_01803,1,1.0,8.52,0.008221817220991273,0.013541090380378117
waybill_11197,1,1.0,8.52,0.007605377134305631,0.012525831745512478
waybill_11052,1,1.0,8.52,0.007605377134305631,0.012525831745512478
waybill_11424,1,1.0,8.52,0.007605377134305631,0.012525831745512478
waybill_11276,1,1.0,8.52,0.007605377134305631,0.012525831745512478
waybill_11277,1,1.0,8.52,0.007605377134305631,0.012525831745512478
waybill_11369,1,1.0,8.52,0.007605377134305631,0.012525831745512478
waybill_10737,1,1.0,8.52,0.007359046716881342,0.012120132815930046
waybill_10771,1,1.0,8.52,0.007359046716881342,0.012120132815930046
waybill_10647,1,1.0,8.52,0.007359046716881342,0.012120132815930046
waybill_10652,1,1.0,8.52,0.007359046716881342,0.012120132815930046
waybill_10649,1,1.0,8.52,0.007359046716881342,0.012120132815930046
waybill_10726,1,1.0,8.52,0.007359046716881342,0.012120132815930046
waybill_10725,1,1.0,8.52,0.007359046716881342,0.012120132815930046
waybill_10752,1,1.0,8.52,0.007359046716881342,0.012120132815930046
waybill_10927,1,1.2,8.52,0.007237925721235565,0.01192065010974516
waybill_06750,1,1.0,8.52,0.007121299339402507,0.011728569899897399
waybill_07066,1,1.0,8.52,0.007121299339402507,0.011728569899897399
waybill_06994,1,1.0,8.52,0.007121299339402507,0.011728569899897399
waybill_06934,1,1.0,8.52,0.007121299339402507,0.011728569899897399
waybill_07168,1,1.0,8.52,0.007121299339402507,0.011728569899897399
waybill_06954,1,1.0,8.52,0.007121299339402507,0.011728569899897399
waybill_11005,1,1.0,8.52,0.006031604767696304,0.009933875091454299
waybill_11045,1,1.0,8.52,0.006031604767696304,0.009933875091454299
waybill_11028,1,1.0,8.52,0.006031604767696304,0.009933875091454299
waybill_11080,1,1.0,8.52,0.006031604767696304,0.009933875091454299
