lane_id,origin_site_id,destination_site_id,active_days,total_observed_trips,total_orders,total_weight_kg,total_volume_m3,distance_km_p50,duration_hours_p50,duration_hours_p90,daily_weight_p50_kg,daily_weight_p90_kg,daily_volume_p50_m3,daily_volume_p90_m3,destination_city_count_p50
site_0237__site_0255,site_0237,site_0255,108,111,5491,8484.149,70.70181931,8.52,0.3277777777777778,0.3277777777777778,15.515,253.0874,0.11854416000000001,2.127141742,8.0
site_0255__site_2125,site_0255,site_2125,102,132,1732,2367.3849999999998,19.18422387,58.12,1.067986111111111,1.0744305555555556,6.3100000000000005,62.67560000000002,0.063330625,0.5116516090000002,4.0
site_0255__site_1786,site_0255,site_1786,81,97,1364,2160.92,18.067874,46.9,1.1536111111111111,1.1655555555555555,7.1,64.7,0.087896,0.604006,1.0
site_0246__site_1436,site_0246,site_1436,35,35,1233,1822.99,13.52365374,104.91,1.6322222222222222,1.6322222222222222,56.12,81.226,0.383067,0.7208092,8.0
site_0246__site_0812,site_0246,site_0812,31,31,1075,1569.0,12.023067,124.27,1.8219444444444444,1.8219444444444444,44.6,69.3,0.329934,0.645814,4.0
site_0255__site_0191,site_0255,site_0191,56,74,785,1142.031,9.03659315,55.91,1.345763888888889,1.373236111111111,17.12,41.925,0.152187905,0.36419915500000005,1.0
site_0255__site_2158,site_0255,site_2158,54,65,639,986.765,8.040452890000001,57.31,1.1968750000000001,1.2038888888888888,19.3,34.291000000000004,0.1428195,0.2702034,2.0
site_0651__site_0537,site_0651,site_0537,37,43,509,709.05,5.059997,88.0,2.5394444444444444,2.5394444444444444,10.5,48.62399999999999,0.081315,0.3446191999999998,1.0
site_0695__site_0690,site_0695,site_0690,54,55,441,324.587,3.03039319,57.0,0.9529861111111111,0.9558333333333333,2.135,21.149500000000007,0.017456,0.18846990000000002,2.0
site_0255__site_2348,site_0255,site_2348,56,56,438,693.63,5.636814,288.69,4.356527777777778,4.356527777777778,11.91,26.47,0.08636350000000001,0.2218615,2.0
site_0164__site_0237,site_0164,site_0237,82,205,415,672.489,6.39550607,10.53,2.1151388888888887,4.339625,4.95,18.631,0.03741195,0.19623701500000007,1.0
site_0255__site_0246,site_0255,site_0246,64,64,395,590.67,4.51818533,31.42,0.6298611111111111,0.6298611111111111,3.0,20.968000000000004,0.021066,0.1797892,2.0
site_0255__site_1542,site_0255,site_1542,39,39,350,510.05,3.884201,185.49,2.89,2.89,14.12,22.948000000000015,0.084283,0.1889222000000001,1.0
site_0246__site_1164,site_0246,site_1164,30,30,333,571.5699999999999,4.95460673,180.865,2.4904166666666665,2.4904166666666665,2.63,66.276,0.020585,0.633915546,1.0
site_1916__site_1881,site_1916,site_1881,41,41,320,495.21,3.76631368,24.97,0.7875,0.7875,10.8,24.37,0.070322,0.217918,1.0
site_0255__site_1425,site_0255,site_1425,54,54,318,517.14,4.358056,144.0,2.3266666666666667,2.3266666666666667,8.28,20.194000000000003,0.060035,0.18457260000000006,1.5
site_0255__site_0812,site_0255,site_0812,44,44,293,423.21,3.155665,144.07,2.015277777777778,2.015277777777778,4.87,19.088000000000008,0.036422,0.18611840000000007,1.0
site_0690__site_0651,site_0690,site_0651,49,57,211,197.02,1.89643647,88.0,1.364861111111111,1.3702777777777777,2.55,9.558,0.025313,0.08944911200000001,2.0
site_0690__site_0570,site_0690,site_0570,43,46,194,161.07,1.525072,88.0,1.3180555555555555,1.3180555555555555,2.46,8.700000000000005,0.022022,0.08811600000000006,3.0
site_0255__site_1202,site_0255,site_1202,37,39,179,260.44,2.33533451,1430.0,20.53527777777778,20.541944444444443,7.28,13.886,0.0531,0.12965479999999996,2.0
site_0255__site_1071,site_0255,site_1071,31,31,171,255.7,1.920506,191.61,2.716666666666667,2.716666666666667,7.2,18.1,0.038775,0.165407,1.0
site_1916__site_1197,site_1916,site_1197,29,30,149,203.95,1.44497,69.47,1.5730555555555557,1.5730555555555557,4.87,15.407999999999998,0.035344,0.1393452,1.0
site_1916__site_1873,site_1916,site_1873,18,20,146,200.76999999999998,1.46834834,45.41,0.9938888888888888,0.9938888888888888,9.94,17.899,0.0705425,0.13355870000000003,1.0
site_0255__site_1587,site_0255,site_1587,39,39,145,214.64,1.664042,246.59,2.8641666666666667,2.8641666666666667,4.56,11.352000000000004,0.022669,0.09265960000000002,2.0
site_1916__site_1233,site_1916,site_1233,36,37,142,199.75,1.542097,72.7,1.6648611111111111,1.6648611111111111,4.25,10.34,0.031005500000000002,0.0900975,1.0
site_1916__site_0362,site_1916,site_0362,35,35,142,186.82,1.465311,96.0,2.091111111111111,2.091111111111111,4.87,9.052000000000001,0.025487,0.08558040000000001,2.0
site_0651__site_0971,site_0651,site_0971,26,26,141,171.57999999999998,1.068697,103.0,1.8225,1.8225,5.88,10.935,0.032738,0.080154,1.0
site_0651__site_0669,site_0651,site_0669,9,9,138,243.79,2.266379,42.0,1.6897222222222221,1.6897222222222221,20.6,58.27,0.196175,0.6218222,1.0
site_1916__site_1202,site_1916,site_1202,33,37,137,212.22,1.84267384,83.26,1.9158333333333333,1.9402777777777778,4.79,14.068,0.036,0.116034596,2.0
site_1916__site_0329,site_1916,site_0329,33,33,128,177.45,1.22757805,55.88,1.295,1.295,4.4,10.192,0.030011,0.0923386,1.0
site_2125__site_1143,site_2125,site_1143,41,46,112,165.36,1.39130685,146.41,2.4569444444444444,2.463888888888889,3.22,8.74,0.02011,0.083915,1.0
site_0255__site_0388,site_0255,site_0388,41,41,111,109.115,0.99922622,252.91,3.8152777777777778,3.8152777777777778,1.91,4.2,0.01755,0.040886,1.0
site_2149__site_0164,site_2149,site_0164,46,87,110,140.749,1.30165858,56.0,1.2939583333333333,1.3703333333333334,2.0625,6.215,0.01942455,0.06273515,1.0
site_1916__site_0482,site_1916,site_0482,35,35,106,152.59,1.167206,90.82,2.002222222222222,2.002222222222222,3.62,8.888,0.021225,0.07707720000000001,1.0
site_0246__site_0900,site_0246,site_0900,35,35,104,154.36,1.11163,1661.73,15.775555555555556,15.775555555555556,2.2,9.356000000000003,0.014625,0.09765880000000005,1.0
site_2125__site_0930,site_2125,site_0930,37,39,102,142.57,1.08197841,114.86,2.0091666666666668,2.0091666666666668,3.0,7.767999999999995,0.01989,0.07697319999999999,1.0
site_0651__site_0690,site_0651,site_0690,27,27,102,126.83,0.8635649999999999,88.0,1.4619444444444445,1.4619444444444445,3.2,9.016000000000002,0.018979,0.08938800000000001,1.0
site_1916__site_1921,site_1916,site_1921,32,35,93,139.92,1.277523,44.14,0.8795833333333334,0.8925000000000001,4.075,8.648,0.02617,0.0819946,1.0
site_0651__site_1259,site_0651,site_1259,33,33,92,144.52,1.211946,25.0,0.7972222222222223,0.7972222222222223,3.0,10.486,0.01989,0.1079824,2.0
site_0255__site_0786,site_0255,site_0786,36,36,91,144.13,1.038856,139.47,2.1080555555555556,2.1080555555555556,3.46,7.22,0.023536,0.0612175,1.0
site_2125__site_1933,site_2125,site_1933,36,38,87,93.363,0.95552534,484.63,7.451527777777778,7.459722222222222,1.6949999999999998,6.397,0.017787365,0.06676071,1.0
site_2125__site_0164,site_2125,site_0164,42,77,86,125.71,1.64168716,53.86,1.307638888888889,1.4,1.985,6.947999999999999,0.0193075,0.094631851,1.0
site_0690__site_0537,site_0690,site_0537,33,42,84,59.7,0.5708088800000001,16.0,0.6655555555555556,0.6694444444444444,1.3900000000000001,3.684,0.012066,0.030043600000000004,1.0
site_0651__site_0569,site_0651,site_0569,22,22,80,107.87,0.803233,23.0,1.0520833333333335,1.0520833333333335,3.5,8.691,0.017736000000000002,0.08391760000000001,1.0
site_0237__site_0246,site_0237,site_0246,1,1,79,112.7,0.81054764,23.12,0.3283333333333333,0.3283333333333333,112.7,112.7,0.81054764,0.81054764,19.0
site_2125__site_0862,site_2125,site_0862,31,33,77,113.72999999999999,0.9708897,430.13,6.725,6.727222222222222,2.36,7.2700000000000005,0.01716857,0.06204,1.0
site_2125__site_1749,site_2125,site_1749,34,42,69,91.7,0.68310344,228.03,3.806388888888889,3.9631944444444445,2.0,6.76,0.0114395,0.0417897,1.0
site_0255__site_1533,site_0255,site_1533,8,10,67,118.28,1.12783,185.49,3.448611111111111,3.537361111111111,14.05,31.149,0.1447095,0.3111238,1.0
site_0255__site_1129,site_0255,site_1129,30,30,63,88.87,0.706039,520.21,7.7884722222222225,7.7884722222222225,2.1,5.316000000000002,0.012886,0.047790000000000006,2.0
site_2100__site_0164,site_2100,site_0164,39,51,62,111.65,0.71716993,54.91,1.4116666666666666,1.449888888888889,1.5,7.76,0.01,0.04623260000000002,1.0
site_2125__site_1350,site_2125,site_1350,18,18,54,80.54,0.66504093,1928.15,28.740138888888886,28.740138888888886,3.95,7.660000000000001,0.0329025,0.07386510000000002,1.0
site_2125__site_0833,site_2125,site_0833,26,28,52,80.01,0.57412553,325.205,6.0656944444444445,6.0656944444444445,2.87,5.8100000000000005,0.018407,0.046380000000000005,1.0
site_1202__site_1197,site_1202,site_1197,28,38,51,86.02,0.71111415,21.52,0.7413888888888889,0.7604305555555555,2.0,6.347,0.012,0.0635993,1.0
site_0191__site_0164,site_0191,site_0164,29,44,51,60.03,0.44138519,55.84,1.3086111111111112,1.3889166666666666,2.0,3.589999999999999,0.010022,0.02733493,1.0
site_0246__site_2125,site_0246,site_2125,15,16,51,24.098,0.34998134000000003,34.15,0.8022222222222222,0.8022222222222222,1.2,2.8059999999999996,0.009225,0.05197761199999998,1.0
site_0812__site_2149,site_0812,site_2149,26,29,50,44.06,0.41789088,112.14,1.7566666666666666,1.7566666666666666,0.8575,4.04,0.006874855000000001,0.03821012,1.0
site_0651__site_0614,site_0651,site_0614,20,20,47,69.73,0.583519,107.0,1.82125,1.82125,2.96,6.260000000000002,0.018467,0.0783159,1.0
site_1654__site_1642,site_1654,site_1642,29,39,45,44.730000000000004,0.3446942,8.0,0.4761111111111111,0.5055555555555555,1.05,3.45,0.00865022,0.02120026,1.0
site_2125__site_1304,site_2125,site_1304,13,13,45,45.16,0.249664,871.0,13.230277777777777,13.230277777777777,1.2,8.080000000000005,0.010935,0.03655000000000001,1.0
site_2125__site_1654,site_2125,site_1654,26,26,45,55.7,0.47567149000000003,776.25,12.867083333333333,12.867083333333333,1.195,4.97,0.009463355,0.047517000000000004,1.0
site_0191__site_0234,site_0191,site_0234,23,26,42,50.373,0.33243466,28.16,1.4897222222222222,1.4897222222222222,2.0,3.956,0.008897,0.03463440000000001,1.0
site_2125__site_1380,site_2125,site_1380,29,30,42,57.54,0.44679071000000004,233.94,3.486111111111111,3.486111111111111,1.2,4.169999999999999,0.0095175,0.0376684,1.0
site_0246__site_2238,site_0246,site_2238,22,22,41,65.61,0.511055,1524.13,17.185138888888886,17.185138888888886,2.1,6.723000000000005,0.0111225,0.06114600000000007,1.0
site_1202__site_1787,site_1202,site_1787,18,21,40,63.53,0.49140265,676.41,18.339444444444446,18.688986111111113,3.13,5.98,0.020841,0.067248723,1.0
site_1128__site_0164,site_1128,site_0164,26,32,40,65.25,0.6181546,523.58,8.559791666666667,8.89097222222222,2.0,4.0,0.012,0.042563500000000004,1.0
site_2125__site_2348,site_2125,site_2348,10,10,38,53.989999999999995,0.46117438,258.7,4.121944444444445,4.121944444444445,1.88,16.127999999999997,0.02,0.1669043,1.0
site_0690__site_1258,site_0690,site_1258,25,28,38,29.565,0.27601799000000005,100.0,1.8169444444444445,1.8169444444444445,0.93,2.4020000000000006,0.009225,0.019963200000000007,1.0
site_1202__site_1873,site_1202,site_1873,22,25,37,53.81,0.44173871,100.1,1.6183333333333332,1.6429166666666666,2.035,3.9400000000000013,0.01581,0.026703807000000003,1.0
site_1202__site_1881,site_1202,site_1881,17,23,37,54.09,0.49954624999999997,74.73,1.308888888888889,1.3280555555555555,2.36,5.5760000000000005,0.016215,0.072759,1.0
site_2348__site_0729,site_2348,site_0729,25,25,36,60.54,0.485364,42.52,0.9886111111111111,0.9886111111111111,2.0,4.8420000000000005,0.011934,0.0407092,1.0
site_1509__site_0164,site_1509,site_0164,19,22,36,68.169,0.47916192,186.05,3.04,3.04,2.35,8.111999999999997,0.018,0.06450199999999999,1.0
site_1202__site_1402,site_1202,site_1402,16,16,35,48.69,0.46645094000000004,342.91,5.816666666666666,5.816666666666666,2.7,5.2,0.017770725,0.060063000000000005,2.0
site_2125__site_0777,site_2125,site_0777,15,15,35,41.14,0.26771186,728.18,11.076944444444445,11.076944444444445,2.0,5.696,0.010935,0.030347599999999995,1.0
site_0690__site_0971,site_0690,site_0971,21,23,34,24.77,0.25141163,116.0,1.9825,1.9825,0.92,2.68,0.008044,0.021697,1.0
site_0164__site_0202,site_0164,site_0202,20,22,32,73.39,0.631869,30.22,1.5804166666666668,1.5804166666666668,2.395,7.870000000000002,0.018224999999999998,0.0701784,1.0
site_2125__site_0537,site_2125,site_0537,11,11,31,36.11,0.25925286,1299.0,23.19,23.19,1.3,9.6,0.010935,0.062055,1.0
site_1202__site_0329,site_1202,site_0329,24,26,31,38.6,0.29220272,30.9,0.8247222222222221,0.8302777777777778,1.2,3.252,0.010010999999999999,0.0259782,1.0
site_0812__site_1786,site_0812,site_1786,22,22,31,26.1,0.229804,124.52,1.8463888888888889,1.8463888888888889,1.1,2.096000000000001,0.009225,0.017403800000000004,1.0
site_0614__site_0695,site_0614,site_0695,24,27,31,39.51,0.281797,18.4,2.0324999999999998,2.0324999999999998,1.35,2.9199999999999995,0.0125,0.018462239999999998,1.0
site_1786__site_0095,site_1786,site_0095,18,19,30,36.33,0.233363,42.62,1.8552777777777778,1.8552777777777778,1.35,3.2900000000000005,0.009061,0.0172402,1.0
site_0191__site_0283,site_0191,site_0283,17,18,28,46.47,0.42316847,28.4,1.6719444444444445,1.744361111111111,2.0,5.276,0.013247,0.06266382000000001,1.0
site_1786__site_0298,site_1786,site_0298,20,22,28,44.53,0.428581,42.69,2.0834722222222224,2.0834722222222224,1.71,2.983000000000002,0.01053,0.01989,1.0
site_0191__site_0160,site_0191,site_0160,18,18,27,39.47,0.36027888,25.3,1.6769444444444446,1.6769444444444446,1.2,4.232,0.0096235,0.04507620000000003,1.0
site_0246__site_1786,site_0246,site_1786,10,11,27,23.919999999999998,0.171486,30.005,0.7643055555555556,0.7643055555555556,1.1099999999999999,4.024999999999997,0.009000000000000001,0.03128609999999998,1.0
site_1916__site_0472,site_1916,site_0472,14,14,26,40.36,0.334688,131.11,2.468888888888889,2.468888888888889,1.2,8.200000000000001,0.009225,0.06540990000000005,1.0
site_0669__site_0614,site_0669,site_0614,20,24,26,35.13,0.28027299,72.0,1.5349305555555555,1.583611111111111,1.35,2.353,0.0112533,0.018896000000000013,1.0
site_1202__site_0362,site_1202,site_0362,19,20,26,43.27,0.41359328,109.0,1.9633333333333334,1.9633333333333334,1.25,4.919999999999999,0.010935,0.06861279999999999,1.0
site_0690__site_1259,site_0690,site_1259,19,20,26,19.03,0.16887,100.0,1.863888888888889,1.863888888888889,1.0,1.454,0.008775,0.013108,1.0
site_2125__site_2094,site_2125,site_2094,19,21,26,31.82,0.21416200000000002,319.98,5.186111111111111,5.186111111111111,1.2,3.1739999999999995,0.008775,0.023111999999999987,1.0
site_1786__site_0170,site_1786,site_0170,19,20,26,52.53,0.5004810000000001,41.19,1.0952777777777778,1.0952777777777778,2.36,4.9479999999999995,0.01755,0.060569599999999967,1.0
site_2125__site_2222,site_2125,site_2222,13,14,26,26.265,0.23585086,1342.23,19.003611111111113,19.104166666666668,1.635,3.8600000000000003,0.01334657,0.030235976000000005,1.0
site_1786__site_0157,site_1786,site_0157,15,17,25,35.76,0.258381,47.78,2.7216666666666667,3.297111111111111,2.2,4.06,0.014957,0.0251258,1.0
site_1873__site_1899,site_1873,site_1899,17,19,25,40.35,0.3140852,18.1,0.5952777777777778,0.6022222222222222,1.2,4.7940000000000005,0.008044,0.04649900000000001,1.0
site_0164__site_0056,site_0164,site_0056,14,16,25,44.7,0.491695,31.84,1.777013888888889,2.0680555555555555,2.0,7.450000000000004,0.00975,0.12355320000000003,1.0
site_2125__site_1533,site_2125,site_1533,2,2,25,39.370000000000005,0.33364099999999997,213.98,3.825277777777778,3.825277777777778,19.685000000000002,23.993000000000002,0.16682049999999998,0.22622889999999998,1.5
site_1425__site_1435,site_1425,site_1435,13,13,25,25.0,0.11608600000000001,45.0,1.1730555555555555,1.1730555555555555,1.0,3.0,0.006,0.013341400000000002,1.0
site_1202__site_1233,site_1202,site_1233,13,15,24,28.91,0.20437101,45.96,1.1219444444444444,1.1219444444444444,2.0,3.3760000000000003,0.01581,0.023442,1.0
site_1129__site_1289,site_1129,site_1289,17,18,23,56.21,0.5302520000000001,152.6,2.266388888888889,2.2808333333333333,1.2,10.756,0.010935,0.10718160000000002,1.0
site_0900__site_2357,site_0900,site_2357,9,9,23,41.54,0.326552,202.93,3.544722222222222,3.544722222222222,3.36,8.748000000000001,0.021572,0.08388160000000001,1.0
site_0164__site_0105,site_0164,site_0105,15,16,23,50.51,0.562784,30.26,1.2872222222222223,1.2872222222222223,2.0,8.597999999999999,0.01365,0.0895956,1.0
site_0164__site_0064,site_0164,site_0064,16,17,23,42.65,0.349906,23.37,0.8813888888888889,0.8970833333333332,2.0,4.24,0.012525000000000001,0.035761,1.0
site_1786__site_0287,site_1786,site_0287,14,17,22,46.11,0.443324,44.27,2.1393750000000002,2.143472222222222,2.46,5.995000000000001,0.017394,0.07488190000000002,1.0
site_1786__site_0089,site_1786,site_0089,14,14,22,37.92,0.37201599999999996,51.51,1.901388888888889,1.901388888888889,1.75,4.0,0.0122825,0.05195290000000004,1.0
site_2158__site_1475,site_2158,site_1475,13,15,22,33.18,0.229484,24.25,1.2797222222222222,1.2797222222222222,2.0,4.5520000000000005,0.00975,0.0269882,1.0
site_2158__site_2110,site_2158,site_2110,15,17,22,45.32,0.398861,50.18,2.2716666666666665,2.2716666666666665,2.0,6.419999999999999,0.01755,0.0662328,1.0
site_0812__site_0191,site_0812,site_0191,14,14,21,14.850000000000001,0.13861941,186.0,3.01,3.01,0.8,1.961,0.006047,0.01863,1.0
site_0651__site_0701,site_0651,site_0701,11,11,21,36.2,0.305221,23.0,0.6633333333333333,0.6633333333333333,3.0,5.87,0.018,0.048951,1.0
site_0191__site_0067,site_0191,site_0067,16,17,21,29.9,0.22715399,26.81,2.1844444444444444,2.1844444444444444,1.5899999999999999,3.48,0.0115005,0.024561,1.0
site_1873__site_1917,site_1873,site_1917,13,13,21,35.9,0.30042868,18.0,0.5375,0.5375,2.36,3.0,0.0144,0.031186614,1.0
site_2125__site_0971,site_2125,site_0971,14,15,21,25.23,0.18368289,1126.35,16.054444444444442,16.17736111111111,1.2,4.312000000000001,0.009256,0.03129750000000001,1.0
site_2158__site_0096,site_2158,site_0096,13,13,21,24.75,0.145682,55.48,2.5588888888888888,2.5588888888888888,1.2,4.100000000000001,0.01053,0.019655000000000002,1.0
site_0191__site_0136,site_0191,site_0136,16,16,21,39.67,0.39581069,25.96,0.8168055555555556,0.8168055555555556,1.6,4.35,0.01008,0.062170514999999996,1.0
site_0537__site_0690,site_0537,site_0690,15,18,21,37.42,0.32081656,16.0,0.5486111111111112,0.5486111111111112,1.5,5.547999999999999,0.00975,0.05315027399999999,1.0
site_0164__site_0115,site_0164,site_0115,16,17,21,43.27,0.390878,20.88,2.2488888888888887,2.3425000000000002,1.2999999999999998,3.7199999999999998,0.0094875,0.03375,1.0
site_1786__site_0050,site_1786,site_0050,12,14,21,26.92,0.174035,37.25,1.6423611111111112,1.6423611111111112,2.0,3.7700000000000005,0.012736,0.0237078,1.0
site_0812__site_2158,site_0812,site_2158,16,16,20,12.52,0.1205,116.98,1.6269444444444443,1.6269444444444443,0.6,1.4500000000000002,0.006033,0.0135055,1.0
site_1542__site_1554,site_1542,site_1554,14,19,20,26.03,0.17246,28.55,1.2635416666666668,1.4342638888888888,1.75,3.5,0.008044,0.025669500000000005,1.0
site_2158__site_0033,site_2158,site_0033,12,12,20,23.78,0.140133,62.43,3.328333333333333,3.328333333333333,1.5,3.36,0.0074485,0.023678,1.0
site_2291__site_2281,site_2291,site_2281,7,11,20,21.619999999999997,0.125368,1.5,0.165,0.165,3.0,5.136,0.016088,0.0302364,1.0
site_0191__site_0192,site_0191,site_0192,16,16,20,22.14,0.13561498,28.53,1.1777777777777778,1.1777777777777778,1.03,1.9900000000000002,0.0070220000000000005,0.01633437,1.0
site_0191__site_0055,site_0191,site_0055,15,16,19,32.92,0.199494,11.27,0.5911111111111111,0.5911111111111111,1.0,2.8,0.006,0.0162836,1.0
site_1873__site_1888,site_1873,site_1888,13,14,19,34.94,0.312052,15.01,0.6486111111111111,0.6486111111111111,2.36,4.4,0.016088,0.05700260000000002,1.0
site_0164__site_0165,site_0164,site_0165,13,14,19,45.24,0.45281499999999997,11.3,1.8486111111111112,1.8486111111111112,2.36,6.128,0.01989,0.0722928,1.0
site_0971__site_0974,site_0971,site_0974,4,4,19,19.0,0.106088,25.0,0.7720833333333333,0.7720833333333333,5.0,6.7,0.026043999999999998,0.0402,1.0
site_1786__site_0060,site_1786,site_0060,13,13,19,39.32,0.363508,51.8,1.238888888888889,1.238888888888889,2.36,6.264000000000003,0.008775,0.09292720000000007,1.0
site_1542__site_1547,site_1542,site_1547,15,15,19,37.05,0.347099,33.84,1.6566666666666667,1.6566666666666667,2.0,3.522,0.010935,0.0375678,1.0
site_0164__site_0272,site_0164,site_0272,11,12,19,21.1,0.121753,32.22,1.0525,1.0525,2.0,3.12,0.009225,0.022472,1.0
site_1258__site_2026,site_1258,site_2026,9,10,18,36.97,0.390233,259.08,4.146388888888889,4.146388888888889,2.2,8.636,0.016215,0.11160560000000001,1.0
site_0690__site_0669,site_0690,site_0669,5,5,18,15.9,0.15913200000000002,53.0,1.4933333333333334,1.4933333333333334,1.0,7.690000000000001,0.00945,0.07769840000000001,1.0
site_1071__site_1070,site_1071,site_1070,14,14,18,30.74,0.251849,16.49,0.6925,0.6925,1.75,4.5,0.0094875,0.04486750000000003,1.0
site_1786__site_0188,site_1786,site_0188,16,16,18,36.66,0.276374,48.37,2.7152777777777777,2.7152777777777777,2.155,4.4350000000000005,0.015453999999999999,0.039760000000000004,1.0
site_0191__site_0020,site_0191,site_0020,14,15,18,19.79,0.1528755,26.75,0.9616666666666667,0.9616666666666667,1.0,2.6420000000000003,0.004875,0.027182285000000014,1.0
site_1654__site_1643,site_1654,site_1643,14,18,18,28.0,0.26537918,8.0,0.485,0.49302777777777773,1.295,4.040000000000002,0.009316000000000001,0.051617500000000045,1.0
site_1350__site_1349,site_1350,site_1349,13,15,18,32.29,0.389646,36.2,1.0433333333333334,1.0630555555555556,1.2,5.526000000000001,0.01053,0.078204,1.0
site_2125__site_2388,site_2125,site_2388,14,14,18,29.130000000000003,0.245873,1083.34,16.535416666666666,16.535416666666666,1.2,3.739000000000001,0.010732499999999999,0.03628800000000001,1.0
site_1259__site_1258,site_1259,site_1258,10,10,18,31.86,0.298438,1.0,0.1613888888888889,0.1613888888888889,1.38,8.498,0.01053,0.1106108,1.0
site_1425__site_1419,site_1425,site_1419,15,15,18,29.65,0.24340299999999998,20.83,1.8980555555555556,1.8980555555555556,1.2,3.8919999999999995,0.01,0.03839719999999999,1.0
site_0191__site_0224,site_0191,site_0224,14,15,18,19.52,0.17618709999999999,29.04,1.0991666666666666,1.1095972222222223,1.0,2.7370000000000005,0.0064595,0.030878376000000003,1.0
site_2354__site_0164,site_2354,site_0164,14,14,17,26.95,0.189037,287.31,4.336944444444445,4.336944444444445,2.0,3.0,0.01221,0.01716,1.0
site_0246__site_0164,site_0246,site_0164,9,10,17,17.23,0.09757600000000001,29.84,0.7291666666666666,0.7291666666666666,1.0,3.7200000000000006,0.004022,0.024866400000000004,1.0
site_2100__site_1786,site_2100,site_1786,12,15,17,26.13,0.204848,4.89,0.43319444444444444,0.43319444444444444,1.6,4.437,0.01053,0.031171000000000004,1.0
site_0246__site_1483,site_0246,site_1483,7,7,17,18.72,0.08843400000000001,1928.5,16.760833333333334,16.760833333333334,2.0,5.312000000000002,0.008044,0.025345600000000006,1.0
site_0191__site_0119,site_0191,site_0119,14,15,17,27.009999999999998,0.22987141,22.51,0.8425,0.8425,1.0,4.636,0.004875,0.055598601000000004,1.0
site_0554__site_0669,site_0554,site_0669,6,9,17,38.88,0.319161,28.0,1.0765972222222224,1.212625,1.5,17.19,0.006033,0.14952549999999998,1.0
site_1873__site_1895,site_1873,site_1895,12,12,16,21.02,0.152029,15.01,0.6090277777777777,0.6090277777777777,1.95,2.49,0.0128775,0.01755,1.0
site_1587__site_1592,site_1587,site_1592,13,13,16,20.61,0.15516986,26.87,1.6780555555555556,1.6780555555555556,1.2,3.448,0.00904886,0.02629800000000001,1.0
site_0191__site_0292,site_0191,site_0292,11,12,16,21.494,0.16977683,26.08,1.5716666666666668,1.5716666666666668,1.0,2.9,0.006,0.03163887,1.0
site_1143__site_1155,site_1143,site_1155,14,14,16,26.73,0.206292,14.0,0.8051388888888888,0.8051388888888888,1.6,3.609000000000001,0.010732499999999999,0.03584880000000001,1.0
site_0690__site_0569,site_0690,site_0569,14,14,16,8.81,0.07896700000000001,73.0,1.3604166666666666,1.3604166666666666,0.565,0.985,0.004022,0.0086775,1.0
site_0164__site_0223,site_0164,site_0223,11,13,16,22.75,0.1585336,24.93,1.5175,1.5175,2.0,3.87,0.0141036,0.02187,1.0
site_0164__site_0241,site_0164,site_0241,14,15,16,23.630000000000003,0.188369,26.41,1.3156249999999998,1.482125,1.0,3.7220000000000026,0.006,0.03638430000000004,1.0
site_0191__site_0024,site_0191,site_0024,13,13,15,18.946,0.14399598,28.02,0.9783333333333334,0.9783333333333334,1.0,2.464,0.006,0.016986000000000005,1.0
site_2125__site_0374,site_2125,site_0374,9,9,15,10.99,0.080604,617.0,8.641111111111112,8.641111111111112,1.0,1.9120000000000004,0.010022,0.0136748,1.0
site_1202__site_2166,site_1202,site_2166,11,14,15,22.73,0.22374273,387.92,6.0841666666666665,6.0841666666666665,1.94,4.33,0.012066,0.049476,1.0
site_0812__site_0164,site_0812,site_0164,13,13,15,21.71,0.29646,146.34,2.161111111111111,2.161111111111111,1.16,4.018000000000002,0.00945,0.024900000000000005,1.0
site_1881__site_1902,site_1881,site_1902,10,11,15,23.85,0.203444,40.59,1.2248611111111112,1.2248611111111112,2.2800000000000002,5.174,0.013938,0.04371989999999999,1.0
site_1916__site_1311,site_1916,site_1311,10,10,15,19.919999999999998,0.158827,106.88,1.8180555555555555,1.8180555555555555,1.2,3.539999999999999,0.008836,0.028940599999999983,1.0
site_1425__site_1448,site_1425,site_1448,13,13,15,26.06,0.224499,30.19,1.3633333333333333,1.3633333333333333,1.2,2.348,0.008775,0.01791,1.0
site_2348__site_0750,site_2348,site_0750,12,12,15,23.08,0.156587,46.95,1.2151388888888888,1.2151388888888888,1.1,3.244,0.0068249999999999995,0.020694500000000005,1.0
site_1542__site_1555,site_1542,site_1555,11,13,15,22.97,0.184279,30.0,1.800138888888889,1.9169444444444443,2.2,3.5700000000000003,0.012797,0.030825,1.0
site_0246__site_0191,site_0246,site_0191,5,5,15,19.84,0.16399453,78.8,1.4372222222222222,1.4372222222222222,4.54,5.084,0.034622,0.043361518,1.0
site_0191__site_0052,site_0191,site_0052,10,11,14,19.926000000000002,0.19415200000000002,22.07,0.5894444444444444,0.5894444444444444,1.71,3.8379999999999996,0.010544999999999999,0.061366156000000005,1.0
site_2348__site_0734,site_2348,site_0734,11,11,14,36.05,0.340124,42.56,1.6233333333333333,1.6233333333333333,2.36,6.52,0.012919,0.065968,1.0
site_0191__site_0073,site_0191,site_0073,11,11,14,18.2,0.15341028,34.22,1.7083333333333333,1.7083333333333333,1.2,2.71,0.009225,0.024497,1.0
site_1786__site_0150,site_1786,site_0150,10,10,14,19.3,0.203463,46.92,2.099861111111111,2.099861111111111,1.0,4.308999999999999,0.0088875,0.05763689999999999,1.0
site_2348__site_0716,site_2348,site_0716,11,12,14,28.18,0.228444,39.79,1.2180555555555554,1.2180555555555554,2.36,4.6,0.0156,0.038912,1.0
site_1243__site_0164,site_1243,site_0164,13,13,14,13.34,0.1430621,1376.17,20.62472222222222,20.62472222222222,1.0,1.528,0.006,0.022032460000000004,1.0
site_0690__site_2149,site_0690,site_2149,11,11,14,14.28,0.13139218,1206.48,17.894444444444446,17.894444444444446,1.0,2.5,0.004022,0.031483950000000004,1.0
site_1259__site_0921,site_1259,site_0921,13,14,14,19.9,0.15759,199.5,3.3525,3.3525,1.0,2.6480000000000006,0.008775,0.023107600000000002,1.0
site_2348__site_0753,site_2348,site_0753,12,13,14,30.369999999999997,0.266956,37.56,1.1840277777777777,1.1840277777777777,1.2,5.6659999999999995,0.010935,0.06395040000000002,1.0
site_1587__site_1575,site_1587,site_1575,12,12,14,16.12,0.105329,23.98,1.5148611111111112,1.5148611111111112,1.1,2.344,0.007050000000000001,0.0171449,1.0
site_1786__site_0123,site_1786,site_0123,12,13,14,21.07,0.1371,40.74,1.4447222222222222,1.4447222222222222,1.0,3.512,0.004875,0.0220581,1.0
site_0191__site_0218,site_0191,site_0218,10,12,14,14.52,0.08532100000000001,16.96,1.2970833333333331,1.4338888888888888,1.005,2.171,0.008139,0.0137916,1.0
site_0164__site_0101,site_0164,site_0101,11,11,13,29.76,0.300583,33.64,2.3447222222222224,2.3447222222222224,1.0,5.16,0.00945,0.074304,1.0
site_1542__site_1529,site_1542,site_1529,9,10,13,19.03,0.14915699999999998,30.25,1.5230555555555556,1.6183055555555557,1.18,3.5680000000000005,0.008044,0.032134200000000016,1.0
site_2158__site_2139,site_2158,site_2139,9,9,13,18.75,0.124413,39.72,1.975,1.975,1.2,4.032,0.008044,0.03384,1.0
site_0164__site_0037,site_0164,site_0037,11,11,13,36.64,0.346917,30.3,1.0058333333333334,1.0058333333333334,2.36,7.74,0.012066,0.073728,1.0
site_2125__site_2291,site_2125,site_2291,3,3,13,14.719999999999999,0.081682,893.26,14.1025,14.1025,2.36,8.472,0.01989,0.0393716,1.0
site_2158__site_2108,site_2158,site_2108,10,11,13,18.72,0.14876,48.3,1.6541666666666668,1.6586666666666667,1.45,3.883,0.012581499999999999,0.0324,1.0
site_0812__site_2348,site_0812,site_2348,10,10,13,10.84,0.110026,226.85,3.4904166666666665,3.4904166666666665,0.9,2.3759999999999994,0.0086345,0.022654799999999996,1.0
site_2348__site_0720,site_2348,site_0720,9,10,13,22.97,0.21931,39.11,1.0152777777777777,1.0398611111111111,2.0,5.630000000000001,0.008897,0.05042240000000001,1.0
site_1402__site_1401,site_1402,site_1401,9,9,13,13.02,0.08718100000000001,22.25,1.1680555555555556,1.1680555555555556,1.0,2.488,0.008044,0.01764,1.0
site_0191__site_0054,site_0191,site_0054,10,10,13,27.63,0.28342671,31.47,0.9165277777777778,0.9165277777777778,1.68,5.581999999999999,0.011775,0.07032490999999999,1.0
site_2222__site_2212,site_2222,site_2212,11,13,13,21.1,0.27013941999999996,1.34,0.14944444444444444,0.14944444444444444,1.0,4.7,0.008044,0.06925305999999999,1.0
site_0191__site_0039,site_0191,site_0039,9,10,13,23.8,0.24249889,29.5,1.0286111111111111,1.0286111111111111,2.2,4.224000000000001,0.01661085,0.04929670400000001,1.0
site_0191__site_0018,site_0191,site_0018,10,10,13,15.63,0.14200132,22.96,1.57125,1.57125,1.135,2.2159999999999993,0.00852816,0.018289799999999978,1.0
site_1202__site_0482,site_1202,site_0482,10,10,13,13.67,0.09359100000000001,75.0,1.3930555555555557,1.3930555555555557,1.2,2.1559999999999993,0.008775,0.011857499999999993,1.0
site_0690__site_1268,site_0690,site_1268,12,12,13,7.96,0.0706761,100.0,2.060833333333333,2.060833333333333,0.45499999999999996,0.929,0.004022,0.0084094,1.0
site_1259__site_2056,site_1259,site_2056,9,10,13,13.43,0.08315,318.82,9.550277777777778,9.550277777777778,1.0,3.0720000000000005,0.0076,0.015593600000000004,1.0
site_1786__site_0172,site_1786,site_0172,9,10,13,14.200000000000001,0.095397,48.19,2.3297222222222222,2.3297222222222222,1.36,2.5740000000000003,0.01134,0.0157996,1.0
site_1786__site_0175,site_1786,site_0175,11,11,13,20.35,0.153966,48.62,2.3880555555555554,2.3880555555555554,2.0,2.5,0.01755,0.020358,1.0
site_1425__site_1446,site_1425,site_1446,9,9,12,16.33,0.119302,30.04,1.506388888888889,1.506388888888889,2.0,2.72,0.008775,0.023953600000000002,1.0
site_0246__site_2158,site_0246,site_2158,7,8,12,14.17,0.095391,33.96,0.7343055555555555,0.7527777777777778,1.2,3.9819999999999998,0.00585,0.028428800000000004,1.0
site_0191__site_0103,site_0191,site_0103,9,9,12,18.54,0.12956658999999998,15.46,0.9419444444444445,0.9419444444444445,1.0,3.3680000000000008,0.004022,0.027147318000000004,1.0
site_2158__site_2130,site_2158,site_2130,10,10,12,14.1,0.06733,77.0,1.5170833333333333,1.5170833333333333,1.0,2.19,0.004875,0.010324499999999997,1.0
site_1786__site_0078,site_1786,site_0078,8,9,12,18.259999999999998,0.158685,33.85,1.3944444444444444,1.3944444444444444,1.6,4.214999999999999,0.0102825,0.03901549999999999,1.0
site_0690__site_0561,site_0690,site_0561,8,8,12,12.26,0.06722,25.0,1.7325,1.7325,1.0,2.8899999999999997,0.004022,0.018317999999999997,1.0
site_0191__site_0268,site_0191,site_0268,9,9,12,18.73,0.18422998000000002,22.45,2.0616666666666665,2.0616666666666665,1.2,3.942,0.010935,0.045490996000000006,1.0
site_1933__site_1946,site_1933,site_1946,10,10,12,10.942,0.11511911999999999,34.78,1.011111111111111,1.011111111111111,0.595,1.9579999999999989,0.00456619,0.020817022999999987,1.0
site_0246__site_2149,site_0246,site_2149,6,6,12,11.97,0.11027100000000001,31.87,1.187638888888889,1.187638888888889,1.9375,3.495,0.017072,0.0340415,1.5
site_2149__site_2158,site_2149,site_2158,9,10,12,8.065,0.068279,3.35,0.4661111111111111,0.4661111111111111,0.635,1.9040000000000001,0.008044,0.011826399999999999,1.0
site_0690__site_1654,site_0690,site_1654,8,8,12,7.86,0.07849605,1188.06,22.377222222222223,22.377222222222223,1.02,1.799,0.009119025,0.0185431,1.0
site_1202__site_1921,site_1202,site_1921,12,12,12,16.72,0.13300900000000002,88.22,1.4359722222222222,1.4359722222222222,1.15,2.344,0.008775,0.019656000000000003,1.0
site_1071__site_1085,site_1071,site_1085,9,9,12,16.58,0.12288400000000001,23.34,1.9155555555555555,1.9155555555555555,1.2,3.4,0.00945,0.025977,1.0
site_0690__site_0614,site_0690,site_0614,10,11,12,10.68,0.098587,31.0,0.7625,0.7625,0.755,2.2059999999999995,0.0060875,0.018372399999999997,1.0
site_0164__site_0262,site_0164,site_0262,11,11,12,19.57,0.147123,17.73,1.521388888888889,1.521388888888889,1.2,2.4,0.009225,0.02106,1.0
site_1786__site_0021,site_1786,site_0021,9,9,12,27.049999999999997,0.297172,49.34,1.7675,1.7675,1.5,7.592,0.008775,0.1026432,1.0
site_2158__site_0251,site_2158,site_0251,10,10,12,25.2,0.235748,64.66,1.8490277777777777,1.8490277777777777,1.5,4.580999999999999,0.0084375,0.052213799999999984,1.0
site_1425__site_1282,site_1425,site_1282,11,11,12,15.56,0.132411,46.95,1.2722222222222221,1.2722222222222221,1.0,1.2,0.004875,0.00945,1.0
site_0191__site_0236,site_0191,site_0236,8,8,12,18.24,0.11081715,26.0,1.245138888888889,1.245138888888889,2.435,3.6949999999999994,0.0120685,0.025773400000000002,1.0
site_2348__site_0762,site_2348,site_0762,7,8,12,16.31,0.118001,38.33,0.9345833333333333,0.99025,1.2,4.384000000000002,0.010935,0.03188180000000001,1.0
site_0191__site_0235,site_0191,site_0235,10,10,12,16.236,0.14000384,20.91,2.9491666666666667,2.9491666666666667,1.158,2.367999999999999,0.0084095,0.024401089999999983,1.0
site_0164__site_0299,site_0164,site_0299,9,9,12,28.35,0.230696,41.96,0.9527777777777777,0.9527777777777777,2.76,5.48,0.021519,0.055078800000000004,1.0
site_1786__site_0014,site_1786,site_0014,10,11,12,29.3,0.372784,49.02,1.3479166666666669,1.3479166666666669,2.1799999999999997,6.272,0.01755,0.07889189999999999,1.0
site_0191__site_0206,site_0191,site_0206,8,8,12,15.972,0.12368491000000001,14.71,1.4773611111111111,1.4773611111111111,1.6,3.2995999999999994,0.009301305,0.03375221,1.0
site_1881__site_1855,site_1881,site_1855,9,9,11,10.53,0.054835,34.79,0.8561111111111112,0.8561111111111112,1.0,1.4260000000000002,0.004875,0.009963800000000002,1.0
site_2348__site_0712,site_2348,site_0712,6,7,11,17.18,0.166504,42.53,1.418611111111111,1.418611111111111,2.8,3.61,0.026126999999999997,0.04435600000000001,1.0
site_2125__site_0669,site_2125,site_0669,3,3,11,12.22,0.08139041,1028.78,28.43888888888889,28.43888888888889,3.5,6.62,0.03009716,0.040682632,1.0
site_0191__site_0088,site_0191,site_0088,8,8,11,15.55,0.09529601,31.2,1.5156944444444445,1.5156944444444445,1.0,4.404999999999999,0.004875,0.025455803,1.0
site_1380__site_1387,site_1380,site_1387,11,11,11,12.275,0.07096842,17.76,1.1063888888888889,1.1063888888888889,1.0,2.0,0.00419642,0.008775,1.0
site_1786__site_0294,site_1786,site_0294,8,8,11,31.25,0.308304,48.56,2.5681944444444444,2.5681944444444444,3.25,7.685,0.021857,0.1031184,1.0
site_1542__site_1548,site_1542,site_1548,7,7,11,16.09,0.107824,37.03,2.5208333333333335,2.5208333333333335,2.36,3.564,0.012066,0.028200600000000006,1.0
site_0164__site_0130,site_0164,site_0130,9,9,11,15.559999999999999,0.097411,31.85,1.0391666666666666,1.0391666666666666,1.0,3.0000000000000004,0.004875,0.0219814,1.0
site_0164__site_0106,site_0164,site_0106,8,9,11,22.55,0.156662,31.45,0.7069444444444444,0.7069444444444444,2.0,5.945,0.010875,0.0461004,1.0
site_0537__site_0569,site_0537,site_0569,9,10,11,12.52,0.09203925,87.0,1.4152777777777779,1.4152777777777779,1.2,2.2640000000000002,0.010935,0.01469985,1.0
site_0786__site_0795,site_0786,site_0795,8,9,11,17.939999999999998,0.113383,49.3,1.315,1.315,1.6,3.9539999999999993,0.0094875,0.026420999999999993,1.0
site_1425__site_1285,site_1425,site_1285,10,10,11,17.43,0.147599,36.62,1.757222222222222,1.757222222222222,1.2,2.583999999999999,0.010732499999999999,0.023834999999999988,1.0
site_1786__site_0072,site_1786,site_0072,8,8,11,11.3,0.055688,38.04,1.0988888888888888,1.0988888888888888,1.0,2.3,0.004875,0.0111825,1.0
site_2348__site_0733,site_2348,site_0733,10,10,11,24.9,0.249305,41.58,1.6833333333333333,1.6833333333333333,1.85,4.528,0.0141825,0.064672,1.0
site_0614__site_0654,site_0614,site_0654,6,6,11,10.24,0.05777,48.54,1.8048611111111112,1.8048611111111112,1.15,3.6799999999999997,0.006033,0.01883,1.0
site_2158__site_2151,site_2158,site_2151,9,9,10,12.16,0.077556,45.0,1.521388888888889,1.521388888888889,1.2,2.04,0.01053,0.0125914,1.0
site_1873__site_1853,site_1873,site_1853,8,8,10,16.07,0.155583,13.11,0.6747222222222222,0.6747222222222222,2.1,2.897,0.0124895,0.037658999999999984,1.0
site_1786__site_0102,site_1786,site_0102,7,7,10,19.66,0.185363,36.21,1.7530555555555556,1.7530555555555556,2.0,5.164000000000001,0.01363,0.05613360000000001,1.0
site_0482__site_0454,site_0482,site_0454,8,8,10,8.78,0.054445,30.69,0.9938888888888888,0.9938888888888888,1.0,1.5899999999999999,0.004875,0.0112743,1.0
site_1542__site_1566,site_1542,site_1566,9,9,10,10.35,0.06467300000000001,40.24,1.7066666666666668,1.7066666666666668,1.0,1.4000000000000001,0.004875,0.011793000000000001,1.0
site_1873__site_1867,site_1873,site_1867,8,8,10,14.31,0.094334,10.99,0.5694444444444444,0.5694444444444444,1.6,2.9090000000000003,0.0107715,0.020592,1.0
site_1786__site_0085,site_1786,site_0085,7,9,10,17.59,0.171589,39.78,2.6433333333333335,2.6433333333333335,2.2,3.986,0.014553,0.05184000000000001,1.0
site_1786__site_0140,site_1786,site_0140,7,8,10,18.759999999999998,0.18662499999999999,42.62,1.3969444444444445,1.3969444444444445,1.0,6.3500000000000005,0.004875,0.07611260000000002,1.0
site_0191__site_0114,site_0191,site_0114,9,10,10,9.36,0.06483764,10.76,1.2355555555555555,1.2355555555555555,1.0,1.5480000000000003,0.004875,0.012865528000000003,1.0
site_0191__site_0023,site_0191,site_0023,7,8,10,10.14,0.0518748,29.63,1.0666666666666667,1.0666666666666667,1.0,2.4280000000000017,0.004022,0.013765120000000007,1.0
site_1786__site_0242,site_1786,site_0242,8,9,10,16.14,0.11549400000000001,32.51,0.8469444444444445,0.8721666666666668,1.6,3.758,0.0086345,0.0301011,1.0
site_0191__site_0134,site_0191,site_0134,9,10,10,14.100000000000001,0.120191,19.1,2.204444444444445,3.441388888888889,1.0,2.6600000000000006,0.006,0.022476400000000007,1.0
site_2125__site_2400,site_2125,site_2400,8,8,10,12.56,0.080116,585.87,8.010694444444445,8.010694444444445,1.4,2.108,0.009125999999999999,0.013338,1.0
site_1786__site_0046,site_1786,site_0046,9,9,10,24.85,0.216311,38.42,1.3625,1.3625,1.2,5.6880000000000015,0.004022,0.05399360000000002,1.0
site_1587__site_1952,site_1587,site_1952,6,6,10,21.45,0.224874,129.0,2.3448611111111113,2.3448611111111113,2.1799999999999997,7.345000000000001,0.01755,0.085032,1.0
site_1786__site_0087,site_1786,site_0087,10,10,10,21.78,0.182407,41.33,1.2423611111111112,1.2423611111111112,1.6,4.522,0.0092625,0.03775639999999999,1.0
site_1587__site_1596,site_1587,site_1596,8,9,10,16.27,0.14232,26.66,2.144166666666667,2.144166666666667,1.8800000000000001,3.002,0.012946,0.032281199999999996,1.0
site_1143__site_1151,site_1143,site_1151,8,8,10,9.3,0.057182000000000004,24.87,2.346111111111111,2.346111111111111,1.0,2.0,0.0070220000000000005,0.0099978,1.0
site_1786__site_0127,site_1786,site_0127,7,7,10,20.23,0.171493,50.06,1.6127777777777779,1.6127777777777779,2.36,5.708,0.01989,0.04534320000000001,1.0
site_2158__site_0213,site_2158,site_0213,7,8,10,21.68,0.168424,44.09,1.2972222222222223,1.2972222222222223,1.55,7.434,0.008775,0.060219,1.0
site_1786__site_0215,site_1786,site_0215,6,6,10,12.870000000000001,0.08043,48.46,1.3991666666666667,1.3991666666666667,2.0,3.435,0.010022,0.0257445,1.0
site_0191__site_0125,site_0191,site_0125,8,8,10,11.16,0.065485,20.43,1.230138888888889,1.230138888888889,1.1,2.12,0.0064595,0.013850999999999997,1.0
site_1786__site_0247,site_1786,site_0247,10,10,10,17.07,0.170048,41.62,3.0169444444444444,3.0169444444444444,1.05,2.990999999999999,0.0073875,0.03214319999999998,1.0
site_1071__site_1069,site_1071,site_1069,8,8,10,16.93,0.10938400000000001,26.51,1.2334722222222223,1.2334722222222223,1.6,3.5109999999999992,0.009438,0.026420999999999993,1.0
site_1071__site_0448,site_1071,site_0448,9,9,10,16.55,0.132414,63.08,1.4358333333333333,1.4358333333333333,1.2,2.9280000000000004,0.008044,0.02697440000000001,1.0
site_1873__site_1842,site_1873,site_1842,10,10,10,9.72,0.07290334000000001,16.0,0.7079166666666666,0.7079166666666666,1.0,1.302,0.0066051700000000005,0.010935,1.0
site_0879__site_0164,site_0879,site_0164,9,9,10,12.39,0.086813,466.2,8.02,8.02,1.0,1.7700000000000005,0.006,0.021755464000000002,1.0
site_0164__site_0148,site_0164,site_0148,6,7,9,14.05,0.08201,26.81,0.9058333333333333,0.9058333333333333,2.0,4.0,0.008422,0.026549999999999997,1.0
site_2158__site_2148,site_2158,site_2148,7,7,9,10.7,0.059573,73.0,1.4430555555555555,1.4430555555555555,1.0,2.6000000000000005,0.006,0.014799000000000005,1.0
site_1893__site_2125,site_1893,site_2125,8,8,9,14.07,0.15371971,1445.28,22.13458333333333,22.13458333333333,1.0,2.930999999999999,0.006,0.039119132999999986,1.0
site_2348__site_0728,site_2348,site_0728,8,8,9,8.43,0.051730000000000005,37.67,1.2168055555555557,1.2168055555555557,1.0,1.4999999999999998,0.004022,0.012397499999999999,1.0
site_2348__site_0738,site_2348,site_0738,9,9,9,16.46,0.176565,32.4,1.1925,1.1925,1.2,4.3020000000000005,0.008775,0.053164800000000005,1.0
site_2125__site_0824,site_2125,site_0824,7,7,9,9.89,0.07740908,989.08,14.374166666666667,14.374166666666667,1.2,2.116,0.010935,0.016171032000000002,1.0
site_2348__site_1159,site_2348,site_1159,7,7,9,14.89,0.100142,71.36,1.7622222222222221,1.7622222222222221,2.0,3.556000000000001,0.010935,0.026415,1.0
site_1197__site_1233,site_1197,site_1233,6,7,9,7.890000000000001,0.05641533,34.0,0.6661111111111111,0.6661111111111111,1.155,1.89,0.008917165000000001,0.014647,1.0
site_1873__site_1894,site_1873,site_1894,8,9,9,12.55,0.08595183,14.51,0.6023611111111111,0.6023611111111111,1.1,2.884,0.007057415,0.0203625,1.0
site_1873__site_1890,site_1873,site_1890,9,9,9,13.8,0.118145,16.35,0.6147222222222222,0.6147222222222222,1.0,2.9200000000000004,0.004875,0.026136000000000006,1.0
site_2125__site_0388,site_2125,site_0388,3,4,9,8.085,0.06598536999999999,279.43,5.3341666666666665,5.3341666666666665,0.71,5.566000000000001,0.008044,0.044744295999999996,1.0
site_0329__site_0344,site_0329,site_0344,8,8,9,10.73,0.062082,46.79,1.1095833333333334,1.1095833333333334,1.0,2.178,0.005011,0.015345,1.0
site_1786__site_0282,site_1786,site_0282,8,8,9,8.36,0.046347,48.7,1.12,1.12,1.0,1.518,0.0044485,0.0090328,1.0
site_1786__site_0275,site_1786,site_0275,5,5,9,16.38,0.205523,47.84,2.0105555555555554,2.0105555555555554,3.36,5.880000000000001,0.023912,0.08847500000000001,1.0
site_0191__site_0207,site_0191,site_0207,7,8,9,14.870000000000001,0.15466836,13.86,0.6,0.6,2.0,3.6020000000000003,0.00945,0.045365234000000004,1.0
site_0862__site_0861,site_0862,site_0861,7,7,9,17.5,0.19400699999999999,25.98,0.7519444444444444,0.7519444444444444,1.0,5.020000000000002,0.010935,0.06650400000000004,1.0
site_1380__site_1382,site_1380,site_1382,8,9,9,10.45,0.0762415,16.54,0.9291666666666667,0.9593055555555556,1.0,1.8609999999999995,0.004875,0.017721449999999996,1.0
site_1786__site_0182,site_1786,site_0182,9,9,9,15.09,0.112228,52.76,1.381388888888889,1.381388888888889,1.2,2.6620000000000004,0.009225,0.022860000000000002,1.0
site_1786__site_0171,site_1786,site_0171,6,6,9,11.27,0.070218,44.91,1.401388888888889,1.401388888888889,1.935,2.6,0.012459000000000001,0.0156,1.0
site_0690__site_0516,site_0690,site_0516,8,8,9,14.4,0.117834,65.0,1.4131944444444444,1.4131944444444444,1.35,2.8899999999999997,0.008247,0.030643199999999992,1.0
site_0164__site_0239,site_0164,site_0239,7,9,9,18.66,0.171156,9.39,2.479722222222222,2.479722222222222,2.0,4.908000000000003,0.008775,0.05513400000000003,1.0
site_0164__site_0240,site_0164,site_0240,8,8,9,20.03,0.151376,17.65,1.1719444444444445,1.1719444444444445,2.15,4.502,0.012797,0.038297099999999994,1.0
site_1425__site_1431,site_1425,site_1431,8,9,9,15.85,0.144763,26.56,1.2755555555555556,1.3764444444444446,1.78,3.359,0.01404,0.03423419999999999,1.0
site_1071__site_1091,site_1071,site_1091,9,9,9,15.42,0.105911,25.07,1.1905555555555556,1.1905555555555556,1.0,2.7680000000000002,0.006,0.022932000000000004,1.0
site_1372__site_1369,site_1372,site_1369,5,5,9,7.630000000000001,0.073463,95.0,1.4661111111111111,1.4661111111111111,1.11,2.7600000000000002,0.009225,0.0273152,1.0
site_0164__site_0280,site_0164,site_0280,8,8,9,33.24,0.29628200000000005,24.37,2.452638888888889,2.452638888888889,4.07,6.522,0.030825,0.06696,1.0
site_0164__site_0030,site_0164,site_0030,7,7,9,19.33,0.191331,16.0,0.5622222222222222,0.5622222222222222,1.2,5.496,0.010935,0.06102720000000002,1.0
site_1350__site_1357,site_1350,site_1357,8,8,9,12.790000000000001,0.13987114,31.37,1.071388888888889,1.071388888888889,1.2,2.9739999999999998,0.009702,0.03454439999999999,1.0
site_1786__site_0094,site_1786,site_0094,4,4,9,10.7,0.049848,38.19,3.2501388888888885,3.2501388888888885,1.6,5.15,0.008836,0.022376900000000005,1.0
site_0164__site_0293,site_0164,site_0293,7,7,9,11.65,0.11258900000000001,29.45,3.035,3.035,1.0,3.288000000000001,0.006,0.03666540000000002,1.0
site_0191__site_0270,site_0191,site_0270,7,7,9,8.73,0.05219124,32.11,1.4241666666666666,1.4241666666666666,1.0,1.7800000000000002,0.006,0.011159744000000003,1.0
site_1425__site_1420,site_1425,site_1420,8,8,9,11.16,0.07088,24.0,0.9530555555555555,0.9530555555555555,1.2,2.06,0.008590500000000001,0.0140281,1.0
site_1786__site_0017,site_1786,site_0017,6,6,9,9.6,0.06904,39.89,1.8555555555555556,1.8555555555555556,1.0,3.435,0.004022,0.026476,1.0
site_0930__site_0433,site_0930,site_0433,9,9,9,19.39,0.204216,5.66,1.0502777777777779,1.0502777777777779,1.2,4.128,0.010935,0.04875520000000001,1.0
site_1143__site_1156,site_1143,site_1156,8,8,9,19.009999999999998,0.190859,17.98,1.2331944444444445,1.2331944444444445,1.69,4.18,0.011752499999999999,0.04767179999999999,1.0
site_1143__site_1170,site_1143,site_1170,7,8,9,12.16,0.120724,7.16,0.5788888888888889,0.6417777777777778,1.2,3.176,0.009225,0.043002000000000005,1.0
site_0164__site_0071,site_0164,site_0071,6,6,9,13.42,0.08375300000000001,24.38,1.1108333333333333,1.1108333333333333,1.0,5.06,0.00507,0.032358,1.0
site_1542__site_1568,site_1542,site_1568,6,7,9,11.27,0.099304,28.33,2.162361111111111,2.162361111111111,1.0,3.885,0.004022,0.041608000000000006,1.0
site_1587__site_2074,site_1587,site_2074,9,9,9,14.98,0.130744,74.14,2.1194444444444445,2.1194444444444445,1.2,2.8320000000000003,0.008775,0.02669920000000001,1.0
site_1197__site_1189,site_1197,site_1189,9,9,9,19.12,0.150983,26.86,0.7066666666666667,0.7066666666666667,1.2,4.574,0.009225,0.048096,1.0
site_0971__site_0992,site_0971,site_0992,6,6,9,9.73,0.050238000000000005,24.0,0.5579166666666666,0.5579166666666666,1.865,2.0,0.0084705,0.012525000000000001,1.0
site_1542__site_1526,site_1542,site_1526,7,7,9,10.76,0.063366,36.62,1.3102777777777779,1.3102777777777779,1.2,2.5440000000000005,0.008044,0.014505000000000004,1.0
site_2125__site_1259,site_2125,site_1259,4,4,9,11.4,0.067417,1198.86,18.14736111111111,18.14736111111111,2.1,4.950000000000001,0.016175000000000002,0.0225084,1.0
site_2125__site_1587,site_2125,site_1587,7,7,9,8.92,0.08240645,215.08,3.3941666666666666,3.3941666666666666,1.0,2.2640000000000002,0.006,0.022475780000000004,1.0
site_2158__site_2127,site_2158,site_2127,8,8,9,17.93,0.18792,42.0,1.8297222222222222,1.8297222222222222,1.6,3.938999999999999,0.010354499999999999,0.054215999999999986,1.0
site_1933__site_1947,site_1933,site_1947,8,8,8,10.053,0.10183863,38.36,1.1705555555555556,1.1705555555555556,0.95,2.1199999999999997,0.010179855000000002,0.018789754999999995,1.0
site_2348__site_0710,site_2348,site_0710,7,7,8,8.25,0.043142,47.34,1.353888888888889,1.353888888888889,1.0,1.5200000000000002,0.006,0.008898000000000001,1.0
site_0164__site_0013,site_0164,site_0013,6,6,8,15.59,0.123354,23.0,1.1602777777777777,1.1602777777777777,2.005,4.79,0.017895,0.039760000000000004,1.0
site_1786__site_2115,site_1786,site_2115,8,8,8,24.77,0.295444,42.75,1.137361111111111,1.137361111111111,2.585,5.4719999999999995,0.026145,0.0773572,1.0
site_0786__site_0819,site_0786,site_0819,8,8,8,9.43,0.06334000000000001,44.46,1.0422222222222222,1.0422222222222222,1.0,1.5999999999999996,0.004022,0.013456499999999996,1.0
site_0164__site_0074,site_0164,site_0074,6,6,8,9.379999999999999,0.058855000000000005,19.86,0.7044444444444444,0.7044444444444444,1.5,2.5,0.0084375,0.016968,1.0
site_1921__site_1838,site_1921,site_1838,7,7,8,6.18,0.035007,26.53,0.8361111111111111,0.8361111111111111,1.0,1.4000000000000004,0.004022,0.007158800000000002,1.0
site_1071__site_1087,site_1071,site_1087,7,8,8,13.9,0.103488,31.71,0.8716666666666667,0.8716666666666667,1.0,4.2,0.006,0.03214080000000002,1.0
site_0388__site_0384,site_0388,site_0384,4,5,8,13.05,0.10317034,4.41,0.7952777777777778,0.8459583333333334,2.145,7.059000000000001,0.016832169999999997,0.054731502,1.0
site_1425__site_1421,site_1425,site_1421,7,7,8,9.4,0.056569,17.96,0.6097222222222223,0.6097222222222223,1.0,2.000000000000001,0.004875,0.014955000000000006,1.0
site_2281__site_2287,site_2281,site_2287,6,7,8,6.21,0.037731,32.0875,1.1559722222222222,1.1559722222222222,1.0,1.52,0.006209000000000001,0.0086345,1.0
site_0537__site_0652,site_0537,site_0652,5,5,8,7.7,0.040663000000000005,33.0,1.1547222222222222,1.1547222222222222,1.0,2.38,0.006,0.013347000000000001,1.0
site_1873__site_1900,site_1873,site_1900,6,7,8,17.12,0.123855,12.73,0.6104166666666666,0.6104166666666666,1.5350000000000001,6.025,0.009061,0.048418,1.0
site_2149__site_1786,site_2149,site_1786,4,4,8,5.31,0.045575000000000004,17.35,0.6036111111111111,0.6036111111111111,1.315,2.052,0.009692,0.018463200000000003,1.0
site_1542__site_1567,site_1542,site_1567,7,7,8,6.26,0.042017000000000006,33.15,2.276666666666667,2.276666666666667,1.0,1.08,0.004875,0.008898000000000001,1.0
site_2348__site_0721,site_2348,site_0721,7,8,8,14.7,0.134726,42.03,1.863888888888889,1.863888888888889,1.0,4.744,0.006,0.05076880000000002,1.0
site_1933__site_1943,site_1933,site_1943,8,8,8,4.834,0.05187519,37.78,1.3243055555555556,1.3243055555555556,0.39049999999999996,1.2489999999999997,0.004022,0.011996917,1.0
site_0930__site_0436,site_0930,site_0436,8,8,8,14.1,0.186384,28.0,0.9941666666666666,0.9941666666666666,1.1,4.16,0.0073875,0.074304,1.0
site_2166__site_1967,site_2166,site_1967,4,5,8,8.36,0.049204,126.0,2.547222222222222,2.622777777777778,1.5,3.652,0.009033,0.022601000000000003,1.0
site_0690__site_1253,site_0690,site_1253,5,5,8,4.4799999999999995,0.048459999999999996,2178.73,34.27972222222222,34.27972222222222,0.46,2.058,0.004022,0.021032000000000002,1.0
site_2158__site_0181,site_2158,site_0181,7,7,8,13.719999999999999,0.119721,55.73,1.6116666666666666,1.6116666666666666,1.2,3.480000000000001,0.008044,0.03860040000000002,1.0
site_0930__site_0430,site_0930,site_0430,6,6,8,8.0,0.039353,20.0,0.61,0.61,1.0,2.0,0.006,0.009033,1.0
site_0164__site_0216,site_0164,site_0216,6,7,8,22.16,0.24436200000000002,30.19,1.4344444444444444,1.4344444444444444,3.13,6.95,0.039216,0.07894300000000001,1.0
site_1587__site_2071,site_1587,site_2071,6,7,8,9.45,0.070762,56.27,1.506388888888889,1.506388888888889,1.0,2.7249999999999996,0.004022,0.027337,1.0
site_2149__site_0191,site_2149,site_0191,6,6,8,7.55,0.09999999999999999,103.0,1.928611111111111,1.928611111111111,0.465,2.995,0.006033,0.039944999999999994,1.0
site_0164__site_0260,site_0164,site_0260,5,7,8,13.56,0.12693,17.61,1.7794444444444444,1.7794444444444444,2.0,4.656000000000001,0.00975,0.0588564,1.0
site_2125__site_2183,site_2125,site_2183,8,8,8,5.23,0.03840946,472.32,7.098472222222222,7.098472222222222,0.525,1.06,0.004022,0.0064842219999999996,1.0
site_0482__site_0470,site_0482,site_0470,7,7,8,12.6,0.073439,17.33,1.025,1.025,1.5,2.8,0.008044,0.01773,1.0
site_1786__site_0035,site_1786,site_0035,8,8,8,10.969999999999999,0.070749,52.2,1.7219444444444445,1.7219444444444445,1.0,2.4709999999999996,0.004875,0.016362,1.0
site_0032__site_0255,site_0032,site_0255,1,1,8,11.99,0.12366349,8.1,1.7969444444444445,1.7969444444444445,11.99,11.99,0.12366349,0.12366349,4.0
site_1786__site_0204,site_1786,site_0204,7,7,8,12.52,0.10256900000000001,53.31,2.7455555555555557,2.7455555555555557,1.0,3.696,0.006,0.033698000000000006,1.0
site_0191__site_0065,site_0191,site_0065,6,6,8,7.6259999999999994,0.039889,11.99,0.9748611111111111,0.9748611111111111,1.1,1.713,0.0064595,0.009463,1.0
site_1786__site_0104,site_1786,site_0104,7,7,8,14.09,0.130907,30.63,2.480277777777778,2.480277777777778,1.87,3.1640000000000006,0.01134,0.04042260000000002,1.0
site_1786__site_0145,site_1786,site_0145,8,8,8,10.959999999999999,0.0579,40.39,1.4579166666666667,1.4579166666666667,1.2,2.0,0.008247,0.0098595,1.0
site_1542__site_1534,site_1542,site_1534,7,7,8,14.07,0.093216,16.33,1.5483333333333333,1.5483333333333333,2.0,3.0480000000000005,0.008775,0.023490000000000004,1.0
site_0690__site_2281,site_0690,site_2281,5,5,8,4.52,0.032176,741.29,11.255277777777778,11.255277777777778,0.86,1.3439999999999999,0.004022,0.010457200000000002,1.0
site_0537__site_0614,site_0537,site_0614,8,8,8,13.5,0.1022738,33.0,0.9454166666666666,0.9454166666666666,1.5699999999999998,2.65,0.0110925,0.021896039999999995,1.0
site_1143__site_1157,site_1143,site_1157,7,7,8,13.629999999999999,0.111323,7.98,0.6827777777777778,0.6827777777777778,1.0,3.8920000000000012,0.004374,0.03907200000000002,1.0
site_1143__site_1144,site_1143,site_1144,6,7,8,12.16,0.107619,24.0,1.6202777777777777,1.6202777777777777,1.5,3.58,0.0070220000000000005,0.041776499999999994,1.0
site_0191__site_0219,site_0191,site_0219,7,8,8,10.55,0.08391852,15.21,0.9177777777777778,0.9177777777777778,1.2,2.354,0.008775,0.022475232000000005,1.0
site_0362__site_0358,site_0362,site_0358,7,7,8,12.13,0.109776,10.78,1.1080555555555556,1.1080555555555556,1.0,3.264000000000001,0.004022,0.03652560000000002,1.0
site_0862__site_0863,site_0862,site_0863,5,6,8,20.48,0.267939,18.79,0.5888888888888889,0.5888888888888889,3.87,7.134,0.070176,0.095319,1.0
site_1542__site_1563,site_1542,site_1563,7,8,8,7.57,0.039938,33.36,2.274027777777778,2.497777777777778,1.0,1.2280000000000002,0.006,0.006817600000000001,1.0
site_1786__site_0214,site_1786,site_0214,6,6,8,11.41,0.079091,41.51,2.186805555555556,2.186805555555556,1.025,3.68,0.0050775,0.029593,1.0
site_1233__site_1218,site_1233,site_1218,8,8,8,11.34,0.07738400000000001,7.26,0.3425,0.3425,1.1,2.178,0.0085625,0.016047,1.0
site_1786__site_0259,site_1786,site_0259,8,8,8,12.27,0.113904,16.98,0.8223611111111111,0.8223611111111111,1.0,2.3009999999999993,0.006,0.02754659999999999,1.0
site_1542__site_1590,site_1542,site_1590,5,6,7,7.21,0.04753500000000001,46.58,2.6902777777777778,3.049916666666667,1.2,2.1660000000000004,0.009225,0.0159726,1.0
site_0164__site_0152,site_0164,site_0152,7,7,7,19.05,0.170919,21.25,0.8988888888888888,0.8988888888888888,1.1,5.7840000000000025,0.012,0.05713600000000002,1.0
site_2158__site_0173,site_2158,site_0173,6,6,7,6.3,0.033043,60.17,1.772361111111111,1.772361111111111,1.0,1.5,0.0046245,0.007875,1.0
site_0164__site_0167,site_0164,site_0167,6,6,7,13.6,0.11852499999999999,32.24,1.980138888888889,1.980138888888889,1.68,4.12,0.0112125,0.04367599999999999,1.0
site_1873__site_1877,site_1873,site_1877,6,6,7,7.0,0.030132000000000003,18.72,0.735,0.735,1.0,1.5,0.004022,0.0070220000000000005,1.0
site_1542__site_1581,site_1542,site_1581,6,7,7,9.450000000000001,0.08965699999999999,40.33,1.5677777777777777,1.5677777777777777,1.0,3.24,0.0044485,0.036358,1.0
site_1786__site_0051,site_1786,site_0051,7,7,7,13.54,0.08909800000000001,37.58,2.5166666666666666,2.5166666666666666,1.0,3.8880000000000012,0.004022,0.03078200000000001,1.0
site_0164__site_0197,site_0164,site_0197,5,7,7,24.080000000000002,0.259667,22.69,3.5470833333333336,3.8075,1.2,10.864,0.008775,0.1268608,1.0
site_1483__site_1484,site_1483,site_1484,6,6,7,9.7,0.083095,47.0,5.032916666666667,5.032916666666667,1.25,2.6,0.0070220000000000005,0.029088000000000003,1.0
site_1786__site_0221,site_1786,site_0221,6,6,7,10.4,0.102478,42.47,1.8576388888888888,1.8576388888888888,1.1,3.1,0.0076125,0.0396045,1.0
site_1786__site_0143,site_1786,site_0143,6,7,7,9.620000000000001,0.096253,41.18,3.6883333333333335,3.9656944444444444,1.06,3.2,0.006033,0.0380715,1.0
site_1071__site_1072,site_1071,site_1072,6,6,7,15.81,0.166171,34.2,1.250138888888889,1.250138888888889,1.525,5.38,0.007375,0.071262,1.0
site_2125__site_0786,site_2125,site_0786,4,5,7,4.95,0.04465178,124.65,2.2725,2.310611111111111,0.745,2.698000000000001,0.00926489,0.018261434000000003,1.0
site_1916__site_1893,site_1916,site_1893,5,5,7,7.43,0.048892000000000005,9.05,0.3827777777777778,0.3827777777777778,1.39,2.66,0.009225,0.0162492,1.0
site_1071__site_1093,site_1071,site_1093,7,7,7,10.6,0.09630992,25.76,0.9519444444444445,0.9519444444444445,1.0,3.0480000000000005,0.010935,0.025780752000000004,1.0
site_2125__site_2040,site_2125,site_2040,6,6,7,10.1,0.08926200000000001,797.115,13.080555555555556,13.080555555555556,1.605,2.9299999999999997,0.0132675,0.0241875,1.0
site_2348__site_0723,site_2348,site_0723,6,6,7,10.26,0.10049,50.55,2.074583333333333,2.074583333333333,1.1,3.0300000000000002,0.0073875,0.038409,1.0
site_1786__site_0038,site_1786,site_0038,6,6,7,7.0,0.034669000000000005,18.82,1.4187500000000002,1.4187500000000002,1.0,1.5,0.0054375,0.007875,1.0
site_1786__site_0231,site_1786,site_0231,7,7,7,16.27,0.170394,36.18,1.4427777777777777,1.4427777777777777,2.36,3.986,0.0156,0.05391360000000001,1.0
site_0164__site_0284,site_0164,site_0284,6,7,7,8.5,0.045366000000000004,19.87,2.0093055555555557,2.0808333333333335,1.0,2.25,0.005011,0.013649999999999999,1.0
site_0191__site_0019,site_0191,site_0019,7,7,7,10.41,0.08800406,20.04,0.7233333333333334,0.7233333333333334,1.0,2.616,0.004374,0.031131162,1.0
site_0862__site_0856,site_0862,site_0856,5,5,7,8.86,0.056584999999999996,26.97,0.8825,0.8825,1.5,2.7439999999999998,0.01305,0.0172424,1.0
site_1786__site_0144,site_1786,site_0144,6,6,7,17.740000000000002,0.182182,32.93,0.7658333333333334,0.7658333333333334,3.37,4.75,0.024813,0.062256,1.0
site_1786__site_0090,site_1786,site_0090,7,7,7,9.559999999999999,0.055379,11.52,0.7713888888888889,0.7713888888888889,1.0,2.144,0.004875,0.013581000000000003,1.0
site_1786__site_0153,site_1786,site_0153,6,6,7,11.56,0.088695,48.02,1.1920833333333332,1.1920833333333332,1.1,3.68,0.006033,0.034292500000000004,1.0
site_1425__site_1423,site_1425,site_1423,5,5,7,11.86,0.057473,27.96,1.3466666666666667,1.3466666666666667,2.36,3.9000000000000004,0.012066,0.017721,1.0
site_2348__site_0708,site_2348,site_0708,7,7,7,19.45,0.276224,49.35,1.2944444444444445,1.2944444444444445,2.5,4.67,0.01755,0.09064000000000004,1.0
site_0862__site_0872,site_0862,site_0872,6,6,7,10.149999999999999,0.063844,14.82,0.34472222222222226,0.34472222222222226,1.1,2.9749999999999996,0.0064595,0.020587499999999998,1.0
site_0191__site_0132,site_0191,site_0132,6,7,7,11.29,0.1115594,31.2,0.7918055555555555,0.7918055555555555,1.28,3.615,0.00867,0.0420987,1.0
site_1143__site_1150,site_1143,site_1150,6,6,7,9.7,0.08092300000000001,8.8,1.0159722222222223,1.0159722222222223,1.7000000000000002,2.4299999999999997,0.011488,0.024524999999999998,1.0
site_1425__site_1711,site_1425,site_1711,4,4,7,16.59,0.195191,27.64,0.3163888888888889,0.3163888888888889,3.535,7.425000000000001,0.043863,0.0934629,1.0
site_1786__site_0137,site_1786,site_0137,6,6,7,7.0,0.035192,43.27,1.4658333333333333,1.4658333333333333,1.0,1.5,0.005272499999999999,0.007875,1.0
site_1786__site_0016,site_1786,site_0016,6,6,7,24.59,0.241191,52.71,1.7156944444444444,1.7156944444444444,3.035,8.26,0.027207000000000002,0.0893665,1.0
site_0164__site_0032,site_0164,site_0032,5,6,7,18.0,0.036852,10.58,1.2161111111111111,1.2161111111111111,2.0,8.0,0.008044,0.010638400000000001,1.0
site_1311__site_1319,site_1311,site_1319,6,6,7,6.39,0.036188000000000005,35.29,1.0565277777777777,1.0565277777777777,1.0,1.5499999999999998,0.0044485,0.0096235,1.0
site_1786__site_0116,site_1786,site_0116,7,7,7,17.259999999999998,0.148067,50.96,1.1605555555555556,1.1605555555555556,1.0,6.1080000000000005,0.004875,0.05932560000000001,1.0
site_0164__site_0040,site_0164,site_0040,6,6,7,13.99,0.13944700000000002,11.31,1.3694444444444445,1.3694444444444445,2.36,3.635,0.01989,0.045209,1.0
site_0191__site_0194,site_0191,site_0194,7,7,7,15.129999999999999,0.1661104,31.78,1.1752777777777779,1.1752777777777779,1.0,4.62,0.004875,0.067092054,1.0
site_1143__site_1141,site_1143,site_1141,7,7,7,11.25,0.070913,19.44,0.7302777777777778,0.7302777777777778,1.0,3.3040000000000007,0.004022,0.023490000000000004,1.0
site_1071__site_1332,site_1071,site_1332,6,7,7,13.57,0.108642,74.0,2.1531944444444444,2.1531944444444444,2.35,3.185,0.0173805,0.0273495,1.0
site_1425__site_1439,site_1425,site_1439,7,7,7,13.43,0.148133,32.0,1.8905555555555555,1.8905555555555555,1.2,3.986,0.008775,0.05455080000000001,1.0
site_1143__site_1145,site_1143,site_1145,7,7,7,17.03,0.19824698,17.0,1.2038888888888888,1.2038888888888888,1.11,4.92,0.01037098,0.06935039999999999,1.0
site_1542__site_1574,site_1542,site_1574,6,6,7,13.07,0.128014,28.85,1.7341666666666666,1.7341666666666666,2.0700000000000003,3.185,0.014742,0.0426295,1.0
site_1542__site_1562,site_1542,site_1562,4,4,7,8.559999999999999,0.052147,34.5,1.48125,1.48125,2.0,3.092,0.010022,0.023010300000000004,1.0
site_0362__site_0355,site_0362,site_0355,5,5,7,11.35,0.11905528000000001,23.86,0.9502777777777778,0.9502777777777778,2.09,3.696,0.012066,0.050997600000000004,1.0
site_1402__site_1990,site_1402,site_1990,5,5,7,5.699999999999999,0.040473,14.4,1.3119444444444444,1.3119444444444444,1.2,1.944,0.008775,0.0120054,1.0
site_1197__site_1254,site_1197,site_1254,7,7,7,7.2,0.033709,23.73,0.6952777777777778,0.6952777777777778,1.0,1.08,0.004022,0.006314400000000002,1.0
site_1425__site_1708,site_1425,site_1708,7,7,7,10.57,0.079768,48.91,1.2105555555555556,1.2105555555555556,1.0,2.448000000000001,0.006,0.022575600000000008,1.0
site_0191__site_0263,site_0191,site_0263,6,6,7,7.3,0.045353000000000004,26.02,0.8893055555555556,0.8893055555555556,1.1,1.55,0.0064595,0.012195000000000001,1.0
site_0191__site_0264,site_0191,site_0264,5,5,7,9.338000000000001,0.05666766,22.44,0.8255555555555556,0.8255555555555556,1.0,4.026,0.004022,0.024347796000000005,1.0
site_0164__site_0097,site_0164,site_0097,5,6,7,5.88,0.033441,28.4,0.8141666666666667,0.8141666666666667,1.0,1.8,0.006,0.0090676,1.0
site_0191__site_0273,site_0191,site_0273,6,6,7,7.08,0.0475447,19.1,1.7358333333333333,1.7358333333333333,1.145,1.6800000000000002,0.009025350000000001,0.010725,1.0
site_1786__site_0229,site_1786,site_0229,5,5,7,9.93,0.062753,43.85,3.019722222222222,3.019722222222222,1.5,3.266,0.009225,0.0213672,1.0
site_0388__site_2189,site_0388,site_2189,3,5,7,5.9,0.044022000000000006,129.01,2.530277777777778,2.5605,2.0,2.288,0.016088,0.0191296,1.0
site_0971__site_1128,site_0971,site_1128,7,7,7,12.7,0.105799,692.89,12.828055555555556,12.828055555555556,1.0,3.1800000000000006,0.006,0.03395700000000001,1.0
site_0669__site_1128,site_0669,site_1128,5,5,7,11.0,0.139272,745.57,12.655277777777778,12.655277777777778,1.0,4.4,0.00625,0.07060880000000001,1.0
site_2158__site_0256,site_2158,site_0256,6,6,7,8.36,0.044513000000000004,53.08,1.716388888888889,1.716388888888889,1.0,2.1799999999999997,0.0044485,0.013786,1.0
site_2348__site_0760,site_2348,site_0760,5,5,7,15.739999999999998,0.16282200000000002,44.56,1.9355555555555555,1.9355555555555555,1.04,6.72,0.009225,0.0765006,1.0
site_1873__site_1808,site_1873,site_1808,6,6,6,11.620000000000001,0.123472,7.34,0.5418055555555555,0.5418055555555555,1.0,3.81,0.004875,0.052839,1.0
site_2158__site_0098,site_2158,site_0098,5,5,6,7.16,0.039017,40.46,1.603611111111111,1.603611111111111,1.0,2.2960000000000003,0.004374,0.015084600000000004,1.0
site_2158__site_0109,site_2158,site_0109,6,6,6,9.6,0.10372100000000001,44.08,2.484861111111111,2.484861111111111,1.0,3.585,0.0054375,0.042401,1.0
site_2158__site_0156,site_2158,site_0156,6,6,6,9.07,0.061348,35.47,2.10625,2.10625,1.0,2.535,0.005187000000000001,0.021464999999999998,1.0
site_2158__site_0162,site_2158,site_0162,5,5,6,7.33,0.042216000000000004,40.83,1.3330555555555557,1.3330555555555557,2.0,2.0,0.008044,0.01254,1.0
site_2158__site_0226,site_2158,site_0226,5,5,6,8.27,0.055831000000000006,45.92,1.3394444444444444,1.3394444444444444,1.2,2.5220000000000002,0.010935,0.0163188,1.0
site_0482__site_0457,site_0482,site_0457,5,5,6,4.78,0.024132,13.68,0.9825,0.9825,1.0,1.0,0.004022,0.006435200000000001,1.0
site_2158__site_0288,site_2158,site_0288,6,6,6,10.95,0.1175,36.65,1.7944444444444443,1.7944444444444443,1.2,3.2750000000000004,0.01008,0.043658999999999996,1.0
site_2158__site_1178,site_2158,site_1178,6,6,6,10.39,0.100164,76.0,2.2181944444444444,2.2181944444444444,1.1,3.095,0.0070220000000000005,0.0386115,1.0
site_2158__site_1459,site_2158,site_1459,4,6,6,8.51,0.071522,14.8,0.6352777777777778,0.6465000000000001,1.7999999999999998,3.9400000000000004,0.0162,0.031131000000000002,1.0
site_2158__site_2103,site_2158,site_2103,3,3,6,7.2,0.033609,69.0,2.5225,2.5225,2.0,3.6,0.009477,0.0147658,1.0
site_1071__site_0164,site_1071,site_0164,5,5,6,7.2,0.042272000000000004,203.67,3.202777777777778,3.202777777777778,1.0,2.2,0.006,0.0144,1.0
site_1873__site_1880,site_1873,site_1880,5,5,6,6.2,0.033876,19.0,0.7105555555555556,0.7105555555555556,1.0,1.6800000000000002,0.006,0.0097786,1.0
site_0786__site_0797,site_0786,site_0797,6,6,6,5.7,0.034228,82.83,1.3695833333333334,1.3695833333333334,1.0,1.1,0.0046245,0.0084675,1.0
site_2158__site_2131,site_2158,site_2131,6,6,6,6.37,0.043116,60.6,3.0791666666666666,3.0791666666666666,1.05,1.44,0.0063985,0.011137500000000002,1.0
site_1873__site_1886,site_1873,site_1886,6,6,6,8.459999999999999,0.061294,15.29,0.8018055555555555,0.8018055555555555,1.1,2.13,0.007905,0.01872,1.0
site_1197__site_1220,site_1197,site_1220,4,4,6,6.4,0.037101,39.72,1.0795833333333333,1.0795833333333333,1.2,2.4600000000000004,0.01008,0.012323800000000001,1.0
site_1933__site_1938,site_1933,site_1938,6,6,6,6.75,0.05477978,31.41,0.9344444444444444,0.9344444444444444,1.17,1.815,0.0075320199999999995,0.01583587,1.0
site_2224__site_0410,site_2224,site_0410,4,4,6,4.73,0.0445387,2579.01,52.48527777777778,52.48527777777778,1.125,2.0900000000000003,0.008887284999999998,0.018716862,1.0
site_1786__site_0022,site_1786,site_0022,4,4,6,7.97,0.074798,43.09,0.70625,0.70625,1.7349999999999999,3.45,0.017148,0.0334116,1.0
site_1921__site_1911,site_1921,site_1911,6,6,6,7.76,0.052607,29.27,0.9415277777777777,0.9415277777777777,1.1,1.7799999999999998,0.0076125,0.0142425,1.0
site_2238__site_2265,site_2238,site_2265,5,5,6,6.2,0.031067,250.0,2.9344444444444444,2.9344444444444444,1.0,1.6800000000000002,0.004022,0.009636200000000001,1.0
site_2348__site_0709,site_2348,site_0709,6,6,6,8.36,0.052393,49.77,1.5202777777777778,1.5202777777777778,1.0,2.38,0.0046245,0.01755,1.0
site_1873__site_1893,site_1873,site_1893,6,6,6,10.879999999999999,0.11852696,38.379999999999995,0.8745833333333333,0.8745833333333333,1.6,3.19,0.0075,0.04675248,1.0
site_2348__site_0713,site_2348,site_0713,6,6,6,7.33,0.05761200000000001,46.91,3.071527777777778,3.071527777777778,0.755,2.5,0.004022,0.020762000000000003,1.0
site_1289__site_1293,site_1289,site_1293,5,5,6,24.24,0.263502,25.16,0.8783333333333333,0.8783333333333333,4.4,8.8,0.0351,0.11139480000000002,1.0
site_1202__site_0472,site_1202,site_0472,6,6,6,4.43,0.033023000000000004,75.86,1.428611111111111,1.428611111111111,0.76,1.1,0.004022,0.0084675,1.0
site_0164__site_0138,site_0164,site_0138,4,6,6,10.89,0.088267,15.5225,0.9159722222222223,1.2644166666666667,2.2,5.332000000000001,0.0146275,0.046062900000000004,1.0
site_1212__site_1202,site_1212,site_1202,4,4,6,4.890000000000001,0.038313,66.96,0.9847222222222223,0.9847222222222223,0.985,2.2660000000000005,0.0083705,0.0159048,1.0
site_2348__site_0759,site_2348,site_0759,6,6,6,9.690000000000001,0.099095,39.72,1.7737500000000002,1.7737500000000002,1.0,3.33,0.0054375,0.040088,1.0
site_1233__site_1219,site_1233,site_1219,6,6,6,11.52,0.108985,8.99,0.6731944444444444,0.6731944444444444,1.0,3.76,0.0054375,0.045033000000000004,1.0
site_2348__site_0763,site_2348,site_0763,5,5,6,5.21,0.035446000000000005,31.4,1.306111111111111,1.306111111111111,1.0,1.8,0.004022,0.012078,1.0
site_1749__site_2013,site_1749,site_2013,5,5,6,5.7,0.031041,127.25,2.401111111111111,2.401111111111111,1.0,1.38,0.004875,0.008752600000000001,1.0
site_2348__site_0768,site_2348,site_0768,3,4,6,6.18,0.044746,25.65,1.2794444444444444,1.2794444444444444,2.48,2.7359999999999998,0.017072,0.0191184,1.0
site_2348__site_1158,site_2348,site_1158,4,5,6,9.4,0.097556,71.36,1.8788888888888888,1.9616666666666667,2.2,3.8200000000000003,0.013786,0.05126040000000001,1.0
site_2348__site_2341,site_2348,site_2341,5,5,6,6.32,0.043696000000000006,70.87,1.9027777777777777,1.9027777777777777,1.0,2.3600000000000003,0.004022,0.016578000000000002,1.0
site_2348__site_2352,site_2348,site_2352,4,6,6,17.75,0.108131,61.6,1.501875,1.5108194444444445,4.37,6.011,0.027327999999999998,0.0371517,1.0
site_0812__site_0786,site_0812,site_0786,6,6,6,3.1500000000000004,0.024132,31.75,2.1531944444444444,2.1531944444444444,0.55,0.6000000000000001,0.004022,0.004022,1.0
site_1642__site_1659,site_1642,site_1659,5,5,6,9.219999999999999,0.13030999999999998,41.78,2.8316666666666666,2.8316666666666666,0.87,3.836,0.008044,0.0588984,1.0
site_0164__site_0198,site_0164,site_0198,5,5,6,9.89,0.076985,26.37,1.4275,1.4275,2.0,3.1340000000000003,0.008044,0.034417600000000007,1.0
site_0388__site_0381,site_0388,site_0381,4,5,6,7.33,0.105682,156.72,3.4199305555555557,3.8873194444444445,1.535,3.6320000000000006,0.014957000000000002,0.055398600000000006,1.0
site_0930__site_0422,site_0930,site_0422,5,5,6,9.129999999999999,0.09900889,33.34,0.8508333333333333,0.8508333333333333,1.2,3.420000000000001,0.008755889999999999,0.04472520000000001,1.0
site_1587__site_2445,site_1587,site_2445,6,6,6,10.21,0.075383,231.58,4.130416666666667,4.130416666666667,1.675,2.4299999999999997,0.014988000000000001,0.0176925,1.0
site_1304__site_1782,site_1304,site_1782,3,3,6,6.0,0.024985,60.0,1.1580555555555556,1.1580555555555556,2.0,2.8,0.008044,0.0112616,1.0
site_1587__site_2077,site_1587,site_2077,6,6,6,6.0,0.02611,68.42,1.7761111111111112,1.7761111111111112,1.0,1.0,0.004022,0.005011,1.0
site_0388__site_0164,site_0388,site_0164,6,6,6,5.48,0.05347987,264.62,4.381111111111111,4.381111111111111,0.815,1.5,0.00882977,0.0120066,1.0
site_1425__site_1283,site_1425,site_1283,5,5,6,7.470000000000001,0.063332,39.35,0.9247222222222222,0.9247222222222222,1.2,2.3680000000000003,0.01134,0.020196000000000002,1.0
site_0786__site_0810,site_0786,site_0810,6,6,6,5.24,0.039946,26.39,0.6119444444444444,0.6119444444444444,1.05,1.2,0.006073500000000001,0.0098775,1.0
site_1587__site_2075,site_1587,site_2075,6,6,6,6.66,0.038012000000000004,59.76,1.7697222222222222,1.7697222222222222,1.0,1.68,0.004022,0.010962,1.0
site_0537__site_0604,site_0537,site_0604,5,5,6,5.21,0.042019480000000005,34.76,1.0108333333333333,1.0108333333333333,0.64,2.11,0.004022,0.016997088,1.0
site_0191__site_0053,site_0191,site_0053,4,4,6,11.790000000000001,0.14579482,29.7,0.9533333333333334,0.9533333333333334,3.075,4.675000000000001,0.037795314999999996,0.06533262199999999,1.0
site_0191__site_0113,site_0191,site_0113,4,5,6,10.09,0.10333706,99.31,1.8177777777777777,1.8177777777777777,1.1,5.190000000000001,0.009801765,0.05848147100000001,1.0
site_0537__site_0639,site_0537,site_0639,6,6,6,10.52,0.10846932000000001,43.0,1.8158333333333334,1.8158333333333334,1.1,3.16,0.007905,0.042307660000000004,1.0
site_0690__site_0701,site_0690,site_0701,5,5,6,2.86,0.028885,75.0,1.718611111111111,1.718611111111111,0.53,0.7839999999999999,0.004022,0.0084826,1.0
site_0537__site_0665,site_0537,site_0665,3,3,6,4.87,0.024132,33.47,1.618611111111111,1.618611111111111,2.0,2.4,0.008044,0.0112616,1.0
site_1873__site_1859,site_1873,site_1859,5,6,6,7.7,0.050881,10.205,1.1558333333333333,1.6231666666666666,1.2,2.46,0.009477,0.0173172,1.0
site_1786__site_0253,site_1786,site_0253,5,5,6,9.45,0.111135,48.76,1.83,1.83,1.0,4.312,0.004022,0.05846640000000001,1.0
site_0191__site_0163,site_0191,site_0163,6,6,6,10.52,0.07782446000000001,33.44,1.8184722222222223,1.8184722222222223,1.0,3.26,0.0054375,0.029452730000000003,1.0
site_1542__site_1598,site_1542,site_1598,4,4,6,10.86,0.08379400000000001,68.0,2.5169444444444444,2.5169444444444444,2.6799999999999997,4.158,0.014984,0.0408429,1.0
site_1258__site_1304,site_1258,site_1304,5,5,6,3.64,0.028154000000000002,354.57,5.2283333333333335,5.2283333333333335,0.63,1.0959999999999999,0.004022,0.008044,1.0
site_1542__site_1594,site_1542,site_1594,5,5,6,10.16,0.09759699999999999,41.0,2.2683333333333335,2.2683333333333335,1.0,3.8960000000000004,0.006,0.0478,1.0
site_1542__site_1591,site_1542,site_1591,5,5,6,9.5,0.07107400000000001,43.0,1.3116666666666668,1.3116666666666668,1.0,3.5,0.006,0.030708000000000003,1.0
site_0569__site_0614,site_0569,site_0614,5,5,6,7.0,0.04619,91.0,1.5102777777777778,1.5102777777777778,1.0,2.2,0.0048,0.0175076,1.0
site_1542__site_1588,site_1542,site_1588,5,5,6,5.7,0.03297,33.35,2.6838888888888888,2.6838888888888888,1.0,1.38,0.006,0.0095356,1.0
site_0614__site_0582,site_0614,site_0582,5,6,6,5.7,0.039304,35.0,1.7694444444444444,1.7694444444444444,1.0,1.38,0.006,0.0124572,1.0
site_0191__site_0217,site_0191,site_0217,6,6,6,9.285,0.1624623,11.34,0.6177777777777778,0.6177777777777778,1.0,2.8249999999999997,0.009351,0.06785814999999999,1.0
site_0690__site_1311,site_0690,site_1311,5,5,6,2.27,0.028154000000000005,2154.46,33.294444444444444,33.294444444444444,0.46,0.7380000000000001,0.004022,0.008044,1.0
site_1425__site_1447,site_1425,site_1447,5,5,6,9.72,0.1029,27.31,1.0919444444444444,1.0919444444444444,1.56,3.2960000000000003,0.008044,0.0487944,1.0
site_1786__site_0285,site_1786,site_0285,6,6,6,6.97,0.051235,12.46,4.804166666666667,4.804166666666667,1.2,1.5350000000000001,0.009702,0.011893500000000001,1.0
site_1233__site_1195,site_1233,site_1195,5,5,6,7.5600000000000005,0.044972,5.81,0.4658333333333333,0.4658333333333333,1.0,2.296,0.004875,0.0156488,1.0
site_1259__site_1727,site_1259,site_1727,4,4,6,8.04,0.071716,181.71,3.1479166666666667,3.1479166666666667,1.56,3.2670000000000003,0.014808,0.028575000000000003,1.0
site_0690__site_2026,site_0690,site_2026,5,6,6,2.83,0.029110000000000004,351.92,5.359166666666667,5.359166666666667,0.55,0.864,0.004022,0.0086176,1.0
site_0191__site_0286,site_0191,site_0286,6,6,6,8.559999999999999,0.08078299,16.7,4.115,4.115,1.0,2.5999999999999996,0.0048198500000000005,0.031549645,1.0
site_1259__site_1051,site_1259,site_1051,4,4,6,4.37,0.036363000000000006,510.0,6.914722222222222,6.914722222222222,0.9299999999999999,1.8400000000000003,0.008558,0.013379100000000001,1.0
site_1881__site_1831,site_1881,site_1831,5,5,6,7.2,0.045778,39.33,1.5369444444444444,1.5369444444444444,1.2,2.1,0.008044,0.014904,1.0
site_1542__site_1556,site_1542,site_1556,6,6,6,6.2,0.0354,53.76,2.2263888888888888,2.2263888888888888,1.0,1.1,0.0054375,0.0073875,1.0
site_0833__site_0846,site_0833,site_0846,6,6,6,6.4,0.040789,53.37,1.2045833333333333,1.2045833333333333,1.0,1.2,0.0054375,0.010935,1.0
site_1542__site_1515,site_1542,site_1515,5,5,6,8.27,0.062419,43.3,2.091666666666667,2.091666666666667,1.0,3.08,0.006,0.025047,1.0
site_1350__site_1359,site_1350,site_1359,6,6,6,6.01,0.04538299,31.1,1.12,1.12,1.01,1.6,0.007201994999999999,0.0114675,1.0
site_1873__site_1819,site_1873,site_1819,4,4,6,9.55,0.06627,20.0,0.6565277777777778,0.6565277777777778,1.8399999999999999,4.009,0.009692,0.0320222,1.0
site_2125__site_1071,site_2125,site_1071,3,3,6,1.55,0.046680919999999994,220.99,3.403888888888889,3.403888888888889,0.33,0.9460000000000002,0.009225,0.028592136,1.0
site_1873__site_1822,site_1873,site_1822,5,6,6,9.27,0.120804,11.15,0.8865277777777778,1.0625,1.2,3.0420000000000003,0.010935,0.053168400000000005,1.0
site_1786__site_0107,site_1786,site_0107,5,5,6,6.4,0.039883,45.09,1.5619444444444444,1.5619444444444444,1.2,1.6800000000000002,0.008396,0.010773,1.0
site_0329__site_0340,site_0329,site_0340,6,6,6,11.73,0.079566,26.39,0.6311111111111112,0.6311111111111112,1.68,3.185,0.010786,0.024974999999999997,1.0
site_0388__site_2322,site_0388,site_2322,6,6,6,6.67,0.05380799,48.25,1.3416666666666668,1.3416666666666668,0.8300000000000001,2.15,0.006205110000000001,0.016676885,1.0
site_1071__site_2300,site_1071,site_2300,6,6,6,9.74,0.089424,26.71,1.5829166666666667,1.5829166666666667,1.1,3.42,0.007805,0.032885,1.0
site_1873__site_1841,site_1873,site_1841,4,4,6,7.76,0.053403,13.64,0.7622222222222222,0.7622222222222222,1.7799999999999998,2.8080000000000003,0.012459000000000001,0.0161406,1.0
site_1425__site_1438,site_1425,site_1438,5,5,6,7.76,0.055539000000000005,27.9,1.0922222222222222,1.0922222222222222,1.2,2.296,0.010179,0.016854,1.0
site_2125__site_1723,site_2125,site_1723,5,5,6,7.789999999999999,0.06672836,1695.69,26.836111111111112,26.836111111111112,1.2,2.5999999999999996,0.010935,0.021321,1.0
site_2125__site_2026,site_2125,site_2026,5,5,6,8.32,0.059702000000000005,1134.7,17.3725,17.3725,1.56,2.216,0.01053,0.016308000000000003,1.0
site_1873__site_1863,site_1873,site_1863,5,5,6,10.16,0.132637,14.09,0.4097222222222222,0.4097222222222222,1.0,3.8960000000000004,0.004875,0.06946920000000001,1.0
site_2149__site_1533,site_2149,site_1533,4,4,6,6.609999999999999,0.051188000000000004,215.9,2.666388888888889,2.666388888888889,1.6749999999999998,2.894,0.012797000000000001,0.021572,1.0
site_2149__site_1587,site_2149,site_1587,6,6,6,7.86,0.06290676,217.24,3.648472222222222,3.648472222222222,1.05,2.59,0.009136930000000001,0.01829445,1.0
site_1873__site_1874,site_1873,site_1874,5,5,6,6.2,0.034729,4.54,0.7452777777777778,0.7452777777777778,1.0,1.6800000000000002,0.006,0.0097786,1.0
site_2158__site_0025,site_2158,site_0025,4,4,6,7.859999999999999,0.054574000000000004,59.68,2.8419444444444446,2.8419444444444446,1.85,3.302,0.011236000000000001,0.025191,1.0
site_2158__site_0028,site_2158,site_0028,5,5,6,5.255,0.028168000000000002,40.61,1.7827777777777778,1.7827777777777778,1.0,1.153,0.004875,0.007738200000000001,1.0
site_0164__site_0271,site_0164,site_0271,5,5,5,8.27,0.062484,15.43,1.1027777777777779,1.1027777777777779,1.2,2.8020000000000005,0.008775,0.023814000000000002,1.0
site_1425__site_1713,site_1425,site_1713,5,5,5,4.63,0.044495,34.04,0.8711111111111111,0.8711111111111111,1.2,1.2,0.009828,0.010935,1.0
site_0786__site_0817,site_0786,site_0817,5,5,5,9.56,0.09023400000000001,32.04,0.9280555555555555,0.9280555555555555,1.0,3.6960000000000006,0.006,0.0418284,1.0
site_1289__site_1288,site_1289,site_1288,4,4,5,8.68,0.07251032,16.56,0.46875,0.46875,2.1399999999999997,3.0880000000000005,0.01840516,0.024205596000000003,1.0
site_0482__site_0465,site_0482,site_0465,4,5,5,6.56,0.043744000000000005,14.45,0.8198611111111112,0.8198611111111112,1.0,2.7920000000000003,0.0044485,0.023040000000000005,1.0
site_1881__site_1889,site_1881,site_1889,5,5,5,5.74,0.038841,35.42,1.3025,1.3025,1.0,1.816,0.004022,0.01422,1.0
site_0191__site_0257,site_0191,site_0257,5,5,5,4.5,0.027019,14.46,0.5291666666666667,0.5291666666666667,1.0,1.12,0.004875,0.007485,1.0
site_1071__site_1077,site_1071,site_1077,5,5,5,5.76,0.039150000000000004,21.4,0.8216666666666667,0.8216666666666667,1.0,1.416,0.006,0.011178,1.0
site_1542__site_1558,site_1542,site_1558,5,5,5,10.52,0.10064500000000001,30.36,1.4725,1.4725,1.0,4.04,0.004875,0.049125600000000005,1.0
site_1881__site_1848,site_1881,site_1848,4,4,5,4.5,0.020963000000000002,41.29,1.0119444444444445,1.0119444444444445,1.0,1.35,0.0044485,0.007093300000000001,1.0
site_1197__site_1194,site_1197,site_1194,5,5,5,9.629999999999999,0.08007900000000001,5.82,0.4175,0.4175,1.2,3.266,0.009225,0.0300744,1.0
site_1881__site_1828,site_1881,site_1828,5,5,5,12.23,0.133373,39.71,0.9786111111111111,0.9786111111111111,1.2,4.644,0.010935,0.0601472,1.0
site_0786__site_0796,site_0786,site_0796,4,4,5,6.04,0.04053,83.15,1.3452777777777778,1.3452777777777778,1.52,1.862,0.011072,0.0142848,1.0
site_1542__site_1557,site_1542,site_1557,5,5,5,10.09,0.103326,32.0,2.2469444444444444,2.2469444444444444,1.2,3.656,0.01053,0.0467592,1.0
site_1786__site_0034,site_1786,site_0034,5,5,5,10.88,0.088113,20.71,1.2447222222222223,1.2447222222222223,1.4,3.8680000000000003,0.008775,0.035862000000000005,1.0
site_0164__site_0031,site_0164,site_0031,3,4,5,9.459999999999999,0.07165,26.31,4.041944444444445,6.098166666666667,2.36,5.352,0.01755,0.043410000000000004,1.0
site_1542__site_1549,site_1542,site_1549,5,5,5,5.0,0.022941000000000003,37.36,1.6280555555555556,1.6280555555555556,1.0,1.0,0.004022,0.00555,1.0
site_0786__site_0820,site_0786,site_0820,4,4,5,4.85,0.031101999999999998,89.76,1.7915277777777778,1.7915277777777778,1.1,1.5150000000000001,0.007286,0.0099426,1.0
site_0164__site_0059,site_0164,site_0059,5,5,5,4.5,0.030713000000000004,22.13,0.8075,0.8075,1.0,1.1800000000000002,0.004022,0.010383800000000002,1.0
site_0348__site_1243,site_0348,site_1243,5,5,5,4.37,0.06174033,67.06,1.5041666666666667,1.5041666666666667,0.92,1.388,0.0078849,0.024880254000000004,1.0
site_0164__site_0069,site_0164,site_0069,4,4,5,4.76,0.035194,22.48,1.4570833333333333,1.4570833333333333,1.13,1.9180000000000004,0.0081075,0.0138719,1.0
site_1402__site_1691,site_1402,site_1691,5,5,5,14.47,0.1940184,48.68,2.3444444444444446,2.3444444444444446,2.35,4.308,0.021875,0.0682152,1.0
site_1197__site_1196,site_1197,site_1196,4,4,5,5.2,0.028275,33.11,1.0234722222222223,1.0234722222222223,1.1,1.7600000000000002,0.0068249999999999995,0.0094575,1.0
site_1071__site_1095,site_1071,site_1095,4,5,5,7.87,0.051839,48.0,1.0722222222222224,1.0722222222222224,2.0,2.849,0.0139635,0.019458000000000003,1.0
site_1921__site_1865,site_1921,site_1865,5,5,5,9.06,0.08807799999999999,9.0,0.6961111111111111,0.6961111111111111,1.0,3.3240000000000003,0.004022,0.0433392,1.0
site_0164__site_0147,site_0164,site_0147,4,4,5,5.9,0.038811,13.08,0.71375,0.71375,1.25,2.13,0.0064595,0.017722200000000004,1.0
site_0862__site_0882,site_0862,site_0882,4,4,5,7.66,0.09022,10.36,0.3159722222222222,0.3159722222222222,1.25,3.3620000000000005,0.0070220000000000005,0.05153640000000001,1.0
site_1786__site_0210,site_1786,site_0210,5,5,5,9.36,0.092995,6.21,0.7627777777777778,0.7627777777777778,1.0,3.5760000000000005,0.006,0.045615600000000006,1.0
site_0669__site_0522,site_0669,site_0522,2,3,5,11.32,0.12528,32.63,4.3405555555555555,4.695222222222222,5.66,8.3,0.06264,0.09684,1.0
site_0164__site_0176,site_0164,site_0176,4,4,5,5.7,0.036199,30.24,1.924027777777778,1.924027777777778,1.35,1.85,0.009287,0.011559,1.0
site_0690__site_2222,site_0690,site_2222,4,4,5,4.1,0.0394939,1124.61,18.575277777777778,18.575277777777778,0.8099999999999999,1.8150000000000002,0.008479150000000001,0.01563381,1.0
site_1749__site_2017,site_1749,site_2017,3,3,5,5.0600000000000005,0.03064,119.81,2.2327777777777778,2.2327777777777778,1.2,2.64,0.01053,0.0117588,1.0
site_1143__site_1148,site_1143,site_1148,5,5,5,7.720000000000001,0.051753770000000004,12.96,2.2644444444444445,2.2644444444444445,1.0,2.7560000000000002,0.004875,0.019511908,1.0
site_1749__site_1752,site_1749,site_1752,4,4,5,3.755,0.027694,30.674999999999997,1.3420833333333333,1.3420833333333333,1.0150000000000001,1.149,0.0068249999999999995,0.0096479,1.0
site_1737__site_2149,site_1737,site_2149,5,5,5,7.09,0.07215978,950.75,14.604722222222222,14.604722222222222,0.96,2.8200000000000003,0.011792440000000001,0.023006136,1.0
site_0164__site_0238,site_0164,site_0238,4,5,5,5.3,0.029126000000000003,9.8,1.9588194444444444,2.2064305555555555,1.15,1.7600000000000002,0.007677,0.00966,1.0
site_1786__site_0243,site_1786,site_0243,5,5,5,5.92,0.037498000000000004,48.41,1.6813888888888888,1.6813888888888888,1.0,1.6800000000000002,0.004875,0.0127116,1.0
site_0690__site_0573,site_0690,site_0573,3,3,5,4.07,0.025147000000000003,20.0,2.403611111111111,2.403611111111111,0.81,2.5620000000000003,0.00845,0.01183,1.0
site_0164__site_0297,site_0164,site_0297,5,5,5,7.38,0.037145000000000004,32.14,1.7677777777777777,1.7677777777777777,2.0,2.0,0.008748,0.00975,1.0
site_1542__site_1525,site_1542,site_1525,4,4,5,5.4,0.035914,34.44,1.7119444444444445,1.7119444444444445,1.0,1.9800000000000002,0.005011,0.017109000000000003,1.0
site_1786__site_0066,site_1786,site_0066,3,3,5,5.0,0.024066000000000004,48.92,4.911388888888889,4.911388888888889,2.0,2.0,0.008044,0.011208800000000001,1.0
site_1786__site_0062,site_1786,site_0062,5,5,5,9.43,0.058731000000000005,31.49,1.9272222222222222,1.9272222222222222,2.0,2.666,0.009225,0.018954000000000002,1.0
site_0388__site_2328,site_0388,site_2328,4,4,5,4.355,0.03673769,52.72,1.2704166666666667,1.2704166666666667,1.145,1.5910000000000002,0.008313845,0.014297600000000002,1.0
site_1259__site_0893,site_1259,site_0893,5,5,5,6.2,0.040897,543.61,8.561944444444444,8.561944444444444,1.0,1.816,0.006,0.01391,1.0
site_1233__site_1228,site_1233,site_1228,5,5,5,4.1,0.026418,17.76,0.5338888888888889,0.5338888888888889,1.0,1.072,0.004022,0.0076362,1.0
site_0971__site_1040,site_0971,site_1040,5,5,5,8.09,0.06892899999999999,47.6,1.318888888888889,1.318888888888889,1.2,2.6559999999999997,0.010935,0.02646,1.0
site_1893__site_1881,site_1893,site_1881,4,5,5,7.04,0.05612368,19.57,0.6093055555555555,0.6093055555555555,1.6949999999999998,2.455,0.0086345,0.026903976000000003,1.0
site_0191__site_0183,site_0191,site_0183,5,5,5,3.95,0.029854000000000002,23.78,1.9177777777777778,1.9177777777777778,1.0,1.12,0.004875,0.008961,1.0
site_1542__site_1559,site_1542,site_1559,5,5,5,9.219999999999999,0.106318,31.0,1.408611111111111,1.408611111111111,1.2,3.3440000000000003,0.01053,0.045546600000000007,1.0
site_0191__site_0193,site_0191,site_0193,5,5,5,5.0,0.034834000000000004,26.41,0.9272222222222222,0.9272222222222222,1.0,1.336,0.006,0.010584,1.0
site_0191__site_0195,site_0191,site_0195,5,5,5,5.36,0.0428654,17.8,0.9613888888888888,0.9613888888888888,1.06,1.16,0.0086184,0.01269,1.0
site_0388__site_1685,site_0388,site_1685,4,4,5,3.795,0.029991000000000004,94.26,1.7193055555555556,1.7193055555555556,0.9275,1.35,0.0064595,0.011548200000000002,1.0
site_1542__site_1511,site_1542,site_1511,5,5,5,4.5,0.021315,75.0,2.2952777777777778,2.2952777777777778,1.0,1.0,0.004022,0.0046746,1.0
site_0537__site_0668,site_0537,site_0668,5,5,5,5.4,0.039544,55.06,1.6086111111111112,1.6086111111111112,1.0,1.2,0.008775,0.01179,1.0
site_1873__site_1815,site_1873,site_1815,4,4,5,10.23,0.097721,13.0,0.3273611111111111,0.3273611111111111,2.1799999999999997,4.117000000000001,0.012797,0.05234140000000001,1.0
site_1425__site_1445,site_1425,site_1445,5,5,5,6.32,0.049693,33.3,1.2691666666666668,1.2691666666666668,1.0,2.116,0.004374,0.02139,1.0
site_1542__site_1589,site_1542,site_1589,5,5,5,6.359999999999999,0.043562000000000003,38.0,1.3991666666666667,1.3991666666666667,1.0,1.816,0.006,0.015444000000000003,1.0
site_1425__site_1714,site_1425,site_1714,4,4,5,6.07,0.033585000000000004,41.7,1.125,1.125,1.5350000000000001,1.961,0.009111500000000002,0.0109917,1.0
site_2125__site_1425,site_2125,site_1425,2,2,5,1.5899999999999999,0.03315334,114.67,5.1466666666666665,5.1466666666666665,0.7949999999999999,1.335,0.01657667,0.020766006,1.5
site_2125__site_1542,site_2125,site_1542,3,3,5,1.12,0.020110000000000003,213.98,3.5230555555555556,3.5230555555555556,0.09,0.8180000000000001,0.004022,0.010457200000000002,1.0
site_0833__site_0838,site_0833,site_0838,4,4,5,10.16,0.067444,44.63,0.9902777777777778,0.9902777777777778,1.68,4.768000000000001,0.010786,0.03456,1.0
site_1542__site_1579,site_1542,site_1579,4,4,5,8.2,0.090003,15.59,2.687777777777778,2.687777777777778,1.6,3.4600000000000004,0.0104785,0.0497575,1.0
site_1587__site_2068,site_1587,site_2068,4,4,5,6.07,0.040723999999999996,54.13,1.3018055555555557,1.3018055555555557,1.1,2.369,0.0094875,0.0166389,1.0
site_1441__site_0164,site_1441,site_0164,5,5,5,17.14,0.098444,141.72,2.390833333333333,2.390833333333333,1.0,8.136000000000001,0.006,0.04864,1.0
site_2125__site_2311,site_2125,site_2311,5,5,5,5.2,0.034335,1720.93,26.103055555555557,26.103055555555557,1.0,1.12,0.004875,0.010071,1.0
site_0329__site_0322,site_0329,site_0322,5,5,5,10.16,0.074794,26.23,0.7925,0.7925,1.0,3.8960000000000004,0.006,0.033724000000000004,1.0
site_2149__site_1425,site_2149,site_1425,4,4,5,4.665,0.043594,91.8,1.6822222222222223,1.6822222222222223,0.7525000000000001,2.2020000000000004,0.006736000000000001,0.021105000000000006,1.0
site_1258__site_2425,site_1258,site_2425,4,4,5,3.4999999999999996,0.035616,635.17,9.45986111111111,9.45986111111111,0.375,1.9900000000000004,0.004022,0.017691600000000005,1.0
site_1786__site_0254,site_1786,site_0254,5,5,5,17.9,0.166315,19.56,2.8625,2.8625,1.2,7.960000000000001,0.010179,0.08371440000000001,1.0
site_1542__site_1572,site_1542,site_1572,5,5,5,6.92,0.043787,39.0,2.472777777777778,2.472777777777778,1.0,2.04,0.006,0.015066,1.0
site_1542__site_1571,site_1542,site_1571,5,5,5,5.4,0.034204,41.71,2.486666666666667,2.486666666666667,1.0,1.2,0.006,0.010251,1.0
site_1786__site_0120,site_1786,site_0120,4,4,5,12.030000000000001,0.12408699999999999,37.99,1.375,1.375,2.935,4.773000000000001,0.022454000000000002,0.063072,1.0
site_1786__site_0245,site_1786,site_0245,3,3,5,6.42,0.039934000000000004,50.83,2.133888888888889,2.133888888888889,2.0,2.336,0.012,0.018312000000000002,1.0
site_0971__site_0966,site_0971,site_0966,5,5,5,5.26,0.032897,49.0,1.4477777777777778,1.4477777777777778,1.0,1.144,0.006,0.009045000000000001,1.0
site_1587__site_2076,site_1587,site_2076,5,5,5,6.1,0.037684,85.15,2.147222222222222,2.147222222222222,1.0,1.6600000000000001,0.004875,0.013884000000000002,1.0
site_2158__site_0222,site_2158,site_0222,5,5,5,5.1,0.027044000000000002,44.18,1.4819444444444445,1.4819444444444445,1.0,1.06,0.004875,0.007275,1.0
site_0930__site_0426,site_0930,site_0426,5,5,5,10.74,0.077589,52.41,1.3119444444444444,1.3119444444444444,1.0,4.6,0.004875,0.035292000000000004,1.0
site_2158__site_1045,site_2158,site_1045,5,5,5,6.4,0.035344,17.57,1.5,1.5,1.0,1.84,0.004875,0.012480000000000002,1.0
site_2158__site_1465,site_2158,site_1465,4,4,5,7.7,0.06507399999999999,31.41,1.267777777777778,1.267777777777778,1.45,3.5100000000000007,0.010786,0.03290100000000001,1.0
site_0329__site_0318,site_0329,site_0318,4,4,5,8.47,0.058095999999999995,32.18,0.8934722222222222,0.8934722222222222,1.8,3.309,0.010837,0.026769,1.0
site_0690__site_1350,site_0690,site_1350,5,5,5,2.03,0.020763000000000004,2021.84,30.855833333333333,30.855833333333333,0.32,0.59,0.004022,0.004413800000000001,1.0
site_0362__site_2004,site_0362,site_2004,4,4,5,4.52,0.020110000000000003,54.51,1.1144444444444446,1.1144444444444446,1.0,1.7000000000000002,0.004022,0.006837400000000001,1.0
site_1233__site_1214,site_1233,site_1214,5,5,5,9.32,0.11802900000000001,9.09,0.8005555555555556,0.8005555555555556,1.2,3.2800000000000002,0.010935,0.055526400000000004,1.0
site_2158__site_2150,site_2158,site_2150,5,5,5,13.98,0.175055,37.02,1.3888888888888888,1.3888888888888888,2.36,5.16,0.01755,0.074304,1.0
site_2158__site_2154,site_2158,site_2154,5,5,5,8.3,0.056689,49.65,1.4883333333333333,1.4883333333333333,1.5,2.4,0.009225,0.020142,1.0
site_0537__site_0563,site_0537,site_0563,4,4,5,5.0,0.020963000000000002,23.88,0.8729166666666667,0.8729166666666667,1.0,1.7000000000000002,0.004022,0.007434500000000001,1.0
site_1786__site_0278,site_1786,site_0278,5,5,5,22.32,0.26735200000000003,40.08,2.2505555555555556,2.2505555555555556,1.2,11.152000000000001,0.009225,0.14681200000000003,1.0
site_0537__site_0548,site_0537,site_0548,4,4,5,5.54,0.029359000000000003,34.55,1.0004166666666667,1.0004166666666667,0.96,2.4000000000000004,0.0064595,0.0111058,1.0
site_0329__site_0308,site_0329,site_0308,5,5,5,4.83,0.026418,34.04,0.9502777777777778,0.9502777777777778,1.0,1.12,0.004022,0.0076362,1.0
site_0690__site_0671,site_0690,site_0671,4,5,5,10.18,0.067164,63.0,1.0747222222222221,1.0882777777777777,1.5,4.926,0.008011,0.036584000000000005,1.0
site_1786__site_0124,site_1786,site_0124,5,5,5,5.96,0.042665,48.51,2.0966666666666667,2.0966666666666667,1.2,1.416,0.010179,0.0113724,1.0
site_0537__site_0542,site_0537,site_0542,5,5,5,10.56,0.100106,51.0,1.3308333333333333,1.3308333333333333,1.56,3.7,0.01134,0.0437364,1.0
site_1071__site_0452,site_1071,site_0452,4,5,5,5.2,0.027120000000000002,53.13,1.4284722222222221,1.4284722222222221,1.1,1.7600000000000002,0.0064595,0.009538500000000002,1.0
site_0537__site_0539,site_0537,site_0539,5,5,5,7.859999999999999,0.051407,23.88,1.3430555555555554,1.3430555555555554,1.0,2.444,0.006,0.017721,1.0
site_1654__site_0191,site_1654,site_0191,5,5,5,8.34,0.08247139,827.11,14.20111111111111,14.20111111111111,1.0,2.89,0.006,0.037304788000000005,1.0
site_2348__site_0735,site_2348,site_0735,4,4,5,6.359999999999999,0.035978,40.03,1.0654166666666667,1.0654166666666667,1.5,2.252,0.006033,0.016336200000000002,1.0
site_1369__site_1350,site_1369,site_1350,2,2,5,5.4,0.043892,20.22,0.7406944444444444,0.7406944444444444,2.7,4.0600000000000005,0.021946,0.03212280000000001,1.0
site_2348__site_0748,site_2348,site_0748,5,5,5,5.2,0.027471000000000002,41.63,0.6836111111111111,0.6836111111111111,1.0,1.12,0.004022,0.008268000000000001,1.0
site_0255__site_0862,site_0255,site_0862,3,3,5,9.95,0.113245,470.22,7.616944444444444,7.616944444444444,1.0,6.96,0.004022,0.0849652,1.0
site_2348__site_0757,site_2348,site_0757,3,3,5,5.2,0.025716,35.88,1.6183333333333334,1.6183333333333334,1.2,2.64,0.008775,0.011407800000000001,1.0
site_0537__site_0625,site_0537,site_0625,5,5,5,6.4799999999999995,0.05109071,39.79,2.2755555555555556,2.2755555555555556,1.2,2.16,0.00952371,0.015075000000000002,1.0
site_0930__site_0164,site_0930,site_0164,5,5,5,7.6,0.3053226,98.74,1.8508333333333333,1.8508333333333333,1.0,3.16,0.004022,0.17490264,1.0
site_0812__site_1143,site_0812,site_1143,5,5,5,3.66,0.033036,126.21,3.0669444444444443,3.0669444444444443,0.68,1.036,0.004022,0.010737,1.0
site_1786__site_0296,site_1786,site_0296,4,4,5,6.5,0.039751,47.81,1.9252777777777776,1.9252777777777776,1.2,2.5900000000000003,0.0067495,0.018404100000000003,1.0
site_2348__site_0765,site_2348,site_0765,4,4,5,5.2,0.034491,55.73,2.143888888888889,2.143888888888889,1.4,1.94,0.0064595,0.014698200000000002,1.0
site_1587__site_1956,site_1587,site_1956,4,4,5,7.16,0.03961318,138.03,2.3944444444444444,2.3944444444444444,1.1,3.1320000000000006,0.0067995,0.018162026,1.0
site_1786__site_2104,site_1786,site_2104,5,5,5,4.89,0.027721,53.34,1.7586111111111111,1.7586111111111111,1.0,1.0,0.004875,0.00747,1.0
site_2348__site_2342,site_2348,site_2342,5,5,5,5.65,0.034491,62.16,1.3202777777777779,1.3202777777777779,1.0,1.816,0.004022,0.012480000000000002,1.0
site_2348__site_2345,site_2348,site_2345,5,5,5,9.2,0.084467,70.35,1.6713888888888888,1.6713888888888888,1.0,3.3200000000000003,0.004022,0.0414906,1.0
site_2371__site_2357,site_2371,site_2357,5,5,5,8.33,0.058651999999999996,1.17,0.3738888888888889,0.3738888888888889,1.2,2.62,0.01053,0.018,1.0
site_1786__site_0179,site_1786,site_0179,4,4,4,6.2,0.052459000000000006,34.15,2.125138888888889,2.125138888888889,1.1,2.4600000000000004,0.007478500000000001,0.026716500000000004,1.0
site_0482__site_0468,site_0482,site_0468,3,3,4,9.52,0.09747600000000001,11.61,0.6947222222222222,0.6947222222222222,3.36,4.8,0.022425,0.06062580000000001,1.0
site_1786__site_0041,site_1786,site_0041,2,2,4,5.96,0.083095,49.18,2.0751388888888886,2.0751388888888886,2.98,4.164,0.0415475,0.0676679,1.0
site_1350__site_1348,site_1350,site_1348,4,4,4,3.67,0.02866991,37.0,1.0525000000000002,1.0525000000000002,1.02,1.152,0.006856455000000001,0.010561773,1.0
site_0482__site_0484,site_0482,site_0484,2,3,4,5.1,0.045319,20.48,1.054861111111111,1.1988611111111112,2.55,2.614,0.0226595,0.030451899999999997,1.0
site_1786__site_0208,site_1786,site_0208,4,4,4,5.699999999999999,0.041865,47.97,2.0755555555555554,2.0755555555555554,1.2,1.9700000000000002,0.010732499999999999,0.0133605,1.0
site_0862__site_0871,site_0862,site_0871,4,4,4,4.0,0.019772,23.17,0.765,0.765,1.0,1.0,0.004875,0.0056625,1.0
site_1786__site_0212,site_1786,site_0212,3,3,4,9.68,0.090654,40.56,1.228888888888889,1.228888888888889,3.81,4.658,0.036774,0.0456588,1.0
site_1143__site_1142,site_1143,site_1142,4,4,4,4.5,0.037712999999999997,14.06,1.6990277777777778,1.6990277777777778,1.0,1.9800000000000002,0.007644,0.0150714,1.0
site_0537__site_0521,site_0537,site_0521,4,4,4,2.81,0.021543,34.25,0.9430555555555555,0.9430555555555555,0.655,1.14,0.004022,0.0078405,1.0
site_0388__site_0391,site_0388,site_0391,3,4,4,2.885,0.017794,18.51,0.8877777777777778,1.105,0.595,1.719,0.004022,0.0086044,1.0
site_1723__site_1725,site_1723,site_1725,2,2,4,1.2,0.016088,12.69,1.0841666666666665,1.0841666666666665,0.6,0.6,0.008044,0.008044,1.0
site_1350__site_1375,site_1350,site_1375,4,4,4,5.2,0.043144,27.060000000000002,1.8044444444444445,1.8044444444444445,1.32,2.1149999999999998,0.010786,0.01755,1.0
site_0537__site_0678,site_0537,site_0678,4,4,4,4.05,0.034044000000000005,33.01,1.7204166666666667,1.7204166666666667,0.6799999999999999,1.8800000000000003,0.006236,0.014820000000000002,1.0
site_1143__site_2125,site_1143,site_2125,4,4,4,4.2299999999999995,0.057837809999999996,147.0,2.169861111111111,2.169861111111111,0.965,1.61,0.00987518,0.0271236,1.0
site_1197__site_1198,site_1197,site_1198,4,4,4,4.0,0.016941,13.33,0.48736111111111113,0.48736111111111113,1.0,1.0,0.004022,0.0046191,1.0
site_0947__site_0950,site_0947,site_0950,4,4,4,1.96,0.016291,56.12,1.5445833333333332,1.5445833333333332,0.375,0.8410000000000001,0.004022,0.0041641,1.0
site_0537__site_0674,site_0537,site_0674,3,3,4,2.56,0.016941,35.0,1.3005555555555555,1.3005555555555555,0.8300000000000001,0.966,0.004875,0.0074102000000000005,1.0
site_0833__site_0848,site_0833,site_0848,4,4,4,9.28,0.07969672,35.22,0.6875,0.6875,1.89,3.8280000000000003,0.012038860000000002,0.041541216000000006,1.0
site_1786__site_2133,site_1786,site_2133,4,4,4,4.2,0.024574,60.99,1.9145833333333333,1.9145833333333333,1.0,1.14,0.005011,0.009171,1.0
site_1542__site_1550,site_1542,site_1550,3,3,4,8.120000000000001,0.101271,37.18,2.736666666666667,2.736666666666667,2.76,3.88,0.02187,0.06051480000000001,1.0
site_1587__site_1960,site_1587,site_1960,2,2,4,5.61,0.037483999999999996,126.82,2.5361111111111114,2.5361111111111114,2.805,4.2490000000000006,0.018741999999999998,0.030518,1.0
site_1542__site_1597,site_1542,site_1597,4,4,4,5.5,0.031879,44.0,1.3944444444444444,1.3944444444444444,1.0,2.0500000000000003,0.005011,0.014284500000000002,1.0
site_1542__site_1539,site_1542,site_1539,4,4,4,7.14,0.060825,55.0,1.5647222222222221,1.5647222222222221,1.68,2.654,0.011775,0.027945,1.0
site_1542__site_1537,site_1542,site_1537,3,3,4,5.96,0.042417,40.59,1.756388888888889,1.756388888888889,2.0,2.288,0.01363,0.018638000000000002,1.0
site_0833__site_0844,site_0833,site_0844,4,4,4,6.42,0.043429,50.31,0.8884722222222222,0.8884722222222222,1.75,2.5,0.010786,0.0177495,1.0
site_1197__site_1207,site_1197,site_1207,3,4,4,8.7,0.06839867,24.47,0.5288888888888889,0.5444444444444444,2.87,3.67,0.01755,0.0330012,1.0
site_0669__site_0575,site_0669,site_0575,4,4,4,4.3,0.024,35.27,1.3633333333333333,1.3633333333333333,1.0,1.2100000000000002,0.004875,0.008025000000000001,1.0
site_0410__site_0495,site_0410,site_0495,3,3,4,2.6599999999999997,0.02541257,292.16,38.70944444444444,38.70944444444444,1.25,1.3539999999999999,0.009324569999999999,0.011517714,1.0
site_1197__site_1208,site_1197,site_1208,4,4,4,5.3,0.030469,23.55,1.598611111111111,1.598611111111111,1.0,1.9100000000000001,0.0044485,0.013747500000000003,1.0
site_1197__site_1239,site_1197,site_1239,4,4,4,15.879999999999999,0.16733587,20.36,0.5845833333333333,0.5845833333333333,3.185,7.508000000000001,0.036603935,0.080884461,1.0
site_1576__site_1542,site_1576,site_1542,4,4,4,4.44,0.027677,54.29,0.9569444444444444,0.9569444444444444,1.0,1.9450000000000003,0.005651,0.0108311,1.0
site_1873__site_1811,site_1873,site_1811,4,4,4,4.62,0.035475,5.81,0.8590277777777777,0.8590277777777777,1.2,1.214,0.008775,0.011767500000000002,1.0
site_1259__site_1260,site_1259,site_1260,4,4,4,4.27,0.029362,54.0,1.5151388888888888,1.5151388888888888,1.0,1.189,0.006,0.011138,1.0
site_1425__site_1413,site_1425,site_1413,3,3,4,9.51,0.06661500000000001,29.0,1.5866666666666667,1.5866666666666667,1.04,6.184,0.00945,0.043722000000000004,1.0
site_1350__site_1355,site_1350,site_1355,4,4,4,8.36,0.068077,39.14,1.573888888888889,1.573888888888889,1.1,3.972000000000001,0.0084675,0.036264500000000005,1.0
site_1542__site_1509,site_1542,site_1509,4,4,4,4.44,0.027677,0.13,4.968888888888889,4.968888888888889,1.0,1.9450000000000003,0.005651,0.0108311,1.0
site_1542__site_0388,site_1542,site_0388,2,3,4,5.27,0.042683759999999994,134.58,2.4513888888888893,2.4811666666666667,2.635,3.7910000000000004,0.021341879999999997,0.031199847999999995,1.0
site_1542__site_1071,site_1542,site_1071,3,3,4,5.04,0.039297,183.3,3.504166666666667,3.504166666666667,1.79,1.958,0.01305,0.01665,1.0
site_0669__site_0605,site_0669,site_0605,3,3,4,8.0,0.058928999999999995,30.0,1.7638888888888888,1.7638888888888888,2.4,4.16,0.018954,0.0318708,1.0
site_0669__site_0606,site_0669,site_0606,4,4,4,3.58,0.023303860000000003,34.25,2.7219444444444445,2.7219444444444445,1.04,1.094,0.0047785,0.008467902000000001,1.0
site_0329__site_0345,site_0329,site_0345,3,3,4,4.0,0.016088,28.33,0.8852777777777778,0.8852777777777778,1.0,1.8,0.004022,0.0072396000000000005,1.0
site_0777__site_0776,site_0777,site_0776,2,3,4,3.5,0.016941,57.0,1.2581944444444444,1.2879722222222223,1.75,2.35,0.0084705,0.0113469,1.0
site_2125__site_0947,site_2125,site_0947,4,4,4,3.29,0.024707,1793.38,26.125833333333333,26.125833333333333,1.0,1.0,0.004875,0.009117000000000002,1.0
site_0537__site_0685,site_0537,site_0685,3,3,4,4.1,0.020841000000000002,24.0,1.6952777777777779,1.6952777777777779,1.1,1.82,0.008044,0.0086288,1.0
site_0669__site_0620,site_0669,site_0620,2,3,4,5.23,0.040472,36.67,6.069583333333334,9.837583333333333,2.615,3.883,0.020236,0.028864800000000003,1.0
site_0971__site_1011,site_0971,site_1011,4,4,4,4.24,0.036827,46.0,1.2904166666666668,1.2904166666666668,1.2,1.2,0.010935,0.010935,1.0
site_0369__site_2149,site_0369,site_2149,4,4,4,6.525,0.05181177,1541.185,22.983194444444443,22.983194444444443,0.705,3.674000000000001,0.004022,0.029028639000000005,1.0
site_1553__site_1509,site_1553,site_1509,4,4,4,7.050000000000001,0.06702275,42.29,1.7579166666666666,1.7579166666666666,1.85,2.305,0.015300375,0.0292425,1.0
site_1542__site_1587,site_1542,site_1587,3,3,4,2.59,0.016088,3.03,0.3038888888888889,0.3038888888888889,1.0,1.0,0.004022,0.0072396000000000005,1.0
site_2125__site_0246,site_2125,site_0246,2,2,4,3.6199999999999997,0.03229655000000001,33.04,1.034861111111111,1.034861111111111,1.8099999999999998,2.002,0.016148275000000004,0.018225895000000002,2.0
site_0669__site_0623,site_0669,site_0623,2,3,4,5.87,0.03549,30.0,1.2895833333333333,1.3343611111111113,2.935,4.4830000000000005,0.017745,0.027261,1.0
site_0669__site_1259,site_0669,site_1259,4,4,4,10.07,0.126435,55.0,3.0429166666666667,3.0429166666666667,1.1,5.169000000000001,0.0063985,0.07936370000000002,1.0
site_0786__site_0790,site_0786,site_0790,4,4,4,3.02,0.022144,27.29,1.1541666666666668,1.1541666666666668,0.75,1.042,0.0044485,0.007920000000000002,1.0
site_0690__site_0689,site_0690,site_0689,2,2,4,4.0,0.016088,71.0,22.085,22.085,2.0,2.8,0.008044,0.0112616,1.0
site_1071__site_1084,site_1071,site_1084,3,3,4,7.63,0.08193399999999999,25.88,0.9138888888888889,0.9138888888888889,2.87,3.902,0.01989,0.0503956,1.0
site_0786__site_0798,site_0786,site_0798,3,3,4,5.24,0.033748,6.75,0.4083333333333333,0.4083333333333333,1.0,3.192,0.004022,0.0213676,1.0
site_1933__site_1941,site_1933,site_1941,4,4,4,5.880000000000001,0.06429701,17.5,0.5343055555555556,0.5343055555555556,0.475,3.3240000000000007,0.004022,0.03776830700000001,1.0
site_2125__site_1786,site_2125,site_1786,4,4,4,6.46,0.017794,10.34,0.43777777777777777,0.43777777777777777,1.1,2.6420000000000003,0.0044485,0.004875,1.0
site_1436__site_0164,site_1436,site_0164,4,4,4,4.0,0.027522,124.27,2.937777777777778,2.937777777777778,1.0,1.0,0.00675,0.009250000000000001,1.0
site_0362__site_1707,site_0362,site_1707,4,4,4,4.0,0.016088,35.73,1.129722222222222,1.129722222222222,1.0,1.0,0.004022,0.004022,1.0
site_0930__site_0434,site_0930,site_0434,4,4,4,4.4,0.030279,24.0,1.0643055555555556,1.0643055555555556,1.1,1.2,0.0076125,0.0098928,1.0
site_1143__site_1162,site_1143,site_1162,3,3,4,6.14,0.0876401,19.86,0.7172222222222222,0.7172222222222222,1.2,3.392,0.008775,0.06134788000000001,1.0
site_2125__site_2158,site_2125,site_2158,4,4,4,2.03,0.026376890000000004,18.54,0.9804166666666667,0.9804166666666667,0.4,0.9720000000000001,0.005709945000000001,0.009873867000000001,1.0
site_1425__site_1429,site_1425,site_1429,4,4,4,16.07,0.142712,40.0,1.3127777777777778,1.3127777777777778,2.535,8.161000000000001,0.021464999999999998,0.07675200000000001,1.0
site_0833__site_0164,site_0833,site_0164,4,4,4,4.77,0.0312386,299.2,4.391249999999999,4.391249999999999,1.0,1.5390000000000001,0.0056283,0.012972000000000001,1.0
site_0164__site_0042,site_0164,site_0042,4,4,4,8.239999999999998,0.068842,29.71,1.2766666666666666,1.2766666666666666,1.22,3.7920000000000007,0.007176,0.03817070000000001,1.0
site_1921__site_1909,site_1921,site_1909,4,4,4,13.200000000000001,0.300972,5.8,0.395,0.395,2.8600000000000003,5.644,0.040758,0.16730100000000003,1.0
site_1071__site_2088,site_1071,site_2088,4,4,4,6.2,0.045087,115.0,1.9825,1.9825,1.35,2.4590000000000005,0.0105875,0.017838000000000003,1.0
site_1873__site_1870,site_1873,site_1870,4,4,4,3.59,0.021694,5.94,0.3352777777777778,0.3352777777777778,1.0,1.14,0.0044485,0.007605000000000001,1.0
site_1483__site_0940,site_1483,site_0940,4,4,4,5.5,0.031607,350.36,6.0193055555555555,6.0193055555555555,1.0,2.0500000000000003,0.004875,0.013947000000000003,1.0
site_0164__site_0063,site_0164,site_0063,3,3,4,7.84,0.021291,28.21,0.7838888888888889,0.7838888888888889,2.0,3.872,0.008044,0.0089888,1.0
site_0930__site_0432,site_0930,site_0432,4,4,4,4.1899999999999995,0.02124591,26.0,0.6444444444444445,0.6444444444444445,1.0,1.133,0.0046245,0.007044937,1.0
site_0164__site_0121,site_0164,site_0121,3,3,4,7.92,0.058003,26.63,0.5777777777777777,0.5777777777777777,2.2,4.216,0.014201,0.034664200000000006,1.0
site_1921__site_1893,site_1921,site_1893,4,4,4,4.0,0.019791800000000002,36.65,0.8905555555555555,0.8905555555555555,1.0,1.0,0.0052566,0.0052566,1.0
site_0164__site_0141,site_0164,site_0141,3,3,4,6.26,0.045484000000000004,21.39,0.92,0.92,2.0,2.288,0.01755,0.019422000000000002,1.0
site_0537__site_0585,site_0537,site_0585,2,2,4,5.0,0.029901,32.98,1.2245833333333334,1.2245833333333334,2.5,2.5,0.0149505,0.017258100000000002,1.0
site_1921__site_1847,site_1921,site_1847,4,4,4,4.2,0.023951,8.09,0.4984722222222222,0.4984722222222222,1.0,1.14,0.004875,0.008587800000000001,1.0
site_0164__site_0158,site_0164,site_0158,4,4,4,13.74,0.154467,19.31,1.7843055555555556,1.7843055555555556,1.21,7.650000000000002,0.0055625,0.09939900000000002,1.0
site_1542__site_1569,site_1542,site_1569,3,3,4,2.82,0.016440000000000003,42.89,2.27,2.27,0.5,1.7000000000000002,0.004022,0.0075212000000000005,1.0
site_1786__site_0252,site_1786,site_0252,4,4,4,8.59,0.12366,47.71,1.5031944444444445,1.5031944444444445,1.0,4.213000000000001,0.005011,0.07853120000000002,1.0
site_2158__site_0043,site_2158,site_0043,3,3,4,4.0,0.017293000000000003,58.97,1.636111111111111,1.636111111111111,1.0,1.8,0.004022,0.0082036,1.0
site_2158__site_0075,site_2158,site_0075,3,3,4,6.8100000000000005,0.0528,51.18,1.7886111111111112,1.7886111111111112,2.81,2.962,0.014625,0.029565000000000004,1.0
site_0537__site_0581,site_0537,site_0581,2,2,4,4.26,0.030319,48.0,1.7820833333333335,1.7820833333333335,2.13,2.634,0.0151595,0.0208519,1.0
site_1533__site_1579,site_1533,site_1579,4,4,4,4.32,0.030821,15.59,0.5222222222222223,0.5222222222222223,1.0,1.56,0.0046245,0.013747500000000003,1.0
site_2158__site_0108,site_2158,site_0108,4,4,4,4.4,0.030266,38.42,2.530277777777778,2.530277777777778,1.1,1.2,0.0076545,0.010935,1.0
site_1921__site_1837,site_1921,site_1837,2,2,4,5.6,0.045283,17.35,0.8222222222222222,0.8222222222222222,2.8,2.96,0.0226415,0.0304195,1.0
site_0537__site_0701,site_0537,site_0701,4,4,4,5.76,0.043442,87.0,1.4474999999999998,1.4474999999999998,1.2,2.012,0.010935,0.015565500000000001,1.0
site_2158__site_0161,site_2158,site_0161,4,4,4,11.469999999999999,0.140922,57.16,1.973472222222222,1.973472222222222,2.8,4.789,0.034824,0.0666586,1.0
site_0164__site_0184,site_0164,site_0184,3,3,4,5.91,0.050119000000000004,25.69,2.3333333333333335,2.3333333333333335,2.0,2.648,0.008775,0.028395000000000004,1.0
site_1921__site_1824,site_1921,site_1824,4,4,4,4.0,0.0195,29.0,1.0701388888888888,1.0701388888888888,1.0,1.0,0.004875,0.004875,1.0
site_0930__site_0427,site_0930,site_0427,4,4,4,6.49,0.039221000000000006,56.71,1.3233333333333333,1.3233333333333333,1.565,2.291,0.0076545,0.017203500000000004,1.0
site_2158__site_0209,site_2158,site_0209,4,4,4,7.960000000000001,0.09384300000000001,59.76,2.0625,2.0625,1.28,3.548000000000001,0.0111375,0.05008710000000001,1.0
site_1873__site_1879,site_1873,site_1879,3,3,4,5.76,0.040877000000000004,14.0,0.5791666666666667,0.5791666666666667,1.2,3.0879999999999996,0.008775,0.024219,1.0
site_1533__site_1572,site_1533,site_1572,2,2,4,10.63,0.11388000000000001,39.0,1.4084722222222221,1.4084722222222221,5.315,8.447000000000001,0.056940000000000004,0.0943272,1.0
site_0362__site_1704,site_0362,site_1704,4,4,4,5.2,0.035044000000000006,31.53,0.7604166666666667,0.7604166666666667,1.0,1.9520000000000002,0.006736000000000001,0.015120000000000001,1.0
site_1071__site_1088,site_1071,site_1088,4,4,4,4.2,0.024374,28.06,1.4093055555555556,1.4093055555555556,1.0,1.14,0.0054375,0.008433900000000001,1.0
site_2158__site_0274,site_2158,site_0274,4,4,4,4.2,0.023449,45.44,1.5037500000000001,1.5037500000000001,1.0,1.14,0.0044485,0.008833500000000001,1.0
site_1587__site_1950,site_1587,site_1950,4,4,4,4.0,0.019697,133.27,2.118888888888889,2.118888888888889,1.0,1.0,0.0048375,0.0056625,1.0
site_1071__site_1066,site_1071,site_1066,3,3,4,6.1,0.026019,31.81,0.9502777777777778,0.9502777777777778,1.1,3.42,0.009225,0.0120626,1.0
site_2158__site_1047,site_2158,site_1047,4,4,4,5.35,0.035924,25.99,1.5645833333333332,1.5645833333333332,1.1,1.8650000000000002,0.007176,0.015128100000000002,1.0
site_1259__site_0489,site_1259,site_0489,4,4,4,10.62,0.117144,131.99,1.9758333333333333,1.9758333333333333,2.5599999999999996,3.978,0.024974999999999997,0.0525558,1.0
site_2158__site_1183,site_2158,site_1183,3,3,4,4.42,0.033028,70.33,2.3497222222222223,2.3497222222222223,1.22,2.004,0.01305,0.015374800000000001,1.0
site_2158__site_1456,site_2158,site_1456,4,4,4,14.719999999999999,0.147976,6.8,0.9725,0.9725,2.86,7.016,0.019561,0.08391240000000001,1.0
site_1542__site_1565,site_1542,site_1565,4,4,4,4.0,0.016941,41.23,2.0768055555555556,2.0768055555555556,1.0,1.0,0.004022,0.0046191,1.0
site_0164__site_0289,site_0164,site_0289,3,3,4,5.27,0.037887000000000004,17.16,2.4005555555555556,2.4005555555555556,1.2,2.536,0.010935,0.0163686,1.0
site_0786__site_0811,site_0786,site_0811,4,4,4,5.2,0.04956800000000001,20.76,0.47347222222222224,0.47347222222222224,0.8200000000000001,2.4240000000000004,0.006033,0.025849200000000006,1.0
site_2158__site_1476,site_2158,site_1476,2,2,4,3.5,0.017794,13.15,0.7486111111111111,0.7486111111111111,1.75,1.95,0.008897,0.0095794,1.0
site_1143__site_1169,site_1143,site_1169,4,4,4,5.0,0.029606,25.94,0.7825,0.7825,1.0,1.7000000000000002,0.005187000000000001,0.012447000000000001,1.0
site_1143__site_1161,site_1143,site_1161,4,4,4,4.87,0.025112,7.9,0.5781944444444445,0.5781944444444445,1.0,1.6090000000000002,0.004875,0.009400500000000001,1.0
site_0329__site_0316,site_0329,site_0316,4,4,4,5.56,0.038464000000000005,53.77,1.302361111111111,1.302361111111111,1.1,2.012,0.0072759999999999995,0.017082000000000003,1.0
site_2158__site_2116,site_2158,site_2116,4,4,4,10.5,0.127087,87.0,1.1856944444444444,1.1856944444444444,1.1,5.960000000000001,0.007478500000000001,0.07895610000000002,1.0
site_2158__site_2117,site_2158,site_2117,2,2,4,6.8,0.047464,94.0,1.5348611111111112,1.5348611111111112,3.4,4.52,0.023732,0.0362824,1.0
site_2158__site_2123,site_2158,site_2123,3,3,4,8.1,0.065359,64.0,1.3527777777777779,1.3527777777777779,3.23,3.742,0.022425,0.0356146,1.0
site_2158__site_2124,site_2158,site_2124,3,4,4,3.83,0.022369,60.8,1.4680555555555554,1.4680555555555554,1.0,1.8,0.008044,0.0091688,1.0
site_1202__site_1209,site_1202,site_1209,4,4,4,3.3,0.02293377,50.84,1.0816666666666666,1.0816666666666666,0.94,1.0,0.004875,0.007875739,1.0
site_0191__site_0044,site_0191,site_0044,3,3,4,11.549,0.21965233,39.78,0.8891666666666667,0.8891666666666667,1.979,7.7398,0.10487599,0.10957866999999999,1.0
site_1259__site_1266,site_1259,site_1266,4,4,4,4.0,0.017878,64.0,1.2354166666666666,1.2354166666666666,1.0,1.0,0.004198,0.0051342,1.0
site_1654__site_1115,site_1654,site_1115,2,3,4,7.15,0.0838298,329.3475,5.188750000000001,5.219638888888889,3.575,5.587,0.0419149,0.068230692,1.0
site_0191__site_0128,site_0191,site_0128,3,3,4,3.58,0.026164120000000003,22.07,1.1455555555555557,1.1455555555555557,1.1099999999999999,1.398,0.008044,0.012204896000000002,1.0
site_2158__site_2140,site_2158,site_2140,4,4,4,6.36,0.050506999999999996,99.0,1.7102777777777778,1.7102777777777778,1.6,2.112,0.0142425,0.017865,1.0
site_1350__site_1356,site_1350,site_1356,4,4,4,4.29,0.034764,29.0,0.7279166666666667,0.7279166666666667,1.1,1.2,0.009477,0.010935,1.0
site_1533__site_1525,site_1533,site_1525,3,3,4,4.5,0.028961,34.44,1.1575,1.1575,1.2,2.08,0.01134,0.0128656,1.0
site_0329__site_0313,site_0329,site_0313,4,4,4,5.7,0.03852,24.45,1.167361111111111,1.167361111111111,1.1,2.1100000000000003,0.007905,0.015765,1.0
site_2158__site_2153,site_2158,site_2153,4,4,4,4.4,0.029829,61.1,1.3183333333333334,1.3183333333333334,1.1,1.2,0.0073875,0.0097578,1.0
site_0971__site_1020,site_0971,site_1020,4,4,4,4.65,0.028159,50.0,1.8979166666666667,1.8979166666666667,1.1,1.375,0.0063985,0.0105705,1.0
site_0191__site_0142,site_0191,site_0142,4,4,4,4.7,0.028991799999999998,19.25,1.3448611111111113,1.3448611111111113,1.0,1.4900000000000002,0.0044485,0.012713460000000001,1.0
site_1642__site_1634,site_1642,site_1634,3,3,4,8.83,0.048674999999999996,52.69,2.4716666666666667,2.4716666666666667,2.16,4.968,0.018,0.02424,1.0
site_0191__site_0187,site_0191,site_0187,4,4,4,2.98,0.02284067,27.85,0.8451388888888889,0.8451388888888889,0.8,1.0,0.005011,0.007957669,1.0
site_1425__site_1416,site_1425,site_1416,4,4,4,10.540000000000001,0.091138,20.77,1.3105555555555555,1.3105555555555555,2.835,3.87,0.024102,0.0382976,1.0
site_2281__site_2275,site_2281,site_2275,4,4,4,3.58,0.03011618,24.24,0.8069444444444445,0.8069444444444445,0.61,1.5580000000000003,0.00404709,0.013821654000000003,1.0
site_1881__site_1918,site_1881,site_1918,4,4,4,9.879999999999999,0.09525668000000001,9.05,0.8080555555555555,0.8080555555555555,2.505,3.5040000000000004,0.027185340000000002,0.036149004,1.0
site_2281__site_2290,site_2281,site_2290,4,4,4,4.9399999999999995,0.031956000000000005,22.0,1.3905555555555558,1.3905555555555558,1.0,1.9520000000000002,0.004022,0.015129600000000003,1.0
site_1881__site_1892,site_1881,site_1892,4,4,4,4.0,0.019772,18.35,0.8284722222222223,0.8284722222222223,1.0,1.0,0.004875,0.0056625,1.0
site_0191__site_0233,site_0191,site_0233,4,4,4,5.95,0.04389048,16.91,1.4076388888888889,1.4076388888888889,1.275,2.145,0.01115924,0.017180544,1.0
site_1881__site_1866,site_1881,site_1866,4,4,4,4.76,0.028159,9.47,0.6455555555555555,0.6455555555555555,1.1,1.4520000000000002,0.0063985,0.0105705,1.0
site_0191__site_0291,site_0191,site_0291,4,4,4,6.9399999999999995,0.05849016,27.48,1.9456944444444444,1.9456944444444444,1.68,2.5140000000000002,0.011775,0.026907712,1.0
site_0893__site_0896,site_0893,site_0896,3,4,4,4.2,0.022596,46.0,1.3851388888888887,1.5810277777777777,1.0,1.9600000000000002,0.004022,0.012446,1.0
site_1542__site_1564,site_1542,site_1564,4,4,4,7.2700000000000005,0.062342,47.0,1.328611111111111,1.328611111111111,1.2,3.069000000000001,0.009000000000000001,0.030991500000000005,1.0
site_0537__site_0637,site_0537,site_0637,4,4,4,2.79,0.02590096,42.28,1.7850000000000001,1.7850000000000001,0.5700000000000001,1.1370000000000002,0.004022,0.010891072000000002,1.0
site_2348__site_0718,site_2348,site_0718,4,4,4,4.0,0.017293000000000003,37.19,1.4045833333333333,1.4045833333333333,1.0,1.0,0.004198,0.0047247,1.0
site_1483__site_1496,site_1483,site_1496,3,4,4,5.52,0.030814,43.0,3.5544444444444445,4.568194444444445,2.0,2.416,0.008044,0.015024800000000001,1.0
site_1873__site_1862,site_1873,site_1862,4,4,4,5.359999999999999,0.033662000000000004,20.34,0.7868055555555555,0.7868055555555555,1.0,1.9520000000000002,0.004875,0.015385500000000003,1.0
site_2348__site_0722,site_2348,site_0722,4,4,4,4.664999999999999,0.031956000000000005,38.78,1.4965277777777777,1.4965277777777777,1.0,1.9520000000000002,0.004022,0.015129600000000003,1.0
site_1642__site_2169,site_1642,site_2169,4,4,4,5.82,0.031921,271.85,4.039166666666667,4.039166666666667,1.1,2.1940000000000004,0.0067495,0.0129231,1.0
site_2348__site_0726,site_2348,site_0726,3,3,4,4.1,0.021291,26.47,1.4875,1.4875,1.0,1.8800000000000001,0.004022,0.011402,1.0
site_1881__site_1807,site_1881,site_1807,3,3,4,5.359999999999999,0.029616,31.99,1.0975,1.0975,2.0,2.288,0.008044,0.0156488,1.0
site_0862__site_0866,site_0862,site_0866,4,4,4,8.43,0.07130600000000001,25.91,1.00125,1.00125,1.7799999999999998,3.4170000000000003,0.015210000000000001,0.0317718,1.0
site_2348__site_0730,site_2348,site_0730,4,4,4,9.350000000000001,0.06668,29.13,1.254722222222222,1.254722222222222,1.1,4.665000000000001,0.0073425,0.035751500000000005,1.0
site_1071__site_1096,site_1071,site_1096,4,4,4,11.46,0.13386699999999999,21.56,1.4783333333333333,1.4783333333333333,1.7799999999999998,5.538000000000001,0.0131625,0.07748260000000001,1.0
site_0281__site_2125,site_0281,site_2125,3,3,4,4.38,0.028374999999999997,63.17,1.5144444444444445,1.5144444444444445,1.03,2.0860000000000003,0.010022,0.0118868,1.0
site_1402__site_1693,site_1402,site_1693,4,4,4,8.4,0.09304662999999999,41.97,1.7906944444444446,1.7906944444444446,1.68,4.019000000000001,0.010786,0.05248184100000001,1.0
site_1873__site_1910,site_1873,site_1910,4,4,4,4.0,0.022075,16.57,2.672638888888889,2.672638888888889,1.0,1.0,0.0056,0.006,1.0
site_2348__site_0740,site_2348,site_0740,4,4,4,5.800000000000001,0.037697,39.28,1.2865277777777777,1.2865277777777777,1.2000000000000002,2.0700000000000003,0.0073875,0.0158625,1.0
site_2348__site_0744,site_2348,site_0744,4,4,4,9.96,0.10750099999999999,36.57,1.1593055555555556,1.1593055555555556,1.9,4.362,0.0145875,0.057363300000000006,1.0
site_1425__site_1428,site_1425,site_1428,4,4,4,3.465,0.016088,8.89,0.6970833333333333,0.6970833333333333,1.0,1.0,0.004022,0.004022,1.0
site_0812__site_1425,site_0812,site_1425,4,4,4,1.3399999999999999,0.016088,102.16,1.902222222222222,1.902222222222222,0.31,0.39,0.004022,0.004022,1.0
site_2348__site_0751,site_2348,site_0751,3,4,4,6.53,0.07721199999999999,41.78,1.8275,1.8275,1.0,4.2,0.004022,0.056138799999999996,1.0
site_1786__site_0159,site_1786,site_0159,4,4,4,6.3999999999999995,0.057329,42.57,1.659861111111111,1.659861111111111,1.295,2.3840000000000003,0.010003499999999999,0.026469000000000006,1.0
site_0971__site_1009,site_0971,site_1009,4,4,4,3.66,0.028543030000000004,54.0,2.138888888888889,2.138888888888889,0.98,1.14,0.006793015000000001,0.010523709000000001,1.0
site_2348__site_0758,site_2348,site_0758,4,4,4,8.2,0.074113,36.61,1.129861111111111,1.129861111111111,1.0,3.940000000000001,0.0044485,0.04429830000000001,1.0
site_1786__site_0168,site_1786,site_0168,4,4,4,6.92,0.055338,44.91,1.386111111111111,1.386111111111111,1.025,3.0240000000000005,0.007050000000000001,0.028572300000000005,1.0
site_0388__site_2191,site_0388,site_2191,2,4,4,5.18,0.043144,129.01,8.599305555555556,13.717416666666667,2.59,3.534,0.021572,0.032394400000000004,1.0
site_0472__site_0453,site_0472,site_0453,4,4,4,6.68,0.08928401999999999,11.15,0.41333333333333333,0.41333333333333333,1.395,2.5420000000000003,0.016106040000000002,0.037646438000000004,1.0
site_1786__site_0083,site_1786,site_0083,4,4,4,6.72,0.046337,38.68,1.912638888888889,1.912638888888889,1.68,2.36,0.0112125,0.019188,1.0
site_1786__site_0080,site_1786,site_0080,4,4,4,4.0,0.016941,26.83,0.9265277777777778,0.9265277777777778,1.0,1.0,0.004022,0.0046191,1.0
site_0690__site_0579,site_0690,site_0579,4,4,4,13.3,0.135365,65.0,3.2230555555555553,3.2230555555555553,1.9,6.790000000000001,0.011917500000000001,0.08060610000000001,1.0
site_1542__site_1957,site_1542,site_1957,4,4,4,4.2,0.027054,82.16,1.8029166666666667,1.8029166666666667,1.0,1.14,0.006,0.0089253,1.0
site_1786__site_0099,site_1786,site_0099,4,4,4,5.3,0.036796999999999996,22.18,1.9195833333333334,1.9195833333333334,1.1,2.1100000000000003,0.0076125,0.015052500000000002,1.0
site_1786__site_0061,site_1786,site_0061,3,4,4,4.15,0.031831,29.03,1.1180555555555556,1.1967222222222222,1.56,1.584,0.012852,0.014536,1.0
site_0388__site_1687,site_0388,site_1687,3,3,4,7.8500000000000005,0.08486160000000001,94.26,1.8777777777777778,1.8777777777777778,1.0,5.192,0.006,0.06107168000000001,1.0
site_1786__site_0058,site_1786,site_0058,4,4,4,4.4,0.027552,34.34,1.8622222222222222,1.8622222222222222,1.1,1.2,0.0065,0.0100035,1.0
site_1587__site_1531,site_1587,site_1531,3,3,4,8.959999999999999,0.097164,22.52,1.6891666666666667,1.6891666666666667,2.36,4.152,0.01989,0.0561972,1.0
site_2348__site_2353,site_2348,site_2353,4,4,4,4.2,0.024707,71.08,1.6491666666666667,1.6491666666666667,1.0,1.14,0.004875,0.009117000000000002,1.0
site_2348__site_2437,site_2348,site_2437,4,4,4,5.7,0.037382,57.14,1.7284722222222224,1.7284722222222224,1.1,2.1100000000000003,0.007905,0.015565500000000001,1.0
site_1786__site_2128,site_1786,site_2128,3,3,4,3.8,0.020110000000000003,70.0,2.0613888888888887,2.0613888888888887,1.0,2.2,0.004022,0.010457200000000002,1.0
site_2357__site_2370,site_2357,site_2370,4,4,4,9.780000000000001,0.09819800000000001,33.65,1.2416666666666667,1.2416666666666667,1.81,4.398000000000001,0.012,0.05452320000000001,1.0
site_1786__site_0057,site_1786,site_0057,4,4,4,5.34,0.028607,22.3,0.5902777777777778,0.5902777777777778,1.0150000000000001,1.9260000000000002,0.0068249999999999995,0.010287000000000001,1.0
site_2388__site_2393,site_2388,site_2393,4,4,4,5.18,0.03601705,20.11,8.349305555555556,8.349305555555556,1.19,2.3040000000000003,0.006052525,0.016347915000000005,1.0
site_2158__site_2137,site_2158,site_2137,3,3,4,4.2,0.023854,76.0,2.398888888888889,2.398888888888889,1.2,1.84,0.008044,0.010356800000000001,1.0
site_1533__site_1539,site_1533,site_1539,3,3,3,3.5900000000000003,0.028286000000000002,55.0,1.613888888888889,1.613888888888889,1.0,1.9600000000000002,0.004374,0.0167868,1.0
site_1533__site_1546,site_1533,site_1546,3,3,3,4.859999999999999,0.042377000000000005,47.54,1.8619444444444444,1.8619444444444444,1.0,2.488,0.004875,0.027759000000000002,1.0
site_1533__site_1547,site_1533,site_1547,2,2,3,3.8299999999999996,0.029565,33.84,2.491111111111111,2.491111111111111,1.9149999999999998,2.663,0.0147825,0.0190485,1.0
site_1533__site_1548,site_1533,site_1548,3,3,3,2.61,0.012066,37.03,2.0725,2.0725,1.0,1.0,0.004022,0.004022,1.0
site_1533__site_1549,site_1533,site_1549,3,3,3,5.859999999999999,0.042315000000000005,37.36,0.9694444444444444,0.9694444444444444,2.42,2.436,0.01755,0.019422000000000002,1.0
site_1533__site_1558,site_1533,site_1558,3,3,3,3.99,0.030797,30.36,1.093888888888889,1.093888888888889,1.3,2.1,0.009225,0.015885,1.0
site_1533__site_1563,site_1533,site_1563,2,2,3,7.68,0.11472,33.36,0.9501388888888889,0.9501388888888889,3.84,5.872,0.05736,0.09586800000000001,1.0
site_1542__site_1506,site_1542,site_1506,3,3,3,3.4,0.025487,49.0,1.795,1.795,1.2,1.2,0.01053,0.010854,1.0
site_1542__site_1512,site_1542,site_1512,3,3,3,6.07,0.047805,64.67,1.531111111111111,1.531111111111111,1.2,3.3360000000000003,0.01053,0.028026,1.0
site_1542__site_1516,site_1542,site_1516,3,3,3,4.4,0.030797,37.26,2.113611111111111,2.113611111111111,1.2,2.0,0.009225,0.015885,1.0
site_1542__site_1519,site_1542,site_1519,3,3,3,3.67,0.023925000000000002,57.0,1.7502777777777778,1.7502777777777778,1.0,1.536,0.006,0.011640000000000001,1.0
site_1542__site_1522,site_1542,site_1522,3,3,3,6.359999999999999,0.055052000000000004,50.0,1.7297222222222222,1.7297222222222222,2.36,2.872,0.01755,0.030294,1.0
site_1542__site_1524,site_1542,site_1524,2,2,3,4.359999999999999,0.027934,41.0,1.450138888888889,1.450138888888889,2.1799999999999997,2.324,0.013967,0.0187054,1.0
site_1542__site_1535,site_1542,site_1535,3,3,3,3.2,0.020957,47.02,1.0186111111111111,1.0186111111111111,1.0,1.16,0.006,0.009948,1.0
site_1542__site_1538,site_1542,site_1538,3,3,3,7.59,0.065529,30.36,1.5930555555555554,1.5930555555555554,2.36,3.568,0.01989,0.033469200000000005,1.0
site_1542__site_1540,site_1542,site_1540,3,3,3,3.0,0.014044000000000001,53.0,1.8483333333333334,1.8483333333333334,1.0,1.0,0.004022,0.005604400000000001,1.0
site_1542__site_1553,site_1542,site_1553,3,3,3,3.0,0.014897,35.76,1.8491666666666666,1.8491666666666666,1.0,1.0,0.004875,0.005775,1.0
site_1587__site_1532,site_1587,site_1532,3,3,3,5.37,0.044908,16.79,1.9841666666666666,1.9841666666666666,1.0,3.2960000000000003,0.004022,0.030295600000000002,1.0
site_1587__site_1560,site_1587,site_1560,3,3,3,3.12,0.016819,29.28,2.1463888888888887,2.1463888888888887,1.0,1.16,0.004022,0.0078244,1.0
site_1587__site_1561,site_1587,site_1561,2,2,3,3.1,0.017719,23.45,1.34875,1.34875,1.55,1.9100000000000001,0.0088595,0.0095119,1.0
site_1587__site_1951,site_1587,site_1951,3,3,3,3.7399999999999998,0.025594000000000002,117.23,2.0908333333333333,2.0908333333333333,1.0,2.088,0.004022,0.0148444,1.0
site_1642__site_1615,site_1642,site_1615,3,3,3,4.640000000000001,0.03165,51.0,1.4283333333333332,1.4283333333333332,1.4,2.072,0.009225,0.015885,1.0
site_1642__site_1625,site_1642,site_1625,3,3,3,2.08,0.016819,40.99,11.211388888888889,11.211388888888889,0.6,1.032,0.004022,0.0078244,1.0
site_1642__site_1666,site_1642,site_1666,3,3,3,3.12,0.029138000000000004,44.49,1.0902777777777777,1.0902777777777777,1.0,1.3199999999999998,0.008044,0.012048800000000002,1.0
site_1642__site_1667,site_1642,site_1667,2,3,3,9.92,0.13705499999999998,48.61,3.6875694444444447,4.2791805555555555,4.96,7.888,0.06852749999999999,0.1158495,1.0
site_1654__site_1098,site_1654,site_1098,3,3,3,6.31,0.07476294,281.54,4.773888888888889,4.773888888888889,1.0,3.6479999999999997,0.004022,0.054179552000000006,1.0
site_1727__site_1731,site_1727,site_1731,1,1,3,1.26,0.012066,25.0,0.7141666666666666,0.7141666666666666,1.26,1.26,0.012066,0.012066,1.0
site_1749__site_1746,site_1749,site_1746,3,3,3,3.0,0.014044000000000001,26.46,0.6305555555555555,0.6305555555555555,1.0,1.0,0.004022,0.005604400000000001,1.0
site_1749__site_1758,site_1749,site_1758,3,3,3,3.4,0.027465,27.14,0.8952777777777777,0.8952777777777777,1.2,1.2,0.01053,0.010854,1.0
site_1749__site_2014,site_1749,site_2014,2,2,3,4.5600000000000005,0.032955,124.43,2.3318055555555555,2.3318055555555555,2.2800000000000002,2.344,0.0164775,0.0173355,1.0
site_1786__site_0015,site_1786,site_0015,2,2,3,3.2,0.021572,62.4,2.1383333333333336,2.1383333333333336,1.6,2.08,0.010786,0.016197200000000002,1.0
site_1786__site_0068,site_1786,site_0068,3,3,3,2.8,0.012418000000000002,34.89,1.3275,1.3275,1.0,1.0,0.004022,0.0043036,1.0
site_1786__site_0079,site_1786,site_0079,3,3,3,4.5,0.026732,44.04,1.0225,1.0225,1.0,2.2,0.004875,0.015243000000000001,1.0
site_1786__site_0082,site_1786,site_0082,3,3,3,3.86,0.025594000000000002,27.19,1.378611111111111,1.378611111111111,1.0,2.088,0.004022,0.0148444,1.0
site_1786__site_0092,site_1786,site_0092,3,3,3,9.690000000000001,0.110028,48.56,3.4658333333333333,3.4658333333333333,3.87,4.47,0.0324,0.0598344,1.0
site_1786__site_0118,site_1786,site_0118,3,3,3,4.5,0.031875,48.51,1.7413888888888889,1.7413888888888889,1.2,2.08,0.00945,0.01593,1.0
site_1786__site_0131,site_1786,site_0131,3,3,3,3.4,0.024182000000000002,21.99,1.1675,1.1675,1.2,1.2,0.009225,0.010593,1.0
site_1786__site_0154,site_1786,site_0154,3,3,3,2.8,0.019247,85.62,4.153333333333333,4.153333333333333,1.0,1.24,0.006,0.00858,1.0
site_1786__site_0230,site_1786,site_0230,3,3,3,3.2,0.016819,38.89,2.569166666666667,2.569166666666667,1.0,1.16,0.004022,0.0078244,1.0
site_1786__site_0277,site_1786,site_0277,3,3,3,3.0,0.014897,34.15,1.3044444444444445,1.3044444444444445,1.0,1.0,0.004875,0.005775,1.0
site_1786__site_0279,site_1786,site_0279,1,1,3,2.0,0.012066,38.23,1.6402777777777777,1.6402777777777777,2.0,2.0,0.012066,0.012066,1.0
site_1786__site_0290,site_1786,site_0290,3,3,3,2.5,0.012919,45.14,1.3597222222222223,1.3597222222222223,1.0,1.0,0.004022,0.0047044,1.0
site_1786__site_2109,site_1786,site_2109,2,2,3,7.23,0.058435999999999995,53.1,1.0077777777777777,1.0077777777777777,3.615,5.707000000000001,0.029217999999999997,0.049374799999999996,1.0
site_1787__site_0004,site_1787,site_0004,3,3,3,4.359999999999999,0.029139,283.71,5.248333333333333,5.248333333333333,1.0,2.088,0.004875,0.016887000000000003,1.0
site_1787__site_0007,site_1787,site_0007,3,3,3,4.75,0.029594969999999998,301.66,5.563055555555556,5.563055555555556,1.0,2.44,0.009319969999999999,0.014183994,1.0
site_1787__site_1243,site_1787,site_1243,3,3,3,2.29,0.02084052,628.26,19.0025,19.0025,1.0,1.04,0.004022,0.011041616,1.0
site_1787__site_1792,site_1787,site_1792,2,2,3,3.0,0.012919,27.27,1.0147222222222223,1.0147222222222223,1.5,1.9,0.0064595,0.007727100000000001,1.0
site_1873__site_1809,site_1873,site_1809,3,3,3,6.23,0.04380200000000001,12.12,0.43583333333333335,0.43583333333333335,2.36,2.7680000000000002,0.01989,0.01989,1.0
site_1873__site_1813,site_1873,site_1813,3,3,3,4.359999999999999,0.027934000000000004,9.25,0.5480555555555555,0.5480555555555555,1.0,2.088,0.004022,0.016716400000000003,1.0
site_1873__site_1820,site_1873,site_1820,3,3,3,3.1,0.018122,10.4,0.6269444444444444,0.6269444444444444,1.0,1.08,0.004875,0.008355000000000001,1.0
site_1873__site_1856,site_1873,site_1856,3,3,3,3.2,0.019427,10.76,0.7197222222222223,0.7197222222222223,1.0,1.16,0.004875,0.009399,1.0
site_1873__site_1883,site_1873,site_1883,3,3,3,3.0,0.012919,12.6,0.5502777777777778,0.5502777777777778,1.0,1.0,0.004022,0.0047044,1.0
site_1873__site_1905,site_1873,site_1905,3,3,3,3.1,0.017672,22.85,0.9933333333333333,0.9933333333333333,1.0,1.08,0.004875,0.007995,1.0
site_1873__site_1912,site_1873,site_1912,2,3,3,3.4,0.029868,14.79,0.7079166666666667,0.7589166666666667,1.7,2.26,0.014934,0.022081200000000002,1.0
site_1881__site_1817,site_1881,site_1817,3,3,3,3.2,0.018979000000000003,27.57,1.1769444444444443,1.1769444444444443,1.0,1.16,0.004022,0.0095524,1.0
site_1881__site_1869,site_1881,site_1869,3,3,3,7.6000000000000005,0.082361,15.88,1.1752777777777779,1.1752777777777779,1.2,4.4,0.010935,0.0523078,1.0
site_1921__site_1860,site_1921,site_1860,3,3,3,4.359999999999999,0.026799,6.68,0.45916666666666667,0.45916666666666667,1.0,2.088,0.004875,0.015015,1.0
site_1921__site_1868,site_1921,site_1868,3,3,3,3.0,0.012066,28.31,1.1680555555555556,1.1680555555555556,1.0,1.0,0.004022,0.004022,1.0
site_1921__site_1896,site_1921,site_1896,2,2,3,3.0,0.012919,19.0,0.7115277777777778,0.7115277777777778,1.5,1.9,0.0064595,0.0084095,1.0
site_1933__site_1509,site_1933,site_1509,3,3,3,2.159,0.02767782,348.76,6.235555555555556,6.235555555555556,0.88,1.168,0.008910719999999999,0.013315632,1.0
site_1933__site_1934,site_1933,site_1934,3,3,3,3.47,0.027926310000000003,31.31,1.278888888888889,1.278888888888889,0.97,1.9060000000000001,0.00632429,0.015328874000000003,1.0
site_1933__site_1935,site_1933,site_1935,3,3,3,1.812,0.012066,39.14,1.091388888888889,1.091388888888889,0.44,0.888,0.004022,0.004022,1.0
site_2026__site_2023,site_2026,site_2023,3,3,3,3.2,0.018574,35.0,0.6775,0.6775,1.0,1.16,0.004022,0.0092284,1.0
site_2056__site_2058,site_2056,site_2058,2,2,3,4.359999999999999,0.025946,18.0,0.29680555555555554,0.29680555555555554,2.1799999999999997,3.124,0.012973,0.0201338,1.0
site_2071__site_1509,site_2071,site_1509,3,3,3,1.5,0.012066,53.66,1.3330555555555557,1.3330555555555557,0.5,0.5,0.004022,0.004022,1.0
site_2100__site_2158,site_2100,site_2158,2,3,3,3.56,0.019978000000000003,22.52,0.6870833333333333,0.70875,1.78,1.956,0.009989000000000001,0.011545,1.0
site_1289__site_1128,site_1289,site_1128,3,3,3,4.4,0.039375,150.22,2.261388888888889,2.261388888888889,1.0,2.12,0.012,0.0168,1.0
site_0021__site_2100,site_0021,site_2100,3,3,3,12.67,0.07742347999999999,57.24,3.8672222222222223,3.8672222222222223,3.87,7.014,0.0324,0.039281184,1.0
site_0777__site_0780,site_0777,site_0780,2,3,3,3.2,0.018979000000000003,30.13,1.4036805555555556,1.4957361111111112,1.6,1.92,0.009489500000000001,0.0106459,1.0
site_0777__site_0783,site_0777,site_0783,3,3,3,2.06,0.012066,32.44,1.3988888888888888,1.3988888888888888,0.61,0.922,0.004022,0.004022,1.0
site_1289__site_1290,site_1289,site_1290,3,3,3,2.475,0.019247,7.78,0.35694444444444445,0.35694444444444445,1.0,1.16,0.006,0.00858,1.0
site_2125__site_1129,site_2125,site_1129,2,3,3,3.13,0.02375966,495.1,7.500277777777778,7.5167222222222225,1.565,1.8570000000000002,0.01187983,0.013802093999999999,1.0
site_1071__site_1079,site_1071,site_1079,3,3,3,3.87,0.019384000000000002,46.55,1.7458333333333333,1.7458333333333333,1.0,1.6960000000000002,0.004022,0.0098764,1.0
site_1071__site_1081,site_1071,site_1081,3,3,3,6.87,0.052614,44.49,1.5502777777777779,1.5502777777777779,2.0,3.496,0.00975,0.0314412,1.0
site_0123__site_2100,site_0123,site_2100,3,3,3,2.7,0.016044000000000003,45.22,1.1369444444444445,1.1369444444444445,1.0,1.0,0.004022,0.0072044000000000006,1.0
site_1071__site_1086,site_1071,site_1086,2,3,3,7.609999999999999,0.060367000000000004,25.79,1.0896527777777778,1.1418194444444445,3.8049999999999997,5.865,0.030183500000000002,0.0437327,1.0
site_0164__site_0166,site_0164,site_0166,3,3,3,4.76,0.0396,27.83,1.2222222222222223,1.2222222222222223,1.2,2.128,0.010935,0.018099,1.0
site_0164__site_0189,site_0164,site_0189,2,2,3,10.17,0.136713,15.07,1.7931944444444445,1.7931944444444445,5.085,8.913,0.0683565,0.1198241,1.0
site_0167__site_0255,site_0167,site_0255,2,2,3,3.0,0.012066,31.46,1.1173611111111112,1.1173611111111112,1.5,1.9,0.006033,0.007641800000000001,1.0
site_0191__site_0126,site_0191,site_0126,3,3,3,4.07,0.03021979,11.8,0.5580555555555555,0.5580555555555555,1.27,1.694,0.00864779,0.015769558,1.0
site_1071__site_1090,site_1071,site_1090,3,3,3,5.0,0.041524,58.0,1.4436111111111112,1.4436111111111112,1.0,2.6,0.004022,0.027588400000000006,1.0
site_0191__site_0135,site_0191,site_0135,3,3,3,3.2,0.020201,15.83,0.9094444444444445,0.9094444444444445,1.0,1.16,0.006,0.009343200000000001,1.0
site_0191__site_0139,site_0191,site_0139,3,3,3,4.18,0.03943721,14.55,0.6344444444444445,0.6344444444444445,1.0,2.32,0.004022,0.025918968,1.0
site_2125__site_1740,site_2125,site_1740,3,3,3,6.2700000000000005,0.046049999999999994,950.5,15.841111111111111,15.841111111111111,1.2,3.4960000000000004,0.008775,0.027674999999999998,1.0
site_0191__site_0244,site_0191,site_0244,3,3,3,3.0,0.014396,14.89,0.8069444444444445,0.8069444444444445,1.0,1.0,0.004374,0.005674800000000001,1.0
site_0191__site_0248,site_0191,site_0248,3,3,3,2.385,0.014897,85.02,1.503611111111111,1.503611111111111,1.0,1.0,0.004875,0.005775,1.0
site_0191__site_0269,site_0191,site_0269,3,3,3,4.08,0.02563655,13.71,1.1744444444444444,1.1744444444444444,1.0,1.864,0.004875,0.01436664,1.0
site_0191__site_0301,site_0191,site_0301,3,3,3,6.9,0.05664556,25.63,1.0527777777777778,1.0527777777777778,1.0,4.12,0.004875,0.039173848,1.0
site_0204__site_2100,site_0204,site_2100,3,3,3,5.05,0.024,52.89,1.8155555555555556,1.8155555555555556,1.9,2.1,0.008,0.009600000000000001,1.0
site_1071__site_1092,site_1071,site_1092,3,3,3,5.359999999999999,0.039975,58.8,1.1566666666666667,1.1566666666666667,2.0,2.288,0.01755,0.01755,1.0
site_1289__site_1292,site_1289,site_1292,3,3,3,21.48,0.226502,18.16,0.7091666666666666,0.7091666666666666,9.16,10.088000000000001,0.09424,0.1168576,1.0
site_0298__site_2100,site_0298,site_2100,3,3,3,8.75,0.0500096,49.52,2.073611111111111,2.073611111111111,2.35,4.790000000000001,0.012353,0.0283906,1.0
site_1350__site_1342,site_1350,site_1342,2,2,3,5.87,0.048662,33.26,1.8244444444444445,1.8244444444444445,2.935,4.4830000000000005,0.024331,0.0398958,1.0
site_1289__site_1295,site_1289,site_1295,3,3,3,6.76,0.048677000000000005,17.04,0.48527777777777775,0.48527777777777775,1.0,4.008,0.004875,0.032799,1.0
site_0824__site_1978,site_0824,site_1978,3,3,3,2.5,0.02140487,77.09,1.7947222222222223,1.7947222222222223,0.92,1.08,0.00861111,0.00873963,1.0
site_1071__site_2089,site_1071,site_2089,3,3,3,3.2,0.017494000000000003,133.0,2.484722222222222,2.484722222222222,1.0,1.16,0.004022,0.008364400000000001,1.0
site_0833__site_0835,site_0833,site_0835,3,3,3,2.03,0.018574,55.0,1.3216666666666668,1.3216666666666668,0.6,1.08,0.004022,0.0092284,1.0
site_1071__site_2299,site_1071,site_2299,3,3,3,11.15,0.131409,16.45,0.655,0.655,1.0,7.5200000000000005,0.004875,0.0989846,1.0
site_2125__site_2425,site_2125,site_2425,3,3,3,3.2,0.019832000000000002,691.74,31.199444444444445,31.199444444444445,1.0,1.16,0.004875,0.009723,1.0
site_0833__site_0843,site_0833,site_0843,3,3,3,4.74,0.042863809999999995,113.05,1.3344444444444445,1.3344444444444445,1.0,2.3920000000000003,0.004875,0.027466048,1.0
site_0329__site_0349,site_0329,site_0349,3,3,3,5.0,0.041524000000000005,73.77,1.6419444444444444,1.6419444444444444,1.0,2.6,0.004022,0.027588400000000006,1.0
site_2149__site_0930,site_2149,site_0930,3,3,3,2.505,0.022657979999999998,124.69,2.3341666666666665,2.3341666666666665,0.79,1.126,0.008755889999999999,0.00911217,1.0
site_2149__site_1380,site_2149,site_1380,3,3,3,3.7649999999999997,0.025594,245.09,3.168888888888889,3.168888888888889,0.69,2.09,0.004022,0.0148444,1.0
site_1289__site_1296,site_1289,site_1296,3,3,3,6.0,0.043997,10.94,0.1463888888888889,0.1463888888888889,1.0,3.4000000000000004,0.004875,0.029055,1.0
site_1350__site_1343,site_1350,site_1343,3,3,3,7.589999999999999,0.05778265,49.73,1.6483333333333334,1.6483333333333334,1.94,4.068,0.01938265,0.029796529999999998,1.0
site_1233__site_1205,site_1233,site_1205,3,3,3,4.1,0.024422,11.04,0.415,0.415,1.0,1.8800000000000001,0.006,0.01272,1.0
site_2149__site_1749,site_2149,site_1749,3,3,3,1.2349999999999999,0.012066,217.62,3.3986111111111112,3.3986111111111112,0.43,0.506,0.004022,0.004022,1.0
site_1301__site_2100,site_1301,site_2100,3,3,3,6.0,0.026897,852.68,16.502222222222223,16.502222222222223,2.0,2.8,0.006,0.014700000000000001,1.0
site_0362__site_0367,site_0362,site_0367,3,3,3,7.34,0.08708,18.79,2.0391666666666666,2.0391666666666666,2.48,3.584,0.01989,0.0545124,1.0
site_0862__site_0851,site_0862,site_0851,3,3,3,2.03,0.014396,18.68,0.5477777777777778,0.5477777777777778,1.0,1.0,0.004374,0.005674800000000001,1.0
site_0862__site_0854,site_0862,site_0854,3,3,3,3.4,0.023777,26.38,16.593611111111112,16.593611111111112,1.2,1.2,0.009225,0.010269,1.0
site_0862__site_0855,site_0862,site_0855,3,3,3,3.66,0.027031189999999997,26.57,0.4713888888888889,0.4713888888888889,1.0,1.848,0.004875,0.015482352,1.0
site_0862__site_0857,site_0862,site_0857,2,2,3,3.45,0.0264058,34.18,1.9095833333333334,1.9095833333333334,1.725,1.945,0.0132029,0.017330019999999998,1.0
site_0862__site_0858,site_0862,site_0858,3,3,3,3.2,0.018122000000000003,18.93,2.4183333333333334,2.4183333333333334,1.0,1.16,0.004875,0.008355000000000001,1.0
site_0374__site_0371,site_0374,site_0371,3,3,3,1.21,0.012066,31.0,1.113888888888889,1.113888888888889,0.5,0.612,0.004022,0.004022,1.0
site_0374__site_0379,site_0374,site_0379,2,2,3,2.7,0.018979000000000003,32.0,0.955,0.955,1.35,1.47,0.009489500000000001,0.0106459,1.0
site_0862__site_0867,site_0862,site_0867,3,3,3,4.2,0.028787000000000004,33.14,0.7994444444444444,0.7994444444444444,1.0,1.9600000000000002,0.004875,0.016887000000000003,1.0
site_1233__site_1229,site_1233,site_1229,3,3,3,4.4,0.03162,15.43,0.7552777777777778,0.7552777777777778,1.0,2.12,0.004875,0.018471,1.0
site_2158__site_0111,site_2158,site_0111,3,3,3,2.3,0.012418000000000002,51.92,1.7344444444444445,1.7344444444444445,1.0,1.0,0.004022,0.0043036,1.0
site_1311__site_1312,site_1311,site_1312,2,2,3,3.0,0.012919,11.18,1.08875,1.08875,1.5,1.9,0.0064595,0.007727100000000001,1.0
site_0388__site_2192,site_0388,site_2192,2,3,3,1.88,0.016088,187.0,2.7461111111111114,2.790111111111111,0.94,1.148,0.008044,0.008044,1.0
site_0862__site_0880,site_0862,site_0880,2,2,3,3.4000000000000004,0.025136,26.34,2.2509722222222224,2.2509722222222224,1.7000000000000002,2.1,0.012568,0.0144792,1.0
site_0388__site_2233,site_0388,site_2233,3,3,3,6.24,0.09253708,67.83,1.4555555555555555,1.4555555555555555,1.25,3.5780000000000003,0.01018908,0.061481016,1.0
site_2158__site_0180,site_2158,site_0180,3,3,3,5.37,0.04129699999999999,53.96,1.7719444444444445,1.7719444444444445,1.0,3.2960000000000003,0.004875,0.026895,1.0
site_0862__site_0881,site_0862,site_0881,3,3,3,2.5,0.012919,33.03,0.885,0.885,1.0,1.0,0.004022,0.0047044,1.0
site_0388__site_2324,site_0388,site_2324,2,2,3,1.4649999999999999,0.012066,53.53,1.7622222222222224,1.7622222222222224,0.7324999999999999,0.8385,0.006033,0.007641800000000001,1.0
site_0388__site_2329,site_0388,site_2329,3,3,3,1.8599999999999999,0.012066,65.09,2.3630555555555555,2.3630555555555555,0.43,0.886,0.004022,0.004022,1.0
site_1233__site_1237,site_1233,site_1237,3,3,3,4.56,0.032507,5.43,0.3486111111111111,0.3486111111111111,1.2,2.128,0.010935,0.016227,1.0
site_1233__site_1243,site_1233,site_1243,3,3,3,4.75,0.029759599999999997,76.23,2.1058333333333334,2.1058333333333334,1.4,2.16,0.01215,0.0123124,1.0
site_1233__site_1248,site_1233,site_1248,2,2,3,7.16,0.07822,7.68,1.8933333333333333,1.8933333333333333,3.58,4.844,0.03911,0.0639628,1.0
site_2158__site_0258,site_2158,site_0258,2,2,3,6.540000000000001,0.07749600000000001,58.15,3.027916666666667,3.027916666666667,3.2700000000000005,5.086000000000001,0.038748000000000005,0.0658464,1.0
site_0410__site_0402,site_0410,site_0402,3,3,3,2.06,0.018791500000000003,22.76,1.2569444444444444,1.2569444444444444,0.99,0.998,0.004875,0.0088906,1.0
site_1243__site_1209,site_1243,site_1209,3,3,3,1.23,0.012066,26.7,0.6766666666666666,0.6766666666666666,0.33,0.546,0.004022,0.004022,1.0
site_2158__site_1044,site_2158,site_1044,3,3,3,5.87,0.040443999999999994,19.62,0.7133333333333334,0.7133333333333334,1.0,3.2960000000000003,0.004022,0.0267244,1.0
site_1304__site_1743,site_1304,site_1743,3,3,3,2.0,0.017269,93.0,1.9630555555555556,1.9630555555555556,0.5,1.06,0.004022,0.008184400000000001,1.0
site_0448__site_1071,site_0448,site_1071,2,2,3,3.6,0.018844,63.77,1.0755555555555556,1.0755555555555556,1.8,1.96,0.009422,0.010524400000000001,1.0
site_1311__site_1315,site_1311,site_1315,3,3,3,8.1,0.08119699999999999,34.33,1.1091666666666666,1.1091666666666666,2.8,4.0,0.017835,0.051039,1.0
site_1129__site_1133,site_1129,site_1133,1,1,3,0.46,0.012066,66.02,1.4197222222222223,1.4197222222222223,0.46,0.46,0.012066,0.012066,1.0
site_0453__site_2125,site_0453,site_2125,3,3,3,5.359999999999999,0.07529416,1461.11,22.04888888888889,22.04888888888889,2.07,2.726,0.02486814,0.042096844,1.0
site_1253__site_0362,site_1253,site_0362,2,2,3,1.6400000000000001,0.017494,88.21,3.5881944444444445,3.5881944444444445,0.8200000000000001,1.2120000000000002,0.008747,0.012527,1.5
site_0900__site_0912,site_0900,site_0912,3,3,3,11.39,0.138974,26.05,4.1530555555555555,4.1530555555555555,3.87,4.902,0.04712,0.0688672,1.0
site_2158__site_1466,site_2158,site_1466,3,3,3,5.72,0.041462,11.13,1.0783333333333334,1.0783333333333334,2.36,2.36,0.01755,0.019422000000000002,1.0
site_2158__site_1467,site_2158,site_1467,3,3,3,3.0,0.015249,8.16,0.9338888888888889,0.9338888888888889,1.0,1.0,0.004875,0.005775,1.0
site_0472__site_0481,site_0472,site_0481,3,3,3,2.88,0.023777,27.08,0.7191666666666666,0.7191666666666666,1.2,1.2,0.009225,0.010269,1.0
site_0900__site_0938,site_0900,site_0938,3,3,3,3.0999999999999996,0.022527000000000002,193.05,5.542777777777777,5.542777777777777,1.0,1.56,0.004875,0.011879,1.0
site_0900__site_0939,site_0900,site_0939,3,3,3,4.359999999999999,0.025594,214.03,5.401944444444444,5.401944444444444,1.0,2.088,0.004022,0.0148444,1.0
site_2158__site_2105,site_2158,site_2105,2,3,3,2.6,0.012066,42.8975,7.662430555555556,7.798930555555556,1.3,1.54,0.006033,0.007641800000000001,1.0
site_2158__site_2107,site_2158,site_2107,2,2,3,7.17,0.07158600000000001,31.74,1.9265277777777778,1.9265277777777778,3.585,4.053,0.035793000000000005,0.05477460000000001,1.0
site_0900__site_2454,site_0900,site_2454,3,3,3,3.2,0.020685000000000002,362.24,10.974166666666667,10.974166666666667,1.0,1.16,0.004875,0.009723,1.0
site_1253__site_1197,site_1253,site_1197,3,3,3,2.9699999999999998,0.022697000000000002,11.4,0.5261111111111111,0.5261111111111111,1.0,1.0,0.009225,0.009405,1.0
site_0921__site_0924,site_0921,site_0924,3,3,3,3.06,0.025892,20.0,1.0461111111111112,1.0461111111111112,1.2,1.488,0.01053,0.011177999999999999,1.0
site_0507__site_0509,site_0507,site_0509,3,3,3,3.16,0.022022,25.0,0.6116666666666667,0.6116666666666667,1.0,1.16,0.008775,0.009135,1.0
site_2158__site_2118,site_2158,site_2118,3,3,3,2.5,0.014044000000000001,42.96,1.5891666666666666,1.5891666666666666,1.0,1.0,0.004022,0.005604400000000001,1.0
site_0537__site_0515,site_0537,site_0515,2,2,3,3.9299999999999997,0.025594,53.0,1.468888888888889,1.468888888888889,1.9649999999999999,2.793,0.012797,0.0165994,1.0
site_0537__site_0522,site_0537,site_0522,3,3,3,7.16,0.080198,34.0,1.6552777777777778,1.6552777777777778,1.0,4.328,0.006,0.057340800000000004,1.0
site_0930__site_0421,site_0930,site_0421,3,3,3,3.87,0.028547000000000003,23.33,0.9805555555555555,0.9805555555555555,1.0,1.6960000000000002,0.005625,0.016245000000000002,1.0
site_0537__site_0538,site_0537,site_0538,3,3,3,6.5,0.073569,43.3,8.909722222222221,8.909722222222221,1.0,3.8000000000000003,0.004875,0.0527126,1.0
site_1253__site_1916,site_1253,site_1916,3,3,3,4.35,0.024375,81.23,1.6291666666666667,1.6291666666666667,1.0,2.08,0.008,0.0114824,1.0
site_2158__site_2136,site_2158,site_2136,3,3,3,3.5,0.016494,80.0,2.015,2.015,1.0,1.4,0.004022,0.0075644,1.0
site_0537__site_0568,site_0537,site_0568,1,1,3,2.0,0.012066,32.0,1.1952777777777779,1.1952777777777779,2.0,2.0,0.012066,0.012066,1.0
site_0537__site_0578,site_0537,site_0578,3,3,3,2.59,0.012066,34.0,1.8141666666666667,1.8141666666666667,1.0,1.0,0.004022,0.004022,1.0
site_0537__site_0606,site_0537,site_0606,3,3,3,3.77,0.022697000000000002,33.0,1.9252777777777779,1.9252777777777779,1.07,1.574,0.009225,0.009405,1.0
site_0930__site_1571,site_0930,site_1571,2,2,3,2.43,0.016792,75.95,1.8963888888888891,1.8963888888888891,1.215,1.843,0.008396,0.0086776,1.0
site_0537__site_0622,site_0537,site_0622,3,3,3,3.05,0.025594000000000002,49.03,2.3180555555555555,2.3180555555555555,0.4,1.968,0.004022,0.0148444,1.0
site_0537__site_0630,site_0537,site_0630,2,2,3,4.5,0.025879,32.38,1.1412499999999999,1.1412499999999999,2.25,2.45,0.0129395,0.0168559,1.0
site_1311__site_1323,site_1311,site_1323,3,3,3,5.87,0.043274999999999994,17.52,1.4847222222222223,1.4847222222222223,1.0,3.2960000000000003,0.006,0.02712,1.0
site_1258__site_0507,site_1258,site_0507,3,3,3,2.96,0.017269000000000003,705.19,11.492222222222223,11.492222222222223,1.0,1.0,0.004022,0.008184400000000001,1.0
site_2158__site_2165,site_2158,site_2165,3,3,3,8.08,0.056672,74.0,1.8672222222222221,1.8672222222222221,2.36,4.248,0.01755,0.03159,1.0
site_1143__site_1167,site_1143,site_1167,3,3,3,3.4,0.023777,33.0,0.8613888888888889,0.8613888888888889,1.2,1.2,0.009225,0.010269,1.0
site_2166__site_2406,site_2166,site_2406,3,3,3,3.5999999999999996,0.032805,138.06,2.8216666666666668,2.8216666666666668,1.2,1.2,0.010935,0.010935,1.0
site_2222__site_0500,site_2222,site_0500,2,2,3,2.6500000000000004,0.02428769,679.3199999999999,11.524305555555557,11.524305555555557,1.3250000000000002,1.4250000000000003,0.012143845,0.013110921000000001,1.0
site_2222__site_2209,site_2222,site_2209,3,3,3,3.73,0.031753409999999996,29.29,1.0458333333333334,1.0458333333333334,1.11,1.99,0.009853200000000001,0.016273208,1.0
site_0537__site_0682,site_0537,site_0682,3,3,3,4.58,0.055305,20.57,2.4608333333333334,2.4608333333333334,1.16,2.3440000000000003,0.01305,0.029394000000000003,1.0
site_2222__site_2223,site_2222,site_2223,3,3,3,1.88,0.01754562,23.01,0.7241666666666666,0.7241666666666666,0.39,1.046,0.004022,0.008405696,1.0
site_1143__site_1171,site_1143,site_1171,3,3,3,2.3,0.012919,16.05,0.7183333333333334,0.7183333333333334,1.0,1.0,0.004022,0.0047044,1.0
site_2238__site_2240,site_2238,site_2240,3,3,3,7.16,0.079073,13.85,0.7413888888888889,0.7413888888888889,1.0,4.328,0.004875,0.05711580000000001,1.0
site_0971__site_0893,site_0971,site_0893,3,3,3,3.2,0.020685000000000002,641.56,9.585277777777778,9.585277777777778,1.0,1.16,0.004875,0.009723,1.0
site_2238__site_2331,site_2238,site_2331,3,3,3,4.07,0.026297,349.52,5.001388888888889,5.001388888888889,1.2,1.7360000000000002,0.010935,0.011259,1.0
site_2258__site_2259,site_2258,site_2259,3,3,3,4.13,0.033393099999999995,17.0,1.1955555555555555,1.1955555555555555,1.19,1.79,0.00950232,0.016213088,1.0
site_0614__site_0612,site_0614,site_0612,3,3,3,4.01,0.026247,24.44,1.008888888888889,1.008888888888889,1.0,2.2,0.004675,0.014975,1.0
site_0971__site_0969,site_0971,site_0969,3,3,3,3.5300000000000002,0.022022,61.0,1.5066666666666666,1.5066666666666666,1.2,1.304,0.008775,0.009135,1.0
site_1350__site_1335,site_1350,site_1335,3,3,3,3.4,0.026745,54.93,5.735277777777778,5.735277777777778,1.2,1.2,0.010935,0.010935,1.0
site_2281__site_2291,site_2281,site_2291,3,3,3,3.5,0.04116069,2.1,0.31972222222222224,0.31972222222222224,0.86,1.9640000000000002,0.004022,0.027297752000000005,1.0
site_0971__site_0972,site_0971,site_0972,3,3,3,3.0,0.012919,63.0,4.739722222222222,4.739722222222222,1.0,1.0,0.004022,0.0047044,1.0
site_2295__site_2297,site_2295,site_2297,3,3,3,5.31,0.07103083,53.0,1.0422222222222222,1.0422222222222222,1.7,2.996,0.01363,0.045429064000000005,1.0
site_0614__site_0696,site_0614,site_0696,3,3,3,7.07,0.08492,27.0,0.9330555555555555,0.9330555555555555,2.57,3.314,0.01773,0.0540804,1.0
site_1259__site_0614,site_1259,site_0614,3,3,3,3.0,0.0175066,95.0,2.359166666666667,2.359166666666667,1.0,1.0,0.006,0.006200000000000001,1.0
site_0971__site_0982,site_0971,site_0982,3,3,3,4.76,0.040444,44.0,1.228888888888889,1.228888888888889,1.0,2.408,0.004022,0.0267244,1.0
site_0971__site_0983,site_0971,site_0983,3,3,3,4.37,0.04695200000000001,41.0,0.8569444444444444,0.8569444444444444,1.09,2.6180000000000003,0.00945,0.028674000000000005,1.0
site_1197__site_1204,site_1197,site_1204,3,3,3,4.359999999999999,0.027299999999999998,29.97,0.8747222222222222,0.8747222222222222,1.0,2.088,0.004875,0.015015,1.0
site_2348__site_0715,site_2348,site_0715,3,3,3,5.87,0.046886,51.02,1.8263888888888888,1.8263888888888888,1.0,3.2960000000000003,0.006,0.030691200000000002,1.0
site_1197__site_1206,site_1197,site_1206,3,3,3,3.0,0.018525,27.24,0.8397222222222223,0.8397222222222223,1.0,1.0,0.004875,0.007995,1.0
site_0669__site_0569,site_0669,site_0569,3,3,3,3.4,0.025892000000000002,26.0,1.103888888888889,1.103888888888889,1.2,1.2,0.010935,0.010935,1.0
site_0971__site_1003,site_0971,site_1003,3,3,3,4.5600000000000005,0.030797,67.0,5.009444444444444,5.009444444444444,1.2,2.128,0.009225,0.015885,1.0
site_1304__site_1776,site_1304,site_1776,2,2,3,2.5,0.012066,67.2,2.3647222222222224,2.3647222222222224,1.25,1.45,0.006033,0.007641800000000001,1.0
site_0669__site_0603,site_0669,site_0603,3,3,3,11.72,0.102284,40.0,1.1291666666666667,1.1291666666666667,1.0,7.976000000000001,0.004022,0.07619640000000001,1.0
site_0669__site_0625,site_0669,site_0625,3,3,3,3.1,0.017672,60.0,2.006666666666667,2.006666666666667,1.0,1.08,0.004875,0.007995,1.0
site_0971__site_1013,site_0971,site_1013,3,3,3,3.56,0.022215,37.0,1.0625,1.0625,1.0,1.448,0.006,0.010272,1.0
site_0971__site_1017,site_0971,site_1017,3,3,3,7.47,0.055164000000000005,47.68,1.5658333333333334,1.5658333333333334,1.0,5.144,0.004022,0.038500400000000004,1.0
site_1304__site_1779,site_1304,site_1779,2,2,3,2.5,0.012066,41.04,2.9033333333333333,2.9033333333333333,1.25,1.45,0.006033,0.007641800000000001,1.0
site_0669__site_0648,site_0669,site_0648,2,2,3,3.0,0.013772,39.86,2.6133333333333333,2.6133333333333333,1.5,1.9,0.006886,0.0084948,1.0
site_2348__site_0732,site_2348,site_0732,3,3,3,2.74,0.013022,33.28,1.6719444444444445,1.6719444444444445,1.0,1.0,0.004125,0.004725,1.0
site_0971__site_1021,site_0971,site_1021,3,3,3,2.1,0.016497,46.0,1.2494444444444444,1.2494444444444444,1.0,1.0,0.004875,0.0070550000000000005,1.0
site_0971__site_1023,site_0971,site_1023,3,3,3,3.65,0.025594000000000002,48.0,3.1175,3.1175,1.0,2.088,0.004022,0.0148444,1.0
site_0971__site_1024,site_0971,site_1024,3,3,3,2.44,0.017621,53.0,0.9733333333333334,0.9733333333333334,1.0,1.08,0.004374,0.008254800000000001,1.0
site_2348__site_0736,site_2348,site_0736,3,3,3,3.35,0.040594000000000005,29.8,1.1480555555555556,1.1480555555555556,0.35,2.2300000000000004,0.004022,0.026844400000000004,1.0
site_2348__site_0737,site_2348,site_0737,3,3,3,2.5,0.013122,69.4,1.3355555555555556,1.3355555555555556,1.0,1.0,0.004225,0.004745,1.0
site_1197__site_1234,site_1197,site_1234,2,2,3,3.0,0.016022,13.405000000000001,0.6248611111111111,0.6248611111111111,1.5,1.9,0.008011,0.0112022,1.0
site_0669__site_0670,site_0669,site_0670,3,3,3,2.83,0.017494000000000003,28.19,3.5772222222222223,3.5772222222222223,1.0,1.0,0.004022,0.008364400000000001,1.0
site_2348__site_0742,site_2348,site_0742,3,3,3,3.2,0.018797,39.89,1.7141666666666666,1.7141666666666666,1.0,1.16,0.006,0.00822,1.0
site_0669__site_0690,site_0669,site_0690,3,3,3,3.16,0.01787984,53.0,1.3452777777777778,1.3452777777777778,1.0,1.128,0.004875,0.008161272,1.0
site_2348__site_0747,site_2348,site_0747,3,3,3,4.82,0.031607,40.1,1.1780555555555556,1.1780555555555556,2.0,2.4,0.00975,0.016218,1.0
site_1197__site_1250,site_1197,site_1250,3,3,3,4.359999999999999,0.026799,22.78,0.6847222222222222,0.6847222222222222,1.0,2.088,0.004875,0.015015,1.0
site_2348__site_0749,site_2348,site_0749,3,3,3,4.0,0.016941,53.95,1.2308333333333332,1.2308333333333332,1.0,1.8,0.004875,0.0074102000000000005,1.0
site_0971__site_2056,site_0971,site_2056,3,3,3,4.76,0.03771,250.11,4.538611111111111,4.538611111111111,1.2,2.128,0.010935,0.016227,1.0
site_1197__site_1927,site_1197,site_1927,3,3,3,3.2,0.017672,92.76,2.1775,2.1775,1.0,1.16,0.004875,0.007995,1.0
site_0690__site_0558,site_0690,site_0558,3,3,3,2.29,0.012919,25.0,1.1358333333333333,1.1358333333333333,1.0,1.0,0.004022,0.0047044,1.0
site_2348__site_0754,site_2348,site_0754,3,3,3,3.0,0.014044000000000001,98.0,1.67,1.67,1.0,1.0,0.004022,0.005604400000000001,1.0
site_0690__site_0693,site_0690,site_0693,3,3,3,2.33,0.017494000000000003,11.0,1.2280555555555555,1.2280555555555555,1.0,1.0,0.004022,0.008364400000000001,1.0
site_1311__site_1881,site_1311,site_1881,3,3,3,1.23,0.012066,90.64,1.7719444444444445,1.7719444444444445,0.46,0.46799999999999997,0.004022,0.004022,1.0
site_0701__site_0535,site_0701,site_0535,3,3,3,2.9000000000000004,0.025594000000000002,12.87,1.0980555555555556,1.0980555555555556,0.53,1.602,0.004022,0.0148444,1.0
site_1288__site_1289,site_1288,site_1289,3,3,3,4.2,0.0348066,17.04,0.5033333333333333,0.5033333333333333,1.0,1.9600000000000002,0.012,0.01644,1.0
site_1350__site_1361,site_1350,site_1361,3,3,3,3.79,0.033049999999999996,25.64,0.9655555555555555,0.9655555555555555,1.2,1.3519999999999999,0.010935,0.012858999999999999,1.0
site_1350__site_1371,site_1350,site_1371,3,3,3,3.41,0.03021553,29.22,1.3908333333333334,1.3908333333333334,1.2,1.232,0.00997927,0.010743854,1.0
site_1350__site_2082,site_1350,site_2082,3,3,3,2.18,0.012919,116.0,1.378611111111111,1.378611111111111,0.63,0.926,0.004022,0.0047044,1.0
site_1380__site_1378,site_1380,site_1378,3,3,3,6.279999999999999,0.07553179,12.01,0.7786111111111111,0.7786111111111111,0.59,4.358,0.00425779,0.05465315800000001,1.0
site_2348__site_1043,site_2348,site_1043,3,3,3,3.0,0.013772,109.63,1.9997222222222222,1.9997222222222222,1.0,1.0,0.004875,0.004875,1.0
site_2348__site_1147,site_2348,site_1147,3,3,3,3.2,0.020552,65.27,1.6475,1.6475,1.0,1.16,0.006,0.009624,1.0
site_1380__site_1386,site_1380,site_1386,3,3,3,3.2,0.018797,18.15,0.97,0.97,1.0,1.16,0.006,0.00822,1.0
site_1380__site_1391,site_1380,site_1391,3,3,3,6.85,0.060842,13.29,0.7344444444444445,0.7344444444444445,1.0,4.08,0.006,0.0415744,1.0
site_1402__site_1694,site_1402,site_1694,3,3,3,5.64,0.05553732,43.74,2.2802777777777776,2.2802777777777776,1.95,2.542,0.01799145,0.030417386000000005,1.0
site_1425__site_1279,site_1425,site_1279,3,3,3,3.2,0.019778999999999998,42.29,0.9455555555555556,0.9455555555555556,1.0,1.16,0.004875,0.009399,1.0
site_1425__site_1417,site_1425,site_1417,2,2,3,4.5600000000000005,0.032859,32.0,1.5745833333333334,1.5745833333333334,2.2800000000000002,2.344,0.0164295,0.017325899999999998,1.0
site_2348__site_2350,site_2348,site_2350,3,3,3,3.86,0.027934000000000004,46.03,1.4758333333333333,1.4758333333333333,1.0,2.088,0.004022,0.016716400000000003,1.0
site_1425__site_1424,site_1425,site_1424,3,3,3,4.359999999999999,0.029139,22.12,1.2861111111111112,1.2861111111111112,1.0,2.088,0.004875,0.016887000000000003,1.0
site_1425__site_1432,site_1425,site_1432,3,3,3,3.2,0.019832000000000002,36.0,1.3927777777777777,1.3927777777777777,1.0,1.16,0.004875,0.009723,1.0
site_2348__site_2434,site_2348,site_2434,3,3,3,4.5,0.025946,63.33,1.8544444444444443,1.8544444444444443,1.0,2.2,0.004374,0.0149148,1.0
site_2348__site_2435,site_2348,site_2435,3,3,3,2.56,0.025116000000000003,64.28,1.7080555555555557,1.7080555555555557,0.96,0.992,0.008044,0.012048800000000002,1.0
site_1425__site_1440,site_1425,site_1440,2,2,3,3.8899999999999997,0.017497,27.96,1.2551388888888888,1.2551388888888888,1.9449999999999998,1.989,0.0087485,0.0088673,1.0
site_1425__site_1443,site_1425,site_1443,3,3,3,10.139999999999999,0.11581500000000002,17.45,1.8319444444444444,1.8319444444444444,3.78,4.884,0.036864,0.0635136,1.0
site_1425__site_1710,site_1425,site_1710,2,2,3,5.6,0.034144,48.3,1.2390277777777778,1.2390277777777778,2.8,3.44,0.017072,0.0242944,1.0
site_1533__site_1508,site_1533,site_1508,3,3,3,4.4,0.046751999999999995,35.95,1.4644444444444444,1.4644444444444444,1.2,2.0,0.009477,0.0278154,1.0
site_2388__site_2390,site_2388,site_2390,3,3,3,4.74,0.033102,23.31,8.084444444444445,8.084444444444445,1.4,2.12,0.009477,0.0134154,1.0
site_1533__site_1526,site_1533,site_1526,3,3,3,2.8,0.016819,36.62,1.7361111111111112,1.7361111111111112,1.0,1.16,0.004022,0.0078244,1.0
site_2415__site_2425,site_2415,site_2425,2,3,3,4.8,0.0351,0.13,0.06902777777777777,0.07302777777777777,2.4,2.4,0.01755,0.01755,1.0
site_1533__site_1529,site_1533,site_1529,3,3,3,6.3100000000000005,0.068925,30.25,1.2863888888888888,1.2863888888888888,2.76,2.8,0.0324,0.0324,1.0
site_1786__site_0049,site_1786,site_0049,2,2,2,2.0,0.008897,38.1,4.935555555555556,4.935555555555556,1.0,1.0,0.0044485,0.0047897,1.0
site_0482__site_0462,site_0482,site_0462,2,2,2,5.36,0.07832599999999999,9.29,0.5045833333333334,0.5045833333333334,2.68,4.024,0.039162999999999996,0.0672758,1.0
site_0900__site_0916,site_0900,site_0916,2,2,2,6.12,0.10806199999999999,29.47,2.581944444444445,2.581944444444445,3.06,4.708,0.054030999999999996,0.09403819999999999,1.0
site_0482__site_0460,site_0482,site_0460,2,2,2,2.0,0.010022,19.56,1.5811111111111111,1.5811111111111111,1.0,1.0,0.005011,0.0058022,1.0
site_0900__site_0915,site_0900,site_0915,2,2,2,10.32,0.09424,24.55,4.261527777777777,4.261527777777777,5.16,5.16,0.04712,0.04712,1.0
site_0482__site_0453,site_0482,site_0453,2,2,2,2.4699999999999998,0.02889014,64.0,1.4372222222222222,1.4372222222222222,1.2349999999999999,1.9029999999999998,0.01444507,0.022783526000000002,1.0
site_1253__site_0472,site_1253,site_0472,2,2,2,0.58,0.008044,56.66,1.5145833333333334,1.5145833333333334,0.29,0.442,0.004022,0.004022,1.0
site_0900__site_0913,site_0900,site_0913,2,2,2,0.8999999999999999,0.008044,34.0,3.9743055555555555,3.9743055555555555,0.44999999999999996,0.57,0.004022,0.004022,1.0
site_0472__site_0473,site_0472,site_0473,2,2,2,2.0,0.012,11.07,0.6626388888888889,0.6626388888888889,1.0,1.0,0.006,0.006,1.0
site_1197__site_1251,site_1197,site_1251,2,2,2,1.3,0.013247000000000002,13.38,4.355555555555556,4.355555555555556,0.65,0.93,0.006623500000000001,0.008704700000000001,1.0
site_0900__site_0911,site_0900,site_0911,2,2,2,2.0,0.008044,25.98,2.7359722222222222,2.7359722222222222,1.0,1.0,0.004022,0.004022,1.0
site_0472__site_0466,site_0472,site_0466,2,2,2,1.1,0.008044,14.28,1.0283333333333333,1.0283333333333333,0.55,0.91,0.004022,0.004022,1.0
site_1071__site_0447,site_1071,site_0447,2,2,2,4.0,0.037502,72.0,1.6816666666666666,1.6816666666666666,2.0,2.8,0.018751,0.030534200000000004,1.0
site_1311__site_1316,site_1311,site_1316,2,2,2,2.0,0.008044,25.25,2.8080555555555553,2.8080555555555553,1.0,1.0,0.004022,0.004022,1.0
site_1786__site_0081,site_1786,site_0081,2,2,2,2.2,0.014201000000000002,40.7,1.0666666666666667,1.0666666666666667,1.1,1.18,0.007100500000000001,0.0095633,1.0
site_1425__site_1442,site_1425,site_1442,2,2,2,2.0,0.008044,15.17,1.057638888888889,1.057638888888889,1.0,1.0,0.004022,0.004022,1.0
site_0900__site_0908,site_0900,site_0908,2,2,2,2.0,0.010022,26.0,4.449722222222222,4.449722222222222,1.0,1.0,0.005011,0.0058022,1.0
site_0900__site_0907,site_0900,site_0907,1,1,2,2.0,0.008044,26.0,2.6597222222222223,2.6597222222222223,2.0,2.0,0.008044,0.008044,1.0
site_1129__site_1297,site_1129,site_1297,2,2,2,4.2,0.036738,36.14,1.3912499999999999,1.3912499999999999,2.1,2.9800000000000004,0.018369,0.029564999999999998,1.0
site_0453__site_1787,site_0453,site_1787,2,2,2,1.95,0.014194969999999998,580.825,18.109444444444442,18.109444444444442,0.975,0.995,0.007097484999999999,0.008875472999999998,1.0
site_0900__site_0901,site_0900,site_0901,2,2,2,6.959999999999999,0.049949999999999994,16.99,3.5116666666666667,3.5116666666666667,3.4799999999999995,4.3759999999999994,0.024974999999999997,0.030914999999999998,1.0
site_1350__site_1377,site_1350,site_1377,2,2,2,2.2,0.01581,25.53,1.03,1.03,1.1,1.18,0.007905,0.010329,1.0
site_1304__site_1745,site_1304,site_1745,2,2,2,2.19,0.014551999999999999,105.0,4.279444444444445,4.279444444444445,1.095,1.467,0.0072759999999999995,0.0098792,1.0
site_0442__site_0443,site_0442,site_0443,2,2,2,0.94,0.008044,7.07,2.09375,2.09375,0.47,0.518,0.004022,0.004022,1.0
site_0424__site_0930,site_0424,site_0930,2,2,2,2.0,0.008044,48.0,1.2066666666666666,1.2066666666666666,1.0,1.0,0.004022,0.004022,1.0
site_0410__site_2407,site_0410,site_2407,2,2,2,0.6499999999999999,0.008044,1162.07,22.083333333333336,22.083333333333336,0.32499999999999996,0.345,0.004022,0.004022,1.0
site_1128__site_1380,site_1128,site_1380,2,2,2,0.88,0.008044,266.29,6.130972222222223,6.130972222222223,0.44,0.488,0.004022,0.004022,1.0
site_0410__site_1060,site_0410,site_1060,2,2,2,1.3,0.02387,228.715,8.09125,8.09125,0.65,1.114,0.011935,0.013059,1.0
site_1786__site_0112,site_1786,site_0112,2,2,2,3.5,0.02271,35.73,1.1093055555555555,1.1093055555555555,1.75,2.35,0.011355,0.016539,1.0
site_0410__site_0442,site_0410,site_0442,2,2,2,0.7949999999999999,0.008044,657.8299999999999,16.32777777777778,16.32777777777778,0.39749999999999996,0.4075,0.004022,0.004022,1.0
site_1786__site_0117,site_1786,site_0117,1,1,2,2.0,0.008897,45.14,1.573888888888889,1.573888888888889,2.0,2.0,0.008897,0.008897,1.0
site_1425__site_1444,site_1425,site_1444,1,1,2,2.0,0.012,21.16,0.9808333333333333,0.9808333333333333,2.0,2.0,0.012,0.012,1.0
site_0893__site_0895,site_0893,site_0895,2,2,2,1.5,0.008044,52.0,1.3576388888888888,1.3576388888888888,0.75,0.95,0.004022,0.004022,1.0
site_1239__site_1253,site_1239,site_1253,2,2,2,2.0,0.008044,14.28,0.36291666666666667,0.36291666666666667,1.0,1.0,0.004022,0.004022,1.0
site_0893__site_0507,site_0893,site_0507,2,2,2,2.2,0.012797,187.69,13.757777777777777,13.757777777777777,1.1,1.18,0.0063985,0.0082997,1.0
site_1128__site_1143,site_1128,site_1143,1,1,2,1.68,0.0189,342.01,9.20861111111111,9.20861111111111,1.68,1.68,0.0189,0.0189,1.0
site_1259__site_2185,site_1259,site_2185,1,1,2,1.12,0.008044,209.1,4.022222222222222,4.022222222222222,1.12,1.12,0.008044,0.008044,1.0
site_0410__site_0401,site_0410,site_0401,2,2,2,1.41,0.01355851,18.56,1.0415277777777776,1.0415277777777776,0.705,0.933,0.006779255,0.008985059,1.0
site_1304__site_1741,site_1304,site_1741,2,2,2,1.96,0.017072,150.0,2.3893055555555556,2.3893055555555556,0.98,1.26,0.008536,0.0121472,1.0
site_1233__site_1247,site_1233,site_1247,2,2,2,2.2,0.01971,10.72,1.3731944444444444,1.3731944444444444,1.1,1.18,0.009855,0.010719000000000001,1.0
site_1304__site_1303,site_1304,site_1303,2,2,2,1.83,0.012066,91.0,2.057361111111111,2.057361111111111,0.915,1.159,0.006033,0.007641800000000001,1.0
site_1115__site_1307,site_1115,site_1307,2,2,2,1.35,0.008044,224.0,6.099583333333333,6.099583333333333,0.675,0.935,0.004022,0.004022,1.0
site_0388__site_2327,site_0388,site_2327,2,2,2,2.06,0.018979000000000003,53.06,2.2030555555555553,2.2030555555555553,1.03,1.166,0.009489500000000001,0.0106459,1.0
site_1786__site_0151,site_1786,site_0151,2,2,2,5.58,0.06987,30.82,2.9833333333333334,2.9833333333333334,2.79,4.062,0.034935,0.054459,1.0
site_1115__site_1116,site_1115,site_1116,2,2,2,2.06,0.01304216,35.0,1.4159722222222222,1.4159722222222222,1.03,1.054,0.00652108,0.008520344,1.0
site_0971__site_1037,site_0971,site_1037,1,1,2,2.0,0.008044,39.0,0.7225,0.7225,2.0,2.0,0.008044,0.008044,1.0
site_0388__site_2325,site_0388,site_2325,2,2,2,2.83,0.023912000000000003,25.86,0.9423611111111111,0.9423611111111111,1.415,2.171,0.011956000000000001,0.018303200000000002,1.0
site_0388__site_2232,site_0388,site_2232,2,2,2,2.7600000000000002,0.02227705,82.23,1.5459722222222223,1.5459722222222223,1.3800000000000001,2.14,0.011138525,0.016831745,1.0
site_0862__site_0878,site_0862,site_0878,2,2,2,1.58,0.008396,33.14,1.31875,1.31875,0.79,0.958,0.004198,0.0043388,1.0
site_0388__site_2193,site_0388,site_2193,2,2,2,2.575,0.01732488,103.97999999999999,2.0234722222222223,2.0234722222222223,1.2875,2.0575,0.00866244,0.012374791999999999,1.0
site_0388__site_2069,site_0388,site_2069,1,1,2,2.0,0.009647,115.75,1.95,1.95,2.0,2.0,0.009647,0.009647,1.0
site_0388__site_1933,site_0388,site_1933,2,2,2,7.01,0.08576038000000001,246.69,5.894027777777778,5.894027777777778,3.505,4.389,0.042880190000000006,0.06295901400000001,1.0
site_0388__site_1785,site_0388,site_1785,1,1,2,0.6,0.008044,1.63,1.5019444444444445,1.5019444444444445,0.6,0.6,0.008044,0.008044,1.0
site_0388__site_1684,site_0388,site_1684,2,2,2,1.93,0.017072,95.55,1.8993055555555556,1.8993055555555556,0.965,1.393,0.008536,0.0121472,1.0
site_0862__site_0874,site_0862,site_0874,2,2,2,3.5599999999999996,0.027,37.36,0.6183333333333334,0.6183333333333334,1.7799999999999998,2.2439999999999998,0.0135,0.01674,1.0
site_0862__site_0873,site_0862,site_0873,2,2,2,1.35,0.008044,40.16,1.6044444444444443,1.6044444444444443,0.675,0.935,0.004022,0.004022,1.0
site_0388__site_1542,site_0388,site_1542,2,2,2,1.66,0.013041420000000001,130.29,3.3630555555555555,3.3630555555555555,0.83,1.1179999999999999,0.006520710000000001,0.008519678000000001,1.0
site_0388__site_1530,site_0388,site_1530,2,2,2,0.82,0.008044,87.2,6.917777777777778,6.917777777777778,0.41,0.41,0.004022,0.004022,1.0
site_0862__site_0869,site_0862,site_0869,2,2,2,3.36,0.021572,25.63,1.5245833333333334,1.5245833333333334,1.68,2.2239999999999998,0.010786,0.016197200000000002,1.0
site_0388__site_0930,site_0388,site_0930,1,2,2,2.56,0.02006575,173.52,2.899861111111111,2.9886388888888886,2.56,2.56,0.02006575,0.02006575,1.0
site_0388__site_0392,site_0388,site_0392,1,2,2,0.69,0.008044,9.71,1.3630555555555555,1.508388888888889,0.69,0.69,0.008044,0.008044,1.0
site_0388__site_0386,site_0388,site_0386,2,2,2,2.79,0.026709999999999998,7.53,0.8881944444444445,0.8881944444444445,1.395,1.839,0.013354999999999999,0.0176038,1.0
site_1786__site_0220,site_1786,site_0220,2,2,2,3.0,0.012066,20.28,1.5840277777777776,1.5840277777777776,1.5,1.9,0.006033,0.007641800000000001,1.0
site_0388__site_0385,site_0388,site_0385,2,2,2,1.43,0.008247,9.24,1.4227777777777777,1.4227777777777777,0.715,0.9430000000000001,0.0041235,0.0042047,1.0
site_0388__site_0380,site_0388,site_0380,1,2,2,2.0,0.008044,155.49,3.235555555555556,3.5073333333333334,2.0,2.0,0.008044,0.008044,1.0
site_0971__site_1036,site_0971,site_1036,2,2,2,2.2,0.014100000000000001,92.0,3.1658333333333335,3.1658333333333335,1.1,1.18,0.007050000000000001,0.008790000000000001,1.0
site_0374__site_1783,site_0374,site_1783,2,2,2,2.5,0.016935,226.4,4.6745833333333335,4.6745833333333335,1.25,1.29,0.0084675,0.010441500000000001,1.0
site_1098__site_1103,site_1098,site_1103,2,2,2,2.92,0.02164642,48.0,0.9819444444444445,0.9819444444444445,1.46,1.8279999999999998,0.01082321,0.016264177999999997,1.0
site_0862__site_0864,site_0862,site_0864,2,2,2,2.0,0.008897,26.18,9.644027777777778,9.644027777777778,1.0,1.0,0.0044485,0.0047897,1.0
site_0374__site_0376,site_0374,site_0376,2,2,2,1.5,0.008897,44.0,1.074861111111111,1.074861111111111,0.75,0.95,0.0044485,0.0047897,1.0
site_0862__site_0860,site_0862,site_0860,2,2,2,3.09,0.02042544,4.24,1.27,1.27,1.545,1.8050000000000002,0.01021272,0.011114543999999999,1.0
site_0862__site_0859,site_0862,site_0859,2,2,2,0.38,0.008044,14.22,0.6043055555555555,0.6043055555555555,0.19,0.318,0.004022,0.004022,1.0
site_0362__site_2003,site_0362,site_2003,2,2,2,2.0,0.008897,48.24,1.194861111111111,1.194861111111111,1.0,1.0,0.0044485,0.0047897,1.0
site_0362__site_1705,site_0362,site_1705,2,2,2,3.6,0.036385999999999995,33.015,1.2031944444444445,1.2031944444444445,1.8,2.44,0.018192999999999997,0.0295298,1.0
site_0362__site_1703,site_0362,site_1703,2,2,2,2.35,0.01755,37.87,1.3704166666666668,1.3704166666666668,1.175,1.235,0.008775,0.008775,1.0
site_0362__site_1702,site_0362,site_1702,2,2,2,2.2,0.018675,29.34,1.239861111111111,1.239861111111111,1.1,1.18,0.0093375,0.0120075,1.0
site_0669__site_0688,site_0669,site_0688,2,2,2,2.0,0.008897,47.79,1.2683333333333333,1.2683333333333333,1.0,1.0,0.0044485,0.0047897,1.0
site_0362__site_0364,site_0362,site_0364,2,2,2,2.06,0.013758290000000003,15.22,0.7230555555555556,0.7230555555555556,1.03,1.054,0.0068791450000000014,0.009164861000000002,1.0
site_0971__site_1035,site_0971,site_1035,2,2,2,1.3,0.008044,34.92,0.9908333333333332,0.9908333333333332,0.65,0.93,0.004022,0.004022,1.0
site_0862__site_0499,site_0862,site_0499,2,2,2,2.2,0.014325000000000001,138.54,2.2058333333333335,2.2058333333333335,1.1,1.18,0.0071625000000000005,0.0089925,1.0
site_0362__site_0361,site_0362,site_0361,2,2,2,1.5,0.008044,20.87,0.88875,0.88875,0.75,0.95,0.004022,0.004022,1.0
site_0362__site_0359,site_0362,site_0359,2,2,2,2.0,0.008897,14.74,1.0991666666666666,1.0991666666666666,1.0,1.0,0.0044485,0.0047897,1.0
site_1071__site_0388,site_1071,site_0388,2,2,2,1.23,0.008388220000000002,174.54,7.096527777777777,7.096527777777777,0.615,0.771,0.004194110000000001,0.004331798,1.0
site_0862__site_0497,site_0862,site_0497,1,2,2,2.08,0.01857457,88.77000000000001,2.12,2.2313333333333336,2.08,2.08,0.01857457,0.01857457,1.0
site_0362__site_0356,site_0362,site_0356,2,2,2,2.0,0.008044,23.77,0.9416666666666667,0.9416666666666667,1.0,1.0,0.004022,0.004022,1.0
site_1301__site_1304,site_1301,site_1304,2,2,2,2.2,0.013499,0.44,0.22666666666666668,0.22666666666666668,1.1,1.18,0.0067495,0.0089315,1.0
site_1350__site_1345,site_1350,site_1345,2,2,2,0.56,0.008044,24.81,1.1991666666666667,1.1991666666666667,0.28,0.288,0.004022,0.004022,1.0
site_1304__site_1781,site_1304,site_1781,2,2,2,2.0,0.008044,51.0,1.0443055555555556,1.0443055555555556,1.0,1.0,0.004022,0.004022,1.0
site_1786__site_2114,site_1786,site_2114,2,2,2,3.36,0.021572,62.01,1.6597222222222223,1.6597222222222223,1.68,2.2239999999999998,0.010786,0.016197200000000002,1.0
site_1350__site_1344,site_1350,site_1344,2,2,2,0.74,0.008044,40.0,0.8329166666666666,0.8329166666666666,0.37,0.442,0.004022,0.004022,1.0
site_1786__site_2126,site_1786,site_2126,2,2,2,3.36,0.02355,50.88,1.6031944444444444,1.6031944444444444,1.68,2.2239999999999998,0.011775,0.016395,1.0
site_1077__site_1071,site_1077,site_1071,2,2,2,2.6,0.0162,18.77,0.7166666666666667,0.7166666666666667,1.3,1.54,0.0081,0.00882,1.0
site_0348__site_0329,site_0348,site_0329,1,2,2,1.5,0.008044,11.31,0.39402777777777775,0.40125,1.5,1.5,0.008044,0.008044,1.0
site_1786__site_2134,site_1786,site_2134,2,2,2,1.46,0.011625,54.61,1.3034722222222221,1.3034722222222221,0.73,0.946,0.0058125,0.0059625,1.0
site_1786__site_2141,site_1786,site_2141,2,2,2,2.2,0.016935,75.3,2.84875,2.84875,1.1,1.18,0.0084675,0.010441500000000001,1.0
site_1786__site_2160,site_1786,site_2160,2,2,2,2.0,0.008936,89.6,1.7269444444444444,1.7269444444444444,1.0,1.0,0.004468,0.0048248,1.0
site_1787__site_0003,site_1787,site_0003,2,2,2,4.390000000000001,0.040886,285.58,5.6675,5.6675,2.1950000000000003,3.535,0.020443,0.0335798,1.0
site_0971__site_1032,site_0971,site_1032,2,2,2,2.0,0.008396,48.0,1.0725,1.0725,1.0,1.0,0.004198,0.0043388,1.0
site_1787__site_0005,site_1787,site_0005,2,2,2,2.56,0.015564999999999999,292.01,5.079583333333334,5.079583333333334,1.28,1.504,0.0077824999999999995,0.010628499999999999,1.0
site_1787__site_0006,site_1787,site_0006,2,2,2,2.2,0.012797,299.63,5.545694444444445,5.545694444444445,1.1,1.18,0.0063985,0.0082997,1.0
site_0669__site_0679,site_0669,site_0679,1,2,2,3.74,0.025704,33.12,2.4929166666666664,3.222583333333333,3.74,3.74,0.025704,0.025704,1.0
site_1787__site_0009,site_1787,site_0009,2,2,2,2.4,0.014352,273.27,5.140000000000001,5.140000000000001,1.2,1.3599999999999999,0.007176,0.0090168,1.0
site_1787__site_0010,site_1787,site_0010,2,2,2,3.7,0.04418946,292.04,4.870694444444444,4.870694444444444,1.85,2.37,0.02209473,0.032750514,1.0
site_1787__site_0011,site_1787,site_0011,2,2,2,3.5599999999999996,0.030825,262.88,6.881388888888889,6.881388888888889,1.7799999999999998,2.2439999999999998,0.0154125,0.0189945,1.0
site_1435__site_1441,site_1435,site_1441,2,2,2,2.0,0.008044,41.1,1.8611111111111112,1.8611111111111112,1.0,1.0,0.004022,0.004022,1.0
site_1787__site_1791,site_1787,site_1791,1,1,2,2.0,0.008044,29.47,1.6994444444444445,1.6994444444444445,2.0,2.0,0.008044,0.008044,1.0
site_0971__site_1029,site_0971,site_1029,1,2,2,1.8,0.013149,52.0,1.053611111111111,1.099388888888889,1.8,1.8,0.013149,0.013149,1.0
site_1787__site_2412,site_1787,site_2412,2,2,2,4.359999999999999,0.025890000000000003,242.5,6.5801388888888885,6.5801388888888885,2.1799999999999997,2.324,0.012945000000000002,0.018501,1.0
site_1795__site_1797,site_1795,site_1797,2,2,2,1.49,0.008044,23.3,1.4298611111111112,1.4298611111111112,0.745,0.9490000000000001,0.004022,0.004022,1.0
site_1071__site_2301,site_1071,site_2301,2,2,2,2.56,0.015362,17.65,1.2672222222222222,1.2672222222222222,1.28,1.504,0.007681,0.0106082,1.0
site_1197__site_1238,site_1197,site_1238,2,2,2,5.859999999999999,0.051030000000000006,13.27,0.5209722222222222,0.5209722222222222,2.9299999999999997,3.386,0.025515000000000003,0.031887000000000006,1.0
site_1873__site_1810,site_1873,site_1810,2,2,2,2.2,0.013649999999999999,20.55,0.7134722222222223,0.7134722222222223,1.1,1.18,0.0068249999999999995,0.008385,1.0
site_0329__site_0346,site_0329,site_0346,2,2,2,2.0,0.008044,26.19,0.9866666666666666,0.9866666666666666,1.0,1.0,0.004022,0.004022,1.0
site_1441__site_1425,site_1441,site_1425,2,2,2,1.5,0.010022,0.14,0.18430555555555556,0.18430555555555556,0.75,0.95,0.005011,0.0058022,1.0
site_1873__site_1814,site_1873,site_1814,2,2,2,3.3,0.02204034,22.0,0.5615277777777778,0.5615277777777778,1.65,2.218,0.01102017,0.012485634,1.0
site_0329__site_0343,site_0329,site_0343,2,2,2,2.8,0.01963,15.68,0.5468055555555555,0.5468055555555555,1.4,1.72,0.009815,0.012867,1.0
site_0833__site_0842,site_0833,site_0842,2,2,2,2.5500000000000003,0.021572,75.68,1.2791666666666668,1.2791666666666668,1.2750000000000001,2.015,0.010786,0.016197200000000002,1.0
site_1470__site_2125,site_1470,site_2125,2,2,2,1.95,0.034249829999999995,29.95,0.4438888888888889,0.4438888888888889,0.975,1.7309999999999999,0.017124914999999998,0.026619567,1.0
site_0329__site_0341,site_0329,site_0341,1,1,2,4.58,0.03417,63.56,2.1347222222222224,2.1347222222222224,4.58,4.58,0.03417,0.03417,1.0
site_1873__site_1829,site_1873,site_1829,2,2,2,2.6199999999999997,0.021572,14.16,0.6529166666666667,0.6529166666666667,1.3099999999999998,2.102,0.010786,0.016197200000000002,1.0
site_1873__site_1830,site_1873,site_1830,2,2,2,2.0,0.009249,4.78,0.5720833333333333,0.5720833333333333,1.0,1.0,0.0046245,0.0048249,1.0
site_1873__site_1834,site_1873,site_1834,2,2,2,2.0,0.00975,26.0,0.7313888888888889,0.7313888888888889,1.0,1.0,0.004875,0.004875,1.0
site_0329__site_0337,site_0329,site_0337,2,2,2,2.0,0.008044,29.36,0.7630555555555556,0.7630555555555556,1.0,1.0,0.004022,0.004022,1.0
site_1071__site_2091,site_1071,site_2091,2,2,2,5.4,0.04578,119.0,2.1104166666666666,2.1104166666666666,2.7,4.0600000000000005,0.02289,0.036402000000000004,1.0
site_0833__site_0837,site_0833,site_0837,2,2,2,2.2,0.016935,42.9,0.7151388888888889,0.7151388888888889,1.1,1.18,0.0084675,0.010441500000000001,1.0
site_0669__site_0674,site_0669,site_0674,2,2,2,2.2,0.014352,39.29,2.665138888888889,2.665138888888889,1.1,1.18,0.007176,0.0090168,1.0
site_0329__site_0333,site_0329,site_0333,2,2,2,2.0,0.008897,52.93,1.3165277777777777,1.3165277777777777,1.0,1.0,0.0044485,0.0047897,1.0
site_0833__site_0836,site_0833,site_0836,2,2,2,3.5599999999999996,0.029115000000000002,69.37,1.2215277777777778,1.2215277777777778,1.7799999999999998,2.2439999999999998,0.014557500000000001,0.0188235,1.0
site_0833__site_0834,site_0833,site_0834,2,2,2,1.29,0.008044,64.0,0.8388888888888888,0.8388888888888888,0.645,0.929,0.004022,0.004022,1.0
site_1071__site_2090,site_1071,site_2090,2,2,2,4.07,0.02934,123.0,2.292222222222222,2.292222222222222,2.035,2.7030000000000003,0.01467,0.018846,1.0
site_0329__site_0324,site_0329,site_0324,2,2,2,2.0,0.010875,57.6,1.7706944444444446,1.7706944444444446,1.0,1.0,0.0054375,0.0058875,1.0
site_1873__site_1872,site_1873,site_1872,2,2,2,6.2,0.066673,5.25,0.5287499999999999,0.5287499999999999,3.1,4.78,0.0333365,0.0567881,1.0
site_0329__site_0321,site_0329,site_0321,2,2,2,2.0,0.010022,38.19,0.8855555555555555,0.8855555555555555,1.0,1.0,0.005011,0.0058022,1.0
site_0329__site_0320,site_0329,site_0320,2,2,2,3.36,0.022425,34.15,0.9390277777777778,0.9390277777777778,1.68,2.2239999999999998,0.0112125,0.0162825,1.0
site_0329__site_0319,site_0329,site_0319,2,2,2,2.88,0.023912000000000003,48.49,1.1883333333333335,1.1883333333333335,1.44,2.192,0.011956000000000001,0.018303200000000002,1.0
site_0329__site_0315,site_0329,site_0315,2,2,2,2.0,0.010875,38.405,1.24875,1.24875,1.0,1.0,0.0054375,0.0058875,1.0
site_1483__site_1300,site_1483,site_1300,2,2,2,4.87,0.040886,758.09,12.52611111111111,12.52611111111111,2.435,3.583,0.020443,0.0335798,1.0
site_1873__site_1885,site_1873,site_1885,2,2,2,2.56,0.015362,5.8,0.24652777777777776,0.24652777777777776,1.28,1.504,0.007681,0.0106082,1.0
site_1071__site_1334,site_1071,site_1334,2,2,2,6.02,0.054990000000000004,57.0,6.049722222222222,6.049722222222222,3.01,4.378,0.027495000000000002,0.037323,1.0
site_1071__site_1333,site_1071,site_1333,2,2,2,1.5499999999999998,0.014201000000000002,71.595,1.3619444444444444,1.3619444444444444,0.7749999999999999,1.115,0.007100500000000001,0.0095633,1.0
site_0329__site_0311,site_0329,site_0311,2,2,2,2.75,0.02679505,55.57,1.3252777777777778,1.3252777777777778,1.375,1.739,0.013397525,0.016735545,1.0
site_1873__site_1891,site_1873,site_1891,2,2,2,2.0,0.010022,14.02,0.46902777777777777,0.46902777777777777,1.0,1.0,0.005011,0.0058022,1.0
site_0329__site_0307,site_0329,site_0307,2,2,2,2.2,0.01581,50.16,2.9026388888888888,2.9026388888888888,1.1,1.18,0.007905,0.010329,1.0
site_1071__site_1330,site_1071,site_1330,2,2,2,2.0,0.010022,82.0,1.5923611111111111,1.5923611111111111,1.0,1.0,0.005011,0.0058022,1.0
site_1071__site_1328,site_1071,site_1328,2,2,2,2.0,0.008044,88.15,1.4716666666666667,1.4716666666666667,1.0,1.0,0.004022,0.004022,1.0
site_0268__site_0191,site_0268,site_0191,2,2,2,5.51,0.06576398,21.8,0.7145833333333333,0.7145833333333333,2.755,4.159,0.03288199,0.055969982,1.0
site_0234__site_0191,site_0234,site_0191,2,2,2,2.37,0.018722,26.2,1.3034722222222221,1.3034722222222221,1.185,1.3330000000000002,0.009361,0.0136322,1.0
site_1483__site_1482,site_1483,site_1482,2,2,2,1.5,0.008044,32.36,7.542361111111111,7.542361111111111,0.75,0.95,0.004022,0.004022,1.0
site_1071__site_1094,site_1071,site_1094,2,2,2,5.89,0.079022,29.36,0.8658333333333333,0.8658333333333333,2.945,4.5009999999999994,0.039511,0.0679022,1.0
site_1350__site_1353,site_1350,site_1353,1,1,2,1.49,0.008897,25.73,0.7036111111111111,0.7036111111111111,1.49,1.49,0.008897,0.008897,1.0
site_0195__site_0191,site_0195,site_0191,2,2,2,1.48,0.009278600000000001,17.55,0.9405555555555556,0.9405555555555556,0.74,0.948,0.004639300000000001,0.0051331400000000004,1.0
site_1881__site_1253,site_1881,site_1253,2,2,2,4.52,0.05245295,82.27,1.61125,1.61125,2.26,2.468,0.026226475,0.034103655,1.0
site_1881__site_1806,site_1881,site_1806,2,2,2,2.0,0.010022,17.64,0.7965277777777777,0.7965277777777777,1.0,1.0,0.005011,0.0058022,1.0
site_0192__site_0191,site_0192,site_0191,2,2,2,2.0,0.010499999999999999,28.695,1.7616666666666667,1.7616666666666667,1.0,1.0,0.0052499999999999995,0.00585,1.0
site_1483__site_1490,site_1483,site_1490,2,2,2,3.7,0.02877,32.43,5.67125,5.67125,1.85,2.37,0.014385,0.017145,1.0
site_0191__site_0300,site_0191,site_0300,2,2,2,2.1399999999999997,0.01371988,29.63,0.9134722222222222,0.9134722222222222,1.0699999999999998,1.126,0.00685994,0.008447892,1.0
site_0191__site_0295,site_0191,site_0295,2,2,2,1.083,0.010022,1.74,3.772777777777778,3.772777777777778,0.5415,0.9083,0.005011,0.0058022,1.0
site_0786__site_0818,site_0786,site_0818,2,2,2,3.0,0.021572,31.02,1.8002777777777776,1.8002777777777776,1.5,1.9,0.010786,0.016197200000000002,1.0
site_0191__site_0267,site_0191,site_0267,2,2,2,1.31,0.008897,3.65,0.4413888888888889,0.4413888888888889,0.655,0.931,0.0044485,0.0047897,1.0
site_0191__site_0266,site_0191,site_0266,2,2,2,2.0,0.010875,25.58,1.6622222222222223,1.6622222222222223,1.0,1.0,0.0054375,0.0058875,1.0
site_1483__site_1491,site_1483,site_1491,2,2,2,1.29,0.008044,41.0,3.345416666666667,3.345416666666667,0.645,0.929,0.004022,0.004022,1.0
site_1881__site_1875,site_1881,site_1875,2,2,2,2.2,0.014201000000000002,20.41,0.6265277777777778,0.6265277777777778,1.1,1.18,0.007100500000000001,0.0095633,1.0
site_1881__site_1876,site_1881,site_1876,2,2,2,2.2,0.014957000000000002,11.7,1.0140277777777778,1.0140277777777778,1.1,1.18,0.007478500000000001,0.0102437,1.0
site_0191__site_0250,site_0191,site_0250,2,2,2,2.0,0.008897,59.43,1.7477777777777779,1.7477777777777779,1.0,1.0,0.0044485,0.0047897,1.0
site_0191__site_0205,site_0191,site_0205,2,2,2,2.0,0.010022,14.76,1.5173611111111112,1.5173611111111112,1.0,1.0,0.005011,0.0058022,1.0
site_1881__site_1893,site_1881,site_1893,2,2,2,5.68,0.07410555,23.42,0.7645833333333334,0.7645833333333334,2.84,4.311999999999999,0.037052775,0.063477395,1.0
site_1881__site_1897,site_1881,site_1897,1,1,2,2.0,0.008044,36.01,1.025,1.025,2.0,2.0,0.008044,0.008044,1.0
site_1881__site_1901,site_1881,site_1901,2,2,2,1.4,0.008044,7.22,0.5436111111111112,0.5436111111111112,0.7,0.9400000000000001,0.004022,0.004022,1.0
site_0191__site_0201,site_0191,site_0201,2,2,2,2.0,0.008897,36.86,3.174027777777778,3.174027777777778,1.0,1.0,0.0044485,0.0047897,1.0
site_1881__site_1903,site_1881,site_1903,2,2,2,2.0,0.008044,34.62,1.0309722222222222,1.0309722222222222,1.0,1.0,0.004022,0.004022,1.0
site_1881__site_1908,site_1881,site_1908,2,2,2,2.83,0.017072,30.98,3.752638888888889,3.752638888888889,1.415,1.747,0.008536,0.0121472,1.0
site_1881__site_1916,site_1881,site_1916,2,2,2,2.0,0.011522000000000001,25.0,1.0680555555555555,1.0680555555555555,1.0,1.0,0.0057610000000000005,0.0071522,1.0
site_0191__site_0196,site_0191,site_0196,2,2,2,2.0,0.008044,17.42,0.32166666666666666,0.32166666666666666,1.0,1.0,0.004022,0.004022,1.0
site_1881__site_1919,site_1881,site_1919,2,2,2,2.0,0.010875,35.73,0.9015277777777777,0.9015277777777777,1.0,1.0,0.0054375,0.0058875,1.0
site_1881__site_1920,site_1881,site_1920,2,2,2,6.859999999999999,0.067824,39.32,0.8351388888888889,0.8351388888888889,3.4299999999999997,4.286,0.033912,0.0470016,1.0
site_1893__site_0482,site_1893,site_0482,2,2,2,0.89,0.008044,99.69,1.6590277777777778,1.6590277777777778,0.445,0.489,0.004022,0.004022,1.0
site_0191__site_0178,site_0191,site_0178,2,2,2,2.0,0.008044,24.94,0.7152777777777778,0.7152777777777778,1.0,1.0,0.004022,0.004022,1.0
site_1893__site_1921,site_1893,site_1921,1,1,2,2.0,0.009249,38.86,0.8661111111111112,0.8661111111111112,2.0,2.0,0.009249,0.009249,1.0
site_0786__site_0816,site_0786,site_0816,2,2,2,2.0,0.008897,21.0,0.633888888888889,0.633888888888889,1.0,1.0,0.0044485,0.0047897,1.0
site_1894__site_1873,site_1894,site_1873,2,2,2,0.76,0.010629840000000002,14.325,1.1477777777777778,1.1477777777777778,0.38,0.444,0.005314920000000001,0.006349256,1.0
site_1899__site_1873,site_1899,site_1873,2,2,2,5.64,0.0692592,17.44,0.81625,0.81625,2.82,3.716,0.0346296,0.057533280000000006,1.0
site_1910__site_1873,site_1910,site_1873,2,2,2,2.0,0.012,17.5,0.9506944444444445,0.9506944444444445,1.0,1.0,0.006,0.006,1.0
site_0191__site_0110,site_0191,site_0110,2,2,2,2.0,0.008897,13.2,3.053472222222222,3.053472222222222,1.0,1.0,0.0044485,0.0047897,1.0
site_0786__site_0814,site_0786,site_0814,2,2,2,1.33,0.008044,26.02,0.6255555555555555,0.6255555555555555,0.665,0.933,0.004022,0.004022,1.0
site_1209__site_2432,site_1209,site_2432,2,2,2,0.6,0.008044,204.13,3.504027777777778,3.504027777777778,0.3,0.3,0.004022,0.004022,1.0
site_0191__site_0076,site_0191,site_0076,2,2,2,5.36,0.051902,15.21,0.7301388888888889,0.7301388888888889,2.68,4.432,0.025951,0.0434942,1.0
site_0191__site_0070,site_0191,site_0070,2,2,2,2.0,0.010022,19.07,0.6425000000000001,0.6425000000000001,1.0,1.0,0.005011,0.0058022,1.0
site_0191__site_0029,site_0191,site_0029,2,2,2,7.379999999999999,0.077952,30.68,2.943194444444445,2.943194444444445,3.6899999999999995,4.585999999999999,0.038976,0.045841768,1.0
site_0786__site_0809,site_0786,site_0809,2,2,2,2.0,0.008044,7.23,0.5748611111111112,0.5748611111111112,1.0,1.0,0.004022,0.004022,1.0
site_0786__site_0808,site_0786,site_0808,2,2,2,2.2,0.011625,104.7,1.5220833333333332,1.5220833333333332,1.1,1.18,0.0058125,0.0065625,1.0
site_0175__site_2100,site_0175,site_2100,2,2,2,2.0,0.0112566,52.41,1.495277777777778,1.495277777777778,1.0,1.0,0.0056283,0.00592566,1.0
site_0786__site_0807,site_0786,site_0807,2,2,2,2.0,0.010875,28.99,0.8256944444444445,0.8256944444444445,1.0,1.0,0.0054375,0.0058875,1.0
site_0164__site_0261,site_0164,site_0261,2,2,2,2.0,0.008897,19.62,3.9425,3.9425,1.0,1.0,0.0044485,0.0047897,1.0
site_0164__site_0227,site_0164,site_0227,1,2,2,10.2,0.140352,22.25,1.811388888888889,2.653611111111111,10.2,10.2,0.140352,0.140352,1.0
site_0164__site_0186,site_0164,site_0186,1,2,2,2.0,0.008044,15.12,1.3119444444444444,2.0294999999999996,2.0,2.0,0.008044,0.008044,1.0
site_0164__site_0177,site_0164,site_0177,2,2,2,3.0,0.016022,12.43,0.6705555555555556,0.6705555555555556,1.5,1.9,0.008011,0.0112022,1.0
site_0786__site_0804,site_0786,site_0804,2,2,2,2.2,0.014957000000000002,104.44,1.562361111111111,1.562361111111111,1.1,1.18,0.007478500000000001,0.0102437,1.0
site_1921__site_1846,site_1921,site_1846,2,2,2,2.0,0.00975,19.36,0.9377777777777777,0.9377777777777777,1.0,1.0,0.004875,0.004875,1.0
site_0164__site_0149,site_0164,site_0149,2,2,2,3.0,0.013772,9.9,0.98625,0.98625,1.5,1.9,0.006886,0.0091772,1.0
site_1921__site_1851,site_1921,site_1851,2,2,2,1.34,0.008044,30.62,0.9240277777777778,0.9240277777777778,0.67,0.934,0.004022,0.004022,1.0
site_1921__site_1852,site_1921,site_1852,2,2,2,2.0,0.010022,35.0,0.9736111111111112,0.9736111111111112,1.0,1.0,0.005011,0.0058022,1.0
site_1921__site_1854,site_1921,site_1854,2,2,2,2.0,0.012,12.31,0.6866666666666668,0.6866666666666668,1.0,1.0,0.006,0.006,1.0
site_1483__site_1492,site_1483,site_1492,2,2,2,3.7,0.026325,30.0,4.834027777777777,4.834027777777777,1.85,2.37,0.0131625,0.0166725,1.0
site_0786__site_0803,site_0786,site_0803,2,2,2,2.0,0.008897,25.12,1.1712500000000001,1.1712500000000001,1.0,1.0,0.0044485,0.0047897,1.0
site_1483__site_1494,site_1483,site_1494,2,2,2,11.33,0.109755,41.0,3.045,3.045,5.665,9.237,0.0548775,0.09175950000000001,1.0
site_0786__site_0802,site_0786,site_0802,2,2,2,3.36,0.021572,15.84,0.5356944444444445,0.5356944444444445,1.68,2.2239999999999998,0.010786,0.016197200000000002,1.0
site_0669__site_0653,site_0669,site_0653,2,2,2,2.0,0.008897,42.88,10.364305555555555,10.364305555555555,1.0,1.0,0.0044485,0.0047897,1.0
site_0164__site_0048,site_0164,site_0048,1,1,2,17.880000000000003,0.228078,16.6,2.001388888888889,2.001388888888889,17.880000000000003,17.880000000000003,0.228078,0.228078,1.0
site_0786__site_0801,site_0786,site_0801,2,2,2,3.5599999999999996,0.02808,35.3,1.8005555555555555,1.8005555555555555,1.7799999999999998,2.2439999999999998,0.01404,0.016848,1.0
site_1933__site_0413,site_1933,site_0413,2,2,2,0.875,0.008044,55.02,1.0666666666666667,1.0666666666666667,0.4375,0.4419,0.004022,0.004022,1.0
site_1483__site_1498,site_1483,site_1498,2,2,2,2.2,0.016179,46.0,1.9654166666666666,1.9654166666666666,1.1,1.18,0.0080895,0.0097611,1.0
site_1483__site_2037,site_1483,site_2037,2,2,2,2.0,0.010875,319.7,4.737916666666667,4.737916666666667,1.0,1.0,0.0054375,0.0058875,1.0
site_1483__site_2065,site_1483,site_2065,2,2,2,2.4,0.01971,281.98,4.592916666666667,4.592916666666667,1.2,1.2,0.009855,0.010719000000000001,1.0
site_1933__site_1936,site_1933,site_1936,2,2,2,0.644,0.008044,19.05,0.72,0.72,0.322,0.33080000000000004,0.004022,0.004022,1.0
site_0164__site_0027,site_0164,site_0027,1,2,2,4.72,0.03978,10.86,2.6518055555555557,4.553472222222222,4.72,4.72,0.03978,0.03978,1.0
site_1933__site_1940,site_1933,site_1940,2,2,2,0.668,0.008044,59.49,1.3156944444444445,1.3156944444444445,0.334,0.3372,0.004022,0.004022,1.0
site_0786__site_0799,site_0786,site_0799,2,2,2,11.28,0.166254,22.47,0.7152777777777778,0.7152777777777778,5.64,6.4719999999999995,0.083127,0.09740940000000001,1.0
site_1933__site_1942,site_1933,site_1942,2,2,2,1.296,0.013176920000000002,47.68,1.3181944444444444,1.3181944444444444,0.648,0.8976,0.006588460000000001,0.008641628,1.0
site_0143__site_2100,site_0143,site_2100,2,2,2,2.0,0.016648,42.57,2.00625,2.00625,1.0,1.0,0.008324,0.0101832,1.0
site_0786__site_0792,site_0786,site_0792,2,2,2,3.5,0.02271,6.23,0.22125,0.22125,1.75,2.35,0.011355,0.016539,1.0
site_0786__site_0789,site_0786,site_0789,2,2,2,5.0,0.069984,60.47,1.2291666666666665,1.2291666666666665,2.5,3.7,0.034992,0.058185600000000004,1.0
site_1947__site_1933,site_1947,site_1933,2,2,2,1.81,0.018981039999999998,47.89,1.0056944444444444,1.0056944444444444,0.905,0.925,0.009490519999999999,0.009954359999999999,1.0
site_1980__site_1982,site_1980,site_1982,2,2,2,0.63,0.008044,29.0,0.8180555555555555,0.8180555555555555,0.315,0.323,0.004022,0.004022,1.0
site_1483__site_2194,site_1483,site_2194,2,2,2,2.82,0.021572,612.59,21.15513888888889,21.15513888888889,1.41,2.17,0.010786,0.016197200000000002,1.0
site_2026__site_2027,site_2026,site_2027,2,2,2,2.4,0.020817,22.0,0.7429166666666667,0.7429166666666667,1.2,1.2,0.0104085,0.011153699999999999,1.0
site_2040__site_2042,site_2040,site_2042,2,2,2,2.4,0.02187,10.17,1.7136111111111112,1.7136111111111112,1.2,1.2,0.010935,0.010935,1.0
site_1483__site_2195,site_1483,site_2195,2,2,2,1.31,0.013565420000000002,650.37,17.810833333333335,17.810833333333335,0.655,0.9390000000000001,0.006782710000000001,0.008991278,1.0
site_1501__site_0934,site_1501,site_0934,2,2,2,2.0,0.008044,302.81,40.34236111111111,40.34236111111111,1.0,1.0,0.004022,0.004022,1.0
site_2082__site_2083,site_2082,site_2083,2,2,2,1.1800000000000002,0.008044,19.245,0.6834722222222223,0.6834722222222223,0.5900000000000001,0.622,0.004022,0.004022,1.0
site_2094__site_2096,site_2094,site_2096,2,2,2,2.0,0.008897,13.2,0.5629166666666667,0.5629166666666667,1.0,1.0,0.0044485,0.0047897,1.0
site_2094__site_2333,site_2094,site_2333,2,2,2,2.2,0.013649999999999999,107.0,1.8125,1.8125,1.1,1.18,0.0068249999999999995,0.008385,1.0
site_1071__site_1082,site_1071,site_1082,2,2,2,2.0,0.009872,41.0,1.08125,1.08125,1.0,1.0,0.004936,0.0056672,1.0
site_1071__site_1080,site_1071,site_1080,2,2,2,2.2,0.014100000000000001,46.0,1.7165277777777779,1.7165277777777779,1.1,1.18,0.007050000000000001,0.008790000000000001,1.0
site_1501__site_1128,site_1501,site_1128,2,2,2,1.5,0.010022,863.44,14.268055555555556,14.268055555555556,0.75,0.95,0.005011,0.0058022,1.0
site_1289__site_1291,site_1289,site_1291,2,2,2,3.2,0.018979000000000003,18.29,0.8,0.8,1.6,1.92,0.009489500000000001,0.0106459,1.0
site_2125__site_0191,site_2125,site_0191,2,2,2,1.4,0.008897,103.0,1.6872222222222222,1.6872222222222222,0.7,0.9400000000000001,0.0044485,0.0047897,1.0
site_0786__site_0164,site_0786,site_0164,2,2,2,2.0,0.008044,138.05,2.533888888888889,2.533888888888889,1.0,1.0,0.004022,0.004022,1.0
site_2125__site_0329,site_2125,site_0329,2,2,2,2.34,0.020671290000000002,1449.39,21.230833333333333,21.230833333333333,1.17,1.258,0.010335645000000001,0.010815129,1.0
site_1071__site_1075,site_1071,site_1075,2,2,2,2.0,0.008897,73.04,1.3801388888888888,1.3801388888888888,1.0,1.0,0.0044485,0.0047897,1.0
site_1071__site_1074,site_1071,site_1074,2,2,2,5.87,0.071274,14.33,0.61,0.61,2.935,4.4830000000000005,0.035637,0.060929000000000004,1.0
site_0777__site_1409,site_0777,site_1409,2,2,2,2.2199999999999998,0.009022,134.665,2.3669444444444445,2.3669444444444445,1.1099999999999999,1.198,0.004511,0.0049022,1.0
site_1209__site_1929,site_1209,site_1929,2,2,2,4.23,0.032742,142.15,2.5143055555555556,2.5143055555555556,2.115,2.311,0.016371,0.0191862,1.0
site_0777__site_0781,site_0777,site_0781,2,2,2,2.0,0.008897,31.39,5.791666666666667,5.791666666666667,1.0,1.0,0.0044485,0.0047897,1.0
site_0777__site_0779,site_0777,site_0779,2,2,2,2.0,0.008897,32.0,2.5556944444444443,2.5556944444444443,1.0,1.0,0.0044485,0.0047897,1.0
site_2425__site_2416,site_2425,site_2416,2,2,2,1.98,0.01437161,52.08,1.3068055555555556,1.3068055555555556,0.99,0.998,0.007185805,0.009034449,1.0
site_0772__site_0771,site_0772,site_0771,2,2,2,1.64,0.014957000000000002,26.41,1.1213888888888888,1.1213888888888888,0.82,1.1239999999999999,0.007478500000000001,0.0102437,1.0
site_1508__site_1509,site_1508,site_1509,2,2,2,3.2,0.04112575,41.7,2.1979166666666665,2.1979166666666665,1.6,2.08,0.020562875,0.030032575,1.0
site_1197__site_1231,site_1197,site_1231,2,2,2,2.1,0.012797,30.39,1.1208333333333333,1.1208333333333333,1.05,1.09,0.0063985,0.0082997,1.0
site_1380__site_1389,site_1380,site_1389,2,2,2,2.0,0.010875,15.94,0.7745833333333333,0.7745833333333333,1.0,1.0,0.0054375,0.0058875,1.0
site_1533__site_1510,site_1533,site_1510,1,1,2,2.2,0.013472,35.92,1.1127777777777779,1.1127777777777779,2.2,2.2,0.013472,0.013472,1.0
site_2125__site_1051,site_2125,site_1051,1,1,2,2.4,0.020007,1317.89,22.18611111111111,22.18611111111111,2.4,2.4,0.020007,0.020007,1.0
site_0669__site_0646,site_0669,site_0646,2,2,2,2.1,0.012797,60.0,2.0805555555555557,2.0805555555555557,1.05,1.09,0.0063985,0.0082997,1.0
site_1350__site_1483,site_1350,site_1483,2,2,2,0.75,0.008044,860.0,13.073888888888888,13.073888888888888,0.375,0.435,0.004022,0.004022,1.0
site_1350__site_1340,site_1350,site_1340,2,2,2,1.35,0.008044,17.0,0.48625,0.48625,0.675,0.935,0.004022,0.004022,1.0
site_1402__site_1405,site_1402,site_1405,2,2,2,3.2700000000000005,0.02741964,71.91,2.1574999999999998,2.1574999999999998,1.6350000000000002,2.087,0.01370982,0.016781964,1.0
site_2125__site_1289,site_2125,site_1289,2,2,2,1.96,0.01450516,582.84,8.359027777777778,8.359027777777778,0.98,0.996,0.00725258,0.009154644,1.0
site_1402__site_1606,site_1402,site_1606,2,2,2,2.0,0.008897,111.5,2.0141666666666667,2.0141666666666667,1.0,1.0,0.0044485,0.0047897,1.0
site_2125__site_1311,site_2125,site_1311,2,2,2,3.5599999999999996,0.028485,1359.72,20.293055555555554,20.293055555555554,1.7799999999999998,2.2439999999999998,0.0142425,0.0168885,1.0
site_1066__site_1071,site_1066,site_1071,1,1,2,4.0,0.012772,31.77,0.7733333333333333,0.7733333333333333,4.0,4.0,0.012772,0.012772,1.0
site_1062__site_1063,site_1062,site_1063,2,2,2,1.9,0.012472,12.65,1.30625,1.30625,0.95,0.99,0.006236,0.008007199999999999,1.0
site_1350__site_1365,site_1350,site_1365,2,2,2,1.32,0.008897,46.425,2.0354166666666664,2.0354166666666664,0.66,0.932,0.0044485,0.0047897,1.0
site_1533__site_1553,site_1533,site_1553,2,2,2,4.550000000000001,0.054275,35.76,1.194027777777778,1.194027777777778,2.2750000000000004,2.335,0.0271375,0.0313475,1.0
site_1533__site_1554,site_1533,site_1554,2,2,2,2.2,0.02079,28.46,0.7481944444444444,0.7481944444444444,1.1,1.18,0.010395,0.011151,1.0
site_1209__site_1199,site_1209,site_1199,2,2,2,1.33,0.008822,22.740000000000002,1.0004166666666667,1.0004166666666667,0.665,0.933,0.004411,0.004722199999999999,1.0
site_1425__site_1109,site_1425,site_1109,2,2,2,1.5,0.008044,81.0,1.973611111111111,1.973611111111111,0.75,0.95,0.004022,0.004022,1.0
site_1533__site_1566,site_1533,site_1566,2,2,2,2.3,0.014100000000000001,40.24,1.6204166666666668,1.6204166666666668,1.15,1.27,0.007050000000000001,0.008790000000000001,1.0
site_1533__site_1571,site_1533,site_1571,2,2,2,1.3900000000000001,0.008897,41.705,1.441111111111111,1.441111111111111,0.6950000000000001,0.9390000000000001,0.0044485,0.0047897,1.0
site_1311__site_1326,site_1311,site_1326,1,1,2,4.72,0.0351,33.64,1.0280555555555555,1.0280555555555555,4.72,4.72,0.0351,0.0351,1.0
site_1533__site_1574,site_1533,site_1574,2,2,2,3.87,0.023912000000000003,28.85,0.96875,0.96875,1.935,2.6830000000000003,0.011956000000000001,0.018303200000000002,1.0
site_1197__site_1223,site_1197,site_1223,2,2,2,2.2,0.015404999999999999,18.1,0.6006944444444444,0.6006944444444444,1.1,1.18,0.007702499999999999,0.0099645,1.0
site_1533__site_1580,site_1533,site_1580,2,2,2,2.0,0.00985,36.76,1.5109722222222222,1.5109722222222222,1.0,1.0,0.004925,0.005484999999999999,1.0
site_1533__site_1585,site_1533,site_1585,2,2,2,4.27,0.058022,30.525,2.2995833333333335,2.2995833333333335,2.135,3.043,0.029011,0.0490022,1.0
site_1533__site_1590,site_1533,site_1590,2,2,2,1.43,0.013247000000000002,46.58,2.7827777777777776,2.7827777777777776,0.715,1.047,0.006623500000000001,0.008704700000000001,1.0
site_1533__site_1593,site_1533,site_1593,2,2,2,4.550000000000001,0.054275,46.0,2.198611111111111,2.198611111111111,2.2750000000000004,2.335,0.0271375,0.0313475,1.0
site_1533__site_1595,site_1533,site_1595,1,1,2,5.58,0.068115,37.83,1.3866666666666667,1.3866666666666667,5.58,5.58,0.068115,0.068115,1.0
site_1535__site_1509,site_1535,site_1509,2,2,2,1.5,0.009278600000000001,44.76,1.6336111111111111,1.6336111111111111,0.75,0.95,0.004639300000000001,0.0051331400000000004,1.0
site_0971__site_1010,site_0971,site_1010,1,1,2,2.0,0.00975,48.0,3.8019444444444446,3.8019444444444446,2.0,2.0,0.00975,0.00975,1.0
site_1304__site_1777,site_1304,site_1777,2,2,2,2.2,0.013247000000000002,49.0,4.2,4.2,1.1,1.18,0.006623500000000001,0.008704700000000001,1.0
site_1209__site_1226,site_1209,site_1226,2,2,2,2.87,0.023327,10.08,0.49777777777777776,0.49777777777777776,1.435,1.7830000000000001,0.0116635,0.0177767,1.0
site_1542__site_1508,site_1542,site_1508,2,2,2,2.0,0.012747750000000002,35.95,2.0591666666666666,2.0591666666666666,1.0,1.0,0.006373875000000001,0.008255375,1.0
site_0971__site_1007,site_0971,site_1007,2,2,2,1.83,0.012797,25.06,9.980833333333335,9.980833333333335,0.915,1.143,0.0063985,0.0082997,1.0
site_1259__site_1262,site_1259,site_1262,2,2,2,1.5,0.008044,58.0,1.3537499999999998,1.3537499999999998,0.75,0.95,0.004022,0.004022,1.0
site_2125__site_2439,site_2125,site_2439,2,2,2,2.98,0.02984866,771.34,12.339722222222221,12.339722222222221,1.49,1.9300000000000002,0.01492433,0.018115793999999998,1.0
site_1276__site_1278,site_1276,site_1278,2,2,2,1.6,0.008044,5.0,0.1875,0.1875,0.8,0.96,0.004022,0.004022,1.0
site_0971__site_1002,site_0971,site_1002,2,2,2,2.2,0.014100000000000001,60.0,3.0751388888888886,3.0751388888888886,1.1,1.18,0.007050000000000001,0.008790000000000001,1.0
site_2149__site_0786,site_2149,site_0786,2,2,2,1.11,0.008044,107.0,1.6422222222222222,1.6422222222222222,0.555,0.631,0.004022,0.004022,1.0
site_1051__site_1500,site_1051,site_1500,2,2,2,2.0,0.013947000000000001,69.37,1.674027777777778,1.674027777777778,1.0,1.0,0.0069735000000000005,0.0086523,1.0
site_2149__site_1143,site_2149,site_1143,2,2,2,1.3,0.013247000000000002,137.09,2.7756944444444445,2.7756944444444445,0.65,0.93,0.006623500000000001,0.008704700000000001,1.0
site_1542__site_1518,site_1542,site_1518,2,2,2,1.03,0.010022,41.91,1.0544444444444445,1.0544444444444445,0.515,0.903,0.005011,0.0058022,1.0
site_1051__site_1057,site_1051,site_1057,2,2,2,6.7,0.086976,14.0,1.0883333333333334,1.0883333333333334,3.35,4.2700000000000005,0.043488,0.0642384,1.0
site_1051__site_1056,site_1051,site_1056,2,2,2,7.87,0.11561600000000001,30.0,0.9033333333333333,0.9033333333333333,3.935,6.283,0.057808000000000005,0.0992544,1.0
site_2149__site_1542,site_2149,site_1542,2,2,2,3.75,0.041624999999999995,218.345,2.7031944444444447,2.7031944444444447,1.875,2.559,0.020812499999999998,0.030082499999999998,1.0
site_1542__site_1523,site_1542,site_1523,2,2,2,3.5,0.021572,48.0,1.5402777777777779,1.5402777777777779,1.75,2.35,0.010786,0.016197200000000002,1.0
site_1425__site_1415,site_1425,site_1415,2,2,2,2.2,0.016935,25.0,1.500138888888889,1.500138888888889,1.1,1.18,0.0084675,0.010441500000000001,1.0
site_0669__site_0584,site_0669,site_0584,2,2,2,8.85,0.1148316,35.67,2.7134722222222223,2.7134722222222223,4.425,6.805000000000001,0.0574158,0.09522396000000001,1.0
site_0971__site_0999,site_0971,site_0999,2,2,2,0.99,0.008956160000000001,57.0,3.0263888888888886,3.0263888888888886,0.495,0.579,0.004478080000000001,0.004842944,1.0
site_1542__site_1527,site_1542,site_1527,2,2,2,2.0,0.012,53.76,1.6606944444444445,1.6606944444444445,1.0,1.0,0.006,0.006,1.0
site_0971__site_0998,site_0971,site_0998,2,2,2,2.2,0.014957000000000002,58.0,5.100555555555555,5.100555555555555,1.1,1.18,0.007478500000000001,0.0102437,1.0
site_0669__site_0567,site_0669,site_0567,2,2,2,3.2,0.024115,38.66,0.9497222222222222,0.9497222222222222,1.6,2.08,0.0120575,0.018323500000000003,1.0
site_0690__site_1723,site_0690,site_1723,2,2,2,1.02,0.008044,711.28,10.410833333333333,10.410833333333333,0.51,0.598,0.004022,0.004022,1.0
site_0971__site_0996,site_0971,site_0996,2,2,2,1.37,0.012797,70.0,2.444444444444444,2.444444444444444,0.685,0.937,0.0063985,0.0082997,1.0
site_2158__site_0084,site_2158,site_0084,2,2,2,2.0,0.008396,41.68,2.7022222222222223,2.7022222222222223,1.0,1.0,0.004198,0.0043388,1.0
site_1369__site_2149,site_1369,site_2149,2,2,2,5.21,0.06662164,1900.34,33.54708333333333,33.54708333333333,2.605,3.8890000000000002,0.03331082,0.056741876,1.0
site_0971__site_0995,site_0971,site_0995,2,2,2,5.26,0.036421999999999996,87.0,10.2875,10.2875,2.63,3.9339999999999997,0.018210999999999998,0.0295622,1.0
site_1425__site_1418,site_1425,site_1418,2,2,2,2.86,0.021572,25.42,2.8220833333333335,2.8220833333333335,1.43,2.174,0.010786,0.016197200000000002,1.0
site_1542__site_1543,site_1542,site_1543,2,2,2,3.0,0.022022,54.79,2.5706944444444444,2.5706944444444444,1.5,1.9,0.011011,0.016602199999999998,1.0
site_1542__site_1544,site_1542,site_1544,2,2,2,2.0,0.008044,71.0,1.6847222222222222,1.6847222222222222,1.0,1.0,0.004022,0.004022,1.0
site_1542__site_1545,site_1542,site_1545,2,2,2,4.359999999999999,0.027934,51.0,2.501388888888889,2.501388888888889,2.1799999999999997,2.324,0.013967,0.0187054,1.0
site_0669__site_0562,site_0669,site_0562,2,2,2,10.06,0.23745699999999997,36.59,0.9651388888888889,0.9651388888888889,5.03,5.958,0.11872849999999999,0.1877913,1.0
site_0971__site_0994,site_0971,site_0994,2,2,2,5.4,0.032805,25.0,3.7266666666666666,3.7266666666666666,2.7,3.9000000000000004,0.0164025,0.0207765,1.0
site_0669__site_0545,site_0669,site_0545,2,2,2,2.0,0.008247,48.27,4.8741666666666665,4.8741666666666665,1.0,1.0,0.0041235,0.0042047,1.0
site_0971__site_0990,site_0971,site_0990,2,2,2,2.0,0.008897,39.0,0.7676388888888889,0.7676388888888889,1.0,1.0,0.0044485,0.0047897,1.0
site_0690__site_0635,site_0690,site_0635,1,1,2,2.0,0.008044,40.0,1.2758333333333334,1.2758333333333334,2.0,2.0,0.008044,0.008044,1.0
site_2158__site_0185,site_2158,site_0185,2,2,2,2.55,0.015625,36.605000000000004,4.600138888888889,4.600138888888889,1.275,1.3350000000000002,0.0078125,0.0089425,1.0
site_2158__site_0199,site_2158,site_0199,2,2,2,2.0,0.008897,50.52,2.1104166666666666,2.1104166666666666,1.0,1.0,0.0044485,0.0047897,1.0
site_2158__site_0200,site_2158,site_0200,2,2,2,2.06,0.013607000000000001,51.47,9.786388888888888,9.786388888888888,1.03,1.054,0.0068035000000000005,0.0090287,1.0
site_2158__site_0203,site_2158,site_0203,2,2,2,7.87,0.113638,43.46,1.3952777777777778,1.3952777777777778,3.935,6.283,0.056819,0.09905660000000001,1.0
site_1259__site_1140,site_1259,site_1140,2,2,2,1.5699999999999998,0.008044,955.2,20.213055555555556,20.213055555555556,0.7849999999999999,0.957,0.004022,0.004022,1.0
site_0971__site_0988,site_0971,site_0988,1,1,2,2.0,0.012,53.0,4.704722222222222,4.704722222222222,2.0,2.0,0.012,0.012,1.0
site_1197__site_1202,site_1197,site_1202,1,1,2,1.63,0.014957,22.17,0.6738888888888889,0.6738888888888889,1.63,1.63,0.014957,0.014957,1.0
site_0669__site_0514,site_0669,site_0514,2,2,2,2.2,0.012797,33.675,2.257361111111111,2.257361111111111,1.1,1.18,0.0063985,0.0082997,1.0
site_0388__site_2235,site_0388,site_2235,2,2,2,3.06,0.02811833,67.64,1.4984722222222222,1.4984722222222222,1.53,1.746,0.014059165,0.017444097000000002,1.0
site_0669__site_0512,site_0669,site_0512,2,2,2,2.0,0.008044,14.65,2.6284722222222223,2.6284722222222223,1.0,1.0,0.004022,0.004022,1.0
site_0669__site_0510,site_0669,site_0510,2,2,2,5.779999999999999,0.073962,35.72,2.871666666666667,2.871666666666667,2.8899999999999997,4.418,0.036981,0.059005800000000004,1.0
site_1197__site_1192,site_1197,site_1192,2,2,2,2.0,0.008044,14.91,3.3529166666666668,3.3529166666666668,1.0,1.0,0.004022,0.004022,1.0
site_1259__site_0669,site_1259,site_0669,1,1,2,0.74,0.008697,55.0,1.3930555555555555,1.3930555555555555,0.74,0.74,0.008697,0.008697,1.0
site_0971__site_0976,site_0971,site_0976,2,2,2,2.0,0.010022,65.0,3.0745833333333334,3.0745833333333334,1.0,1.0,0.005011,0.0058022,1.0
site_0614__site_0629,site_0614,site_0629,2,2,2,0.62,0.008044,52.08,1.3752777777777778,1.3752777777777778,0.31,0.318,0.004022,0.004022,1.0
site_1259__site_0396,site_1259,site_0396,2,2,2,1.3,0.008897,419.97,6.232916666666666,6.232916666666666,0.65,0.93,0.0044485,0.0047897,1.0
site_2158__site_1176,site_2158,site_1176,2,2,2,0.6,0.008044,59.755,9.220416666666667,9.220416666666667,0.3,0.3,0.004022,0.004022,1.0
site_2158__site_1177,site_2158,site_1177,2,2,2,6.2,0.052399,85.16,2.1102777777777777,2.1102777777777777,3.1,4.78,0.0261995,0.0437791,1.0
site_0614__site_0577,site_0614,site_0577,2,2,2,2.3,0.015,45.15,3.60375,3.60375,1.15,1.27,0.0075,0.0087,1.0
site_2158__site_1182,site_2158,site_1182,2,2,2,2.4,0.01845,50.7,1.3098611111111111,1.3098611111111111,1.2,1.2,0.009225,0.009225,1.0
site_0579__site_0690,site_0579,site_0690,1,1,2,2.88,0.020565299999999998,65.0,1.0530555555555556,1.0530555555555556,2.88,2.88,0.020565299999999998,0.020565299999999998,1.0
site_2158__site_1455,site_2158,site_1455,2,2,2,1.5,0.014957000000000002,9.49,0.6231944444444444,0.6231944444444444,0.75,1.1099999999999999,0.007478500000000001,0.0102437,1.0
site_0971__site_0963,site_0971,site_0963,2,2,2,2.2,0.014957000000000002,36.0,5.141527777777778,5.141527777777778,1.1,1.18,0.007478500000000001,0.0102437,1.0
site_0569__site_2149,site_0569,site_2149,2,2,2,2.2,0.008044,1175.9,17.98236111111111,17.98236111111111,1.1,1.18,0.004022,0.004022,1.0
site_2158__site_1461,site_2158,site_1461,2,2,2,2.4,0.01755,23.87,1.3506944444444444,1.3506944444444444,1.2,1.2,0.008775,0.008775,1.0
site_2158__site_1464,site_2158,site_1464,2,2,2,5.36,0.08483399999999999,9.13,0.8119444444444445,0.8119444444444445,2.68,3.8640000000000003,0.042416999999999996,0.0679266,1.0
site_0569__site_1263,site_0569,site_1263,1,2,2,2.2,0.014957,71.85,2.1505555555555556,2.833444444444445,2.2,2.2,0.014957,0.014957,1.0
site_1258__site_2269,site_1258,site_2269,2,2,2,4.5600000000000005,0.02405,416.3,9.5125,9.5125,2.2800000000000002,3.3040000000000003,0.012025,0.014884999999999999,1.0
site_1542__site_1578,site_1542,site_1578,2,2,2,2.0,0.008044,36.13,2.1036111111111113,2.1036111111111113,1.0,1.0,0.004022,0.004022,1.0
site_2158__site_1468,site_2158,site_1468,1,2,2,2.0,0.00975,13.51,0.6720833333333334,0.7435277777777778,2.0,2.0,0.00975,0.00975,1.0
site_2158__site_1469,site_2158,site_1469,2,2,2,3.2,0.016819,13.07,0.7251388888888889,0.7251388888888889,1.6,1.92,0.0084095,0.0087019,1.0
site_2158__site_1470,site_2158,site_1470,2,2,2,1.5,0.008044,26.05,0.8225,0.8225,0.75,0.95,0.004022,0.004022,1.0
site_2158__site_1471,site_2158,site_1471,2,2,2,3.0,0.012269,24.3,1.7413888888888889,1.7413888888888889,1.5,1.9,0.0061345,0.007662100000000001,1.0
site_2158__site_1473,site_2158,site_1473,1,2,2,2.4,0.02187,14.6,1.5004166666666667,1.90475,2.4,2.4,0.02187,0.02187,1.0
site_1350__site_1351,site_1350,site_1351,2,2,2,2.4,0.02187,22.62,0.7875000000000001,0.7875000000000001,1.2,1.2,0.010935,0.010935,1.0
site_1304__site_1773,site_1304,site_1773,2,2,2,1.5,0.008044,45.26,8.645833333333332,8.645833333333332,0.75,0.95,0.004022,0.004022,1.0
site_2158__site_2099,site_2158,site_2099,2,2,2,2.0,0.010022,65.0,1.8809722222222223,1.8809722222222223,1.0,1.0,0.005011,0.0058022,1.0
site_2158__site_2102,site_2158,site_2102,2,2,2,1.1,0.010022,68.0,4.44875,4.44875,0.55,0.91,0.005011,0.0058022,1.0
site_1542__site_1583,site_1542,site_1583,2,2,2,2.2800000000000002,0.01971,43.6,1.45875,1.45875,1.1400000000000001,1.188,0.009855,0.010719000000000001,1.0
site_1542__site_1585,site_1542,site_1585,2,2,2,1.63,0.010022,30.41,3.907916666666667,3.907916666666667,0.815,0.963,0.005011,0.0058022,1.0
site_1542__site_1586,site_1542,site_1586,2,2,2,2.4,0.021464999999999998,38.7,1.8215277777777779,1.8215277777777779,1.2,1.2,0.010732499999999999,0.0108945,1.0
site_0947__site_0958,site_0947,site_0958,2,2,2,1.7,0.018224999999999998,63.71,7.425,7.425,0.85,0.97,0.009112499999999999,0.0093825,1.0
site_0569__site_0619,site_0569,site_0619,2,2,2,1.3,0.014957000000000002,65.0,2.194861111111111,2.194861111111111,0.65,1.09,0.007478500000000001,0.0102437,1.0
site_2158__site_2111,site_2158,site_2111,2,2,2,2.0,0.00975,67.0,1.8248611111111113,1.8248611111111113,1.0,1.0,0.004875,0.004875,1.0
site_2158__site_2113,site_2158,site_2113,2,2,2,4.87,0.040886,84.0,1.7625000000000002,1.7625000000000002,2.435,3.583,0.020443,0.0335798,1.0
site_0947__site_0957,site_0947,site_0957,2,2,2,2.98,0.039613300000000004,63.82,1.1409722222222223,1.1409722222222223,1.49,2.362,0.019806650000000002,0.032434370000000004,1.0
site_0569__site_0576,site_0569,site_0576,2,2,2,0.6,0.008044,62.57,1.6369444444444445,1.6369444444444445,0.3,0.3,0.004022,0.004022,1.0
site_1258__site_1795,site_1258,site_1795,2,2,2,1.28,0.012797,425.785,6.559722222222222,6.559722222222222,0.64,0.76,0.0063985,0.0082997,1.0
site_2158__site_2119,site_2158,site_2119,2,2,2,6.16,0.07522999999999999,67.0,1.051111111111111,1.051111111111111,3.08,4.744,0.037614999999999996,0.0644894,1.0
site_2158__site_2120,site_2158,site_2120,2,2,2,6.4,0.07520199999999999,53.1,0.9673611111111111,0.9673611111111111,3.2,4.800000000000001,0.037600999999999996,0.05925779999999999,1.0
site_1542__site_1593,site_1542,site_1593,2,2,2,2.0,0.012747750000000002,46.0,2.205138888888889,2.205138888888889,1.0,1.0,0.006373875000000001,0.008255375,1.0
site_1304__site_1772,site_1304,site_1772,1,1,2,7.52,0.087726,35.32,6.414722222222222,6.414722222222222,7.52,7.52,0.087726,0.087726,1.0
site_1155__site_1143,site_1155,site_1143,2,2,2,1.4,0.012846409999999999,14.0,0.4338888888888889,0.4338888888888889,0.7,0.9239999999999999,0.0064232049999999995,0.008344169,1.0
site_0569__site_0543,site_0569,site_0543,1,2,2,5.06,0.072645,81.0,1.371111111111111,1.4477777777777778,5.06,5.06,0.072645,0.072645,1.0
site_0561__site_0690,site_0561,site_0690,1,2,2,1.56,0.008044,25.0,0.5366666666666666,0.6271111111111111,1.56,1.56,0.008044,0.008044,1.0
site_0537__site_0692,site_0537,site_0692,2,2,2,1.78,0.012472,56.955,1.8322222222222222,1.8322222222222222,0.89,0.978,0.006236,0.008007199999999999,1.0
site_0537__site_0680,site_0537,site_0680,2,2,2,0.6699999999999999,0.01345,38.79,1.0565277777777777,1.0565277777777777,0.33499999999999996,0.5229999999999999,0.006725,0.008365,1.0
site_0537__site_0675,site_0537,site_0675,1,1,2,2.0,0.008044,34.65,1.0577777777777777,1.0577777777777777,2.0,2.0,0.008044,0.008044,1.0
site_0690__site_0615,site_0690,site_0615,2,2,2,8.16,0.05499,82.0,1.3206944444444444,1.3206944444444444,4.08,5.4559999999999995,0.027495,0.033579,1.0
site_2158__site_2145,site_2158,site_2145,2,2,2,6.0600000000000005,0.083079,69.0,1.925,1.925,3.0300000000000002,4.734,0.0415395,0.0677511,1.0
site_1587__site_1555,site_1587,site_1555,1,1,2,2.0,0.01906812,26.84,1.8,1.8,2.0,2.0,0.01906812,0.01906812,1.0
site_0690__site_0589,site_0690,site_0589,1,2,2,2.16,0.016496,71.0,3.074027777777778,4.665472222222222,2.16,2.16,0.016496,0.016496,1.0
site_1425__site_1422,site_1425,site_1422,2,2,2,2.2,0.012797,12.65,1.4413888888888888,1.4413888888888888,1.1,1.18,0.0063985,0.0082997,1.0
site_0537__site_0663,site_0537,site_0663,2,2,2,2.0,0.008044,42.8,1.581388888888889,1.581388888888889,1.0,1.0,0.004022,0.004022,1.0
site_0537__site_0655,site_0537,site_0655,2,2,2,1.28,0.008897,46.03,1.6218055555555555,1.6218055555555555,0.64,0.928,0.0044485,0.0047897,1.0
site_2158__site_2156,site_2158,site_2156,2,2,2,1.3,0.008044,87.0,2.9009722222222223,2.9009722222222223,0.65,0.93,0.004022,0.004022,1.0
site_2158__site_2159,site_2158,site_2159,2,2,2,2.45,0.010897,31.65,1.8295833333333333,1.8295833333333333,1.225,1.405,0.0054485,0.0065897,1.0
site_0537__site_0653,site_0537,site_0653,2,2,2,2.0,0.008044,20.57,1.0173611111111112,1.0173611111111112,1.0,1.0,0.004022,0.004022,1.0
site_0537__site_0648,site_0537,site_0648,2,2,2,2.0,0.008044,32.0,1.477638888888889,1.477638888888889,1.0,1.0,0.004022,0.004022,1.0
site_2166__site_1968,site_2166,site_1968,2,2,2,5.16,0.074198,127.0,2.2868055555555555,2.2868055555555555,2.58,3.8440000000000003,0.037099,0.06356060000000001,1.0
site_1350__site_1354,site_1350,site_1354,2,2,2,2.0,0.00975,73.46,1.5120833333333334,1.5120833333333334,1.0,1.0,0.004875,0.004875,1.0
site_2183__site_2184,site_2183,site_2184,2,2,2,1.83,0.014727460000000001,12.6,0.7377777777777779,0.7377777777777779,0.915,1.143,0.007363730000000001,0.008852746,1.0
site_2185__site_2186,site_2185,site_2186,1,1,2,1.12,0.008044,23.0,0.6088888888888889,0.6088888888888889,1.12,1.12,0.008044,0.008044,1.0
site_2212__site_2205,site_2212,site_2205,2,2,2,2.24,0.0182626,13.48,0.6284722222222222,0.6284722222222222,1.12,1.16,0.0091313,0.009309708,1.0
site_1143__site_1160,site_1143,site_1160,2,2,2,2.2,0.013499,10.81,0.5069444444444444,0.5069444444444444,1.1,1.18,0.0067495,0.0089315,1.0
site_2222__site_1120,site_2222,site_1120,2,2,2,2.25,0.018503389999999998,165.97,3.0586111111111114,3.0586111111111114,1.125,1.137,0.009251694999999999,0.009332146999999999,1.0
site_2222__site_1609,site_2222,site_1609,1,2,2,0.71,0.008044,563.03,22.175555555555555,28.515777777777778,0.71,0.71,0.008044,0.008044,1.0
site_2222__site_2196,site_2222,site_2196,2,2,2,1.88,0.01344718,846.53,23.476944444444445,23.476944444444445,0.94,1.18,0.00672359,0.008884862,1.0
site_1587__site_1954,site_1587,site_1954,2,2,2,6.2,0.06869399999999999,118.28,2.122638888888889,2.122638888888889,3.1,4.78,0.034346999999999996,0.05860699999999999,1.0
site_1587__site_1955,site_1587,site_1955,2,2,2,2.2,0.014957000000000002,115.63,2.274722222222222,2.274722222222222,1.1,1.18,0.007478500000000001,0.0102437,1.0
site_2222__site_2217,site_2222,site_2217,2,2,2,2.42,0.01826733,25.81,1.110138888888889,1.110138888888889,1.21,1.33,0.009133665,0.009145493000000001,1.0
site_0537__site_0624,site_0537,site_0624,1,1,2,2.0,0.008044,32.0,2.0527777777777776,2.0527777777777776,2.0,2.0,0.008044,0.008044,1.0
site_0537__site_0609,site_0537,site_0609,2,2,2,2.0,0.008044,21.94,0.8034722222222221,0.8034722222222221,1.0,1.0,0.004022,0.004022,1.0
site_2238__site_2236,site_2238,site_2236,2,2,2,1.5,0.008044,32.0,0.9586111111111111,0.9586111111111111,0.75,0.95,0.004022,0.004022,1.0
site_2238__site_2239,site_2238,site_2239,2,2,2,2.0,0.010022,21.0,1.26125,1.26125,1.0,1.0,0.005011,0.0058022,1.0
site_1350__site_1110,site_1350,site_1110,2,2,2,2.0,0.008897,275.45,12.470694444444444,12.470694444444444,1.0,1.0,0.0044485,0.0047897,1.0
site_2238__site_2241,site_2238,site_2241,2,2,2,3.43,0.02268,25.0,0.8572222222222222,0.8572222222222222,1.715,1.8390000000000002,0.01134,0.01134,1.0
site_2238__site_2242,site_2238,site_2242,2,2,2,0.8,0.008044,26.0,0.8025,0.8025,0.4,0.48,0.004022,0.004022,1.0
site_2238__site_2243,site_2238,site_2243,2,2,2,2.0,0.008044,15.0,0.7958333333333334,0.7958333333333334,1.0,1.0,0.004022,0.004022,1.0
site_2238__site_2245,site_2238,site_2245,2,2,2,3.66,0.029265,26.0,1.3990277777777778,1.3990277777777778,1.83,2.254,0.0146325,0.0188385,1.0
site_2238__site_2246,site_2238,site_2246,2,2,2,2.2,0.012797,20.0,1.017777777777778,1.017777777777778,1.1,1.18,0.0063985,0.0082997,1.0
site_0930__site_0431,site_0930,site_0431,2,2,2,5.07,0.045639,29.0,0.6559722222222222,0.6559722222222222,2.535,3.603,0.0228195,0.034055100000000005,1.0
site_1587__site_2073,site_1587,site_2073,2,2,2,2.0,0.010022,90.99,2.3119444444444444,2.3119444444444444,1.0,1.0,0.005011,0.0058022,1.0
site_2238__site_2450,site_2238,site_2450,2,2,2,2.2,0.014551999999999999,217.0,4.246666666666666,4.246666666666666,1.1,1.18,0.0072759999999999995,0.0098792,1.0
site_1189__site_1253,site_1189,site_1253,2,2,2,4.0,0.026,15.33,0.6566666666666666,0.6566666666666666,2.0,2.8,0.013,0.016999999999999998,1.0
site_2269__site_2272,site_2269,site_2272,2,2,2,5.87,0.071274,27.0,0.69875,0.69875,2.935,4.4830000000000005,0.035637,0.060929000000000004,1.0
site_2280__site_2278,site_2280,site_2278,1,1,2,0.59,0.008044,38.1,1.0627777777777778,1.0627777777777778,0.59,0.59,0.008044,0.008044,1.0
site_0537__site_0583,site_0537,site_0583,2,2,2,4.15,0.030885000000000003,36.6,1.4343055555555555,1.4343055555555555,2.075,2.415,0.015442500000000001,0.0173565,1.0
site_2281__site_2276,site_2281,site_2276,2,2,2,1.32,0.012066,36.81,0.89625,0.89625,0.66,0.932,0.006033,0.007641800000000001,1.0
site_2281__site_2286,site_2281,site_2286,2,2,2,2.2,0.014957000000000002,28.14,1.274722222222222,1.274722222222222,1.1,1.18,0.007478500000000001,0.0102437,1.0
site_0930__site_0428,site_0930,site_0428,2,2,2,4.0,0.038355,71.26,0.9193055555555556,0.9193055555555556,2.0,2.8,0.0191775,0.030619500000000004,1.0
site_0537__site_0571,site_0537,site_0571,2,2,2,1.27,0.008897,35.0,1.5141666666666667,1.5141666666666667,0.635,0.927,0.0044485,0.0047897,1.0
site_0537__site_0564,site_0537,site_0564,1,1,2,2.0,0.008044,41.19,3.048888888888889,3.048888888888889,2.0,2.0,0.008044,0.008044,1.0
site_2281__site_2439,site_2281,site_2439,2,2,2,1.04,0.008044,204.41,10.039722222222222,10.039722222222222,0.52,0.648,0.004022,0.004022,1.0
site_1209__site_1222,site_1209,site_1222,2,2,2,2.38,0.017072,14.69,0.6890277777777778,0.6890277777777778,1.19,1.3419999999999999,0.008536,0.0121472,1.0
site_1642__site_1617,site_1642,site_1617,2,2,2,1.72,0.012919,64.0,2.373611111111111,2.373611111111111,0.86,0.972,0.0064595,0.007727100000000001,1.0
site_2311__site_2313,site_2311,site_2313,2,2,2,2.2,0.01581,58.129999999999995,9.974444444444444,9.974444444444444,1.1,1.18,0.007905,0.010329,1.0
site_2311__site_2314,site_2311,site_2314,2,2,2,2.0,0.01581,53.29,1.451111111111111,1.451111111111111,1.0,1.0,0.007905,0.010329,1.0
site_2311__site_2317,site_2311,site_2317,2,2,2,1.6600000000000001,0.019434,48.48,1.49375,1.49375,0.8300000000000001,1.4140000000000001,0.009717,0.0114906,1.0
site_2311__site_2321,site_2311,site_2321,2,2,2,2.0,0.010022,44.17,2.305138888888889,2.305138888888889,1.0,1.0,0.005011,0.0058022,1.0
site_1642__site_1622,site_1642,site_1622,2,2,2,2.2,0.016088,42.67,7.577916666666667,7.577916666666667,1.1,1.82,0.008044,0.008044,1.0
site_1425__site_1427,site_1425,site_1427,2,2,2,2.7,0.018505,15.06,1.3465277777777778,1.3465277777777778,1.35,1.63,0.0092525,0.0127545,1.0
site_1642__site_1630,site_1642,site_1630,2,2,2,1.4,0.012958,50.0,4.406527777777778,4.406527777777778,0.7,1.1,0.006479,0.007731000000000001,1.0
site_0930__site_0425,site_0930,site_0425,2,2,2,1.35,0.008044,50.95,1.2333333333333334,1.2333333333333334,0.675,0.935,0.004022,0.004022,1.0
site_1642__site_1640,site_1642,site_1640,2,2,2,2.01,0.01345251,66.31,1.3968055555555556,1.3968055555555556,1.005,1.0090000000000001,0.006726255,0.008889659,1.0
site_1642__site_1641,site_1642,site_1641,2,2,2,1.6,0.008897,38.86,3.912361111111111,3.912361111111111,0.8,0.96,0.0044485,0.0047897,1.0
site_1642__site_1645,site_1642,site_1645,2,2,2,2.3,0.018803,41.24,4.1906944444444445,4.1906944444444445,1.15,1.19,0.0094015,0.0099027,1.0
site_1642__site_1647,site_1642,site_1647,2,2,2,2.2800000000000002,0.009522,65.0,2.837638888888889,2.837638888888889,1.1400000000000001,1.252,0.004761,0.0053522,1.0
site_1642__site_1648,site_1642,site_1648,2,2,2,1.2,0.008044,52.0,1.4452777777777777,1.4452777777777777,0.6,0.6,0.004022,0.004022,1.0
site_1642__site_1649,site_1642,site_1649,2,2,2,1.32,0.008897,56.195,1.1665277777777778,1.1665277777777778,0.66,0.932,0.0044485,0.0047897,1.0
site_1642__site_1652,site_1642,site_1652,2,2,2,1.47,0.008897,42.57,3.280555555555556,3.280555555555556,0.735,0.9470000000000001,0.0044485,0.0047897,1.0
site_1642__site_1655,site_1642,site_1655,2,2,2,1.3900000000000001,0.012066,69.66,3.6798611111111112,3.6798611111111112,0.6950000000000001,1.0030000000000001,0.006033,0.007641800000000001,1.0
site_2348__site_0724,site_2348,site_0724,2,2,2,6.1,0.054648,40.3,1.156388888888889,1.156388888888889,3.05,4.6899999999999995,0.027324,0.045684,1.0
site_2348__site_0725,site_2348,site_0725,2,2,2,2.2,0.014352,63.37,1.7505555555555556,1.7505555555555556,1.1,1.18,0.007176,0.0090168,1.0
site_0537__site_0536,site_0537,site_0536,2,2,2,2.9699999999999998,0.021572,55.29,2.6230555555555553,2.6230555555555553,1.4849999999999999,2.185,0.010786,0.016197200000000002,1.0
site_2348__site_0727,site_2348,site_0727,2,2,2,1.3,0.008897,55.24,1.8880555555555556,1.8880555555555556,0.65,0.93,0.0044485,0.0047897,1.0
site_1642__site_1660,site_1642,site_1660,2,2,2,5.0,0.035044,54.8,13.989305555555555,13.989305555555555,2.5,2.9,0.017522,0.0251044,1.0
site_0690__site_0565,site_0690,site_0565,2,2,2,1.6800000000000002,0.008272000000000002,57.0,3.2779166666666666,3.2779166666666666,0.8400000000000001,0.968,0.004136000000000001,0.0042272,1.0
site_1268__site_1723,site_1268,site_1723,2,2,2,0.68,0.008044,738.505,12.820972222222222,12.820972222222222,0.34,0.34,0.004022,0.004022,1.0
site_1642__site_1674,site_1642,site_1674,2,2,2,2.3,0.014100000000000001,62.0,1.1377777777777778,1.1377777777777778,1.15,1.27,0.007050000000000001,0.008790000000000001,1.0
site_1642__site_1677,site_1642,site_1677,2,2,2,1.28,0.00882,71.0,8.044027777777778,8.044027777777778,0.64,0.64,0.00441,0.00441,1.0
site_1642__site_1679,site_1642,site_1679,1,1,2,1.2,0.008044,57.0,1.1455555555555557,1.1455555555555557,1.2,1.2,0.008044,0.008044,1.0
site_1642__site_1681,site_1642,site_1681,2,2,2,2.3,0.014100000000000001,44.0,2.1383333333333336,2.1383333333333336,1.15,1.27,0.007050000000000001,0.008790000000000001,1.0
site_0537__site_0534,site_0537,site_0534,2,2,2,2.2,0.01581,47.74,5.6691666666666665,5.6691666666666665,1.1,1.18,0.007905,0.010329,1.0
site_1642__site_2444,site_1642,site_2444,2,2,2,1.41,0.00972459,63.52,1.9526388888888888,1.9526388888888888,0.705,0.709,0.004862295,0.004872459,1.0
site_1643__site_1656,site_1643,site_1656,2,2,2,1.8599999999999999,0.01784324,48.6,3.4834722222222223,3.4834722222222223,0.9299999999999999,1.0979999999999999,0.00892162,0.009164324,1.0
site_0930__site_0420,site_0930,site_0420,2,2,2,3.86,0.02834,36.51,0.8597222222222223,0.8597222222222223,1.93,2.274,0.01417,0.018746000000000002,1.0
site_2348__site_0741,site_2348,site_0741,2,2,2,6.16,0.078678,44.74,0.7976388888888889,0.7976388888888889,3.08,4.744,0.039339,0.067311,1.0
site_1425__site_1430,site_1425,site_1430,2,2,2,3.5,0.02271,11.12,1.1844444444444444,1.1844444444444444,1.75,2.35,0.011355,0.016539,1.0
site_2348__site_0743,site_2348,site_0743,2,2,2,2.2,0.014100000000000001,55.63,6.2659722222222225,6.2659722222222225,1.1,1.18,0.007050000000000001,0.008790000000000001,1.0
site_0930__site_0419,site_0930,site_0419,2,2,2,1.505,0.00872285,28.91,1.603888888888889,1.603888888888889,0.7525,0.9505,0.004361425,0.004632965,1.0
site_2348__site_0746,site_2348,site_0746,2,2,2,2.0,0.010022,54.02,1.0243055555555556,1.0243055555555556,1.0,1.0,0.005011,0.0058022,1.0
site_0930__site_0418,site_0930,site_0418,2,2,2,2.2,0.014754999999999999,31.69,0.8091666666666667,0.8091666666666667,1.1,1.18,0.0073774999999999995,0.0098995,1.0
site_0930__site_0417,site_0930,site_0417,2,2,2,2.2,0.012797,27.99,0.8279166666666666,0.8279166666666666,1.1,1.18,0.0063985,0.0082997,1.0
site_1654__site_2169,site_1654,site_2169,2,2,2,1.8599999999999999,0.01873425,239.71,3.9904166666666665,3.9904166666666665,0.9299999999999999,0.97,0.009367125,0.009470385000000001,1.0
site_1660__site_1654,site_1660,site_1654,2,2,2,2.1,0.0191432,47.69,0.9940277777777777,0.9940277777777777,1.05,1.09,0.0095716,0.013023600000000001,1.0
site_1723__site_1717,site_1723,site_1717,2,2,2,2.78,0.023912000000000003,18.17,0.7565277777777778,0.7565277777777778,1.39,2.166,0.011956000000000001,0.018303200000000002,1.0
site_2348__site_0752,site_2348,site_0752,2,2,2,0.8200000000000001,0.008044,44.74,1.3018055555555557,1.3018055555555557,0.41000000000000003,0.482,0.004022,0.004022,1.0
site_0926__site_0929,site_0926,site_0929,2,2,2,1.99,0.013521600000000002,7.87,0.7640277777777778,0.7640277777777778,0.995,0.999,0.006760800000000001,0.00895184,1.0
site_1723__site_2149,site_1723,site_2149,2,2,2,1.29,0.00905179,1736.21,28.20638888888889,28.20638888888889,0.645,0.929,0.004525895,0.004546611,1.0
site_2348__site_0755,site_2348,site_0755,2,2,2,1.03,0.008044,31.700000000000003,0.8831944444444444,0.8831944444444444,0.515,0.903,0.004022,0.004022,1.0
site_2348__site_0756,site_2348,site_0756,2,2,2,4.2,0.044415,28.09,0.8723611111111111,0.8723611111111111,2.1,2.82,0.0222075,0.031225500000000003,1.0
site_1727__site_1730,site_1727,site_1730,2,2,2,4.87,0.037322,23.0,1.54125,1.54125,2.435,3.583,0.018661,0.030372200000000002,1.0
site_1268__site_1128,site_1268,site_1128,2,2,2,0.88,0.008044,740.46,11.494166666666667,11.494166666666667,0.44,0.488,0.004022,0.004022,1.0
site_1735__site_1737,site_1735,site_1737,2,2,2,2.16,0.03294534,29.299999999999997,0.6973611111111111,0.6973611111111111,1.08,1.176,0.01647267,0.021226806,1.0
site_0537__site_0513,site_0537,site_0513,2,2,2,2.5,0.017072,29.25,5.323194444444445,5.323194444444445,1.25,1.45,0.008536,0.0121472,1.0
site_2348__site_0761,site_2348,site_0761,2,2,2,5.17,0.05229,47.86,2.500277777777778,2.500277777777778,2.585,2.765,0.026145,0.031149,1.0
site_1748__site_2125,site_1748,site_2125,2,2,2,2.3600000000000003,0.02222542,220.83,9.738194444444444,9.738194444444444,1.1800000000000002,1.324,0.01111271,0.013730878,1.0
site_1350__site_1376,site_1350,site_1376,2,2,2,1.46,0.008897,27.31,1.1469444444444443,1.1469444444444443,0.73,0.946,0.0044485,0.0047897,1.0
site_1749__site_1750,site_1749,site_1750,2,2,2,3.36,0.024264,15.64,0.8086111111111112,0.8086111111111112,1.68,2.2239999999999998,0.012132,0.0183384,1.0
site_0537__site_0511,site_0537,site_0511,2,2,2,2.73,0.021572,39.04,4.98875,4.98875,1.365,1.657,0.010786,0.016197200000000002,1.0
site_1749__site_1753,site_1749,site_1753,2,2,2,2.2,0.013649999999999999,70.0,1.1308333333333334,1.1308333333333334,1.1,1.18,0.0068249999999999995,0.008385,1.0
site_1749__site_1756,site_1749,site_1756,2,2,2,1.9700000000000002,0.0174759,23.77,0.9347222222222222,0.9347222222222222,0.9850000000000001,1.2770000000000001,0.00873795,0.01251071,1.0
site_2348__site_1152,site_2348,site_1152,2,2,2,2.2,0.01581,69.36,1.495277777777778,1.495277777777778,1.1,1.18,0.007905,0.010329,1.0
site_2348__site_1153,site_2348,site_1153,2,2,2,3.5599999999999996,0.028485,73.41,1.8801388888888888,1.8801388888888888,1.7799999999999998,2.2439999999999998,0.0142425,0.0168885,1.0
site_1425__site_1434,site_1425,site_1434,2,2,2,2.0,0.00975,15.73,0.90875,0.90875,1.0,1.0,0.004875,0.004875,1.0
site_1749__site_2011,site_1749,site_2011,2,2,2,2.2,0.01581,130.34,2.6415277777777777,2.6415277777777777,1.1,1.18,0.007905,0.010329,1.0
site_2348__site_1168,site_2348,site_1168,2,2,2,2.0,0.008897,57.39,2.5669444444444443,2.5669444444444443,1.0,1.0,0.0044485,0.0047897,1.0
site_2348__site_1973,site_2348,site_1973,2,2,2,2.0,0.010875,114.61,2.437222222222222,2.437222222222222,1.0,1.0,0.0054375,0.0058875,1.0
site_2348__site_1976,site_2348,site_1976,2,2,2,5.72,0.039122,104.07,2.27,2.27,2.86,4.348,0.019561,0.0319922,1.0
site_0537__site_0510,site_0537,site_0510,2,2,2,1.3,0.008044,32.0,1.146111111111111,1.146111111111111,0.65,0.93,0.004022,0.004022,1.0
site_1350__site_1338,site_1350,site_1338,2,2,2,2.62,0.017185,23.0,0.5327777777777778,0.5327777777777778,1.31,1.398,0.0085925,0.0104665,1.0
site_2348__site_2344,site_2348,site_2344,2,2,2,2.4,0.018000000000000002,63.84,1.8740277777777778,1.8740277777777778,1.2,1.2,0.009000000000000001,0.00918,1.0
site_1311__site_1320,site_1311,site_1320,2,2,2,3.5599999999999996,0.028665000000000003,35.11,1.0516666666666667,1.0516666666666667,1.7799999999999998,2.2439999999999998,0.014332500000000001,0.0187785,1.0
site_1756__site_1748,site_1756,site_1748,2,2,2,2.3600000000000003,0.02222542,17.98,0.7697222222222222,0.7697222222222222,1.1800000000000002,1.324,0.01111271,0.013730878,1.0
site_2348__site_2351,site_2348,site_2351,2,2,2,2.8,0.01909,108.6,2.2138888888888886,2.2138888888888886,1.4,1.72,0.009545,0.012813,1.0
site_1140__site_0408,site_1140,site_0408,2,2,2,1.5699999999999998,0.008044,143.91,3.2429166666666664,3.2429166666666664,0.7849999999999999,0.957,0.004022,0.004022,1.0
site_0690__site_0517,site_0690,site_0517,2,2,2,1.15,0.013472000000000001,73.0,2.0838888888888887,2.0838888888888887,0.575,0.7789999999999999,0.006736000000000001,0.0089072,1.0
site_1304__site_1766,site_1304,site_1766,1,1,2,1.5,0.008044,49.0,1.4375,1.4375,1.5,1.5,0.008044,0.008044,1.0
site_1129__site_2016,site_1129,site_2016,2,2,2,2.05,0.015225,156.19,3.047361111111111,3.047361111111111,1.025,1.0450000000000002,0.0076125,0.0089025,1.0
site_1350__site_0769,site_1350,site_0769,2,2,2,5.2,0.037725,255.16500000000002,4.582638888888889,4.582638888888889,2.6,2.68,0.0188625,0.0196845,1.0
site_0900__site_0937,site_0900,site_0937,2,2,2,2.05,0.012692249999999999,199.42,7.733333333333333,7.733333333333333,1.025,1.0450000000000002,0.006346124999999999,0.008205424999999999,1.0
site_2354__site_2149,site_2354,site_2149,2,2,2,2.0,0.012,242.37,3.600138888888889,3.600138888888889,1.0,1.0,0.006,0.006,1.0
site_2357__site_2356,site_2357,site_2356,2,2,2,2.9,0.021572,31.8,1.188611111111111,1.188611111111111,1.45,1.81,0.010786,0.016197200000000002,1.0
site_2357__site_2362,site_2357,site_2362,1,1,2,2.0,0.00975,37.06,1.111388888888889,1.111388888888889,2.0,2.0,0.00975,0.00975,1.0
site_2357__site_2364,site_2357,site_2364,2,2,2,1.9100000000000001,0.017224999999999997,160.63,2.8845833333333335,2.8845833333333335,0.9550000000000001,0.991,0.008612499999999999,0.0087425,1.0
site_2357__site_2367,site_2357,site_2367,1,1,2,2.0,0.008044,43.18,2.233611111111111,2.233611111111111,2.0,2.0,0.008044,0.008044,1.0
site_2357__site_2369,site_2357,site_2369,2,2,2,5.5,0.065216,35.59,1.2670833333333333,1.2670833333333333,2.75,4.15,0.032608,0.0554768,1.0
site_0482__site_0477,site_0482,site_0477,2,2,2,1.6,0.012797,18.05,1.21875,1.21875,0.8,1.1199999999999999,0.0063985,0.0082997,1.0
site_2357__site_2372,site_2357,site_2372,2,2,2,2.0,0.010022,61.0,1.2530555555555556,1.2530555555555556,1.0,1.0,0.005011,0.0058022,1.0
site_0482__site_0476,site_0482,site_0476,2,2,2,2.0,0.008044,16.68,1.156111111111111,1.156111111111111,1.0,1.0,0.004022,0.004022,1.0
site_2386__site_0569,site_2386,site_0569,1,1,2,2.0,0.008044,1472.84,26.85333333333333,26.85333333333333,2.0,2.0,0.008044,0.008044,1.0
site_2387__site_2386,site_2387,site_2386,2,2,2,1.04,0.009278600000000001,34.27,1.2075,1.2075,0.52,0.904,0.004639300000000001,0.0051331400000000004,1.0
site_2388__site_1172,site_2388,site_1172,2,2,2,2.2,0.014352,138.54,2.2480555555555553,2.2480555555555553,1.1,1.18,0.007176,0.0090168,1.0
site_2388__site_2187,site_2388,site_2187,2,2,2,1.33,0.008897,186.1,3.4340277777777777,3.4340277777777777,0.665,0.933,0.0044485,0.0047897,1.0
site_2388__site_2377,site_2388,site_2377,2,2,2,2.2,0.013649999999999999,26.39,1.3480555555555556,1.3480555555555556,1.1,1.18,0.0068249999999999995,0.008385,1.0
site_0482__site_0474,site_0482,site_0474,2,2,2,2.2,0.013149000000000001,14.45,0.8023611111111111,0.8023611111111111,1.1,1.18,0.0065745000000000005,0.0083349,1.0
site_1129__site_1802,site_1129,site_1802,2,2,2,5.36,0.08352899999999999,107.34,1.9383333333333335,1.9383333333333335,2.68,3.8640000000000003,0.041764499999999996,0.0677961,1.0
site_1786__site_0045,site_1786,site_0045,2,2,2,4.32,0.040886,19.55,1.3533333333333333,1.3533333333333333,2.16,3.528,0.020443,0.0335798,1.0
site_2439__site_0494,site_2439,site_0494,2,2,2,1.24,0.008044,124.57,3.6087499999999997,3.6087499999999997,0.62,0.62,0.004022,0.004022,1.0
site_0900__site_0917,site_0900,site_0917,2,2,2,2.87,0.015362,27.3,3.8708333333333336,3.8708333333333336,1.435,1.7830000000000001,0.007681,0.0106082,1.0
site_0052__site_0191,site_0052,site_0191,2,2,2,1.3,0.008044,21.61,0.7361111111111112,0.7361111111111112,0.65,0.93,0.004022,0.004022,1.0
site_0069__site_0255,site_0069,site_0255,2,2,2,2.0,0.008246,21.6,1.4175,1.4175,1.0,1.0,0.004123,0.004203800000000001,1.0
site_1363__site_1369,site_1363,site_1369,1,1,1,1.5,0.012,36.0,1.1236111111111111,1.1236111111111111,1.5,1.5,0.012,0.012,1.0
site_1368__site_1369,site_1368,site_1369,1,1,1,0.52,0.00488878,53.67,2.257222222222222,2.257222222222222,0.52,0.52,0.00488878,0.00488878,1.0
site_1369__site_0191,site_1369,site_0191,1,1,1,1.0,0.004022,1976.87,30.661944444444444,30.661944444444444,1.0,1.0,0.004022,0.004022,1.0
site_1369__site_0411,site_1369,site_0411,1,1,1,0.36,0.004022,173.05,3.082222222222222,3.082222222222222,0.36,0.36,0.004022,0.004022,1.0
site_1369__site_0439,site_1369,site_0439,1,1,1,0.62,0.004022,48.82,2.430833333333333,2.430833333333333,0.62,0.62,0.004022,0.004022,1.0
site_1369__site_0669,site_1369,site_0669,1,1,1,1.0,0.0052566,1775.11,62.32055555555556,62.32055555555556,1.0,1.0,0.0052566,0.0052566,1.0
site_1369__site_1305,site_1369,site_1305,1,1,1,0.32,0.004022,38.5,2.1416666666666666,2.1416666666666666,0.32,0.32,0.004022,0.004022,1.0
site_1369__site_1336,site_1369,site_1336,1,1,1,0.3,0.004022,35.13,1.22,1.22,0.3,0.3,0.004022,0.004022,1.0
site_2425__site_2421,site_2425,site_2421,1,1,1,0.29,0.004022,47.2,50.65638888888889,50.65638888888889,0.29,0.29,0.004022,0.004022,1.0
site_1369__site_1352,site_1369,site_1352,1,1,1,0.6,0.008044,61.0,3.9747222222222223,3.9747222222222223,0.6,0.6,0.008044,0.008044,1.0
site_1369__site_1364,site_1369,site_1364,1,1,1,1.6,0.01305,50.0,1.8491666666666666,1.8491666666666666,1.6,1.6,0.01305,0.01305,1.0
site_1369__site_1483,site_1369,site_1483,1,1,1,1.0,0.009,868.0,14.538333333333334,14.538333333333334,1.0,1.0,0.009,0.009,1.0
site_2425__site_2424,site_2425,site_2424,1,1,1,0.62,0.004022,58.0,0.9569444444444445,0.9569444444444445,0.62,0.62,0.004022,0.004022,1.0
site_1370__site_1369,site_1370,site_1369,1,1,1,2.35,0.012353,43.46,1.4069444444444446,1.4069444444444446,2.35,2.35,0.012353,0.012353,1.0
site_2425__site_2426,site_2425,site_2426,1,1,1,1.0,0.004875,15.0,1.311388888888889,1.311388888888889,1.0,1.0,0.004875,0.004875,1.0
site_1375__site_1369,site_1375,site_1369,1,1,1,2.0,0.01125,43.06,1.3708333333333333,1.3708333333333333,2.0,2.0,0.01125,0.01125,1.0
site_2427__site_1723,site_2427,site_1723,1,1,1,0.29,0.00455179,113.8,2.305,2.305,0.29,0.29,0.00455179,0.00455179,1.0
site_1380__site_1379,site_1380,site_1379,1,1,1,0.5,0.004022,40.62,0.9852777777777778,0.9852777777777778,0.5,0.5,0.004022,0.004022,1.0
site_1380__site_1381,site_1380,site_1381,1,1,1,1.0,0.004022,17.36,0.7236111111111111,0.7236111111111111,1.0,1.0,0.004022,0.004022,1.0
site_2429__site_1243,site_2429,site_1243,1,1,1,0.3,0.004022,180.45,3.0325,3.0325,0.3,0.3,0.004022,0.004022,1.0
site_1380__site_1384,site_1380,site_1384,1,1,1,1.0,0.004022,6.37,0.8608333333333333,0.8608333333333333,1.0,1.0,0.004022,0.004022,1.0
site_1380__site_1385,site_1380,site_1385,1,1,1,0.35,0.004022,13.46,0.7580555555555556,0.7580555555555556,0.35,0.35,0.004022,0.004022,1.0
site_2432__site_1243,site_2432,site_1243,1,1,1,0.28,0.004022,193.26,3.345,3.345,0.28,0.28,0.004022,0.004022,1.0
site_2435__site_2354,site_2435,site_2354,1,1,1,1.0,0.0084,62.22,1.5719444444444444,1.5719444444444444,1.0,1.0,0.0084,0.0084,1.0
site_1380__site_1388,site_1380,site_1388,1,1,1,2.0,0.012,21.5,1.0180555555555555,1.0180555555555555,2.0,2.0,0.012,0.012,1.0
site_2436__site_2354,site_2436,site_2354,1,1,1,3.0,0.018,74.26,1.4097222222222223,1.4097222222222223,3.0,3.0,0.018,0.018,1.0
site_0078__site_2100,site_0078,site_2100,1,1,1,1.0,0.0052566,38.61,2.1130555555555555,2.1130555555555555,1.0,1.0,0.0052566,0.0052566,1.0
site_1380__site_2354,site_1380,site_2354,1,1,1,2.3,0.01242,149.22,2.0661111111111112,2.0661111111111112,2.3,2.3,0.01242,0.01242,1.0
site_1387__site_1380,site_1387,site_1380,1,1,1,4.6,0.02484,18.09,0.3522222222222222,0.3522222222222222,4.6,4.6,0.02484,0.02484,1.0
site_1394__site_1392,site_1394,site_1392,1,1,1,1.0,0.004875,165.0,2.6144444444444446,2.6144444444444446,1.0,1.0,0.004875,0.004875,1.0
site_1394__site_1393,site_1394,site_1393,1,1,1,1.21,0.01518,34.0,2.5413888888888887,2.5413888888888887,1.21,1.21,0.01518,0.01518,1.0
site_1394__site_1395,site_1394,site_1395,1,1,1,0.56,0.004022,68.0,1.7772222222222223,1.7772222222222223,0.56,0.56,0.004022,0.004022,1.0
site_1397__site_1396,site_1397,site_1396,1,1,1,1.2,0.010935,28.8,1.8947222222222222,1.8947222222222222,1.2,1.2,0.010935,0.010935,1.0
site_1397__site_1398,site_1397,site_1398,1,1,1,0.42,0.004022,28.46,8.651388888888889,8.651388888888889,0.42,0.42,0.004022,0.004022,1.0
site_1397__site_1399,site_1397,site_1399,1,1,1,1.51,0.0092951,15.99,6.9325,6.9325,1.51,1.51,0.0092951,0.0092951,1.0
site_1402__site_1400,site_1402,site_1400,1,1,1,2.2,0.01989,68.9,2.035833333333333,2.035833333333333,2.2,2.2,0.01989,0.01989,1.0
site_0079__site_2100,site_0079,site_2100,1,1,1,1.3,0.004022,45.82,0.8791666666666667,0.8791666666666667,1.3,1.3,0.004022,0.004022,1.0
site_1402__site_1403,site_1402,site_1403,1,1,1,0.39,0.004022,27.54,0.995,0.995,0.39,0.39,0.004022,0.004022,1.0
site_1402__site_1404,site_1402,site_1404,1,1,1,1.0,0.004022,77.48,2.7505555555555556,2.7505555555555556,1.0,1.0,0.004022,0.004022,1.0
site_0094__site_2100,site_0094,site_2100,1,1,1,2.35,0.012353,46.9,1.826111111111111,1.826111111111111,2.35,2.35,0.012353,0.012353,1.0
site_0096__site_2125,site_0096,site_2125,1,1,1,1.53,0.03228234,56.6,1.9758333333333333,1.9758333333333333,1.53,1.53,0.03228234,0.03228234,1.0
site_1402__site_1607,site_1402,site_1607,1,1,1,0.41,0.004022,132.27,2.3769444444444443,2.3769444444444443,0.41,0.41,0.004022,0.004022,1.0
site_1402__site_1688,site_1402,site_1688,1,1,1,2.7,0.0324,47.95,2.6616666666666666,2.6616666666666666,2.7,2.7,0.0324,0.0324,1.0
site_1402__site_1689,site_1402,site_1689,1,1,1,1.1,0.004022,62.39,1.643888888888889,1.643888888888889,1.1,1.1,0.004022,0.004022,1.0
site_1402__site_1690,site_1402,site_1690,1,1,1,2.33,0.01755,67.9,1.4444444444444444,1.4444444444444444,2.33,2.33,0.01755,0.01755,1.0
site_0097__site_0255,site_0097,site_0255,1,1,1,1.0,0.004022,29.03,1.1594444444444445,1.1594444444444445,1.0,1.0,0.004022,0.004022,1.0
site_0105__site_0255,site_0105,site_0255,1,1,1,0.5,0.004022,29.05,0.7588888888888888,0.7588888888888888,0.5,0.5,0.004022,0.004022,1.0
site_0112__site_2100,site_0112,site_2100,1,1,1,1.5,0.01568,38.14,1.0725,1.0725,1.5,1.5,0.01568,0.01568,1.0
site_1402__site_1986,site_1402,site_1986,1,1,1,0.05,0.004022,10.43,0.6880555555555555,0.6880555555555555,0.05,0.05,0.004022,0.004022,1.0
site_1402__site_1987,site_1402,site_1987,1,1,1,0.5,0.004022,24.16,1.2058333333333333,1.2058333333333333,0.5,0.5,0.004022,0.004022,1.0
site_1402__site_1988,site_1402,site_1988,1,1,1,2.81,0.0333,20.01,1.093888888888889,1.093888888888889,2.81,2.81,0.0333,0.0333,1.0
site_1402__site_1989,site_1402,site_1989,1,1,1,1.0,0.004022,25.88,1.6041666666666667,1.6041666666666667,1.0,1.0,0.004022,0.004022,1.0
site_0126__site_0191,site_0126,site_0191,1,1,1,1.0,0.006,12.13,2.258611111111111,2.258611111111111,1.0,1.0,0.006,0.006,1.0
site_1409__site_0884,site_1409,site_0884,1,1,1,1.0,0.004022,108.94,2.393611111111111,2.393611111111111,1.0,1.0,0.004022,0.004022,1.0
site_1409__site_1118,site_1409,site_1118,1,1,1,1.22,0.005,89.68,1.3177777777777777,1.3177777777777777,1.22,1.22,0.005,0.005,1.0
site_1409__site_1119,site_1409,site_1119,1,1,1,0.3,0.004022,83.62,1.5386111111111112,1.5386111111111112,0.3,0.3,0.004022,0.004022,1.0
site_1409__site_2179,site_1409,site_2179,1,1,1,1.0,0.004875,127.04,2.062777777777778,2.062777777777778,1.0,1.0,0.004875,0.004875,1.0
site_1425__site_1108,site_1425,site_1108,1,1,1,0.5,0.004022,120.0,4.450555555555556,4.450555555555556,0.5,0.5,0.004022,0.004022,1.0
site_0130__site_0255,site_0130,site_0255,1,1,1,1.0,0.004022,30.7,2.48,2.48,1.0,1.0,0.004022,0.004022,1.0
site_0133__site_0191,site_0133,site_0191,1,1,1,1.0,0.006,7.05,0.5013888888888889,0.5013888888888889,1.0,1.0,0.006,0.006,1.0
site_1425__site_1280,site_1425,site_1280,1,1,1,2.36,0.01755,47.96,1.2033333333333334,1.2033333333333334,2.36,2.36,0.01755,0.01755,1.0
site_1425__site_1281,site_1425,site_1281,1,1,1,1.0,0.004022,29.08,1.191111111111111,1.191111111111111,1.0,1.0,0.004022,0.004022,1.0
site_0134__site_0191,site_0134,site_0191,1,1,1,4.5,0.061194,18.76,0.9419444444444445,0.9419444444444445,4.5,4.5,0.061194,0.061194,1.0
site_0141__site_0255,site_0141,site_0255,1,1,1,1.5,0.00972,20.95,0.4627777777777778,0.4627777777777778,1.5,1.5,0.00972,0.00972,1.0
site_1425__site_1284,site_1425,site_1284,1,1,1,1.0,0.006,52.67,1.2855555555555556,1.2855555555555556,1.0,1.0,0.006,0.006,1.0
site_0144__site_2100,site_0144,site_2100,1,1,1,3.0,0.018,36.83,0.8994444444444445,0.8994444444444445,3.0,3.0,0.018,0.018,1.0
site_1425__site_1286,site_1425,site_1286,1,1,1,1.0,0.006,55.62,1.29,1.29,1.0,1.0,0.006,0.006,1.0
site_0151__site_2100,site_0151,site_2100,1,1,1,1.0,0.009,36.36,1.0280555555555555,1.0280555555555555,1.0,1.0,0.009,0.009,1.0
site_1425__site_1414,site_1425,site_1414,1,1,1,1.56,0.01134,21.35,0.5730555555555555,0.5730555555555555,1.56,1.56,0.01134,0.01134,1.0
site_0152__site_0255,site_0152,site_0255,1,1,1,1.0,0.0045,27.44,1.326111111111111,1.326111111111111,1.0,1.0,0.0045,0.0045,1.0
site_0157__site_2100,site_0157,site_2100,1,1,1,1.0,0.004875,54.18,1.2755555555555556,1.2755555555555556,1.0,1.0,0.004875,0.004875,1.0
site_0160__site_0191,site_0160,site_0191,1,1,1,1.0,0.006,25.93,1.2525,1.2525,1.0,1.0,0.006,0.006,1.0
site_0162__site_2149,site_0162,site_2149,1,1,1,0.33,0.004022,41.53,1.4502777777777778,1.4502777777777778,0.33,0.33,0.004022,0.004022,1.0
site_0163__site_0191,site_0163,site_0191,1,1,1,1.0,0.006,27.92,1.1541666666666666,1.1541666666666666,1.0,1.0,0.006,0.006,1.0
site_0164__site_0047,site_0164,site_0047,1,1,1,1.0,0.004022,3.01,5.9825,5.9825,1.0,1.0,0.004022,0.004022,1.0
site_0164__site_0129,site_0164,site_0129,1,1,1,1.0,0.004022,9.19,1.1727777777777777,1.1727777777777777,1.0,1.0,0.004022,0.004022,1.0
site_0164__site_0146,site_0164,site_0146,1,1,1,1.2,0.008775,37.56,2.251388888888889,2.251388888888889,1.2,1.2,0.008775,0.008775,1.0
site_0164__site_0169,site_0164,site_0169,1,1,1,1.0,0.004022,26.45,4.895,4.895,1.0,1.0,0.004022,0.004022,1.0
site_0164__site_0174,site_0164,site_0174,1,1,1,3.0,0.03348,6.56,0.05638888888888889,0.05638888888888889,3.0,3.0,0.03348,0.03348,1.0
site_1425__site_1426,site_1425,site_1426,1,1,1,1.0,0.006,11.25,1.2294444444444443,1.2294444444444443,1.0,1.0,0.006,0.006,1.0
site_0164__site_0228,site_0164,site_0228,1,1,1,1.0,0.004875,21.18,2.1197222222222223,2.1197222222222223,1.0,1.0,0.004875,0.004875,1.0
site_0164__site_0265,site_0164,site_0265,1,1,1,1.0,0.004022,29.82,1.8425,1.8425,1.0,1.0,0.004022,0.004022,1.0
site_0180__site_2125,site_0180,site_2125,1,1,1,3.26,0.004022,57.45,1.2747222222222223,1.2747222222222223,3.26,3.26,0.004022,0.004022,1.0
site_0184__site_0255,site_0184,site_0255,1,1,1,1.0,0.006,20.35,0.7102777777777778,0.7102777777777778,1.0,1.0,0.006,0.006,1.0
site_0190__site_2125,site_0190,site_2125,1,1,1,0.44,0.004022,59.18,2.9925,2.9925,0.44,0.44,0.004022,0.004022,1.0
site_0191__site_0026,site_0191,site_0026,1,1,1,4.8,0.045785110000000004,19.25,0.5686111111111111,0.5686111111111111,4.8,4.8,0.045785110000000004,0.045785110000000004,1.0
site_1425__site_1433,site_1425,site_1433,1,1,1,1.12,0.0138,37.63,1.363611111111111,1.363611111111111,1.12,1.12,0.0138,0.0138,1.0
site_0191__site_0093,site_0191,site_0093,1,1,1,1.2,0.010935,30.84,1.4191666666666667,1.4191666666666667,1.2,1.2,0.010935,0.010935,1.0
site_0191__site_0100,site_0191,site_0100,1,1,1,1.0,0.009477,29.02,3.2808333333333333,3.2808333333333333,1.0,1.0,0.009477,0.009477,1.0
site_1425__site_1437,site_1425,site_1437,1,1,1,1.2,0.009225,32.31,1.8763888888888889,1.8763888888888889,1.2,1.2,0.009225,0.009225,1.0
site_0191__site_0133,site_0191,site_0133,1,1,1,1.0,0.004875,20.3,51.31583333333333,51.31583333333333,1.0,1.0,0.004875,0.004875,1.0
site_0191__site_0155,site_0191,site_0155,1,1,1,1.02,0.00867838,24.86,0.5827777777777777,0.5827777777777777,1.02,1.02,0.00867838,0.00867838,1.0
site_0191__site_0232,site_0191,site_0232,1,1,1,0.075,0.004022,10.78,0.3088888888888889,0.3088888888888889,0.075,0.075,0.004022,0.004022,1.0
site_0191__site_0276,site_0191,site_0276,1,1,1,1.0,0.004875,44.02,1.043611111111111,1.043611111111111,1.0,1.0,0.004875,0.004875,1.0
site_0191__site_2158,site_0191,site_2158,1,1,1,4.5,0.061194,91.44,1.853888888888889,1.853888888888889,4.5,4.5,0.061194,0.061194,1.0
site_0198__site_0255,site_0198,site_0255,1,1,1,1.96,0.01474701,21.06,1.405,1.405,1.96,1.96,0.01474701,0.01474701,1.0
site_0202__site_0255,site_0202,site_0255,1,1,1,5.0,0.03,28.3,0.8663888888888889,0.8663888888888889,5.0,5.0,0.03,0.03,1.0
site_0206__site_0191,site_0206,site_0191,1,1,1,1.06,0.00480168,14.76,0.6336111111111111,0.6336111111111111,1.06,1.06,0.00480168,0.00480168,1.0
site_0214__site_2100,site_0214,site_2100,1,1,1,1.0,0.00648,46.27,1.121388888888889,1.121388888888889,1.0,1.0,0.00648,0.00648,1.0
site_0215__site_2100,site_0215,site_2100,1,1,1,1.0,0.004022,52.65,3.3680555555555554,3.3680555555555554,1.0,1.0,0.004022,0.004022,1.0
site_1425__site_1449,site_1425,site_1449,1,1,1,1.0,0.004875,21.94,1.2791666666666666,1.2791666666666666,1.0,1.0,0.004875,0.004875,1.0
site_0221__site_2100,site_0221,site_2100,1,1,1,1.0,0.004022,47.95,1.5522222222222222,1.5522222222222222,1.0,1.0,0.004022,0.004022,1.0
site_0224__site_0191,site_0224,site_0191,1,1,1,1.0,0.004022,7.06,0.9922222222222222,0.9922222222222222,1.0,1.0,0.004022,0.004022,1.0
site_0235__site_0191,site_0235,site_0191,1,1,1,1.0,0.0045,21.52,1.1666666666666667,1.1666666666666667,1.0,1.0,0.0045,0.0045,1.0
site_0241__site_0255,site_0241,site_0255,1,1,1,1.0,0.004022,27.18,0.8355555555555556,0.8355555555555556,1.0,1.0,0.004022,0.004022,1.0
site_0245__site_2100,site_0245,site_2100,1,1,1,1.0,0.004022,56.0,1.5033333333333334,1.5033333333333334,1.0,1.0,0.004022,0.004022,1.0
site_0256__site_2125,site_0256,site_2125,1,1,1,0.03,0.004022,62.94,1.9002777777777777,1.9002777777777777,0.03,0.03,0.004022,0.004022,1.0
site_0270__site_0191,site_0270,site_0191,1,1,1,1.0,0.004022,31.85,1.6280555555555556,1.6280555555555556,1.0,1.0,0.004022,0.004022,1.0
site_0272__site_0255,site_0272,site_0255,1,1,1,1.0,0.004022,34.93,1.3069444444444445,1.3069444444444445,1.0,1.0,0.004022,0.004022,1.0
site_0274__site_2125,site_0274,site_2125,1,1,1,1.04,0.0087505,61.1,1.1355555555555557,1.1355555555555557,1.04,1.04,0.0087505,0.0087505,1.0
site_1448__site_1441,site_1448,site_1441,1,1,1,1.0,0.006,33.27,1.0669444444444445,1.0669444444444445,1.0,1.0,0.006,0.006,1.0
site_1452__site_2415,site_1452,site_2415,1,1,1,2.4,0.01755,133.0,2.3666666666666667,2.3666666666666667,2.4,2.4,0.01755,0.01755,1.0
site_1464__site_2125,site_1464,site_2125,1,1,1,1.0,0.006,21.47,0.5102777777777778,0.5102777777777778,1.0,1.0,0.006,0.006,1.0
site_0280__site_0255,site_0280,site_0255,1,1,1,2.16,0.006,23.71,1.2841666666666667,1.2841666666666667,2.16,2.16,0.006,0.006,1.0
site_1471__site_2125,site_1471,site_2125,1,1,1,1.07,0.01195282,29.22,0.26722222222222225,0.26722222222222225,1.07,1.07,0.01195282,0.01195282,1.0
site_1475__site_2125,site_1475,site_2125,1,1,1,3.0,0.01125,29.3,0.5472222222222223,0.5472222222222223,3.0,3.0,0.01125,0.01125,1.0
site_1478__site_2125,site_1478,site_2125,1,1,1,5.14,0.10447044,25.13,0.5608333333333333,0.5608333333333333,5.14,5.14,0.10447044,0.10447044,1.0
site_0285__site_2100,site_0285,site_2100,1,1,1,1.0,0.01008,15.0,0.5352777777777777,0.5352777777777777,1.0,1.0,0.01008,0.01008,1.0
site_0287__site_2100,site_0287,site_2100,1,1,1,1.0,0.01,51.56,1.7783333333333333,1.7783333333333333,1.0,1.0,0.01,0.01,1.0
site_1483__site_1479,site_1483,site_1479,1,1,1,1.0,0.006,33.81,5.3025,5.3025,1.0,1.0,0.006,0.006,1.0
site_1483__site_1480,site_1483,site_1480,1,1,1,1.0,0.004022,64.0,6.477777777777778,6.477777777777778,1.0,1.0,0.004022,0.004022,1.0
site_1483__site_1481,site_1483,site_1481,1,1,1,0.88,0.00911892,45.0,5.623888888888889,5.623888888888889,0.88,0.88,0.00911892,0.00911892,1.0
site_0304__site_0303,site_0304,site_0303,1,1,1,1.2,0.009477,21.56,1.031388888888889,1.031388888888889,1.2,1.2,0.009477,0.009477,1.0
site_0304__site_0305,site_0304,site_0305,1,1,1,1.0,0.004875,20.67,2.8202777777777777,2.8202777777777777,1.0,1.0,0.004875,0.004875,1.0
site_1483__site_1485,site_1483,site_1485,1,1,1,1.0,0.004022,19.35,4.066111111111111,4.066111111111111,1.0,1.0,0.004022,0.004022,1.0
site_1483__site_1486,site_1483,site_1486,1,1,1,1.0,0.004022,75.0,2.0391666666666666,2.0391666666666666,1.0,1.0,0.004022,0.004022,1.0
site_1483__site_1488,site_1483,site_1488,1,1,1,1.2,0.010935,42.0,6.676944444444445,6.676944444444445,1.2,1.2,0.010935,0.010935,1.0
site_1483__site_1489,site_1483,site_1489,1,1,1,2.0,0.00975,44.0,2.2222222222222223,2.2222222222222223,2.0,2.0,0.00975,0.00975,1.0
site_0308__site_0348,site_0308,site_0348,1,1,1,0.23,0.004022,31.54,0.5033333333333333,0.5033333333333333,0.23,0.23,0.004022,0.004022,1.0
site_0311__site_0348,site_0311,site_0348,1,1,1,1.5,0.0125,57.79,1.0277777777777777,1.0277777777777777,1.5,1.5,0.0125,0.0125,1.0
site_0326__site_0348,site_0326,site_0348,1,1,1,0.92,0.013033020000000001,85.53,1.6202777777777777,1.6202777777777777,0.92,0.92,0.013033020000000001,0.013033020000000001,1.0
site_1483__site_1493,site_1483,site_1493,1,1,1,4.87,0.067252,71.0,1.3688888888888888,1.3688888888888888,4.87,4.87,0.067252,0.067252,1.0
site_0329__site_0310,site_0329,site_0310,1,1,1,1.5,0.010935,23.62,0.9475,0.9475,1.5,1.5,0.010935,0.010935,1.0
site_1483__site_1495,site_1483,site_1495,1,1,1,1.0,0.004875,13.56,1.2277777777777779,1.2277777777777779,1.0,1.0,0.004875,0.004875,1.0
site_0329__site_0312,site_0329,site_0312,1,1,1,1.2,0.010179,29.96,0.8633333333333333,0.8633333333333333,1.2,1.2,0.010179,0.010179,1.0
site_1483__site_1497,site_1483,site_1497,1,1,1,1.0,0.004022,44.0,2.158888888888889,2.158888888888889,1.0,1.0,0.004022,0.004022,1.0
site_0329__site_0314,site_0329,site_0314,1,1,1,1.0,0.004022,45.3,0.9602777777777778,0.9602777777777778,1.0,1.0,0.004022,0.004022,1.0
site_1483__site_1502,site_1483,site_1502,1,1,1,1.0,0.004022,539.91,10.753055555555555,10.753055555555555,1.0,1.0,0.004022,0.004022,1.0
site_1483__site_1503,site_1483,site_1503,1,1,1,1.35,0.0108,555.33,11.1,11.1,1.35,1.35,0.0108,0.0108,1.0
site_1483__site_1504,site_1483,site_1504,1,1,1,1.0,0.004022,143.63,5.5377777777777775,5.5377777777777775,1.0,1.0,0.004022,0.004022,1.0
site_0329__site_0317,site_0329,site_0317,1,1,1,1.0,0.004875,66.67,1.696388888888889,1.696388888888889,1.0,1.0,0.004875,0.004875,1.0
site_0329__site_0323,site_0329,site_0323,1,1,1,3.77,0.036864,55.06,1.6608333333333334,1.6608333333333334,3.77,3.77,0.036864,0.036864,1.0
site_0329__site_0325,site_0329,site_0325,1,1,1,1.0,0.004022,40.78,1.0988888888888888,1.0988888888888888,1.0,1.0,0.004022,0.004022,1.0
site_0329__site_0326,site_0329,site_0326,1,1,1,1.2,0.01053,64.44,1.6641666666666666,1.6641666666666666,1.2,1.2,0.01053,0.01053,1.0
site_1483__site_2433,site_1483,site_2433,1,1,1,1.0,0.004022,653.0,12.06611111111111,12.06611111111111,1.0,1.0,0.004022,0.004022,1.0
site_0329__site_0327,site_0329,site_0327,1,1,1,2.36,0.01989,27.01,3.6591666666666667,3.6591666666666667,2.36,2.36,0.01989,0.01989,1.0
site_0329__site_0328,site_0329,site_0328,1,1,1,1.0,0.004875,26.34,0.9036111111111111,0.9036111111111111,1.0,1.0,0.004875,0.004875,1.0
site_1501__site_2026,site_1501,site_2026,1,1,1,3.0,0.018,203.72,5.464166666666666,5.464166666666666,3.0,3.0,0.018,0.018,1.0
site_1506__site_1509,site_1506,site_1509,1,1,1,1.5,0.0078849,48.8,0.845,0.845,1.5,1.5,0.0078849,0.0078849,1.0
site_0329__site_0330,site_0329,site_0330,1,1,1,1.0,0.004022,26.75,0.8525,0.8525,1.0,1.0,0.004022,0.004022,1.0
site_0329__site_0331,site_0329,site_0331,1,1,1,0.53,0.004675,83.3,5.2877777777777775,5.2877777777777775,0.53,0.53,0.004675,0.004675,1.0
site_1509__site_0669,site_1509,site_0669,1,1,1,1.5,0.0078849,1302.0,21.018055555555556,21.018055555555556,1.5,1.5,0.0078849,0.0078849,1.0
site_1509__site_0930,site_1509,site_0930,1,1,1,1.1,0.009853200000000001,98.46,8.733333333333333,8.733333333333333,1.1,1.1,0.009853200000000001,0.009853200000000001,1.0
site_1510__site_1509,site_1510,site_1509,1,1,1,5.0,0.06,41.93,2.145277777777778,2.145277777777778,5.0,5.0,0.06,0.06,1.0
site_1514__site_1509,site_1514,site_1509,1,1,1,4.0,0.0144,52.27,0.6222222222222222,0.6222222222222222,4.0,4.0,0.0144,0.0144,1.0
site_1518__site_1509,site_1518,site_1509,1,1,1,1.0,0.006,34.6,1.5238888888888888,1.5238888888888888,1.0,1.0,0.006,0.006,1.0
site_1529__site_1509,site_1529,site_1509,1,1,1,2.6,0.018,29.73,1.543611111111111,1.543611111111111,2.6,2.6,0.018,0.018,1.0
site_1533__site_0435,site_1533,site_0435,1,1,1,1.0,0.00625,81.0,0.9841666666666666,0.9841666666666666,1.0,1.0,0.00625,0.00625,1.0
site_1533__site_1506,site_1533,site_1506,1,1,1,2.44,0.01755,49.0,3.1344444444444446,3.1344444444444446,2.44,2.44,0.01755,0.01755,1.0
site_1533__site_1507,site_1533,site_1507,1,1,1,1.0,0.004022,41.0,1.0563888888888888,1.0563888888888888,1.0,1.0,0.004022,0.004022,1.0
site_0329__site_0332,site_0329,site_0332,1,1,1,1.0,0.004022,55.87,1.1272222222222221,1.1272222222222221,1.0,1.0,0.004022,0.004022,1.0
site_0329__site_0334,site_0329,site_0334,1,1,1,1.0,0.004875,40.07,1.5438888888888889,1.5438888888888889,1.0,1.0,0.004875,0.004875,1.0
site_1533__site_1511,site_1533,site_1511,1,1,1,1.0,0.004225,75.0,2.5719444444444446,2.5719444444444446,1.0,1.0,0.004225,0.004225,1.0
site_1533__site_1513,site_1533,site_1513,1,1,1,4.87,0.04588,38.0,1.3775,1.3775,4.87,4.87,0.04588,0.04588,1.0
site_1533__site_1514,site_1533,site_1514,1,1,1,0.6,0.004022,47.34,2.0547222222222223,2.0547222222222223,0.6,0.6,0.004022,0.004022,1.0
site_1533__site_1516,site_1533,site_1516,1,1,1,2.86,0.03348,37.26,0.9147222222222222,0.9147222222222222,2.86,2.86,0.03348,0.03348,1.0
site_1533__site_1520,site_1533,site_1520,1,1,1,1.0,0.004875,46.59,0.7688888888888888,0.7688888888888888,1.0,1.0,0.004875,0.004875,1.0
site_1533__site_1521,site_1533,site_1521,1,1,1,1.2,0.009477,40.0,1.4480555555555557,1.4480555555555557,1.2,1.2,0.009477,0.009477,1.0
site_1533__site_1522,site_1533,site_1522,1,1,1,1.0,0.008044,50.0,1.7486111111111111,1.7486111111111111,1.0,1.0,0.008044,0.008044,1.0
site_1533__site_1523,site_1533,site_1523,1,1,1,1.0,0.004225,48.0,1.1202777777777777,1.1202777777777777,1.0,1.0,0.004225,0.004225,1.0
site_0329__site_0335,site_0329,site_0335,1,1,1,1.28,0.010935,45.46,1.4408333333333334,1.4408333333333334,1.28,1.28,0.010935,0.010935,1.0
site_0329__site_0336,site_0329,site_0336,1,1,1,1.4,0.010206,55.64,1.2727777777777778,1.2727777777777778,1.4,1.4,0.010206,0.010206,1.0
site_1533__site_1528,site_1533,site_1528,1,1,1,1.8,0.01755,22.46,0.5638888888888889,0.5638888888888889,1.8,1.8,0.01755,0.01755,1.0
site_0329__site_0338,site_0329,site_0338,1,1,1,1.0,0.004022,23.41,0.8655555555555555,0.8655555555555555,1.0,1.0,0.004022,0.004022,1.0
site_1533__site_1536,site_1533,site_1536,1,1,1,2.3,0.01755,53.98,3.3455555555555554,3.3455555555555554,2.3,2.3,0.01755,0.01755,1.0
site_0329__site_0339,site_0329,site_0339,1,1,1,1.0,0.004022,37.85,1.1405555555555555,1.1405555555555555,1.0,1.0,0.004022,0.004022,1.0
site_1533__site_1540,site_1533,site_1540,1,1,1,1.2,0.009225,53.0,1.4647222222222223,1.4647222222222223,1.2,1.2,0.009225,0.009225,1.0
site_0329__site_0342,site_0329,site_0342,1,1,1,0.5,0.004022,19.84,0.9530555555555555,0.9530555555555555,0.5,0.5,0.004022,0.004022,1.0
site_0329__site_0347,site_0329,site_0347,1,1,1,1.0,0.006,8.29,1.2022222222222223,1.2022222222222223,1.0,1.0,0.006,0.006,1.0
site_0329__site_0362,site_0329,site_0362,1,1,1,1.06,0.009736290000000002,90.25,11.652222222222223,11.652222222222223,1.06,1.06,0.009736290000000002,0.009736290000000002,1.0
site_0329__site_1733,site_0329,site_1733,1,1,1,1.2,0.008775,195.48,5.4622222222222225,5.4622222222222225,1.2,1.2,0.008775,0.008775,1.0
site_1533__site_1550,site_1533,site_1550,1,1,1,7.28,0.106392,37.18,1.8311111111111111,1.8311111111111111,7.28,7.28,0.106392,0.106392,1.0
site_1533__site_1552,site_1533,site_1552,1,1,1,4.87,0.04788,60.0,1.3716666666666666,1.3716666666666666,4.87,4.87,0.04788,0.04788,1.0
site_0329__site_1873,site_0329,site_1873,1,1,1,1.28,0.010935,97.89,3.0294444444444446,3.0294444444444446,1.28,1.28,0.010935,0.010935,1.0
site_0341__site_0329,site_0341,site_0329,1,1,1,1.83,0.01757005,62.92,1.7069444444444444,1.7069444444444444,1.83,1.83,0.01757005,0.01757005,1.0
site_1533__site_1555,site_1533,site_1555,1,1,1,0.39,0.004022,30.0,0.9463888888888888,0.9463888888888888,0.39,0.39,0.004022,0.004022,1.0
site_0348__site_0669,site_0348,site_0669,1,1,1,1.5,0.0125,1874.08,35.545,35.545,1.5,1.5,0.0125,0.0125,1.0
site_1533__site_1562,site_1533,site_1562,1,1,1,1.0,0.004875,34.5,1.1897222222222221,1.1897222222222221,1.0,1.0,0.004875,0.004875,1.0
site_0351__site_0369,site_0351,site_0369,1,1,1,1.0,0.004022,28.59,0.5066666666666667,0.5066666666666667,1.0,1.0,0.004022,0.004022,1.0
site_1533__site_1565,site_1533,site_1565,1,1,1,1.0,0.004225,41.23,1.165,1.165,1.0,1.0,0.004225,0.004225,1.0
site_0356__site_0369,site_0356,site_0369,1,1,1,1.0,0.004022,27.86,0.5366666666666666,0.5366666666666666,1.0,1.0,0.004022,0.004022,1.0
site_1533__site_1569,site_1533,site_1569,1,1,1,1.0,0.004022,41.86,1.1841666666666666,1.1841666666666666,1.0,1.0,0.004022,0.004022,1.0
site_1533__site_1570,site_1533,site_1570,1,1,1,1.0,0.004022,74.0,3.818611111111111,3.818611111111111,1.0,1.0,0.004022,0.004022,1.0
site_0362__site_0351,site_0362,site_0351,1,1,1,1.0,0.004022,23.82,1.5730555555555557,1.5730555555555557,1.0,1.0,0.004022,0.004022,1.0
site_0362__site_0352,site_0362,site_0352,1,1,1,1.0,0.004875,13.35,1.7569444444444444,1.7569444444444444,1.0,1.0,0.004875,0.004875,1.0
site_0362__site_0353,site_0362,site_0353,1,1,1,1.0,0.004022,5.95,0.29055555555555557,0.29055555555555557,1.0,1.0,0.004022,0.004022,1.0
site_1533__site_1577,site_1533,site_1577,1,1,1,4.47,0.0324,36.16,1.3488888888888888,1.3488888888888888,4.47,4.47,0.0324,0.0324,1.0
site_0362__site_0354,site_0362,site_0354,1,1,1,1.0,0.004022,18.48,1.3327777777777778,1.3327777777777778,1.0,1.0,0.004022,0.004022,1.0
site_0362__site_0357,site_0362,site_0357,1,1,1,3.87,0.036864,13.93,0.5888888888888889,0.5888888888888889,3.87,3.87,0.036864,0.036864,1.0
site_1533__site_1581,site_1533,site_1581,1,1,1,0.39,0.004022,40.33,1.1861111111111111,1.1861111111111111,0.39,0.39,0.004022,0.004022,1.0
site_1533__site_1583,site_1533,site_1583,1,1,1,0.3,0.004022,43.6,2.012777777777778,2.012777777777778,0.3,0.3,0.004022,0.004022,1.0
site_0362__site_0360,site_0362,site_0360,1,1,1,1.0,0.004022,17.52,1.3138888888888889,1.3138888888888889,1.0,1.0,0.004022,0.004022,1.0
site_1533__site_1588,site_1533,site_1588,1,1,1,2.28,0.017238,33.35,2.397777777777778,2.397777777777778,2.28,2.28,0.017238,0.017238,1.0
site_1533__site_1589,site_1533,site_1589,1,1,1,1.1,0.008775,38.0,0.7613888888888889,0.7613888888888889,1.1,1.1,0.008775,0.008775,1.0
site_0362__site_0363,site_0362,site_0363,1,1,1,1.0,0.004022,8.81,0.7011111111111111,0.7011111111111111,1.0,1.0,0.004022,0.004022,1.0
site_1533__site_1591,site_1533,site_1591,1,1,1,1.6,0.010962,43.0,1.91,1.91,1.6,1.6,0.010962,0.010962,1.0
site_0362__site_0365,site_0362,site_0365,1,1,1,2.5,0.01755,25.6,0.7086111111111111,0.7086111111111111,2.5,2.5,0.01755,0.01755,1.0
site_1533__site_1594,site_1533,site_1594,1,1,1,1.11,0.009225,41.0,2.450833333333333,2.450833333333333,1.11,1.11,0.009225,0.009225,1.0
site_0362__site_0366,site_0362,site_0366,1,1,1,1.56,0.01134,17.29,0.7688888888888888,0.7688888888888888,1.56,1.56,0.01134,0.01134,1.0
site_1533__site_1597,site_1533,site_1597,1,1,1,1.2,0.008775,44.0,1.3283333333333334,1.3283333333333334,1.2,1.2,0.008775,0.008775,1.0
site_1533__site_1598,site_1533,site_1598,1,1,1,2.81,0.0324,68.0,2.268611111111111,2.268611111111111,2.81,2.81,0.0324,0.0324,1.0
site_1533__site_1961,site_1533,site_1961,1,1,1,1.3,0.007722,77.36,1.2036111111111112,1.2036111111111112,1.3,1.3,0.007722,0.007722,1.0
site_0362__site_0368,site_0362,site_0368,1,1,1,1.0,0.004022,16.3,25.761944444444445,25.761944444444445,1.0,1.0,0.004022,0.004022,1.0
site_1537__site_1509,site_1537,site_1509,1,1,1,1.9,0.018,39.13,1.1469444444444445,1.1469444444444445,1.9,1.9,0.018,0.018,1.0
site_1538__site_1509,site_1538,site_1509,1,1,1,1.5,0.004022,30.52,1.1288888888888888,1.1288888888888888,1.5,1.5,0.004022,0.004022,1.0
site_0362__site_0705,site_0362,site_0705,1,1,1,1.0,0.004022,52.17,2.022222222222222,2.022222222222222,1.0,1.0,0.004022,0.004022,1.0
site_1542__site_0435,site_1542,site_0435,1,1,1,1.0,0.004022,81.0,1.7402777777777778,1.7402777777777778,1.0,1.0,0.004022,0.004022,1.0
site_1542__site_0930,site_1542,site_0930,1,1,1,0.32,0.004022,98.48,8.787222222222223,8.787222222222223,0.32,0.32,0.004022,0.004022,1.0
site_0362__site_1698,site_0362,site_1698,1,1,1,1.0,0.004022,25.12,0.7272222222222222,0.7272222222222222,1.0,1.0,0.004022,0.004022,1.0
site_1542__site_1505,site_1542,site_1505,1,1,1,2.36,0.01755,54.0,0.9888888888888889,0.9888888888888889,2.36,2.36,0.01755,0.01755,1.0
site_0362__site_2002,site_0362,site_2002,1,1,1,1.0,0.008775,67.93,4.060833333333333,4.060833333333333,1.0,1.0,0.008775,0.008775,1.0
site_0362__site_2005,site_0362,site_2005,1,1,1,1.2,0.010935,47.18,0.9222222222222223,0.9222222222222223,1.2,1.2,0.010935,0.010935,1.0
site_0362__site_2006,site_0362,site_2006,1,1,1,6.3,0.09,63.24,1.7075,1.7075,6.3,6.3,0.09,0.09,1.0
site_1542__site_1510,site_1542,site_1510,1,1,1,1.0,0.004022,35.92,1.9777777777777779,1.9777777777777779,1.0,1.0,0.004022,0.004022,1.0
site_0374__site_0370,site_0374,site_0370,1,1,1,0.5,0.004022,42.0,0.8055555555555556,0.8055555555555556,0.5,0.5,0.004022,0.004022,1.0
site_0374__site_0372,site_0374,site_0372,1,1,1,2.49,0.01755,6.7,0.7586111111111111,0.7586111111111111,2.49,2.49,0.01755,0.01755,1.0
site_1542__site_1514,site_1542,site_1514,1,1,1,2.36,0.01989,47.34,3.1577777777777776,3.1577777777777776,2.36,2.36,0.01989,0.01989,1.0
site_0374__site_0373,site_0374,site_0373,1,1,1,2.68,0.03248784,7.4,0.5647222222222222,0.5647222222222222,2.68,2.68,0.03248784,0.03248784,1.0
site_0374__site_0375,site_0374,site_0375,1,1,1,0.1,0.004022,33.0,2.3897222222222223,2.3897222222222223,0.1,0.1,0.004022,0.004022,1.0
site_1542__site_1517,site_1542,site_1517,1,1,1,2.73,0.0324,43.48,1.6961111111111111,1.6961111111111111,2.73,2.73,0.0324,0.0324,1.0
site_0374__site_0377,site_0374,site_0377,1,1,1,1.2,0.01053,11.0,0.43,0.43,1.2,1.2,0.01053,0.01053,1.0
site_0374__site_0378,site_0374,site_0378,1,1,1,1.86,0.016758,12.0,0.5725,0.5725,1.86,1.86,0.016758,0.016758,1.0
site_1542__site_1520,site_1542,site_1520,1,1,1,2.36,0.01989,46.59,2.1169444444444445,2.1169444444444445,2.36,2.36,0.01989,0.01989,1.0
site_1542__site_1521,site_1542,site_1521,1,1,1,1.0,0.004022,40.0,1.8577777777777778,1.8577777777777778,1.0,1.0,0.004022,0.004022,1.0
site_0374__site_1600,site_0374,site_1600,1,1,1,2.0,0.008044,83.0,1.7833333333333334,1.7833333333333334,2.0,2.0,0.008044,0.008044,1.0
site_0388__site_0389,site_0388,site_0389,1,1,1,0.43,0.004022,6.47,1.183888888888889,1.183888888888889,0.43,0.43,0.004022,0.004022,1.0
site_0388__site_0390,site_0388,site_0390,1,1,1,3.87,0.036864,21.94,0.6919444444444445,0.6919444444444445,3.87,3.87,0.036864,0.036864,1.0
site_0388__site_0393,site_0388,site_0393,1,1,1,0.33,0.004022,8.38,0.8397222222222223,0.8397222222222223,0.33,0.33,0.004022,0.004022,1.0
site_0388__site_1137,site_0388,site_1137,1,1,1,0.71,0.004732,91.85,1.6833333333333333,1.6833333333333333,0.71,0.71,0.004732,0.004732,1.0
site_0388__site_1525,site_0388,site_1525,1,1,1,0.3,0.004022,135.79,5.085,5.085,0.3,0.3,0.004022,0.004022,1.0
site_1542__site_1528,site_1542,site_1528,1,1,1,1.0,0.006,22.2,1.7358333333333333,1.7358333333333333,1.0,1.0,0.006,0.006,1.0
site_0388__site_1535,site_0388,site_1535,1,1,1,0.4,0.004022,164.33,4.176666666666667,4.176666666666667,0.4,0.4,0.004022,0.004022,1.0
site_0388__site_1547,site_0388,site_1547,1,1,1,0.43,0.004022,130.99,3.377222222222222,3.377222222222222,0.43,0.43,0.004022,0.004022,1.0
site_0388__site_1558,site_0388,site_1558,1,1,1,0.95,0.00802796,126.82,2.5555555555555554,2.5555555555555554,0.95,0.95,0.00802796,0.00802796,1.0
site_1542__site_1536,site_1542,site_1536,1,1,1,1.0,0.006,53.98,1.496388888888889,1.496388888888889,1.0,1.0,0.006,0.006,1.0
site_0388__site_1686,site_0388,site_1686,1,1,1,1.035,0.009015549999999999,76.33,1.965,1.965,1.035,1.035,0.009015549999999999,0.009015549999999999,1.0
site_0388__site_2188,site_0388,site_2188,1,1,1,0.615,0.004022,139.01,2.703611111111111,2.703611111111111,0.615,0.615,0.004022,0.004022,1.0
site_0388__site_2190,site_0388,site_2190,1,1,1,1.1,0.009225,129.93,2.5755555555555554,2.5755555555555554,1.1,1.1,0.009225,0.009225,1.0
site_0388__site_2230,site_0388,site_2230,1,1,1,1.1,0.00900136,54.8,1.356111111111111,1.356111111111111,1.1,1.1,0.00900136,0.00900136,1.0
site_1542__site_1541,site_1542,site_1541,1,1,1,1.0,0.004022,55.0,1.5580555555555555,1.5580555555555555,1.0,1.0,0.004022,0.004022,1.0
site_0388__site_2231,site_0388,site_2231,1,1,1,0.345,0.004022,55.45,1.1111111111111112,1.1111111111111112,0.345,0.345,0.004022,0.004022,1.0
site_0388__site_2234,site_0388,site_2234,1,1,1,0.315,0.004022,62.55,1.3891666666666667,1.3891666666666667,0.315,0.315,0.004022,0.004022,1.0
site_0002__site_2302,site_0002,site_2302,1,1,1,0.41,0.004022,63.87,1.4761111111111112,1.4761111111111112,0.41,0.41,0.004022,0.004022,1.0
site_1542__site_1546,site_1542,site_1546,1,1,1,0.5,0.004022,47.54,2.6880555555555556,2.6880555555555556,0.5,0.5,0.004022,0.004022,1.0
site_0388__site_2323,site_0388,site_2323,1,1,1,0.33,0.004022,21.97,0.7230555555555556,0.7230555555555556,0.33,0.33,0.004022,0.004022,1.0
site_0388__site_2326,site_0388,site_2326,1,1,1,2.36,0.01755,64.64,1.5180555555555555,1.5180555555555555,2.36,2.36,0.01755,0.01755,1.0
site_0396__site_0394,site_0396,site_0394,1,1,1,0.3,0.004022,17.62,0.4961111111111111,0.4961111111111111,0.3,0.3,0.004022,0.004022,1.0
site_0396__site_0395,site_0396,site_0395,1,1,1,1.0,0.004875,12.37,0.4,0.4,1.0,1.0,0.004875,0.004875,1.0
site_1542__site_1551,site_1542,site_1551,1,1,1,5.23,0.04712,45.1,2.0027777777777778,2.0027777777777778,5.23,5.23,0.04712,0.04712,1.0
site_1542__site_1552,site_1542,site_1552,1,1,1,1.0,0.006,60.0,1.7483333333333333,1.7483333333333333,1.0,1.0,0.006,0.006,1.0
site_0402__site_0410,site_0402,site_0410,1,1,1,0.3,0.004022,19.76,0.8183333333333334,0.8183333333333334,0.3,0.3,0.004022,0.004022,1.0
site_0408__site_0409,site_0408,site_0409,1,1,1,1.0,0.004022,14.0,2.1019444444444444,2.1019444444444444,1.0,1.0,0.004022,0.004022,1.0
site_0408__site_2411,site_0408,site_2411,1,1,1,0.57,0.004022,288.07,49.70472222222222,49.70472222222222,0.57,0.57,0.004022,0.004022,1.0
site_0410__site_0397,site_0410,site_0397,1,1,1,2.68,0.03543612,37.71,2.328611111111111,2.328611111111111,2.68,2.68,0.03543612,0.03543612,1.0
site_0410__site_0398,site_0410,site_0398,1,1,1,1.13,0.00902016,34.35,1.6825,1.6825,1.13,1.13,0.00902016,0.00902016,1.0
site_0410__site_0399,site_0410,site_0399,1,1,1,1.05,0.004022,16.66,2.576388888888889,2.576388888888889,1.05,1.05,0.004022,0.004022,1.0
site_0410__site_0400,site_0410,site_0400,1,1,1,0.07,0.004022,30.78,2.243611111111111,2.243611111111111,0.07,0.07,0.004022,0.004022,1.0
site_0410__site_0403,site_0410,site_0403,1,1,1,0.63,0.004022,12.49,1.1252777777777778,1.1252777777777778,0.63,0.63,0.004022,0.004022,1.0
site_0410__site_0404,site_0410,site_0404,1,1,1,1.0,0.004875,17.94,0.6922222222222222,0.6922222222222222,1.0,1.0,0.004875,0.004875,1.0
site_0410__site_0405,site_0410,site_0405,1,1,1,0.07,0.004022,25.95,3.4227777777777777,3.4227777777777777,0.07,0.07,0.004022,0.004022,1.0
site_0410__site_0406,site_0410,site_0406,1,1,1,1.0,0.009,17.98,2.6275,2.6275,1.0,1.0,0.009,0.009,1.0
site_0410__site_0407,site_0410,site_0407,1,1,1,0.07,0.004022,17.87,1.023611111111111,1.023611111111111,0.07,0.07,0.004022,0.004022,1.0
site_0410__site_1499,site_0410,site_1499,1,1,1,0.36,0.004022,19.05,0.7288888888888889,0.7288888888888889,0.36,0.36,0.004022,0.004022,1.0
site_0411__site_0412,site_0411,site_0412,1,1,1,0.36,0.004022,128.74,2.8025,2.8025,0.36,0.36,0.004022,0.004022,1.0
site_0413__site_1933,site_0413,site_1933,1,1,1,0.039,0.00435024,52.82,1.103888888888889,1.103888888888889,0.039,0.039,0.00435024,0.00435024,1.0
site_1542__site_1570,site_1542,site_1570,1,1,1,1.0,0.004022,74.0,2.3872222222222224,2.3872222222222224,1.0,1.0,0.004022,0.004022,1.0
site_0414__site_0415,site_0414,site_0415,1,1,1,1.0,0.004022,23.33,0.7158333333333333,0.7158333333333333,1.0,1.0,0.004022,0.004022,1.0
site_0440__site_2238,site_0440,site_2238,1,1,1,2.0,0.0096,197.41,3.832777777777778,3.832777777777778,2.0,2.0,0.0096,0.0096,1.0
site_0442__site_0444,site_0442,site_0444,1,1,1,0.385,0.004022,204.09,3.620277777777778,3.620277777777778,0.385,0.385,0.004022,0.004022,1.0
site_0442__site_0445,site_0442,site_0445,1,1,1,0.39,0.004022,61.19,1.5711111111111111,1.5711111111111111,0.39,0.39,0.004022,0.004022,1.0
site_0449__site_1071,site_0449,site_1071,1,1,1,1.0,0.004022,60.68,1.0455555555555556,1.0455555555555556,1.0,1.0,0.004022,0.004022,1.0
site_1542__site_1580,site_1542,site_1580,1,1,1,1.0,0.004022,36.76,1.8941666666666668,1.8941666666666668,1.0,1.0,0.004022,0.004022,1.0
site_0453__site_0669,site_0453,site_0669,1,1,1,1.0,0.015,2104.81,38.922222222222224,38.922222222222224,1.0,1.0,0.015,0.015,1.0
site_0456__site_0472,site_0456,site_0472,1,1,1,2.89,0.04640402,11.39,1.0994444444444444,1.0994444444444444,2.89,2.89,0.04640402,0.04640402,1.0
site_0466__site_0472,site_0466,site_0472,1,1,1,1.73,0.01721208,13.88,0.4463888888888889,0.4463888888888889,1.73,1.73,0.01721208,0.01721208,1.0
site_0472__site_0416,site_0472,site_0416,1,1,1,1.0,0.004022,128.72,2.8858333333333333,2.8858333333333333,1.0,1.0,0.004022,0.004022,1.0
site_0472__site_0455,site_0472,site_0455,1,1,1,0.3,0.004022,24.3,1.5580555555555555,1.5580555555555555,0.3,0.3,0.004022,0.004022,1.0
site_0472__site_0459,site_0472,site_0459,1,1,1,0.5,0.004022,21.76,0.5636111111111111,0.5636111111111111,0.5,0.5,0.004022,0.004022,1.0
site_0472__site_0464,site_0472,site_0464,1,1,1,2.7,0.0324,24.23,0.7666666666666667,0.7666666666666667,2.7,2.7,0.0324,0.0324,1.0
site_0472__site_0467,site_0472,site_0467,1,1,1,1.0,0.004022,14.09,1.3808333333333334,1.3808333333333334,1.0,1.0,0.004022,0.004022,1.0
site_0472__site_0471,site_0472,site_0471,1,1,1,1.0,0.004022,28.91,0.6438888888888888,0.6438888888888888,1.0,1.0,0.004022,0.004022,1.0
site_0472__site_0479,site_0472,site_0479,1,1,1,8.5,0.101556,6.21,0.41,0.41,8.5,8.5,0.101556,0.101556,1.0
site_0472__site_0480,site_0472,site_0480,1,1,1,1.2,0.008775,27.95,1.226388888888889,1.226388888888889,1.2,1.2,0.008775,0.008775,1.0
site_1542__site_1595,site_1542,site_1595,1,1,1,1.0,0.004875,37.83,2.1505555555555556,2.1505555555555556,1.0,1.0,0.004875,0.004875,1.0
site_0482__site_0458,site_0482,site_0458,1,1,1,0.39,0.004022,12.87,2.1533333333333333,2.1533333333333333,0.39,0.39,0.004022,0.004022,1.0
site_0482__site_0461,site_0482,site_0461,1,1,1,0.5,0.004022,24.96,0.9225,0.9225,0.5,0.5,0.004022,0.004022,1.0
site_1542__site_1933,site_1542,site_1933,1,1,1,0.372,0.004022,418.0,8.478055555555555,8.478055555555555,0.372,0.372,0.004022,0.004022,1.0
site_1542__site_1949,site_1542,site_1949,1,1,1,1.0,0.006,87.0,2.0366666666666666,2.0366666666666666,1.0,1.0,0.006,0.006,1.0
site_0482__site_0463,site_0482,site_0463,1,1,1,0.83,0.00945,12.68,2.1597222222222223,2.1597222222222223,0.83,0.83,0.00945,0.00945,1.0
site_1547__site_1509,site_1547,site_1509,1,1,1,11.0,0.09072,33.2,2.738888888888889,2.738888888888889,11.0,11.0,0.09072,0.09072,1.0
site_1548__site_0388,site_1548,site_0388,1,1,1,0.53,0.00593613,136.68,4.213888888888889,4.213888888888889,0.53,0.53,0.00593613,0.00593613,1.0
site_1549__site_1509,site_1549,site_1509,1,1,1,1.5,0.009,45.09,1.1047222222222222,1.1047222222222222,1.5,1.5,0.009,0.009,1.0
site_0482__site_0469,site_0482,site_0469,1,1,1,0.47,0.004022,8.81,0.6288888888888889,0.6288888888888889,0.47,0.47,0.004022,0.004022,1.0
site_1554__site_1509,site_1554,site_1509,1,1,1,2.0,0.013125,28.13,0.2811111111111111,0.2811111111111111,2.0,2.0,0.013125,0.013125,1.0
site_1556__site_1509,site_1556,site_1509,1,1,1,1.0,0.004022,59.33,1.7669444444444444,1.7669444444444444,1.0,1.0,0.004022,0.004022,1.0
site_1558__site_1509,site_1558,site_1509,1,1,1,0.29,0.004022,27.54,0.39666666666666667,0.39666666666666667,0.29,0.29,0.004022,0.004022,1.0
site_1562__site_1509,site_1562,site_1509,1,1,1,2.0,0.012,34.5,1.3286111111111112,1.3286111111111112,2.0,2.0,0.012,0.012,1.0
site_1563__site_1509,site_1563,site_1509,1,1,1,5.5,0.033,32.86,0.8630555555555556,0.8630555555555556,5.5,5.5,0.033,0.033,1.0
site_1565__site_0930,site_1565,site_0930,1,1,1,0.5,0.004022,66.17,1.5744444444444445,1.5744444444444445,0.5,0.5,0.004022,0.004022,1.0
site_1565__site_1509,site_1565,site_1509,1,1,1,1.0,0.004022,39.09,0.9663888888888889,0.9663888888888889,1.0,1.0,0.004022,0.004022,1.0
site_1566__site_1509,site_1566,site_1509,1,1,1,1.0,0.004022,41.79,1.4083333333333334,1.4083333333333334,1.0,1.0,0.004022,0.004022,1.0
site_1567__site_1509,site_1567,site_1509,1,1,1,1.0,0.00675,33.08,2.5241666666666664,2.5241666666666664,1.0,1.0,0.00675,0.00675,1.0
site_1574__site_1509,site_1574,site_1509,1,1,1,2.0,0.01575,27.95,1.3905555555555555,1.3905555555555555,2.0,2.0,0.01575,0.01575,1.0
site_0482__site_0475,site_0482,site_0475,1,1,1,1.0,0.004875,14.12,0.5311111111111111,0.5311111111111111,1.0,1.0,0.004875,0.004875,1.0
site_1579__site_1509,site_1579,site_1509,1,1,1,1.7,0.00893622,15.44,0.38972222222222225,0.38972222222222225,1.7,1.7,0.00893622,0.00893622,1.0
site_1582__site_1509,site_1582,site_1509,1,1,1,1.56,0.01134,32.87,0.7352777777777778,0.7352777777777778,1.56,1.56,0.01134,0.01134,1.0
site_1583__site_1509,site_1583,site_1509,1,1,1,1.1,0.009853200000000001,35.99,3.6822222222222223,3.6822222222222223,1.1,1.1,0.009853200000000001,0.009853200000000001,1.0
site_1585__site_1509,site_1585,site_1509,1,1,1,3.8,0.0228,39.49,0.3763888888888889,0.3763888888888889,3.8,3.8,0.0228,0.0228,1.0
site_0482__site_0478,site_0482,site_0478,1,1,1,0.6,0.004022,20.16,1.0183333333333333,1.0183333333333333,0.6,0.6,0.004022,0.004022,1.0
site_0482__site_0483,site_0482,site_0483,1,1,1,2.36,0.01989,6.61,0.7033333333333334,0.7033333333333334,2.36,2.36,0.01989,0.01989,1.0
site_0482__site_1243,site_0482,site_1243,1,1,1,0.51,0.0062101000000000005,67.76,1.1608333333333334,1.1608333333333334,0.51,0.51,0.0062101000000000005,0.0062101000000000005,1.0
site_1587__site_1557,site_1587,site_1557,1,1,1,0.4,0.004022,23.25,0.74,0.74,0.4,0.4,0.004022,0.004022,1.0
site_0484__site_0482,site_0484,site_0482,1,1,1,0.51,0.0062101000000000005,20.16,0.64,0.64,0.51,0.51,0.0062101000000000005,0.0062101000000000005,1.0
site_0486__site_0485,site_0486,site_0485,1,1,1,1.0,0.004022,10.07,1.0627777777777778,1.0627777777777778,1.0,1.0,0.004022,0.004022,1.0
site_0486__site_0487,site_0486,site_0487,1,1,1,3.0,0.03348,16.0,1.2602777777777778,1.2602777777777778,3.0,3.0,0.03348,0.03348,1.0
site_1587__site_1588,site_1587,site_1588,1,1,1,0.03,0.01599933,33.47,1.0877777777777777,1.0877777777777777,0.03,0.03,0.01599933,0.01599933,1.0
site_0486__site_0900,site_0486,site_0900,1,1,1,2.0,0.01755,397.42,7.7811111111111115,7.7811111111111115,2.0,2.0,0.01755,0.01755,1.0
site_0486__site_2441,site_0486,site_2441,1,1,1,1.0,0.004022,78.56,2.238611111111111,2.238611111111111,1.0,1.0,0.004022,0.004022,1.0
site_0489__site_0488,site_0489,site_0488,1,1,1,1.0,0.006,29.0,0.7666666666666667,0.7666666666666667,1.0,1.0,0.006,0.006,1.0
site_0495__site_0496,site_0495,site_0496,1,1,1,0.03,0.004022,3.21,2.2491666666666665,2.2491666666666665,0.03,0.03,0.004022,0.004022,1.0
site_0495__site_0933,site_0495,site_0933,1,1,1,1.25,0.009324569999999999,239.65,6.198333333333333,6.198333333333333,1.25,1.25,0.009324569999999999,0.009324569999999999,1.0
site_1587__site_1953,site_1587,site_1953,1,1,1,1.0,0.004022,106.74,2.0375,2.0375,1.0,1.0,0.004022,0.004022,1.0
site_0495__site_1410,site_0495,site_1410,1,1,1,0.66,0.004022,3.33,1.2216666666666667,1.2216666666666667,0.66,0.66,0.004022,0.004022,1.0
site_0500__site_0501,site_0500,site_0501,1,1,1,1.2,0.010935,37.44,1.1936111111111112,1.1936111111111112,1.2,1.2,0.010935,0.010935,1.0
site_0500__site_0502,site_0500,site_0502,1,1,1,0.4,0.004022,40.68,1.5963888888888889,1.5963888888888889,0.4,0.4,0.004022,0.004022,1.0
site_1587__site_1958,site_1587,site_1958,1,1,1,1.0,0.004875,142.0,2.99,2.99,1.0,1.0,0.004875,0.004875,1.0
site_1587__site_1959,site_1587,site_1959,1,1,1,4.87,0.05934,97.06,1.9705555555555556,1.9705555555555556,4.87,4.87,0.05934,0.05934,1.0
site_0500__site_2196,site_0500,site_2196,1,1,1,0.92,0.008775,165.35,2.9769444444444444,2.9769444444444444,0.92,0.92,0.008775,0.008775,1.0
site_1587__site_1962,site_1587,site_1962,1,1,1,1.4,0.010206,130.62,2.196111111111111,2.196111111111111,1.4,1.4,0.010206,0.010206,1.0
site_1587__site_1963,site_1587,site_1963,1,1,1,1.0,0.004022,131.69,2.961388888888889,2.961388888888889,1.0,1.0,0.004022,0.004022,1.0
site_0507__site_0506,site_0507,site_0506,1,1,1,2.36,0.01989,27.0,0.5213888888888889,0.5213888888888889,2.36,2.36,0.01989,0.01989,1.0
site_1587__site_2070,site_1587,site_2070,1,1,1,1.0,0.004022,61.91,1.823611111111111,1.823611111111111,1.0,1.0,0.004022,0.004022,1.0
site_0507__site_0508,site_0507,site_0508,1,1,1,1.0,0.004022,13.0,0.3502777777777778,0.3502777777777778,1.0,1.0,0.004022,0.004022,1.0
site_1587__site_2072,site_1587,site_2072,1,1,1,3.8,0.0324,110.75,2.0019444444444443,2.0019444444444443,3.8,3.8,0.0324,0.0324,1.0
site_0508__site_0507,site_0508,site_0507,1,1,1,1.0,0.004022,13.0,0.5936111111111111,0.5936111111111111,1.0,1.0,0.004022,0.004022,1.0
site_0537__site_0523,site_0537,site_0523,1,1,1,1.0,0.004022,52.57,1.7277777777777779,1.7277777777777779,1.0,1.0,0.004022,0.004022,1.0
site_0537__site_0524,site_0537,site_0524,1,1,1,1.2,0.010935,33.02,0.5613888888888889,0.5613888888888889,1.2,1.2,0.010935,0.010935,1.0
site_0537__site_0525,site_0537,site_0525,1,1,1,0.44,0.004022,41.0,0.8713888888888889,0.8713888888888889,0.44,0.44,0.004022,0.004022,1.0
site_0537__site_0528,site_0537,site_0528,1,1,1,1.0,0.004374,21.93,1.2580555555555555,1.2580555555555555,1.0,1.0,0.004374,0.004374,1.0
site_1587__site_2078,site_1587,site_2078,1,1,1,1.0,0.004022,67.35,49.71861111111111,49.71861111111111,1.0,1.0,0.004022,0.004022,1.0
site_1587__site_2079,site_1587,site_2079,1,1,1,2.1,0.01989,108.77,2.033611111111111,2.033611111111111,2.1,2.1,0.01989,0.01989,1.0
site_0537__site_0529,site_0537,site_0529,1,1,1,0.3,0.004022,66.0,2.0069444444444446,2.0069444444444446,0.3,0.3,0.004022,0.004022,1.0
site_1589__site_1509,site_1589,site_1509,1,1,1,1.66,0.018,38.0,0.9111111111111111,0.9111111111111111,1.66,1.66,0.018,0.018,1.0
site_1591__site_1509,site_1591,site_1509,1,1,1,2.5,0.007488,43.0,1.8655555555555556,1.8655555555555556,2.5,2.5,0.007488,0.007488,1.0
site_1596__site_1509,site_1596,site_1509,1,1,1,1.0,0.004022,28.0,0.255,0.255,1.0,1.0,0.004022,0.004022,1.0
site_1601__site_1654,site_1601,site_1654,1,1,1,1.0,0.0045,1056.33,15.652777777777779,15.652777777777779,1.0,1.0,0.0045,0.0045,1.0
site_1602__site_1601,site_1602,site_1601,1,1,1,1.0,0.0045,197.65,3.2644444444444445,3.2644444444444445,1.0,1.0,0.0045,0.0045,1.0
site_1602__site_1603,site_1602,site_1603,1,1,1,1.2,0.008775,24.51,0.795,0.795,1.2,1.2,0.008775,0.008775,1.0
site_1602__site_1605,site_1602,site_1605,1,1,1,1.0,0.004875,30.5,0.8561111111111112,0.8561111111111112,1.0,1.0,0.004875,0.004875,1.0
site_1604__site_1602,site_1604,site_1602,1,1,1,1.0,0.0045,26.68,1.093611111111111,1.093611111111111,1.0,1.0,0.0045,0.0045,1.0
site_1609__site_1610,site_1609,site_1610,1,1,1,2.22,0.01427144,17.97,0.5013888888888889,0.5013888888888889,2.22,2.22,0.01427144,0.01427144,1.0
site_1609__site_1611,site_1609,site_1611,1,1,1,0.35,0.004022,16.31,0.20666666666666667,0.20666666666666667,0.35,0.35,0.004022,0.004022,1.0
site_1609__site_1612,site_1609,site_1612,1,1,1,0.36,0.004022,13.75,3.3161111111111112,3.3161111111111112,0.36,0.36,0.004022,0.004022,1.0
site_1614__site_1654,site_1614,site_1654,1,1,1,1.0,0.004022,45.87,0.4247222222222222,0.4247222222222222,1.0,1.0,0.004022,0.004022,1.0
site_1618__site_1654,site_1618,site_1654,1,1,1,0.6,0.004022,54.27,0.9652777777777778,0.9652777777777778,0.6,0.6,0.004022,0.004022,1.0
site_1633__site_1654,site_1633,site_1654,1,1,1,1.57,0.01732423,35.28,0.6730555555555555,0.6730555555555555,1.57,1.57,0.01732423,0.01732423,1.0
site_1639__site_1636,site_1639,site_1636,1,1,1,2.35,0.012353,30.5,2.8627777777777776,2.8627777777777776,2.35,2.35,0.012353,0.012353,1.0
site_1642__site_0441,site_1642,site_0441,1,1,1,2.4,0.02268,141.21,2.4944444444444445,2.4944444444444445,2.4,2.4,0.02268,0.02268,1.0
site_1642__site_0707,site_1642,site_0707,1,1,1,1.5,0.012,458.3,7.7811111111111115,7.7811111111111115,1.5,1.5,0.012,0.012,1.0
site_1642__site_1064,site_1642,site_1064,1,1,1,1.2,0.008044,135.34,2.7952777777777778,2.7952777777777778,1.2,1.2,0.008044,0.008044,1.0
site_1642__site_1065,site_1642,site_1065,1,1,1,2.8,0.0324,131.15,3.6230555555555557,3.6230555555555557,2.8,2.8,0.0324,0.0324,1.0
site_1642__site_1614,site_1642,site_1614,1,1,1,0.52,0.004022,52.84,5.8805555555555555,5.8805555555555555,0.52,0.52,0.004022,0.004022,1.0
site_0537__site_0530,site_0537,site_0530,1,1,1,1.0,0.004022,67.0,2.5580555555555557,2.5580555555555557,1.0,1.0,0.004022,0.004022,1.0
site_1642__site_1616,site_1642,site_1616,1,1,1,1.2,0.008775,36.85,0.9822222222222222,0.9822222222222222,1.2,1.2,0.008775,0.008775,1.0
site_0537__site_0532,site_0537,site_0532,1,1,1,1.0,0.007175,49.41,4.566111111111111,4.566111111111111,1.0,1.0,0.007175,0.007175,1.0
site_1642__site_1620,site_1642,site_1620,1,1,1,1.11,0.008783319999999999,62.0,3.8136111111111113,3.8136111111111113,1.11,1.11,0.008783319999999999,0.008783319999999999,1.0
site_1642__site_1621,site_1642,site_1621,1,1,1,0.46,0.004022,71.0,7.005277777777778,7.005277777777778,0.46,0.46,0.004022,0.004022,1.0
site_0537__site_0541,site_0537,site_0541,1,1,1,0.5,0.004022,42.21,1.208611111111111,1.208611111111111,0.5,0.5,0.004022,0.004022,1.0
site_1642__site_1623,site_1642,site_1623,1,1,1,4.5,0.0616,47.5,5.158888888888889,5.158888888888889,4.5,4.5,0.0616,0.0616,1.0
site_1642__site_1624,site_1642,site_1624,1,1,1,1.0,0.004022,49.0,3.7175,3.7175,1.0,1.0,0.004022,0.004022,1.0
site_0537__site_0544,site_0537,site_0544,1,1,1,1.0,0.004022,33.0,1.6702777777777778,1.6702777777777778,1.0,1.0,0.004022,0.004022,1.0
site_1642__site_1626,site_1642,site_1626,1,1,1,1.2,0.008044,41.51,2.7630555555555554,2.7630555555555554,1.2,1.2,0.008044,0.008044,1.0
site_1642__site_1627,site_1642,site_1627,1,1,1,0.36,0.004022,56.0,2.6805555555555554,2.6805555555555554,0.36,0.36,0.004022,0.004022,1.0
site_1642__site_1629,site_1642,site_1629,1,1,1,1.2,0.010935,53.0,1.3138888888888889,1.3138888888888889,1.2,1.2,0.010935,0.010935,1.0
site_0537__site_0547,site_0537,site_0547,1,1,1,0.9,0.004022,62.0,4.113888888888889,4.113888888888889,0.9,0.9,0.004022,0.004022,1.0
site_1642__site_1632,site_1642,site_1632,1,1,1,1.0,0.006,37.39,2.6,2.6,1.0,1.0,0.006,0.006,1.0
site_1642__site_1633,site_1642,site_1633,1,1,1,1.45,0.006,41.94,11.421944444444444,11.421944444444444,1.45,1.45,0.006,0.006,1.0
site_0537__site_0551,site_0537,site_0551,1,1,1,1.0,0.006,33.0,1.1002777777777777,1.1002777777777777,1.0,1.0,0.006,0.006,1.0
site_1642__site_1635,site_1642,site_1635,1,1,1,0.98,0.00865022,50.01,1.2725,1.2725,0.98,0.98,0.00865022,0.00865022,1.0
site_1642__site_1638,site_1642,site_1638,1,1,1,0.97,0.008814520000000001,59.0,3.191388888888889,3.191388888888889,0.97,0.97,0.008814520000000001,0.008814520000000001,1.0
site_0537__site_0572,site_0537,site_0572,1,1,1,1.0,0.009225,43.0,3.279166666666667,3.279166666666667,1.0,1.0,0.009225,0.009225,1.0
site_0537__site_0575,site_0537,site_0575,1,1,1,1.0,0.009225,32.0,2.316666666666667,2.316666666666667,1.0,1.0,0.009225,0.009225,1.0
site_1642__site_1644,site_1642,site_1644,1,1,1,2.0,0.00975,55.0,4.312222222222222,4.312222222222222,2.0,2.0,0.00975,0.00975,1.0
site_0537__site_0580,site_0537,site_0580,1,1,1,0.5,0.004022,53.0,1.5505555555555555,1.5505555555555555,0.5,0.5,0.004022,0.004022,1.0
site_0537__site_0587,site_0537,site_0587,1,1,1,1.0,0.009,38.76,2.071111111111111,2.071111111111111,1.0,1.0,0.009,0.009,1.0
site_0537__site_0591,site_0537,site_0591,1,1,1,1.0,0.004875,34.76,1.8675,1.8675,1.0,1.0,0.004875,0.004875,1.0
site_0537__site_0592,site_0537,site_0592,1,1,1,0.38,0.004022,35.67,4.293888888888889,4.293888888888889,0.38,0.38,0.004022,0.004022,1.0
site_1642__site_1650,site_1642,site_1650,1,1,1,2.0,0.01053,53.0,1.6163888888888889,1.6163888888888889,2.0,2.0,0.01053,0.01053,1.0
site_0537__site_0597,site_0537,site_0597,1,1,1,1.0,0.006,66.0,1.4641666666666666,1.4641666666666666,1.0,1.0,0.006,0.006,1.0
site_0537__site_0601,site_0537,site_0601,1,1,1,1.0,0.004022,52.23,1.7577777777777779,1.7577777777777779,1.0,1.0,0.004022,0.004022,1.0
site_1642__site_1656,site_1642,site_1656,1,1,1,1.88,0.01305,48.6,1.1452777777777778,1.1452777777777778,1.88,1.88,0.01305,0.01305,1.0
site_1642__site_1657,site_1642,site_1657,1,1,1,1.0,0.004875,49.0,1.7094444444444445,1.7094444444444445,1.0,1.0,0.004875,0.004875,1.0
site_1642__site_1658,site_1642,site_1658,1,1,1,0.6,0.008044,60.59,3.606388888888889,3.606388888888889,0.6,0.6,0.008044,0.008044,1.0
site_0537__site_0602,site_0537,site_0602,1,1,1,1.2,0.01755,65.0,2.924166666666667,2.924166666666667,1.2,1.2,0.01755,0.01755,1.0
site_0537__site_0603,site_0537,site_0603,1,1,1,0.27,0.004022,32.68,2.4955555555555557,2.4955555555555557,0.27,0.27,0.004022,0.004022,1.0
site_1642__site_1661,site_1642,site_1661,1,1,1,1.0,0.006,61.19,5.340833333333333,5.340833333333333,1.0,1.0,0.006,0.006,1.0
site_1642__site_1662,site_1642,site_1662,1,1,1,2.0,0.00975,56.39,4.107777777777778,4.107777777777778,2.0,2.0,0.00975,0.00975,1.0
site_1642__site_1663,site_1642,site_1663,1,1,1,1.0,0.006,75.0,1.4225,1.4225,1.0,1.0,0.006,0.006,1.0
site_1642__site_1664,site_1642,site_1664,1,1,1,2.0,0.008044,38.0,12.546111111111111,12.546111111111111,2.0,2.0,0.008044,0.008044,1.0
site_1642__site_1665,site_1642,site_1665,1,1,1,0.47,0.004022,41.0,2.0205555555555557,2.0205555555555557,0.47,0.47,0.004022,0.004022,1.0
site_0537__site_0605,site_0537,site_0605,1,1,1,2.36,0.01755,46.0,15.91638888888889,15.91638888888889,2.36,2.36,0.01755,0.01755,1.0
site_0537__site_0607,site_0537,site_0607,1,1,1,1.0,0.004022,50.25,1.2991666666666666,1.2991666666666666,1.0,1.0,0.004022,0.004022,1.0
site_1642__site_1668,site_1642,site_1668,1,1,1,1.0,0.004022,42.19,3.6061111111111113,3.6061111111111113,1.0,1.0,0.004022,0.004022,1.0
site_1642__site_1669,site_1642,site_1669,1,1,1,0.69,0.0049707,55.0,3.1219444444444444,3.1219444444444444,0.69,0.69,0.0049707,0.0049707,1.0
site_1642__site_1671,site_1642,site_1671,1,1,1,1.24,0.008901709999999998,61.0,4.939444444444445,4.939444444444445,1.24,1.24,0.008901709999999998,0.008901709999999998,1.0
site_1642__site_1672,site_1642,site_1672,1,1,1,1.0,0.004022,66.0,14.111944444444445,14.111944444444445,1.0,1.0,0.004022,0.004022,1.0
site_1642__site_1673,site_1642,site_1673,1,1,1,0.5,0.004022,42.0,9.031666666666666,9.031666666666666,0.5,0.5,0.004022,0.004022,1.0
site_0537__site_0608,site_0537,site_0608,1,1,1,1.2,0.01053,36.0,1.586111111111111,1.586111111111111,1.2,1.2,0.01053,0.01053,1.0
site_1642__site_1675,site_1642,site_1675,1,1,1,3.04,0.01755,69.8,2.388611111111111,2.388611111111111,3.04,3.04,0.01755,0.01755,1.0
site_0537__site_0611,site_0537,site_0611,1,1,1,1.2,0.009225,39.38,1.8819444444444444,1.8819444444444444,1.2,1.2,0.009225,0.009225,1.0
site_1642__site_1678,site_1642,site_1678,1,1,1,0.5,0.004022,52.66,1.9313888888888888,1.9313888888888888,0.5,0.5,0.004022,0.004022,1.0
site_0537__site_0616,site_0537,site_0616,1,1,1,1.22,0.01305,48.94,1.8283333333333334,1.8283333333333334,1.22,1.22,0.01305,0.01305,1.0
site_1642__site_1680,site_1642,site_1680,1,1,1,0.58,0.004022,49.0,1.1619444444444444,1.1619444444444444,0.58,0.58,0.004022,0.004022,1.0
site_0537__site_0636,site_0537,site_0636,1,1,1,0.32,0.004022,37.04,2.256388888888889,2.256388888888889,0.32,0.32,0.004022,0.004022,1.0
site_0537__site_0638,site_0537,site_0638,1,1,1,1.21,0.009621610000000001,34.87,1.856111111111111,1.856111111111111,1.21,1.21,0.009621610000000001,0.009621610000000001,1.0
site_1642__site_2174,site_1642,site_2174,1,1,1,2.9,0.012,217.9,3.3955555555555557,3.3955555555555557,2.9,2.9,0.012,0.012,1.0
site_1642__site_2330,site_1642,site_2330,1,1,1,1.0,0.009225,274.14,4.125555555555556,4.125555555555556,1.0,1.0,0.009225,0.009225,1.0
site_1642__site_2414,site_1642,site_2414,1,1,1,1.0,0.004022,197.11,3.3744444444444444,3.3744444444444444,1.0,1.0,0.004022,0.004022,1.0
site_0537__site_0657,site_0537,site_0657,1,1,1,0.55,0.004022,64.0,2.5894444444444447,2.5894444444444447,0.55,0.55,0.004022,0.004022,1.0
site_1643__site_1615,site_1643,site_1615,1,1,1,0.93,0.008880299999999999,51.0,1.6225,1.6225,0.93,0.93,0.008880299999999999,0.008880299999999999,1.0
site_1643__site_1619,site_1643,site_1619,1,1,1,1.06,0.009407,54.0,1.4722222222222223,1.4722222222222223,1.06,1.06,0.009407,0.009407,1.0
site_1643__site_1621,site_1643,site_1621,1,1,1,1.39,0.01394406,71.0,1.9569444444444444,1.9569444444444444,1.39,1.39,0.01394406,0.01394406,1.0
site_1643__site_1625,site_1643,site_1625,1,1,1,1.51,0.0182406,40.81,1.2494444444444444,1.2494444444444444,1.51,1.51,0.0182406,0.0182406,1.0
site_1643__site_1634,site_1643,site_1634,1,1,1,4.64,0.065215,52.51,1.053611111111111,1.053611111111111,4.64,4.64,0.065215,0.065215,1.0
site_1643__site_1637,site_1643,site_1637,1,1,1,4.6,0.063168,44.0,1.32,1.32,4.6,4.6,0.063168,0.063168,1.0
site_1643__site_1644,site_1643,site_1644,1,1,1,1.0,0.004875,55.0,2.168888888888889,2.168888888888889,1.0,1.0,0.004875,0.004875,1.0
site_1643__site_1646,site_1643,site_1646,1,1,1,1.0,0.00945,59.0,1.7319444444444445,1.7319444444444445,1.0,1.0,0.00945,0.00945,1.0
site_1643__site_1651,site_1643,site_1651,1,1,1,1.15,0.009302040000000001,47.0,1.5452777777777778,1.5452777777777778,1.15,1.15,0.009302040000000001,0.009302040000000001,1.0
site_0537__site_0659,site_0537,site_0659,1,1,1,1.0,0.004022,43.32,2.091388888888889,2.091388888888889,1.0,1.0,0.004022,0.004022,1.0
site_1643__site_1670,site_1643,site_1670,1,1,1,1.03,0.00848225,75.0,2.2844444444444445,2.2844444444444445,1.03,1.03,0.00848225,0.00848225,1.0
site_1643__site_1676,site_1643,site_1676,1,1,1,1.0,0.006,54.0,12.486666666666666,12.486666666666666,1.0,1.0,0.006,0.006,1.0
site_1643__site_1679,site_1643,site_1679,1,1,1,2.36,0.01755,57.0,2.721111111111111,2.721111111111111,2.36,2.36,0.01755,0.01755,1.0
site_1643__site_1681,site_1643,site_1681,1,1,1,2.64,0.01989,44.0,8.842222222222222,8.842222222222222,2.64,2.64,0.01989,0.01989,1.0
site_1643__site_1682,site_1643,site_1682,1,1,1,0.39,0.004022,61.0,3.8255555555555554,3.8255555555555554,0.39,0.39,0.004022,0.004022,1.0
site_1647__site_1654,site_1647,site_1654,1,1,1,0.31,0.004022,65.0,1.2716666666666667,1.2716666666666667,0.31,0.31,0.004022,0.004022,1.0
site_1648__site_1654,site_1648,site_1654,1,1,1,1.0,0.006,52.0,0.8569444444444444,0.8569444444444444,1.0,1.0,0.006,0.006,1.0
site_0537__site_0661,site_0537,site_0661,1,1,1,0.31,0.004022,32.98,1.69,1.69,0.31,0.31,0.004022,0.004022,1.0
site_1654__site_0707,site_1654,site_0707,1,1,1,1.0,0.004875,459.37,6.418333333333333,6.418333333333333,1.0,1.0,0.004875,0.004875,1.0
site_0537__site_0662,site_0537,site_0662,1,1,1,0.5,0.004022,37.05,0.9544444444444444,0.9544444444444444,0.5,0.5,0.004022,0.004022,1.0
site_0537__site_0679,site_0537,site_0679,1,1,1,0.45,0.004022,60.0,1.8711111111111112,1.8711111111111112,0.45,0.45,0.004022,0.004022,1.0
site_0553__site_0569,site_0553,site_0569,1,1,1,1.94,0.018,15.8,4.815,4.815,1.94,1.94,0.018,0.018,1.0
site_0558__site_0690,site_0558,site_0690,1,1,1,0.99,0.01504362,25.0,1.0361111111111112,1.0361111111111112,0.99,0.99,0.01504362,0.01504362,1.0
site_0569__site_0519,site_0569,site_0519,1,1,1,3.98,0.0351,46.43,1.3366666666666667,1.3366666666666667,3.98,3.98,0.0351,0.0351,1.0
site_1654__site_2298,site_1654,site_2298,1,1,1,1.0,0.004875,58.16,1.1169444444444445,1.1169444444444445,1.0,1.0,0.004875,0.004875,1.0
site_0569__site_0527,site_0569,site_0527,1,1,1,0.26,0.004022,46.3,0.8975,0.8975,0.26,0.26,0.004022,0.004022,1.0
site_1664__site_1654,site_1664,site_1654,1,1,1,1.0,0.006,38.0,0.645,0.645,1.0,1.0,0.006,0.006,1.0
site_1672__site_1654,site_1672,site_1654,1,1,1,1.0,0.006,66.0,0.8697222222222222,0.8697222222222222,1.0,1.0,0.006,0.006,1.0
site_1693__site_1402,site_1693,site_1402,1,1,1,4.23,0.06422959,43.84,2.1005555555555557,2.1005555555555557,4.23,4.23,0.06422959,0.06422959,1.0
site_1699__site_0369,site_1699,site_0369,1,1,1,0.36,0.004022,42.5,1.2125,1.2125,0.36,0.36,0.004022,0.004022,1.0
site_1701__site_0369,site_1701,site_0369,1,1,1,1.0,0.00585,58.74,1.1230555555555555,1.1230555555555555,1.0,1.0,0.00585,0.00585,1.0
site_1709__site_1441,site_1709,site_1441,1,1,1,1.0,0.006,17.9,0.6813888888888889,0.6813888888888889,1.0,1.0,0.006,0.006,1.0
site_1720__site_1723,site_1720,site_1723,1,1,1,1.0,0.0045,12.94,0.6427777777777778,0.6427777777777778,1.0,1.0,0.0045,0.0045,1.0
site_1723__site_0306,site_1723,site_0306,1,1,1,1.02,0.0089375,20.26,1.2686111111111111,1.2686111111111111,1.02,1.02,0.0089375,0.0089375,1.0
site_1723__site_1715,site_1723,site_1715,1,1,1,0.35,0.004022,23.23,0.6525,0.6525,0.35,0.35,0.004022,0.004022,1.0
site_1723__site_1716,site_1723,site_1716,1,1,1,0.34,0.004022,25.16,0.8038888888888889,0.8038888888888889,0.34,0.34,0.004022,0.004022,1.0
site_0569__site_0531,site_0569,site_0531,1,1,1,1.2,0.010935,48.92,1.4569444444444444,1.4569444444444444,1.2,1.2,0.010935,0.010935,1.0
site_1723__site_1718,site_1723,site_1718,1,1,1,0.34,0.004022,12.54,0.5908333333333333,0.5908333333333333,0.34,0.34,0.004022,0.004022,1.0
site_1723__site_1719,site_1723,site_1719,1,1,1,0.58,0.004022,10.78,1.1108333333333333,1.1108333333333333,0.58,0.58,0.004022,0.004022,1.0
site_1723__site_1720,site_1723,site_1720,1,1,1,0.29,0.004022,13.26,0.5088888888888888,0.5088888888888888,0.29,0.29,0.004022,0.004022,1.0
site_1723__site_1721,site_1723,site_1721,1,1,1,0.35,0.004022,19.13,1.1827777777777777,1.1827777777777777,0.35,0.35,0.004022,0.004022,1.0
site_1723__site_1722,site_1723,site_1722,1,1,1,2.5,0.01755,15.83,1.7622222222222221,1.7622222222222221,2.5,2.5,0.01755,0.01755,1.0
site_1723__site_1724,site_1723,site_1724,1,1,1,1.2,0.010935,22.61,0.9580555555555555,0.9580555555555555,1.2,1.2,0.010935,0.010935,1.0
site_0569__site_0546,site_0569,site_0546,1,1,1,1.0,0.004022,61.6,0.8038888888888889,0.8038888888888889,1.0,1.0,0.004022,0.004022,1.0
site_1723__site_1726,site_1723,site_1726,1,1,1,0.3,0.004022,25.3,2.3505555555555557,2.3505555555555557,0.3,0.3,0.004022,0.004022,1.0
site_1723__site_1793,site_1723,site_1793,1,1,1,2.5,0.017835,146.66,3.9844444444444442,3.9844444444444442,2.5,2.5,0.017835,0.017835,1.0
site_0569__site_0556,site_0569,site_0556,1,1,1,0.33,0.004022,40.24,1.001111111111111,1.001111111111111,0.33,0.33,0.004022,0.004022,1.0
site_1723__site_2251,site_1723,site_2251,1,1,1,1.05,0.009606360000000001,506.89,7.8436111111111115,7.8436111111111115,1.05,1.05,0.009606360000000001,0.009606360000000001,1.0
site_1723__site_2253,site_1723,site_2253,1,1,1,0.66,0.004022,88.79,3.638888888888889,3.638888888888889,0.66,0.66,0.004022,0.004022,1.0
site_1723__site_2262,site_1723,site_2262,1,1,1,1.0,0.004022,259.52,9.550833333333333,9.550833333333333,1.0,1.0,0.004022,0.004022,1.0
site_1723__site_2428,site_1723,site_2428,1,1,1,2.36,0.01989,116.09,3.888888888888889,3.888888888888889,2.36,2.36,0.01989,0.01989,1.0
site_1727__site_1728,site_1727,site_1728,1,1,1,0.55,0.004022,16.0,0.35305555555555557,0.35305555555555557,0.55,0.55,0.004022,0.004022,1.0
site_0569__site_0559,site_0569,site_0559,1,1,1,0.6,0.004022,64.42,1.4336111111111112,1.4336111111111112,0.6,0.6,0.004022,0.004022,1.0
site_0569__site_0574,site_0569,site_0574,1,1,1,1.2,0.008775,62.0,5.394166666666667,5.394166666666667,1.2,1.2,0.008775,0.008775,1.0
site_1732__site_1727,site_1732,site_1727,1,1,1,1.0,0.006,36.0,0.7988888888888889,0.7988888888888889,1.0,1.0,0.006,0.006,1.0
site_0569__site_0610,site_0569,site_0610,1,1,1,1.0,0.004022,39.95,2.1333333333333333,2.1333333333333333,1.0,1.0,0.004022,0.004022,1.0
site_0569__site_0627,site_0569,site_0627,1,1,1,2.5,0.017835,65.0,2.1438888888888887,2.1438888888888887,2.5,2.5,0.017835,0.017835,1.0
site_1740__site_1734,site_1740,site_1734,1,1,1,1.0,0.004875,21.36,3.5005555555555556,3.5005555555555556,1.0,1.0,0.004875,0.004875,1.0
site_1740__site_1736,site_1740,site_1736,1,1,1,0.29,0.004022,20.05,0.8697222222222222,0.8697222222222222,0.29,0.29,0.004022,0.004022,1.0
site_1740__site_1738,site_1740,site_1738,1,1,1,4.07,0.0324,24.71,0.6413888888888889,0.6413888888888889,4.07,4.07,0.0324,0.0324,1.0
site_1740__site_1739,site_1740,site_1739,1,1,1,1.2,0.008775,37.58,0.8575,0.8575,1.2,1.2,0.008775,0.008775,1.0
site_1744__site_1301,site_1744,site_1301,1,1,1,1.0,0.008775,177.0,3.403888888888889,3.403888888888889,1.0,1.0,0.008775,0.008775,1.0
site_0569__site_0634,site_0569,site_0634,1,1,1,1.2,0.009225,46.08,1.3330555555555557,1.3330555555555557,1.2,1.2,0.009225,0.009225,1.0
site_1749__site_1383,site_1749,site_1383,1,1,1,2.36,0.01989,126.02,2.3008333333333333,2.3008333333333333,2.36,2.36,0.01989,0.01989,1.0
site_1749__site_1390,site_1749,site_1390,1,1,1,1.0,0.004022,73.19,1.6622222222222223,1.6622222222222223,1.0,1.0,0.004022,0.004022,1.0
site_0569__site_0643,site_0569,site_0643,1,1,1,0.53,0.00405,46.95,0.8394444444444444,0.8394444444444444,0.53,0.53,0.00405,0.00405,1.0
site_0569__site_0651,site_0569,site_0651,1,1,1,0.43,0.004022,31.0,0.48138888888888887,0.48138888888888887,0.43,0.43,0.004022,0.004022,1.0
site_1749__site_1751,site_1749,site_1751,1,1,1,1.2,0.008775,31.12,0.6155555555555555,0.6155555555555555,1.2,1.2,0.008775,0.008775,1.0
site_0569__site_0658,site_0569,site_0658,1,1,1,1.0,0.004374,72.0,5.184444444444445,5.184444444444445,1.0,1.0,0.004374,0.004374,1.0
site_0569__site_0686,site_0569,site_0686,1,1,1,0.63,0.004022,54.33,1.8730555555555555,1.8730555555555555,0.63,0.63,0.004022,0.004022,1.0
site_1749__site_1754,site_1749,site_1754,1,1,1,2.36,0.01755,57.63,1.103888888888889,1.103888888888889,2.36,2.36,0.01755,0.01755,1.0
site_1749__site_1755,site_1749,site_1755,1,1,1,1.2,0.010935,61.46,1.5402777777777779,1.5402777777777779,1.2,1.2,0.010935,0.010935,1.0
site_0569__site_0704,site_0569,site_0704,1,1,1,1.0,0.004875,70.94,1.7558333333333334,1.7558333333333334,1.0,1.0,0.004875,0.004875,1.0
site_1749__site_1757,site_1749,site_1757,1,1,1,1.0,0.004022,85.59,1.7838888888888889,1.7838888888888889,1.0,1.0,0.004022,0.004022,1.0
site_0570__site_0669,site_0570,site_0669,1,1,1,1.02,0.00945,42.0,1.3383333333333334,1.3383333333333334,1.02,1.02,0.00945,0.00945,1.0
site_1749__site_1803,site_1749,site_1803,1,1,1,2.51,0.01989,173.21,3.8180555555555555,3.8180555555555555,2.51,2.51,0.01989,0.01989,1.0
site_1749__site_2009,site_1749,site_2009,1,1,1,0.34,0.004022,155.4,2.8341666666666665,2.8341666666666665,0.34,0.34,0.004022,0.004022,1.0
site_1749__site_2010,site_1749,site_2010,1,1,1,1.0,0.004875,123.81,2.0230555555555556,2.0230555555555556,1.0,1.0,0.004875,0.004875,1.0
site_0606__site_0669,site_0606,site_0669,1,1,1,1.0,0.004022,32.52,1.8472222222222223,1.8472222222222223,1.0,1.0,0.004022,0.004022,1.0
site_0614__site_0590,site_0614,site_0590,1,1,1,1.0,0.004022,37.0,0.8122222222222222,0.8122222222222222,1.0,1.0,0.004022,0.004022,1.0
site_0614__site_0593,site_0614,site_0593,1,1,1,1.0,0.006,97.0,1.7077777777777778,1.7077777777777778,1.0,1.0,0.006,0.006,1.0
site_1749__site_2015,site_1749,site_2015,1,1,1,1.2,0.008775,132.32,2.1175,2.1175,1.2,1.2,0.008775,0.008775,1.0
site_0614__site_0626,site_0614,site_0626,1,1,1,1.0,0.004875,21.0,0.9380555555555555,0.9380555555555555,1.0,1.0,0.004875,0.004875,1.0
site_1749__site_2018,site_1749,site_2018,1,1,1,1.2,0.01053,116.73,5.292777777777777,5.292777777777777,1.2,1.2,0.01053,0.01053,1.0
site_1749__site_2125,site_1749,site_2125,1,1,1,0.03,0.004022,232.04,3.6997222222222224,3.6997222222222224,0.03,0.03,0.004022,0.004022,1.0
site_0614__site_0631,site_0614,site_0631,1,1,1,2.4,0.02187,23.4,3.3538888888888887,3.3538888888888887,2.4,2.4,0.02187,0.02187,1.0
site_1759__site_1760,site_1759,site_1760,1,1,1,1.0,0.00625,8.6,0.29194444444444445,0.29194444444444445,1.0,1.0,0.00625,0.00625,1.0
site_1760__site_1759,site_1760,site_1759,1,1,1,0.49,0.004022,6.65,2.148888888888889,2.148888888888889,0.49,0.49,0.004022,0.004022,1.0
site_1760__site_1761,site_1760,site_1761,1,1,1,0.6,0.004022,8.26,0.5275,0.5275,0.6,0.6,0.004022,0.004022,1.0
site_1760__site_1784,site_1760,site_1784,1,1,1,0.35,0.004022,70.86,2.0722222222222224,2.0722222222222224,0.35,0.35,0.004022,0.004022,1.0
site_1767__site_1301,site_1767,site_1301,1,1,1,2.0,0.004022,46.3,1.8116666666666668,1.8116666666666668,2.0,2.0,0.004022,0.004022,1.0
site_0614__site_0687,site_0614,site_0687,1,1,1,1.0,0.004875,40.0,1.4036111111111111,1.4036111111111111,1.0,1.0,0.004875,0.004875,1.0
site_0614__site_0690,site_0614,site_0690,1,1,1,0.38,0.004022,23.72,3.5780555555555558,3.5780555555555558,0.38,0.38,0.004022,0.004022,1.0
site_0614__site_0965,site_0614,site_0965,1,1,1,2.76,0.0324,74.61,1.8630555555555555,1.8630555555555555,2.76,2.76,0.0324,0.0324,1.0
site_0614__site_1031,site_0614,site_1031,1,1,1,1.0,0.004022,66.05,1.6369444444444445,1.6369444444444445,1.0,1.0,0.004022,0.004022,1.0
site_0614__site_1041,site_0614,site_1041,1,1,1,4.6,0.06063,88.27,2.075833333333333,2.075833333333333,4.6,4.6,0.06063,0.06063,1.0
site_0635__site_0690,site_0635,site_0690,1,1,1,1.0,0.004022,40.0,0.5244444444444445,0.5244444444444445,1.0,1.0,0.004022,0.004022,1.0
site_0640__site_0690,site_0640,site_0690,1,1,1,1.0,0.004022,57.7,1.3286111111111112,1.3286111111111112,1.0,1.0,0.004022,0.004022,1.0
site_0653__site_0690,site_0653,site_0690,1,1,1,1.0,0.004022,25.42,0.4825,0.4825,1.0,1.0,0.004022,0.004022,1.0
site_0666__site_0690,site_0666,site_0690,1,1,1,4.4,0.0264,29.0,0.6033333333333334,0.6033333333333334,4.4,4.4,0.0264,0.0264,1.0
site_0669__site_0511,site_0669,site_0511,1,1,1,1.0,0.004022,50.72,10.840555555555556,10.840555555555556,1.0,1.0,0.004022,0.004022,1.0
site_0669__site_0513,site_0669,site_0513,1,1,1,1.0,0.004875,35.4,1.3605555555555555,1.3605555555555555,1.0,1.0,0.004875,0.004875,1.0
site_0669__site_0518,site_0669,site_0518,1,1,1,1.11,0.00945,51.11,1.2280555555555555,1.2280555555555555,1.11,1.11,0.00945,0.00945,1.0
site_0669__site_0520,site_0669,site_0520,1,1,1,2.08,0.01755,31.6,0.85,0.85,2.08,2.08,0.01755,0.01755,1.0
site_0669__site_0521,site_0669,site_0521,1,1,1,2.81,0.0333,26.09,1.843611111111111,1.843611111111111,2.81,2.81,0.0333,0.0333,1.0
site_0669__site_0524,site_0669,site_0524,1,1,1,1.0,0.00585,54.0,2.2330555555555556,2.2330555555555556,1.0,1.0,0.00585,0.00585,1.0
site_0669__site_0525,site_0669,site_0525,1,1,1,4.41,0.004022,30.0,1.2294444444444443,1.2294444444444443,4.41,4.41,0.004022,0.004022,1.0
site_0669__site_0529,site_0669,site_0529,1,1,1,1.0,0.004022,7.9,0.34833333333333333,0.34833333333333333,1.0,1.0,0.004022,0.004022,1.0
site_0669__site_0532,site_0669,site_0532,1,1,1,1.2,0.01134,49.0,2.2055555555555557,2.2055555555555557,1.2,1.2,0.01134,0.01134,1.0
site_0669__site_0536,site_0669,site_0536,1,1,1,3.56,0.0156,44.92,8.25361111111111,8.25361111111111,3.56,3.56,0.0156,0.0156,1.0
site_0669__site_0542,site_0669,site_0542,1,1,1,1.0,0.00945,25.31,1.9255555555555555,1.9255555555555555,1.0,1.0,0.00945,0.00945,1.0
site_0669__site_0550,site_0669,site_0550,1,1,1,1.0,0.004875,46.13,1.448611111111111,1.448611111111111,1.0,1.0,0.004875,0.004875,1.0
site_0669__site_0551,site_0669,site_0551,1,1,1,1.0,0.004022,49.85,3.8408333333333333,3.8408333333333333,1.0,1.0,0.004022,0.004022,1.0
site_0669__site_0557,site_0669,site_0557,1,1,1,1.0,0.004022,47.94,1.7280555555555555,1.7280555555555555,1.0,1.0,0.004022,0.004022,1.0
site_0669__site_0560,site_0669,site_0560,1,1,1,1.3,0.01521,35.68,2.93,2.93,1.3,1.3,0.01521,0.01521,1.0
site_0669__site_0563,site_0669,site_0563,1,1,1,3.15,0.064672,40.0,4.239722222222222,4.239722222222222,3.15,3.15,0.064672,0.064672,1.0
site_0669__site_0564,site_0669,site_0564,1,1,1,4.78,0.067252,60.0,3.1894444444444443,3.1894444444444443,4.78,4.78,0.067252,0.067252,1.0
site_0669__site_0570,site_0669,site_0570,1,1,1,1.0,0.004022,42.0,0.8125,0.8125,1.0,1.0,0.004022,0.004022,1.0
site_0669__site_0571,site_0669,site_0571,1,1,1,5.7,0.064512,50.45,21.693055555555556,21.693055555555556,5.7,5.7,0.064512,0.064512,1.0
site_0669__site_0583,site_0669,site_0583,1,1,1,0.63,0.004022,25.73,1.5647222222222221,1.5647222222222221,0.63,0.63,0.004022,0.004022,1.0
site_0669__site_0586,site_0669,site_0586,1,1,1,1.0,0.004875,30.0,0.9941666666666666,0.9941666666666666,1.0,1.0,0.004875,0.004875,1.0
site_0669__site_0588,site_0669,site_0588,1,1,1,2.2,0.01989,37.95,3.7591666666666668,3.7591666666666668,2.2,2.2,0.01989,0.01989,1.0
site_0669__site_0594,site_0669,site_0594,1,1,1,1.28,0.008775,38.6,3.6644444444444444,3.6644444444444444,1.28,1.28,0.008775,0.008775,1.0
site_0669__site_0596,site_0669,site_0596,1,1,1,1.2,0.01053,40.0,1.4761111111111112,1.4761111111111112,1.2,1.2,0.01053,0.01053,1.0
site_1786__site_0091,site_1786,site_0091,1,1,1,1.0,0.004022,35.7,2.221111111111111,2.221111111111111,1.0,1.0,0.004022,0.004022,1.0
site_0669__site_0599,site_0669,site_0599,1,1,1,1.0,0.00945,44.63,5.474166666666667,5.474166666666667,1.0,1.0,0.00945,0.00945,1.0
site_0669__site_0600,site_0669,site_0600,1,1,1,1.6,0.00945,37.91,1.1294444444444445,1.1294444444444445,1.6,1.6,0.00945,0.00945,1.0
site_0669__site_0601,site_0669,site_0601,1,1,1,4.87,0.067252,25.0,3.5594444444444444,3.5594444444444444,4.87,4.87,0.067252,0.067252,1.0
site_0669__site_0602,site_0669,site_0602,1,1,1,1.2,0.009477,28.67,10.045,10.045,1.2,1.2,0.009477,0.009477,1.0
site_0669__site_0604,site_0669,site_0604,1,1,1,1.0,0.004022,30.0,5.0713888888888885,5.0713888888888885,1.0,1.0,0.004022,0.004022,1.0
site_0669__site_0607,site_0669,site_0607,1,1,1,1.0,0.004875,54.78,2.0930555555555554,2.0930555555555554,1.0,1.0,0.004875,0.004875,1.0
site_0669__site_0609,site_0669,site_0609,1,1,1,1.2,0.010935,40.78,2.975,2.975,1.2,1.2,0.010935,0.010935,1.0
site_0669__site_0621,site_0669,site_0621,1,1,1,2.5,0.01755,34.53,4.398888888888889,4.398888888888889,2.5,2.5,0.01755,0.01755,1.0
site_0669__site_0633,site_0669,site_0633,1,1,1,1.2,0.009225,46.21,4.078611111111111,4.078611111111111,1.2,1.2,0.009225,0.009225,1.0
site_0669__site_0636,site_0669,site_0636,1,1,1,4.91,0.066048,45.84,1.1336111111111111,1.1336111111111111,4.91,4.91,0.066048,0.066048,1.0
site_0669__site_0637,site_0669,site_0637,1,1,1,1.9,0.01755,60.0,0.6480555555555556,0.6480555555555556,1.9,1.9,0.01755,0.01755,1.0
site_0669__site_0640,site_0669,site_0640,1,1,1,1.3,0.009225,54.22,2.296111111111111,2.296111111111111,1.3,1.3,0.009225,0.009225,1.0
site_0669__site_0642,site_0669,site_0642,1,1,1,5.2,0.0648,30.0,7.514166666666667,7.514166666666667,5.2,5.2,0.0648,0.0648,1.0
site_0669__site_0644,site_0669,site_0644,1,1,1,1.0,0.004374,36.42,3.609166666666667,3.609166666666667,1.0,1.0,0.004374,0.004374,1.0
site_0669__site_0645,site_0669,site_0645,1,1,1,0.63,0.004022,34.26,1.6202777777777777,1.6202777777777777,0.63,0.63,0.004022,0.004022,1.0
site_0669__site_0647,site_0669,site_0647,1,1,1,0.81,0.008775,16.55,5.184444444444445,5.184444444444445,0.81,0.81,0.008775,0.008775,1.0
site_0669__site_0649,site_0669,site_0649,1,1,1,1.0,0.004875,44.69,1.1680555555555556,1.1680555555555556,1.0,1.0,0.004875,0.004875,1.0
site_0669__site_0651,site_0669,site_0651,1,1,1,1.0,0.006,42.0,0.8677777777777778,0.8677777777777778,1.0,1.0,0.006,0.006,1.0
site_0669__site_0655,site_0669,site_0655,1,1,1,1.0,0.004875,37.22,3.3008333333333333,3.3008333333333333,1.0,1.0,0.004875,0.004875,1.0
site_0669__site_0656,site_0669,site_0656,1,1,1,1.0,0.004022,55.03,1.1325,1.1325,1.0,1.0,0.004022,0.004022,1.0
site_0669__site_0660,site_0669,site_0660,1,1,1,1.0,0.004875,30.0,7.579166666666667,7.579166666666667,1.0,1.0,0.004875,0.004875,1.0
site_0669__site_0663,site_0669,site_0663,1,1,1,1.0,0.004374,26.69,0.6375,0.6375,1.0,1.0,0.004374,0.004374,1.0
site_0669__site_0664,site_0669,site_0664,1,1,1,1.0,0.004022,27.19,0.43333333333333335,0.43333333333333335,1.0,1.0,0.004022,0.004022,1.0
site_0669__site_0675,site_0669,site_0675,1,1,1,1.0,0.004875,30.0,1.8066666666666666,1.8066666666666666,1.0,1.0,0.004875,0.004875,1.0
site_0669__site_0677,site_0669,site_0677,1,1,1,1.0,0.006,72.0,1.6097222222222223,1.6097222222222223,1.0,1.0,0.006,0.006,1.0
site_0669__site_0680,site_0669,site_0680,1,1,1,2.0,0.00975,25.73,1.386388888888889,1.386388888888889,2.0,2.0,0.00975,0.00975,1.0
site_0669__site_0681,site_0669,site_0681,1,1,1,2.36,0.01989,44.61,2.3033333333333332,2.3033333333333332,2.36,2.36,0.01989,0.01989,1.0
site_0669__site_0683,site_0669,site_0683,1,1,1,4.5,0.042,34.31,10.155,10.155,4.5,4.5,0.042,0.042,1.0
site_0669__site_0684,site_0669,site_0684,1,1,1,1.0,0.004022,59.14,1.1894444444444445,1.1894444444444445,1.0,1.0,0.004022,0.004022,1.0
site_0669__site_0685,site_0669,site_0685,1,1,1,1.0,0.004875,42.48,0.5555555555555556,0.5555555555555556,1.0,1.0,0.004875,0.004875,1.0
site_0669__site_0692,site_0669,site_0692,1,1,1,4.38,0.05934,38.0,2.403611111111111,2.403611111111111,4.38,4.38,0.05934,0.05934,1.0
site_0669__site_0702,site_0669,site_0702,1,1,1,1.0,0.004875,43.88,1.2883333333333333,1.2883333333333333,1.0,1.0,0.004875,0.004875,1.0
site_0669__site_0971,site_0669,site_0971,1,1,1,0.5,0.004022,86.0,1.5269444444444444,1.5269444444444444,0.5,0.5,0.004022,0.004022,1.0
site_0669__site_1258,site_0669,site_1258,1,1,1,1.0,0.004022,55.0,1.2947222222222223,1.2947222222222223,1.0,1.0,0.004022,0.004022,1.0
site_0669__site_1542,site_0669,site_1542,1,1,1,1.0,0.004022,1290.6,17.774722222222223,17.774722222222223,1.0,1.0,0.004022,0.004022,1.0
site_0669__site_2026,site_0669,site_2026,1,1,1,1.0,0.004022,303.23,4.7683333333333335,4.7683333333333335,1.0,1.0,0.004022,0.004022,1.0
site_0669__site_2125,site_0669,site_2125,1,1,1,1.07,0.01168451,1184.68,21.27861111111111,21.27861111111111,1.07,1.07,0.01168451,0.01168451,1.0
site_0677__site_0695,site_0677,site_0695,1,1,1,1.0,0.006,18.4,0.7133333333333334,0.7133333333333334,1.0,1.0,0.006,0.006,1.0
site_0682__site_0690,site_0682,site_0690,1,1,1,1.0,0.004022,25.42,0.7263888888888889,0.7263888888888889,1.0,1.0,0.004022,0.004022,1.0
site_0690__site_0489,site_0690,site_0489,1,1,1,0.9,0.00845,225.62,3.0155555555555558,3.0155555555555558,0.9,0.9,0.00845,0.00845,1.0
site_0690__site_0533,site_0690,site_0533,1,1,1,1.0,0.004022,66.0,0.9241666666666667,0.9241666666666667,1.0,1.0,0.004022,0.004022,1.0
site_0690__site_0540,site_0690,site_0540,1,1,1,1.0,0.004875,32.76,0.9255555555555556,0.9255555555555556,1.0,1.0,0.004875,0.004875,1.0
site_0690__site_0549,site_0690,site_0549,1,1,1,1.0,0.009225,13.0,1.5583333333333333,1.5583333333333333,1.0,1.0,0.009225,0.009225,1.0
site_1786__site_0225,site_1786,site_0225,1,1,1,1.2,0.009477,31.32,1.8005555555555555,1.8005555555555555,1.2,1.2,0.009477,0.009477,1.0
site_0690__site_0552,site_0690,site_0552,1,1,1,1.0,0.004022,12.0,0.4738888888888889,0.4738888888888889,1.0,1.0,0.004022,0.004022,1.0
site_0690__site_0555,site_0690,site_0555,1,1,1,2.36,0.01755,55.0,1.9283333333333332,1.9283333333333332,2.36,2.36,0.01755,0.01755,1.0
site_0690__site_0566,site_0690,site_0566,1,1,1,1.2,0.010935,16.0,61.30972222222222,61.30972222222222,1.2,1.2,0.010935,0.010935,1.0
site_0690__site_0617,site_0690,site_0617,1,1,1,1.0,0.0048,64.0,1.3486111111111112,1.3486111111111112,1.0,1.0,0.0048,0.0048,1.0
site_0690__site_0618,site_0690,site_0618,1,1,1,1.0,0.004875,92.0,1.8455555555555556,1.8455555555555556,1.0,1.0,0.004875,0.004875,1.0
site_0690__site_0628,site_0690,site_0628,1,1,1,3.87,0.0324,35.0,3.4305555555555554,3.4305555555555554,3.87,3.87,0.0324,0.0324,1.0
site_0690__site_0650,site_0690,site_0650,1,1,1,1.14,0.00952925,72.0,2.383611111111111,2.383611111111111,1.14,1.14,0.00952925,0.00952925,1.0
site_1786__site_0249,site_1786,site_0249,1,1,1,1.0,0.004022,49.54,2.187777777777778,2.187777777777778,1.0,1.0,0.004022,0.004022,1.0
site_0690__site_0667,site_0690,site_0667,1,1,1,1.2,0.009477,59.0,0.8813888888888889,0.8813888888888889,1.2,1.2,0.009477,0.009477,1.0
site_0690__site_0673,site_0690,site_0673,1,1,1,1.0,0.006,48.0,3.665277777777778,3.665277777777778,1.0,1.0,0.006,0.006,1.0
site_0690__site_0676,site_0690,site_0676,1,1,1,1.0,0.004022,62.0,1.745,1.745,1.0,1.0,0.004022,0.004022,1.0
site_0690__site_0691,site_0690,site_0691,1,1,1,1.0,0.004675,6.0,3.9730555555555553,3.9730555555555553,1.0,1.0,0.004675,0.004675,1.0
site_0690__site_0694,site_0690,site_0694,1,1,1,1.0,0.004022,97.0,1.4822222222222223,1.4822222222222223,1.0,1.0,0.004022,0.004022,1.0
site_0690__site_0699,site_0690,site_0699,1,1,1,0.29,0.004022,21.0,2.9480555555555554,2.9480555555555554,0.29,0.29,0.004022,0.004022,1.0
site_0690__site_1542,site_0690,site_1542,1,1,1,0.4,0.004022,1344.32,20.543055555555554,20.543055555555554,0.4,0.4,0.004022,0.004022,1.0
site_0694__site_0690,site_0694,site_0690,1,1,1,1.0,0.004022,97.0,1.9113888888888888,1.9113888888888888,1.0,1.0,0.004022,0.004022,1.0
site_0701__site_0526,site_0701,site_0526,1,1,1,1.0,0.006,39.0,1.7044444444444444,1.7044444444444444,1.0,1.0,0.006,0.006,1.0
site_0701__site_0595,site_0701,site_0595,1,1,1,0.6,0.004022,60.0,1.4336111111111112,1.4336111111111112,0.6,0.6,0.004022,0.004022,1.0
site_0701__site_0598,site_0701,site_0598,1,1,1,1.0,0.004022,42.0,1.7808333333333333,1.7808333333333333,1.0,1.0,0.004022,0.004022,1.0
site_0701__site_0613,site_0701,site_0613,1,1,1,1.0,0.004022,40.0,1.2238888888888888,1.2238888888888888,1.0,1.0,0.004022,0.004022,1.0
site_0701__site_0641,site_0701,site_0641,1,1,1,1.0,0.004875,34.0,1.003611111111111,1.003611111111111,1.0,1.0,0.004875,0.004875,1.0
site_0701__site_0672,site_0701,site_0672,1,1,1,2.36,0.01755,17.78,2.2202777777777776,2.2202777777777776,2.36,2.36,0.01755,0.01755,1.0
site_0701__site_0697,site_0701,site_0697,1,1,1,1.0,0.004022,30.0,0.7966666666666666,0.7966666666666666,1.0,1.0,0.004022,0.004022,1.0
site_1786__site_1457,site_1786,site_1457,1,1,1,1.0,0.004022,19.14,6.881944444444445,6.881944444444445,1.0,1.0,0.004022,0.004022,1.0
site_1786__site_1472,site_1786,site_1472,1,1,1,1.0,0.004875,8.89,0.9444444444444444,0.9444444444444444,1.0,1.0,0.004875,0.004875,1.0
site_1786__site_2097,site_1786,site_2097,1,1,1,1.0,0.004022,72.7,3.3558333333333334,3.3558333333333334,1.0,1.0,0.004022,0.004022,1.0
site_0701__site_0698,site_0701,site_0698,1,1,1,1.0,0.004022,20.0,0.7008333333333333,0.7008333333333333,1.0,1.0,0.004022,0.004022,1.0
site_1786__site_2106,site_1786,site_2106,1,1,1,1.2,0.010935,71.0,1.655,1.655,1.2,1.2,0.010935,0.010935,1.0
site_0701__site_0700,site_0701,site_0700,1,1,1,0.5,0.004022,10.0,0.7466666666666667,0.7466666666666667,0.5,0.5,0.004022,0.004022,1.0
site_1786__site_2112,site_1786,site_2112,1,1,1,1.0,0.0052,44.51,2.6333333333333333,2.6333333333333333,1.0,1.0,0.0052,0.0052,1.0
site_0703__site_0569,site_0703,site_0569,1,1,1,1.5,0.012,13.59,2.6194444444444445,2.6194444444444445,1.5,1.5,0.012,0.012,1.0
site_0707__site_0706,site_0707,site_0706,1,1,1,1.5,0.012,11.68,0.605,0.605,1.5,1.5,0.012,0.012,1.0
site_1786__site_2121,site_1786,site_2121,1,1,1,2.0,0.00875,57.72,0.9511111111111111,0.9511111111111111,2.0,2.0,0.00875,0.00875,1.0
site_1786__site_2122,site_1786,site_2122,1,1,1,1.0,0.006,53.83,1.3352777777777778,1.3352777777777778,1.0,1.0,0.006,0.006,1.0
site_0707__site_2167,site_0707,site_2167,1,1,1,1.0,0.004875,3.56,0.23416666666666666,0.23416666666666666,1.0,1.0,0.004875,0.004875,1.0
site_0712__site_2354,site_0712,site_2354,1,1,1,1.0,0.008,43.03,1.3347222222222221,1.3347222222222221,1.0,1.0,0.008,0.008,1.0
site_1786__site_2129,site_1786,site_2129,1,1,1,1.0,0.004875,51.68,1.6497222222222223,1.6497222222222223,1.0,1.0,0.004875,0.004875,1.0
site_1786__site_2132,site_1786,site_2132,1,1,1,0.5,0.004022,67.83,1.4494444444444445,1.4494444444444445,0.5,0.5,0.004022,0.004022,1.0
site_0716__site_2354,site_0716,site_2354,1,1,1,4.05,0.062307,48.02,1.2977777777777777,1.2977777777777777,4.05,4.05,0.062307,0.062307,1.0
site_0723__site_2354,site_0723,site_2354,1,1,1,1.2,0.008775,46.76,1.0955555555555556,1.0955555555555556,1.2,1.2,0.008775,0.008775,1.0
site_1786__site_2138,site_1786,site_2138,1,1,1,1.2,0.00875,55.6,3.8652777777777776,3.8652777777777776,1.2,1.2,0.00875,0.00875,1.0
site_0729__site_2354,site_0729,site_2354,1,1,1,1.0,0.004022,42.85,0.8216666666666667,0.8216666666666667,1.0,1.0,0.004022,0.004022,1.0
site_1786__site_2144,site_1786,site_2144,1,1,1,1.0,0.004022,56.4,5.439444444444445,5.439444444444445,1.0,1.0,0.004022,0.004022,1.0
site_1786__site_2146,site_1786,site_2146,1,1,1,1.0,0.004875,31.8,0.7272222222222222,0.7272222222222222,1.0,1.0,0.004875,0.004875,1.0
site_1786__site_2147,site_1786,site_2147,1,1,1,1.0,0.004022,69.9,5.253055555555555,5.253055555555555,1.0,1.0,0.004022,0.004022,1.0
site_1786__site_2152,site_1786,site_2152,1,1,1,1.0,0.004022,69.08,1.6291666666666667,1.6291666666666667,1.0,1.0,0.004022,0.004022,1.0
site_1786__site_2155,site_1786,site_2155,1,1,1,0.34,0.004022,43.32,1.1455555555555557,1.1455555555555557,0.34,0.34,0.004022,0.004022,1.0
site_1786__site_2157,site_1786,site_2157,1,1,1,1.0,0.004022,50.54,1.4913888888888889,1.4913888888888889,1.0,1.0,0.004022,0.004022,1.0
site_0759__site_2354,site_0759,site_2354,1,1,1,0.03,0.004022,39.58,1.0222222222222221,1.0222222222222221,0.03,0.03,0.004022,0.004022,1.0
site_1786__site_2162,site_1786,site_2162,1,1,1,1.2,0.010935,76.95,2.930277777777778,2.930277777777778,1.2,1.2,0.010935,0.010935,1.0
site_1786__site_2163,site_1786,site_2163,1,1,1,1.0,0.004875,54.15,1.2230555555555556,1.2230555555555556,1.0,1.0,0.004875,0.004875,1.0
site_1787__site_0001,site_1787,site_0001,1,1,1,1.0,0.004875,188.12,5.708333333333333,5.708333333333333,1.0,1.0,0.004875,0.004875,1.0
site_0761__site_2354,site_0761,site_2354,1,1,1,2.0,0.015,48.5,1.1827777777777777,1.1827777777777777,2.0,2.0,0.015,0.015,1.0
site_0769__site_0770,site_0769,site_0770,1,1,1,2.5,0.017835,12.51,1.0686111111111112,1.0686111111111112,2.5,2.5,0.017835,0.017835,1.0
site_0772__site_0773,site_0772,site_0773,1,1,1,0.43,0.004022,25.25,1.3358333333333334,1.3358333333333334,0.43,0.43,0.004022,0.004022,1.0
site_0772__site_0774,site_0772,site_0774,1,1,1,1.2,0.010935,110.6,3.279166666666667,3.279166666666667,1.2,1.2,0.010935,0.010935,1.0
site_0772__site_1601,site_0772,site_1601,1,1,1,1.2,0.008775,230.0,3.548888888888889,3.548888888888889,1.2,1.2,0.008775,0.008775,1.0
site_1787__site_0008,site_1787,site_0008,1,1,1,1.85,0.01954354,312.59,5.248333333333333,5.248333333333333,1.85,1.85,0.01954354,0.01954354,1.0
site_0777__site_0302,site_0777,site_0302,1,1,1,2.5,0.017835,117.22,2.7219444444444445,2.7219444444444445,2.5,2.5,0.017835,0.017835,1.0
site_0777__site_0414,site_0777,site_0414,1,1,1,1.0,0.004022,172.6,4.783888888888889,4.783888888888889,1.0,1.0,0.004022,0.004022,1.0
site_0777__site_0778,site_0777,site_0778,1,1,1,1.0,0.004022,31.0,7.683055555555556,7.683055555555556,1.0,1.0,0.004022,0.004022,1.0
site_0777__site_0782,site_0777,site_0782,1,1,1,0.44,0.004022,21.84,1.4177777777777778,1.4177777777777778,0.44,0.44,0.004022,0.004022,1.0
site_1787__site_1788,site_1787,site_1788,1,1,1,1.0,0.004875,52.33,1.9077777777777778,1.9077777777777778,1.0,1.0,0.004875,0.004875,1.0
site_1787__site_1789,site_1787,site_1789,1,1,1,1.0,0.004022,54.79,1.2783333333333333,1.2783333333333333,1.0,1.0,0.004022,0.004022,1.0
site_1787__site_1790,site_1787,site_1790,1,1,1,1.0,0.004022,50.05,1.1758333333333333,1.1758333333333333,1.0,1.0,0.004022,0.004022,1.0
site_0777__site_1697,site_0777,site_1697,1,1,1,1.2,0.009225,30.14,8.94361111111111,8.94361111111111,1.2,1.2,0.009225,0.009225,1.0
site_0777__site_2100,site_0777,site_2100,1,1,1,3.74,0.04738615,707.39,13.189444444444444,13.189444444444444,3.74,3.74,0.04738615,0.04738615,1.0
site_1787__site_1991,site_1787,site_1991,1,1,1,1.0,0.004875,13.6,1.2738888888888888,1.2738888888888888,1.0,1.0,0.004875,0.004875,1.0
site_1787__site_2007,site_1787,site_2007,1,1,1,2.61,0.017810830000000003,127.71,5.945555555555556,5.945555555555556,2.61,2.61,0.017810830000000003,0.017810830000000003,1.0
site_0777__site_2442,site_0777,site_2442,1,1,1,1.0,0.004875,154.05,4.868888888888889,4.868888888888889,1.0,1.0,0.004875,0.004875,1.0
site_1795__site_1796,site_1795,site_1796,1,1,1,1.0,0.004022,37.0,6.357777777777778,6.357777777777778,1.0,1.0,0.004022,0.004022,1.0
site_0783__site_0777,site_0783,site_0777,1,1,1,2.3,0.0216,32.87,0.7875,0.7875,2.3,2.3,0.0216,0.0216,1.0
site_1795__site_1798,site_1795,site_1798,1,1,1,0.79,0.008775,61.8,1.2197222222222222,1.2197222222222222,0.79,0.79,0.008775,0.008775,1.0
site_1798__site_1795,site_1798,site_1795,1,1,1,1.0,0.004022,63.88,1.2022222222222223,1.2022222222222223,1.0,1.0,0.004022,0.004022,1.0
site_1814__site_1873,site_1814,site_1873,1,1,1,0.94,0.00918834,14.79,0.5791666666666667,0.5791666666666667,0.94,0.94,0.00918834,0.00918834,1.0
site_1825__site_1893,site_1825,site_1893,1,1,1,0.5,0.004022,12.84,0.5083333333333333,0.5083333333333333,0.5,0.5,0.004022,0.004022,1.0
site_1833__site_1893,site_1833,site_1893,1,1,1,1.0,0.004022,23.47,1.9966666666666666,1.9966666666666666,1.0,1.0,0.004022,0.004022,1.0
site_1836__site_1893,site_1836,site_1893,1,1,1,2.74,0.030651599999999998,56.57,1.738888888888889,1.738888888888889,2.74,2.74,0.030651599999999998,0.030651599999999998,1.0
site_1845__site_1873,site_1845,site_1873,1,1,1,1.0,0.004022,7.61,0.6827777777777778,0.6827777777777778,1.0,1.0,0.004022,0.004022,1.0
site_1849__site_1921,site_1849,site_1921,1,1,1,1.0,0.004022,13.05,0.5486111111111112,0.5486111111111112,1.0,1.0,0.004022,0.004022,1.0
site_1855__site_1881,site_1855,site_1881,1,1,1,1.0,0.004875,36.71,0.45611111111111113,0.45611111111111113,1.0,1.0,0.004875,0.004875,1.0
site_1859__site_1921,site_1859,site_1921,1,1,1,1.0,0.0052566,22.78,0.7319444444444444,0.7319444444444444,1.0,1.0,0.0052566,0.0052566,1.0
site_1865__site_1921,site_1865,site_1921,1,1,1,1.0,0.0052566,7.64,0.5025,0.5025,1.0,1.0,0.0052566,0.0052566,1.0
site_1868__site_1921,site_1868,site_1921,1,1,1,1.0,0.006,26.66,0.5975,0.5975,1.0,1.0,0.006,0.006,1.0
site_1873__site_1243,site_1873,site_1243,1,1,1,0.46,0.00660784,146.69,2.2086111111111113,2.2086111111111113,0.46,0.46,0.00660784,0.00660784,1.0
site_1873__site_1805,site_1873,site_1805,1,1,1,1.0,0.006,5.45,1.298888888888889,1.298888888888889,1.0,1.0,0.006,0.006,1.0
site_0786__site_0669,site_0786,site_0669,1,1,1,0.5,0.004022,1138.0,16.607777777777777,16.607777777777777,0.5,0.5,0.004022,0.004022,1.0
site_0786__site_0784,site_0786,site_0784,1,1,1,2.36,0.01755,74.4,1.1936111111111112,1.1936111111111112,2.36,2.36,0.01755,0.01755,1.0
site_0786__site_0785,site_0786,site_0785,1,1,1,1.0,0.004022,37.79,0.7283333333333334,0.7283333333333334,1.0,1.0,0.004022,0.004022,1.0
site_0786__site_0787,site_0786,site_0787,1,1,1,1.0,0.004022,33.14,1.6383333333333334,1.6383333333333334,1.0,1.0,0.004022,0.004022,1.0
site_0786__site_0788,site_0786,site_0788,1,1,1,1.0,0.004022,19.21,1.5180555555555555,1.5180555555555555,1.0,1.0,0.004022,0.004022,1.0
site_0786__site_0791,site_0786,site_0791,1,1,1,2.36,0.01755,41.54,1.3702777777777777,1.3702777777777777,2.36,2.36,0.01755,0.01755,1.0
site_0786__site_0793,site_0786,site_0793,1,1,1,1.2,0.00702,40.15,1.0644444444444445,1.0644444444444445,1.2,1.2,0.00702,0.00702,1.0
site_0786__site_0800,site_0786,site_0800,1,1,1,1.2,0.01053,24.17,0.5875,0.5875,1.2,1.2,0.01053,0.01053,1.0
site_0786__site_0805,site_0786,site_0805,1,1,1,1.5,0.0075,36.51,1.3463888888888889,1.3463888888888889,1.5,1.5,0.0075,0.0075,1.0
site_0786__site_0806,site_0786,site_0806,1,1,1,1.5,0.009225,60.46,1.2519444444444445,1.2519444444444445,1.5,1.5,0.009225,0.009225,1.0
site_0786__site_0813,site_0786,site_0813,1,1,1,1.2,0.008775,27.61,0.72,0.72,1.2,1.2,0.008775,0.008775,1.0
site_0786__site_0815,site_0786,site_0815,1,1,1,1.0,0.004022,19.42,0.7063888888888888,0.7063888888888888,1.0,1.0,0.004022,0.004022,1.0
site_0786__site_1786,site_0786,site_1786,1,1,1,4.0,0.063984,121.45,1.975,1.975,4.0,4.0,0.063984,0.063984,1.0
site_0786__site_2125,site_0786,site_2125,1,1,1,6.3,0.09,123.88,3.1580555555555554,3.1580555555555554,6.3,6.3,0.09,0.09,1.0
site_0797__site_0786,site_0797,site_0786,1,1,1,1.0,0.004022,80.56,0.8105555555555556,0.8105555555555556,1.0,1.0,0.004022,0.004022,1.0
site_1873__site_1843,site_1873,site_1843,1,1,1,1.0,0.004022,5.74,0.5516666666666666,0.5516666666666666,1.0,1.0,0.004022,0.004022,1.0
site_1873__site_1845,site_1873,site_1845,1,1,1,1.0,0.004022,7.87,0.3977777777777778,0.3977777777777778,1.0,1.0,0.004022,0.004022,1.0
site_0803__site_0786,site_0803,site_0786,1,1,1,6.3,0.09,25.01,0.7166666666666667,0.7166666666666667,6.3,6.3,0.09,0.09,1.0
site_0811__site_0786,site_0811,site_0786,1,1,1,0.5,0.004022,20.82,0.3113888888888889,0.3113888888888889,0.5,0.5,0.004022,0.004022,1.0
site_1873__site_1857,site_1873,site_1857,1,1,1,1.0,0.004022,12.1,0.7422222222222222,0.7422222222222222,1.0,1.0,0.004022,0.004022,1.0
site_1873__site_1858,site_1873,site_1858,1,1,1,1.0,0.004022,14.47,0.7555555555555555,0.7555555555555555,1.0,1.0,0.004022,0.004022,1.0
site_0817__site_0786,site_0817,site_0786,1,1,1,1.2,0.010935,38.2,0.9944444444444445,0.9944444444444445,1.2,1.2,0.010935,0.010935,1.0
site_0821__site_0822,site_0821,site_0822,1,1,1,2.04,0.01891366,23.0,0.88,0.88,2.04,2.04,0.01891366,0.01891366,1.0
site_0821__site_2439,site_0821,site_2439,1,1,1,1.0,0.004374,173.39,4.312222222222222,4.312222222222222,1.0,1.0,0.004374,0.004374,1.0
site_0822__site_0821,site_0822,site_0821,1,1,1,1.0,0.004374,23.0,1.4330555555555555,1.4330555555555555,1.0,1.0,0.004374,0.004374,1.0
site_0824__site_0823,site_0824,site_0823,1,1,1,1.2,0.010935,24.4,0.9919444444444444,0.9919444444444444,1.2,1.2,0.010935,0.010935,1.0
site_1873__site_1871,site_1873,site_1871,1,1,1,1.0,0.004875,9.34,0.5966666666666667,0.5966666666666667,1.0,1.0,0.004875,0.004875,1.0
site_0824__site_0825,site_0824,site_0825,1,1,1,4.85,0.050468,40.23,0.7727777777777778,0.7727777777777778,4.85,4.85,0.050468,0.050468,1.0
site_0824__site_0826,site_0824,site_0826,1,1,1,1.01,0.00919503,17.04,0.9958333333333333,0.9958333333333333,1.01,1.01,0.00919503,0.00919503,1.0
site_0824__site_0827,site_0824,site_0827,1,1,1,1.0,0.004875,34.97,1.0463888888888888,1.0463888888888888,1.0,1.0,0.004875,0.004875,1.0
site_1873__site_1878,site_1873,site_1878,1,1,1,5.69,0.05934,6.49,0.4036111111111111,0.4036111111111111,5.69,5.69,0.05934,0.05934,1.0
site_0824__site_0828,site_0824,site_0828,1,1,1,0.91,0.00477943,34.44,1.3086111111111112,1.3086111111111112,0.91,0.91,0.00477943,0.00477943,1.0
site_0824__site_0829,site_0824,site_0829,1,1,1,1.2,0.009225,41.9,0.6583333333333333,0.6583333333333333,1.2,1.2,0.009225,0.009225,1.0
site_0824__site_0830,site_0824,site_0830,1,1,1,1.2,0.010935,34.66,1.5047222222222223,1.5047222222222223,1.2,1.2,0.010935,0.010935,1.0
site_0824__site_1979,site_0824,site_1979,1,1,1,1.2,0.009477,75.34,2.6641666666666666,2.6641666666666666,1.2,1.2,0.009477,0.009477,1.0
site_0824__site_2456,site_0824,site_2456,1,1,1,1.2,0.010935,181.02,3.2094444444444443,3.2094444444444443,1.2,1.2,0.010935,0.010935,1.0
site_0828__site_0824,site_0828,site_0824,1,1,1,0.34,0.004098640000000001,35.75,0.8211111111111111,0.8211111111111111,0.34,0.34,0.004098640000000001,0.004098640000000001,1.0
site_0833__site_0839,site_0833,site_0839,1,1,1,1.0,0.004022,42.7,0.7988888888888889,0.7988888888888889,1.0,1.0,0.004022,0.004022,1.0
site_0833__site_0840,site_0833,site_0840,1,1,1,3.87,0.036864,50.0,0.7694444444444445,0.7694444444444445,3.87,3.87,0.036864,0.036864,1.0
site_0833__site_0841,site_0833,site_0841,1,1,1,1.0,0.006,43.08,0.8166666666666667,0.8166666666666667,1.0,1.0,0.006,0.006,1.0
site_0833__site_0845,site_0833,site_0845,1,1,1,1.0,0.004022,48.07,0.8108333333333333,0.8108333333333333,1.0,1.0,0.004022,0.004022,1.0
site_0833__site_0847,site_0833,site_0847,1,1,1,1.0,0.006,82.0,1.19,1.19,1.0,1.0,0.006,0.006,1.0
site_0833__site_1930,site_0833,site_1930,1,1,1,1.0,0.004022,67.52,1.6080555555555556,1.6080555555555556,1.0,1.0,0.004022,0.004022,1.0
site_0840__site_0833,site_0840,site_0833,1,1,1,0.6,0.004022,49.0,0.8280555555555555,0.8280555555555555,0.6,0.6,0.004022,0.004022,1.0
site_0843__site_0833,site_0843,site_0833,1,1,1,1.0,0.0052566,114.85,2.0572222222222223,2.0572222222222223,1.0,1.0,0.0052566,0.0052566,1.0
site_0844__site_0833,site_0844,site_0833,1,1,1,1.77,0.01596,54.33,1.3075,1.3075,1.77,1.77,0.01596,0.01596,1.0
site_0852__site_0879,site_0852,site_0879,1,1,1,1.0,0.004022,30.44,0.9355555555555556,0.9355555555555556,1.0,1.0,0.004022,0.004022,1.0
site_1873__site_1913,site_1873,site_1913,1,1,1,1.0,0.004022,9.88,0.6319444444444444,0.6319444444444444,1.0,1.0,0.004022,0.004022,1.0
site_1873__site_1914,site_1873,site_1914,1,1,1,6.24,0.04712,1.53,0.6497222222222222,0.6497222222222222,6.24,6.24,0.04712,0.04712,1.0
site_1873__site_1915,site_1873,site_1915,1,1,1,2.36,0.01755,7.47,0.8355555555555556,0.8355555555555556,2.36,2.36,0.01755,0.01755,1.0
site_0859__site_0879,site_0859,site_0879,1,1,1,1.0,0.006,13.11,0.8533333333333334,0.8533333333333334,1.0,1.0,0.006,0.006,1.0
site_1873__site_1921,site_1873,site_1921,1,1,1,1.0,0.004022,16.57,0.5263888888888889,0.5263888888888889,1.0,1.0,0.004022,0.004022,1.0
site_1873__site_1922,site_1873,site_1922,1,1,1,1.0,0.006,9.97,0.5263888888888889,0.5263888888888889,1.0,1.0,0.006,0.006,1.0
site_0862__site_0498,site_0862,site_0498,1,1,1,0.4,0.004022,90.7,2.339722222222222,2.339722222222222,0.4,0.4,0.004022,0.004022,1.0
site_0862__site_0849,site_0862,site_0849,1,1,1,1.0,0.006,16.42,0.7008333333333333,0.7008333333333333,1.0,1.0,0.006,0.006,1.0
site_0862__site_0850,site_0862,site_0850,1,1,1,1.0,0.004022,17.86,0.6711111111111111,0.6711111111111111,1.0,1.0,0.004022,0.004022,1.0
site_0862__site_0853,site_0862,site_0853,1,1,1,0.5,0.004022,20.11,0.47805555555555557,0.47805555555555557,0.5,0.5,0.004022,0.004022,1.0
site_1881__site_1821,site_1881,site_1821,1,1,1,7.03,0.109616,15.99,0.33111111111111113,0.33111111111111113,7.03,7.03,0.109616,0.109616,1.0
site_1881__site_1823,site_1881,site_1823,1,1,1,1.0,0.004875,5.25,1.4277777777777778,1.4277777777777778,1.0,1.0,0.004875,0.004875,1.0
site_1881__site_1826,site_1881,site_1826,1,1,1,1.98,0.01755,7.23,0.8852777777777778,0.8852777777777778,1.98,1.98,0.01755,0.01755,1.0
site_1881__site_1827,site_1881,site_1827,1,1,1,1.0,0.004374,20.18,1.0455555555555556,1.0455555555555556,1.0,1.0,0.004374,0.004374,1.0
site_0862__site_0865,site_0862,site_0865,1,1,1,0.575,0.004022,29.23,6.976388888888889,6.976388888888889,0.575,0.575,0.004022,0.004022,1.0
site_0862__site_0868,site_0862,site_0868,1,1,1,1.0,0.004022,25.43,1.6725,1.6725,1.0,1.0,0.004022,0.004022,1.0
site_1881__site_1832,site_1881,site_1832,1,1,1,1.2,0.01053,35.28,4.092777777777778,4.092777777777778,1.2,1.2,0.01053,0.01053,1.0
site_1881__site_1833,site_1881,site_1833,1,1,1,2.36,0.01755,39.9,1.1597222222222223,1.1597222222222223,2.36,2.36,0.01755,0.01755,1.0
site_1881__site_1835,site_1881,site_1835,1,1,1,1.0,0.004022,34.62,25.576666666666668,25.576666666666668,1.0,1.0,0.004022,0.004022,1.0
site_1881__site_1839,site_1881,site_1839,1,1,1,1.0,0.004374,42.27,2.0077777777777777,2.0077777777777777,1.0,1.0,0.004374,0.004374,1.0
site_1881__site_1840,site_1881,site_1840,1,1,1,1.0,0.006,17.95,1.1402777777777777,1.1402777777777777,1.0,1.0,0.006,0.006,1.0
site_1881__site_1844,site_1881,site_1844,1,1,1,3.87,0.036864,24.16,0.7702777777777777,0.7702777777777777,3.87,3.87,0.036864,0.036864,1.0
site_0862__site_0875,site_0862,site_0875,1,1,1,1.2,0.01053,22.11,1.303611111111111,1.303611111111111,1.2,1.2,0.01053,0.01053,1.0
site_0862__site_0876,site_0862,site_0876,1,1,1,1.0,0.006,44.35,0.9263888888888889,0.9263888888888889,1.0,1.0,0.006,0.006,1.0
site_1881__site_1861,site_1881,site_1861,1,1,1,0.5,0.004022,14.42,0.5588888888888889,0.5588888888888889,0.5,0.5,0.004022,0.004022,1.0
site_0862__site_0877,site_0862,site_0877,1,1,1,2.42,0.01989,25.98,0.7111111111111111,0.7111111111111111,2.42,2.42,0.01989,0.01989,1.0
site_0862__site_0883,site_0862,site_0883,1,1,1,1.0,0.006,20.23,0.7211111111111111,0.7211111111111111,1.0,1.0,0.006,0.006,1.0
site_0862__site_1799,site_0862,site_1799,1,1,1,1.0,0.004022,260.67,5.554444444444444,5.554444444444444,1.0,1.0,0.004022,0.004022,1.0
site_0862__site_1801,site_0862,site_1801,1,1,1,1.0,0.004022,94.71,1.7975,1.7975,1.0,1.0,0.004022,0.004022,1.0
site_1881__site_1882,site_1881,site_1882,1,1,1,1.0,0.004875,15.07,0.6202777777777778,0.6202777777777778,1.0,1.0,0.004875,0.004875,1.0
site_1881__site_1884,site_1881,site_1884,1,1,1,1.0,0.004022,31.71,0.8825,0.8825,1.0,1.0,0.004022,0.004022,1.0
site_0867__site_0879,site_0867,site_0879,1,1,1,1.7,0.0102,32.4,4.44,4.44,1.7,1.7,0.0102,0.0102,1.0
site_0870__site_0879,site_0870,site_0879,1,1,1,1.14,0.021556080000000002,33.31,3.8441666666666667,3.8441666666666667,1.14,1.14,0.021556080000000002,0.021556080000000002,1.0
site_0872__site_0879,site_0872,site_0879,1,1,1,1.0,0.006,12.82,0.16722222222222222,0.16722222222222222,1.0,1.0,0.006,0.006,1.0
site_0879__site_0862,site_0879,site_0862,1,1,1,0.4,0.004022,0.13,0.14722222222222223,0.14722222222222223,0.4,0.4,0.004022,0.004022,1.0
site_1881__site_1898,site_1881,site_1898,1,1,1,1.0,0.004875,39.57,1.5116666666666667,1.5116666666666667,1.0,1.0,0.004875,0.004875,1.0
site_0879__site_2094,site_0879,site_2094,1,1,1,1.0,0.004022,179.68,3.129722222222222,3.129722222222222,1.0,1.0,0.004022,0.004022,1.0
site_0883__site_0879,site_0883,site_0879,1,1,1,1.0,0.006,17.96,0.5136111111111111,0.5136111111111111,1.0,1.0,0.006,0.006,1.0
site_0890__site_0891,site_0890,site_0891,1,1,1,1.2,0.0135,11.33,2.4702777777777776,2.4702777777777776,1.2,1.2,0.0135,0.0135,1.0
site_1881__site_1904,site_1881,site_1904,1,1,1,0.5,0.004022,32.24,1.0497222222222222,1.0497222222222222,0.5,0.5,0.004022,0.004022,1.0
site_1881__site_1906,site_1881,site_1906,1,1,1,1.0,0.004374,17.72,0.4088888888888889,0.4088888888888889,1.0,1.0,0.004374,0.004374,1.0
site_1881__site_1907,site_1881,site_1907,1,1,1,3.87,0.038912,37.12,1.0419444444444443,1.0419444444444443,3.87,3.87,0.038912,0.038912,1.0
site_0890__site_0892,site_0890,site_0892,1,1,1,1.0,0.004022,79.7,1.9405555555555556,1.9405555555555556,1.0,1.0,0.004022,0.004022,1.0
site_0893__site_0894,site_0893,site_0894,1,1,1,1.0,0.004875,46.0,5.5872222222222225,5.5872222222222225,1.0,1.0,0.004875,0.004875,1.0
site_0893__site_0897,site_0893,site_0897,1,1,1,2.5,0.01872,53.0,1.4158333333333333,1.4158333333333333,2.5,2.5,0.01872,0.01872,1.0
site_0898__site_0899,site_0898,site_0899,1,1,1,0.3,0.004022,12.08,1.686388888888889,1.686388888888889,0.3,0.3,0.004022,0.004022,1.0
site_0899__site_0898,site_0899,site_0898,1,1,1,0.5,0.004022,9.98,0.5386111111111112,0.5386111111111112,0.5,0.5,0.004022,0.004022,1.0
site_1881__site_1923,site_1881,site_1923,1,1,1,2.2,0.01755,36.12,1.5955555555555556,1.5955555555555556,2.2,2.2,0.01755,0.01755,1.0
site_1883__site_1873,site_1883,site_1873,1,1,1,1.5,0.009,13.57,0.6586111111111111,0.6586111111111111,1.5,1.5,0.009,0.009,1.0
site_1886__site_1893,site_1886,site_1893,1,1,1,1.0,0.006,34.66,1.6919444444444445,1.6919444444444445,1.0,1.0,0.006,0.006,1.0
site_1893__site_0362,site_1893,site_0362,1,1,1,2.15,0.018,104.0,1.7802777777777778,1.7802777777777778,2.15,2.15,0.018,0.018,1.0
site_0900__site_0486,site_0900,site_0486,1,1,1,3.0,0.03348,436.81,6.265555555555555,6.265555555555555,3.0,3.0,0.03348,0.03348,1.0
site_0900__site_0831,site_0900,site_0831,1,1,1,1.0,0.004022,452.19,12.000833333333333,12.000833333333333,1.0,1.0,0.004022,0.004022,1.0
site_1893__site_1916,site_1893,site_1916,1,1,1,1.0,0.00728,10.19,0.4533333333333333,0.4533333333333333,1.0,1.0,0.00728,0.00728,1.0
site_0900__site_0832,site_0900,site_0832,1,1,1,1.0,0.004022,554.03,9.859166666666667,9.859166666666667,1.0,1.0,0.004022,0.004022,1.0
site_0900__site_0902,site_0900,site_0902,1,1,1,1.0,0.004022,25.21,2.401666666666667,2.401666666666667,1.0,1.0,0.004022,0.004022,1.0
site_0900__site_0903,site_0900,site_0903,1,1,1,1.0,0.004022,29.51,2.5613888888888887,2.5613888888888887,1.0,1.0,0.004022,0.004022,1.0
site_1898__site_1893,site_1898,site_1893,1,1,1,6.27,0.10939711,22.28,1.5269444444444444,1.5269444444444444,6.27,6.27,0.10939711,0.10939711,1.0
site_0900__site_0904,site_0900,site_0904,1,1,1,1.0,0.004022,28.08,2.756388888888889,2.756388888888889,1.0,1.0,0.004022,0.004022,1.0
site_1899__site_1893,site_1899,site_1893,1,1,1,4.7,0.07276878,28.99,0.5777777777777777,0.5777777777777777,4.7,4.7,0.07276878,0.07276878,1.0
site_1902__site_1881,site_1902,site_1881,1,1,1,1.0,0.0075,39.82,0.8269444444444445,0.8269444444444445,1.0,1.0,0.0075,0.0075,1.0
site_1904__site_1893,site_1904,site_1893,1,1,1,1.0,0.004022,14.53,0.37444444444444447,0.37444444444444447,1.0,1.0,0.004022,0.004022,1.0
site_0900__site_0906,site_0900,site_0906,1,1,1,1.2,0.010179,26.0,4.9075,4.9075,1.2,1.2,0.010179,0.010179,1.0
site_0900__site_0909,site_0900,site_0909,1,1,1,1.1,0.009225,24.07,3.466388888888889,3.466388888888889,1.1,1.1,0.009225,0.009225,1.0
site_0900__site_0910,site_0900,site_0910,1,1,1,1.0,0.004022,29.0,4.628333333333333,4.628333333333333,1.0,1.0,0.004022,0.004022,1.0
site_0900__site_0914,site_0900,site_0914,1,1,1,1.0,0.004022,22.55,3.988611111111111,3.988611111111111,1.0,1.0,0.004022,0.004022,1.0
site_0900__site_0918,site_0900,site_0918,1,1,1,1.0,0.004022,24.49,2.373611111111111,2.373611111111111,1.0,1.0,0.004022,0.004022,1.0
site_0900__site_0936,site_0900,site_0936,1,1,1,0.29,0.004022,185.98,5.853888888888889,5.853888888888889,0.29,0.29,0.004022,0.004022,1.0
site_0900__site_2080,site_0900,site_2080,1,1,1,1.2,0.009225,145.87,4.371944444444445,4.371944444444445,1.2,1.2,0.009225,0.009225,1.0
site_0905__site_0900,site_0905,site_0900,1,1,1,4.5,0.027,22.76,0.27694444444444444,0.27694444444444444,4.5,4.5,0.027,0.027,1.0
site_0921__site_0669,site_0921,site_0669,1,1,1,1.0,0.006,154.15,2.712222222222222,2.712222222222222,1.0,1.0,0.006,0.006,1.0
site_0921__site_0919,site_0921,site_0919,1,1,1,1.0,0.008775,122.0,3.5308333333333333,3.5308333333333333,1.0,1.0,0.008775,0.008775,1.0
site_0921__site_0920,site_0921,site_0920,1,1,1,1.0,0.004022,22.0,21.871388888888887,21.871388888888887,1.0,1.0,0.004022,0.004022,1.0
site_0921__site_0922,site_0921,site_0922,1,1,1,5.12,0.05208,23.0,0.7647222222222222,0.7647222222222222,5.12,5.12,0.05208,0.05208,1.0
site_0921__site_0925,site_0921,site_0925,1,1,1,2.36,0.01989,58.0,1.7305555555555556,1.7305555555555556,2.36,2.36,0.01989,0.01989,1.0
site_1917__site_1873,site_1917,site_1873,1,1,1,2.44,0.03024576,16.53,0.6605555555555556,0.6605555555555556,2.44,2.44,0.03024576,0.03024576,1.0
site_1921__site_1816,site_1921,site_1816,1,1,1,4.16,0.074304,30.79,0.8055555555555556,0.8055555555555556,4.16,4.16,0.074304,0.074304,1.0
site_0921__site_1268,site_0921,site_1268,1,1,1,1.0,0.004022,195.74,3.1308333333333334,3.1308333333333334,1.0,1.0,0.004022,0.004022,1.0
site_1921__site_1836,site_1921,site_1836,1,1,1,2.36,0.01989,36.21,1.2202777777777778,1.2202777777777778,2.36,2.36,0.01989,0.01989,1.0
site_0923__site_0921,site_0923,site_0921,1,1,1,1.56,0.01134,99.0,1.3291666666666666,1.3291666666666666,1.56,1.56,0.01134,0.01134,1.0
site_0924__site_0921,site_0924,site_0921,1,1,1,1.0,0.006,20.0,0.7583333333333333,0.7583333333333333,1.0,1.0,0.006,0.006,1.0
site_0926__site_0927,site_0926,site_0927,1,1,1,1.0,0.004875,14.33,1.3497222222222223,1.3497222222222223,1.0,1.0,0.004875,0.004875,1.0
site_0926__site_0928,site_0926,site_0928,1,1,1,0.62,0.004022,148.0,4.334444444444444,4.334444444444444,0.62,0.62,0.004022,0.004022,1.0
site_1921__site_1849,site_1921,site_1849,1,1,1,1.0,0.006,13.65,0.6733333333333333,0.6733333333333333,1.0,1.0,0.006,0.006,1.0
site_1921__site_1850,site_1921,site_1850,1,1,1,1.0,0.004022,25.8,0.6633333333333333,0.6633333333333333,1.0,1.0,0.004022,0.004022,1.0
site_0930__site_0423,site_0930,site_0423,1,1,1,1.0,0.004875,36.9,0.6119444444444444,0.6119444444444444,1.0,1.0,0.004875,0.004875,1.0
site_0930__site_0424,site_0930,site_0424,1,1,1,1.0,0.004022,34.58,1.0044444444444445,1.0044444444444445,1.0,1.0,0.004022,0.004022,1.0
site_0930__site_0429,site_0930,site_0429,1,1,1,1.0,0.004022,53.09,1.0147222222222223,1.0147222222222223,1.0,1.0,0.004022,0.004022,1.0
site_0930__site_0437,site_0930,site_0437,1,1,1,1.21,0.00920124,29.91,2.6475,2.6475,1.21,1.21,0.00920124,0.00920124,1.0
site_1921__site_1864,site_1921,site_1864,1,1,1,1.0,0.004875,25.63,1.2108333333333334,1.2108333333333334,1.0,1.0,0.004875,0.004875,1.0
site_0930__site_1515,site_0930,site_1515,1,1,1,0.47,0.004022,72.56,4.239166666666667,4.239166666666667,0.47,0.47,0.004022,0.004022,1.0
site_0930__site_1538,site_0930,site_1538,1,1,1,0.55,0.004022,76.11,2.4175,2.4175,0.55,0.55,0.004022,0.004022,1.0
site_1921__site_1887,site_1921,site_1887,1,1,1,1.0,0.004022,35.45,0.9680555555555556,0.9680555555555556,1.0,1.0,0.004022,0.004022,1.0
site_0930__site_1582,site_0930,site_1582,1,1,1,1.56,0.01134,79.18,3.1969444444444446,3.1969444444444446,1.56,1.56,0.01134,0.01134,1.0
site_0934__site_0935,site_0934,site_0935,1,1,1,1.0,0.004022,16.0,0.6725,0.6725,1.0,1.0,0.004022,0.004022,1.0
site_0940__site_0382,site_0940,site_0382,1,1,1,2.5,0.017835,290.0,5.576388888888889,5.576388888888889,2.5,2.5,0.017835,0.017835,1.0
site_0940__site_0491,site_0940,site_0491,1,1,1,1.0,0.004875,326.0,5.526666666666666,5.526666666666666,1.0,1.0,0.004875,0.004875,1.0
site_1924__site_1243,site_1924,site_1243,1,1,1,0.63,0.01501949,69.39,1.2769444444444444,1.2769444444444444,0.63,0.63,0.01501949,0.01501949,1.0
site_1927__site_1243,site_1927,site_1243,1,1,1,0.1,0.004419510000000001,54.88,1.2038888888888888,1.2038888888888888,0.1,0.1,0.004419510000000001,0.004419510000000001,1.0
site_1928__site_1243,site_1928,site_1243,1,1,1,2.12,0.019185419999999998,51.18,1.0555555555555556,1.0555555555555556,2.12,2.12,0.019185419999999998,0.019185419999999998,1.0
site_1931__site_0833,site_1931,site_0833,1,1,1,1.0,0.004022,63.53,1.1969444444444444,1.1969444444444444,1.0,1.0,0.004022,0.004022,1.0
site_1933__site_0388,site_1933,site_0388,1,1,1,0.93,0.010070319999999999,291.66,26.874166666666667,26.874166666666667,0.93,0.93,0.010070319999999999,0.010070319999999999,1.0
site_0940__site_0941,site_0940,site_0941,1,1,1,1.0,0.004875,29.0,0.8288888888888889,0.8288888888888889,1.0,1.0,0.004875,0.004875,1.0
site_0940__site_0942,site_0940,site_0942,1,1,1,2.36,0.016965,50.49,1.0788888888888888,1.0788888888888888,2.36,2.36,0.016965,0.016965,1.0
site_1933__site_1524,site_1933,site_1524,1,1,1,2.4,0.01778166,355.66,5.551666666666667,5.551666666666667,2.4,2.4,0.01778166,0.01778166,1.0
site_1933__site_1529,site_1933,site_1529,1,1,1,2.27,0.017878400000000003,331.32,5.657777777777778,5.657777777777778,2.27,2.27,0.017878400000000003,0.017878400000000003,1.0
site_1933__site_1534,site_1933,site_1534,1,1,1,0.4,0.004022,337.68,5.180833333333333,5.180833333333333,0.4,0.4,0.004022,0.004022,1.0
site_1933__site_1554,site_1933,site_1554,1,1,1,4.61,0.06797872,339.6,7.609166666666667,7.609166666666667,4.61,4.61,0.06797872,0.06797872,1.0
site_1933__site_1583,site_1933,site_1583,1,1,1,1.1,0.009853200000000001,359.08,6.150555555555556,6.150555555555556,1.1,1.1,0.009853200000000001,0.009853200000000001,1.0
site_1933__site_1594,site_1933,site_1594,1,1,1,1.83,0.01377745,356.52,5.618888888888889,5.618888888888889,1.83,1.83,0.01377745,0.01377745,1.0
site_1933__site_1932,site_1933,site_1932,1,1,1,0.93,0.00965437,79.12,1.285,1.285,0.93,0.93,0.00965437,0.00965437,1.0
site_0940__site_0943,site_0940,site_0943,1,1,1,1.0,0.004022,9.0,0.33666666666666667,0.33666666666666667,1.0,1.0,0.004022,0.004022,1.0
site_0944__site_0951,site_0944,site_0951,1,1,1,0.61,0.009571370000000001,18.67,1.0297222222222222,1.0297222222222222,0.61,0.61,0.009571370000000001,0.009571370000000001,1.0
site_0947__site_0944,site_0947,site_0944,1,1,1,0.28,0.004022,53.95,1.6908333333333334,1.6908333333333334,0.28,0.28,0.004022,0.004022,1.0
site_1933__site_1937,site_1933,site_1937,1,1,1,0.43,0.004022,24.4,1.0791666666666666,1.0791666666666666,0.43,0.43,0.004022,0.004022,1.0
site_0947__site_0946,site_0947,site_0946,1,1,1,0.76,0.008044,40.4,1.95,1.95,0.76,0.76,0.008044,0.008044,1.0
site_1933__site_1939,site_1933,site_1939,1,1,1,0.346,0.004022,36.94,1.0205555555555557,1.0205555555555557,0.346,0.346,0.004022,0.004022,1.0
site_0947__site_0948,site_0947,site_0948,1,1,1,0.56,0.004022,55.63,1.4658333333333333,1.4658333333333333,0.56,0.56,0.004022,0.004022,1.0
site_0947__site_0949,site_0947,site_0949,1,1,1,0.83,0.0084375,62.84,1.2580555555555555,1.2580555555555555,0.83,0.83,0.0084375,0.0084375,1.0
site_0947__site_0952,site_0947,site_0952,1,1,1,1.0,0.004875,60.51,1.6436111111111111,1.6436111111111111,1.0,1.0,0.004875,0.004875,1.0
site_0947__site_0953,site_0947,site_0953,1,1,1,0.29,0.004022,52.63,1.8833333333333333,1.8833333333333333,0.29,0.29,0.004022,0.004022,1.0
site_1933__site_1944,site_1933,site_1944,1,1,1,1.0,0.004022,13.6,0.5519444444444445,0.5519444444444445,1.0,1.0,0.004022,0.004022,1.0
site_1933__site_1945,site_1933,site_1945,1,1,1,1.2,0.00962185,26.66,1.7438888888888888,1.7438888888888888,1.2,1.2,0.00962185,0.00962185,1.0
site_0947__site_0954,site_0947,site_0954,1,1,1,1.69,0.01755,67.07,2.0194444444444444,2.0194444444444444,1.69,1.69,0.01755,0.01755,1.0
site_0947__site_0955,site_0947,site_0955,1,1,1,1.0,0.010935,66.07,1.101388888888889,1.101388888888889,1.0,1.0,0.010935,0.010935,1.0
site_1938__site_1933,site_1938,site_1933,1,1,1,0.97,0.00632429,33.04,0.8941666666666667,0.8941666666666667,0.97,0.97,0.00632429,0.00632429,1.0
site_0947__site_0959,site_0947,site_0959,1,1,1,1.2,0.009225,65.1,1.4244444444444444,1.4244444444444444,1.2,1.2,0.009225,0.009225,1.0
site_1977__site_0350,site_1977,site_0350,1,1,1,1.0,0.004022,57.42,1.6511111111111112,1.6511111111111112,1.0,1.0,0.004022,0.004022,1.0
site_0947__site_0960,site_0947,site_0960,1,1,1,0.45,0.004022,77.29,1.7505555555555556,1.7505555555555556,0.45,0.45,0.004022,0.004022,1.0
site_1980__site_1984,site_1980,site_1984,1,1,1,2.73,0.03348,23.53,1.1825,1.1825,2.73,2.73,0.03348,0.03348,1.0
site_1981__site_1980,site_1981,site_1980,1,1,1,0.87,0.0075,58.0,1.1425,1.1425,0.87,0.87,0.0075,0.0075,1.0
site_1988__site_1402,site_1988,site_1402,1,1,1,2.53,0.03175858,19.26,1.073611111111111,1.073611111111111,2.53,2.53,0.03175858,0.03175858,1.0
site_1992__site_1993,site_1992,site_1993,1,1,1,1.0,0.004875,32.0,0.9983333333333333,0.9983333333333333,1.0,1.0,0.004875,0.004875,1.0
site_1992__site_1994,site_1992,site_1994,1,1,1,1.0,0.004875,15.0,1.2205555555555556,1.2205555555555556,1.0,1.0,0.004875,0.004875,1.0
site_1992__site_1995,site_1992,site_1995,1,1,1,0.35,0.004022,20.0,0.2697222222222222,0.2697222222222222,0.35,0.35,0.004022,0.004022,1.0
site_1992__site_1996,site_1992,site_1996,1,1,1,1.2,0.010935,19.0,0.6233333333333333,0.6233333333333333,1.2,1.2,0.010935,0.010935,1.0
site_2001__site_2000,site_2001,site_2000,1,1,1,0.6,0.004022,13.38,0.9947222222222222,0.9947222222222222,0.6,0.6,0.004022,0.004022,1.0
site_2009__site_1749,site_2009,site_1749,1,1,1,0.03,0.004022,152.31,2.7216666666666667,2.7216666666666667,0.03,0.03,0.004022,0.004022,1.0
site_2017__site_1749,site_2017,site_1749,1,1,1,1.2,0.01053,117.01,2.254166666666667,2.254166666666667,1.2,1.2,0.01053,0.01053,1.0
site_2019__site_2020,site_2019,site_2020,1,1,1,0.3,0.004022,23.98,3.4625,3.4625,0.3,0.3,0.004022,0.004022,1.0
site_2019__site_2180,site_2019,site_2180,1,1,1,0.84,0.009225,93.54,3.578333333333333,3.578333333333333,0.84,0.84,0.009225,0.009225,1.0
site_2019__site_2181,site_2019,site_2181,1,1,1,0.39,0.004022,93.95,2.551388888888889,2.551388888888889,0.39,0.39,0.004022,0.004022,1.0
site_2021__site_2335,site_2021,site_2335,1,1,1,0.88,0.009853200000000001,95.62,1.5977777777777777,1.5977777777777777,0.88,0.88,0.009853200000000001,0.009853200000000001,1.0
site_2026__site_1128,site_2026,site_1128,1,1,1,3.0,0.010395,684.81,16.92861111111111,16.92861111111111,3.0,3.0,0.010395,0.010395,1.0
site_2026__site_1259,site_2026,site_1259,1,1,1,1.2,0.01053,256.04,4.228611111111111,4.228611111111111,1.2,1.2,0.01053,0.01053,1.0
site_0947__site_1256,site_0947,site_1256,1,1,1,1.87,0.01755,140.82,2.0966666666666667,2.0966666666666667,1.87,1.87,0.01755,0.01755,1.0
site_2026__site_2024,site_2026,site_2024,1,1,1,1.0,0.004022,8.93,0.5783333333333334,0.5783333333333334,1.0,1.0,0.004022,0.004022,1.0
site_2026__site_2025,site_2026,site_2025,1,1,1,1.0,0.004875,46.0,7.368055555555555,7.368055555555555,1.0,1.0,0.004875,0.004875,1.0
site_0961__site_0962,site_0961,site_0962,1,1,1,1.02,0.00953568,11.55,2.2025,2.2025,1.02,1.02,0.00953568,0.00953568,1.0
site_2026__site_2028,site_2026,site_2028,1,1,1,1.0,0.004875,16.88,0.6902777777777778,0.6902777777777778,1.0,1.0,0.004875,0.004875,1.0
site_2026__site_2029,site_2026,site_2029,1,1,1,0.55,0.004022,25.88,0.7341666666666666,0.7341666666666666,0.55,0.55,0.004022,0.004022,1.0
site_2026__site_2030,site_2026,site_2030,1,1,1,1.2,0.010935,18.0,0.4727777777777778,0.4727777777777778,1.2,1.2,0.010935,0.010935,1.0
site_2026__site_2031,site_2026,site_2031,1,1,1,1.0,0.004875,15.0,1.3502777777777777,1.3502777777777777,1.0,1.0,0.004875,0.004875,1.0
site_2026__site_2032,site_2026,site_2032,1,1,1,3.87,0.074304,5.71,0.27,0.27,3.87,3.87,0.074304,0.074304,1.0
site_2026__site_2033,site_2026,site_2033,1,1,1,1.11,0.0094115,17.0,0.8308333333333333,0.8308333333333333,1.11,1.11,0.0094115,0.0094115,1.0
site_2026__site_2034,site_2026,site_2034,1,1,1,1.0,0.004022,51.0,1.551388888888889,1.551388888888889,1.0,1.0,0.004022,0.004022,1.0
site_2026__site_2035,site_2026,site_2035,1,1,1,1.0,0.004022,24.0,0.6166666666666667,0.6166666666666667,1.0,1.0,0.004022,0.004022,1.0
site_2026__site_2269,site_2026,site_2269,1,1,1,1.0,0.004875,190.39,2.533888888888889,2.533888888888889,1.0,1.0,0.004875,0.004875,1.0
site_2037__site_1406,site_2037,site_1406,1,1,1,1.0,0.004875,44.96,0.9169444444444445,0.9169444444444445,1.0,1.0,0.004875,0.004875,1.0
site_2037__site_1407,site_2037,site_1407,1,1,1,1.0,0.006,50.0,1.3533333333333333,1.3533333333333333,1.0,1.0,0.006,0.006,1.0
site_2040__site_2038,site_2040,site_2038,1,1,1,1.2,0.008775,20.46,6.134166666666666,6.134166666666666,1.2,1.2,0.008775,0.008775,1.0
site_2040__site_2039,site_2040,site_2039,1,1,1,1.2,0.010935,25.88,3.5416666666666665,3.5416666666666665,1.2,1.2,0.010935,0.010935,1.0
site_2040__site_2041,site_2040,site_2041,1,1,1,1.2,0.010935,28.23,1.383888888888889,1.383888888888889,1.2,1.2,0.010935,0.010935,1.0
site_0971__site_0614,site_0971,site_0614,1,1,1,2.35,0.012353,123.0,2.8255555555555554,2.8255555555555554,2.35,2.35,0.012353,0.012353,1.0
site_2040__site_2043,site_2040,site_2043,1,1,1,0.3,0.004022,21.23,1.1611111111111112,1.1611111111111112,0.3,0.3,0.004022,0.004022,1.0
site_2040__site_2044,site_2040,site_2044,1,1,1,2.3,0.01755,34.55,1.8458333333333334,1.8458333333333334,2.3,2.3,0.01755,0.01755,1.0
site_2040__site_2045,site_2040,site_2045,1,1,1,1.8,0.0045,28.87,1.2797222222222222,1.2797222222222222,1.8,1.8,0.0045,0.0045,1.0
site_2040__site_2047,site_2040,site_2047,1,1,1,1.0,0.004875,16.07,1.4638888888888888,1.4638888888888888,1.0,1.0,0.004875,0.004875,1.0
site_2040__site_2049,site_2040,site_2049,1,1,1,1.0,0.004875,21.84,0.71,0.71,1.0,1.0,0.004875,0.004875,1.0
site_2040__site_2050,site_2040,site_2050,1,1,1,2.36,0.01989,21.01,2.274722222222222,2.274722222222222,2.36,2.36,0.01989,0.01989,1.0
site_2040__site_2052,site_2040,site_2052,1,1,1,0.03,0.009477,20.86,6.299166666666666,6.299166666666666,0.03,0.03,0.009477,0.009477,1.0
site_2040__site_2053,site_2040,site_2053,1,1,1,0.8,0.009225,43.82,0.8947222222222222,0.8947222222222222,0.8,0.8,0.009225,0.009225,1.0
site_2040__site_2054,site_2040,site_2054,1,1,1,2.36,0.01989,24.13,1.3363888888888888,1.3363888888888888,2.36,2.36,0.01989,0.01989,1.0
site_2040__site_2149,site_2040,site_2149,1,1,1,0.34,0.00409009,798.74,14.306944444444444,14.306944444444444,0.34,0.34,0.00409009,0.00409009,1.0
site_2040__site_2176,site_2040,site_2176,1,1,1,0.21,0.009126,93.99,2.2591666666666668,2.2591666666666668,0.21,0.21,0.009126,0.009126,1.0
site_2047__site_2040,site_2047,site_2040,1,1,1,0.37,0.00646344,21.61,0.5986111111111111,0.5986111111111111,0.37,0.37,0.00646344,0.00646344,1.0
site_2048__site_2051,site_2048,site_2051,1,1,1,0.5,0.004022,24.63,3.7158333333333333,3.7158333333333333,0.5,0.5,0.004022,0.004022,1.0
site_2055__site_2040,site_2055,site_2040,1,1,1,0.34,0.00409009,29.4,0.6997222222222222,0.6997222222222222,0.34,0.34,0.00409009,0.00409009,1.0
site_2056__site_2057,site_2056,site_2057,1,1,1,0.3,0.004022,13.0,1.273611111111111,1.273611111111111,0.3,0.3,0.004022,0.004022,1.0
site_0971__site_0964,site_0971,site_0964,1,1,1,0.3,0.004022,36.64,1.5952777777777778,1.5952777777777778,0.3,0.3,0.004022,0.004022,1.0
site_2056__site_2059,site_2056,site_2059,1,1,1,0.6,0.008044,13.0,0.44222222222222224,0.44222222222222224,0.6,0.6,0.008044,0.008044,1.0
site_2056__site_2060,site_2056,site_2060,1,1,1,1.0,0.011745,20.0,1.238611111111111,1.238611111111111,1.0,1.0,0.011745,0.011745,1.0
site_2056__site_2061,site_2056,site_2061,1,1,1,1.0,0.004022,19.0,0.9633333333333334,0.9633333333333334,1.0,1.0,0.004022,0.004022,1.0
site_2056__site_2062,site_2056,site_2062,1,1,1,2.5,0.012,22.0,0.6941666666666667,0.6941666666666667,2.5,2.5,0.012,0.012,1.0
site_2056__site_2063,site_2056,site_2063,1,1,1,1.0,0.004022,0.2,0.4841666666666667,0.4841666666666667,1.0,1.0,0.004022,0.004022,1.0
site_2065__site_2064,site_2065,site_2064,1,1,1,1.2,0.008775,32.11,1.4380555555555556,1.4380555555555556,1.2,1.2,0.008775,0.008775,1.0
site_2065__site_2066,site_2065,site_2066,1,1,1,1.2,0.010935,12.31,0.8483333333333334,0.8483333333333334,1.2,1.2,0.010935,0.010935,1.0
site_2065__site_2067,site_2065,site_2067,1,1,1,1.0,0.006,6.47,1.0030555555555556,1.0030555555555556,1.0,1.0,0.006,0.006,1.0
site_0971__site_0967,site_0971,site_0967,1,1,1,1.0,0.006,23.0,0.8288888888888889,0.8288888888888889,1.0,1.0,0.006,0.006,1.0
site_0971__site_0968,site_0971,site_0968,1,1,1,0.29,0.004022,32.87,1.2405555555555556,1.2405555555555556,0.29,0.29,0.004022,0.004022,1.0
site_2084__site_1301,site_2084,site_1301,1,1,1,0.61,0.004022,97.38,1.8180555555555555,1.8180555555555555,0.61,0.61,0.004022,0.004022,1.0
site_2087__site_1369,site_2087,site_1369,1,1,1,4.21,0.06259964,230.62,3.42,3.42,4.21,4.21,0.06259964,0.06259964,1.0
site_2089__site_1071,site_2089,site_1071,1,1,1,1.0,0.006,120.96,2.105277777777778,2.105277777777778,1.0,1.0,0.006,0.006,1.0
site_2090__site_1071,site_2090,site_1071,1,1,1,2.87,0.01989,93.28,1.97,1.97,2.87,2.87,0.01989,0.01989,1.0
site_2094__site_1123,site_2094,site_1123,1,1,1,2.0,0.008044,59.58,1.6305555555555555,1.6305555555555555,2.0,2.0,0.008044,0.008044,1.0
site_2094__site_1124,site_2094,site_1124,1,1,1,2.4,0.02535,62.6,1.7955555555555556,1.7955555555555556,2.4,2.4,0.02535,0.02535,1.0
site_2094__site_1125,site_2094,site_1125,1,1,1,3.87,0.036864,117.31,2.47,2.47,3.87,3.87,0.036864,0.036864,1.0
site_2094__site_2092,site_2094,site_2092,1,1,1,1.2,0.010935,5.24,0.18888888888888888,0.18888888888888888,1.2,1.2,0.010935,0.010935,1.0
site_2094__site_2093,site_2094,site_2093,1,1,1,1.0,0.004022,16.71,0.9291666666666667,0.9291666666666667,1.0,1.0,0.004022,0.004022,1.0
site_2094__site_2095,site_2094,site_2095,1,1,1,1.0,0.004022,74.04,1.4269444444444443,1.4269444444444443,1.0,1.0,0.004022,0.004022,1.0
site_0971__site_0970,site_0971,site_0970,1,1,1,1.0,0.004374,51.0,5.287222222222222,5.287222222222222,1.0,1.0,0.004374,0.004374,1.0
site_2094__site_2332,site_2094,site_2332,1,1,1,1.0,0.004022,136.21,3.7358333333333333,3.7358333333333333,1.0,1.0,0.004022,0.004022,1.0
site_0971__site_0973,site_0971,site_0973,1,1,1,1.2,0.010935,47.0,1.3702777777777777,1.3702777777777777,1.2,1.2,0.010935,0.010935,1.0
site_0971__site_0975,site_0971,site_0975,1,1,1,1.0,0.004022,45.0,9.938333333333333,9.938333333333333,1.0,1.0,0.004022,0.004022,1.0
site_2100__site_0191,site_2100,site_0191,1,1,1,1.0,0.004022,103.0,1.9808333333333332,1.9808333333333332,1.0,1.0,0.004022,0.004022,1.0
site_0971__site_0977,site_0971,site_0977,1,1,1,1.2,0.005265,46.0,1.2147222222222223,1.2147222222222223,1.2,1.2,0.005265,0.005265,1.0
site_0971__site_0978,site_0971,site_0978,1,1,1,1.0,0.004022,50.0,1.4047222222222222,1.4047222222222222,1.0,1.0,0.004022,0.004022,1.0
site_2101__site_1134,site_2101,site_1134,1,1,1,4.41,0.05934,479.24,12.36888888888889,12.36888888888889,4.41,4.41,0.05934,0.05934,1.0
site_2104__site_2100,site_2104,site_2100,1,1,1,1.0,0.012,56.33,1.468888888888889,1.468888888888889,1.0,1.0,0.012,0.012,1.0
site_2110__site_2149,site_2110,site_2149,1,1,1,0.305,0.004022,61.0,1.1708333333333334,1.1708333333333334,0.305,0.305,0.004022,0.004022,1.0
site_2118__site_2125,site_2118,site_2125,1,1,1,1.94,0.0320368,42.64,1.0338888888888889,1.0338888888888889,1.94,1.94,0.0320368,0.0320368,1.0
site_0971__site_0979,site_0971,site_0979,1,1,1,1.6,0.008125,47.0,3.2919444444444443,3.2919444444444443,1.6,1.6,0.008125,0.008125,1.0
site_0971__site_0980,site_0971,site_0980,1,1,1,4.87,0.070176,85.0,4.1802777777777775,4.1802777777777775,4.87,4.87,0.070176,0.070176,1.0
site_0971__site_0981,site_0971,site_0981,1,1,1,1.0,0.004022,93.0,7.043055555555555,7.043055555555555,1.0,1.0,0.004022,0.004022,1.0
site_0971__site_0984,site_0971,site_0984,1,1,1,0.29,0.004022,49.0,2.4194444444444443,2.4194444444444443,0.29,0.29,0.004022,0.004022,1.0
site_0971__site_0985,site_0971,site_0985,1,1,1,1.0,0.004875,33.0,2.903888888888889,2.903888888888889,1.0,1.0,0.004875,0.004875,1.0
site_0971__site_0986,site_0971,site_0986,1,1,1,0.9,0.00845,81.0,1.4597222222222221,1.4597222222222221,0.9,0.9,0.00845,0.00845,1.0
site_2125__site_0453,site_2125,site_0453,1,1,1,0.95,0.009319969999999999,1436.05,18.07027777777778,18.07027777777778,0.95,0.95,0.009319969999999999,0.009319969999999999,1.0
site_0971__site_0987,site_0971,site_0987,1,1,1,0.97,0.00845,61.0,1.7047222222222222,1.7047222222222222,0.97,0.97,0.00845,0.00845,1.0
site_0971__site_0989,site_0971,site_0989,1,1,1,1.0,0.004022,44.0,4.215833333333333,4.215833333333333,1.0,1.0,0.004022,0.004022,1.0
site_0971__site_0991,site_0971,site_0991,1,1,1,1.0,0.004022,42.0,2.7822222222222224,2.7822222222222224,1.0,1.0,0.004022,0.004022,1.0
site_0971__site_0993,site_0971,site_0993,1,1,1,0.2,0.004022,37.0,2.053611111111111,2.053611111111111,0.2,0.2,0.004022,0.004022,1.0
site_0971__site_0997,site_0971,site_0997,1,1,1,5.16,0.070176,47.0,2.5008333333333335,2.5008333333333335,5.16,5.16,0.070176,0.070176,1.0
site_0971__site_1000,site_0971,site_1000,1,1,1,1.0,0.006,56.0,1.0972222222222223,1.0972222222222223,1.0,1.0,0.006,0.006,1.0
site_0971__site_1001,site_0971,site_1001,1,1,1,0.31,0.004022,48.0,4.423333333333333,4.423333333333333,0.31,0.31,0.004022,0.004022,1.0
site_0971__site_1004,site_0971,site_1004,1,1,1,1.0,0.004022,64.0,1.2213888888888889,1.2213888888888889,1.0,1.0,0.004022,0.004022,1.0
site_0971__site_1005,site_0971,site_1005,1,1,1,2.36,0.01755,56.0,0.9122222222222223,0.9122222222222223,2.36,2.36,0.01755,0.01755,1.0
site_0971__site_1006,site_0971,site_1006,1,1,1,1.2,0.010935,73.0,4.752222222222223,4.752222222222223,1.2,1.2,0.010935,0.010935,1.0
site_0971__site_1008,site_0971,site_1008,1,1,1,0.97,0.008775,17.59,0.9225,0.9225,0.97,0.97,0.008775,0.008775,1.0
site_0971__site_1014,site_0971,site_1014,1,1,1,1.0,0.004022,109.0,4.958055555555555,4.958055555555555,1.0,1.0,0.004022,0.004022,1.0
site_0971__site_1015,site_0971,site_1015,1,1,1,1.28,0.00970864,69.0,6.234444444444445,6.234444444444445,1.28,1.28,0.00970864,0.00970864,1.0
site_0971__site_1016,site_0971,site_1016,1,1,1,1.2,0.008775,64.0,1.5477777777777777,1.5477777777777777,1.2,1.2,0.008775,0.008775,1.0
site_2125__site_1164,site_2125,site_1164,1,1,1,0.97,0.009020440000000001,170.45,2.9875,2.9875,0.97,0.97,0.009020440000000001,0.009020440000000001,1.0
site_2125__site_1197,site_2125,site_1197,1,1,1,1.0,0.009,1435.12,20.7625,20.7625,1.0,1.0,0.009,0.009,1.0
site_0971__site_1018,site_0971,site_1018,1,1,1,1.2,0.008775,44.21,1.1241666666666668,1.1241666666666668,1.2,1.2,0.008775,0.008775,1.0
site_0971__site_1019,site_0971,site_1019,1,1,1,1.0,0.004022,50.0,1.2452777777777777,1.2452777777777777,1.0,1.0,0.004022,0.004022,1.0
site_0971__site_1022,site_0971,site_1022,1,1,1,1.0,0.004022,69.0,1.3691666666666666,1.3691666666666666,1.0,1.0,0.004022,0.004022,1.0
site_0971__site_1025,site_0971,site_1025,1,1,1,1.87,0.012852,34.0,0.9791666666666666,0.9791666666666666,1.87,1.87,0.012852,0.012852,1.0
site_0971__site_1026,site_0971,site_1026,1,1,1,2.36,0.01755,68.0,4.4063888888888885,4.4063888888888885,2.36,2.36,0.01755,0.01755,1.0
site_0971__site_1027,site_0971,site_1027,1,1,1,1.0,0.004022,49.0,1.1408333333333334,1.1408333333333334,1.0,1.0,0.004022,0.004022,1.0
site_0971__site_1028,site_0971,site_1028,1,1,1,1.0,0.004022,67.0,3.6197222222222223,3.6197222222222223,1.0,1.0,0.004022,0.004022,1.0
site_0971__site_1030,site_0971,site_1030,1,1,1,1.64,0.01761794,42.0,1.9722222222222223,1.9722222222222223,1.64,1.64,0.01761794,0.01761794,1.0
site_0971__site_1033,site_0971,site_1033,1,1,1,1.0,0.004022,91.0,16.7525,16.7525,1.0,1.0,0.004022,0.004022,1.0
site_0971__site_1034,site_0971,site_1034,1,1,1,1.0,0.004022,72.0,1.1397222222222223,1.1397222222222223,1.0,1.0,0.004022,0.004022,1.0
site_0971__site_1038,site_0971,site_1038,1,1,1,1.0,0.004022,57.0,2.388611111111111,2.388611111111111,1.0,1.0,0.004022,0.004022,1.0
site_0971__site_1039,site_0971,site_1039,1,1,1,7.36,0.09555,88.0,3.901388888888889,3.901388888888889,7.36,7.36,0.09555,0.09555,1.0
site_0971__site_1042,site_0971,site_1042,1,1,1,1.1,0.009225,71.0,1.236388888888889,1.236388888888889,1.1,1.1,0.009225,0.009225,1.0
site_0971__site_1276,site_0971,site_1276,1,1,1,1.0,0.004022,382.0,35.20027777777778,35.20027777777778,1.0,1.0,0.004022,0.004022,1.0
site_0983__site_0971,site_0983,site_0971,1,1,1,1.0,0.004022,41.0,0.7866666666666666,0.7866666666666666,1.0,1.0,0.004022,0.004022,1.0
site_0988__site_0971,site_0988,site_0971,1,1,1,1.0,0.004022,53.0,1.0308333333333333,1.0308333333333333,1.0,1.0,0.004022,0.004022,1.0
site_0993__site_0971,site_0993,site_0971,1,1,1,1.0,0.012,37.0,0.6791666666666667,0.6791666666666667,1.0,1.0,0.012,0.012,1.0
site_0994__site_0971,site_0994,site_0971,1,1,1,4.2,0.05148,25.0,0.5205555555555555,0.5205555555555555,4.2,4.2,0.05148,0.05148,1.0
site_1010__site_0971,site_1010,site_0971,1,1,1,1.0,0.0066,48.0,1.6063888888888889,1.6063888888888889,1.0,1.0,0.0066,0.0066,1.0
site_2125__site_2101,site_2125,site_2101,1,1,1,4.41,0.05934,0.45,1.2291666666666667,1.2291666666666667,4.41,4.41,0.05934,0.05934,1.0
site_1012__site_0971,site_1012,site_0971,1,1,1,1.0,0.004022,45.0,1.2633333333333334,1.2633333333333334,1.0,1.0,0.004022,0.004022,1.0
site_1015__site_0971,site_1015,site_0971,1,1,1,1.0,0.004375,69.0,1.0611111111111111,1.0611111111111111,1.0,1.0,0.004375,0.004375,1.0
site_1026__site_0971,site_1026,site_0971,1,1,1,1.0,0.006,68.0,1.133888888888889,1.133888888888889,1.0,1.0,0.006,0.006,1.0
site_2125__site_2238,site_2125,site_2238,1,1,1,1.0,0.006,1834.54,27.924722222222222,27.924722222222222,1.0,1.0,0.006,0.006,1.0
site_2125__site_2281,site_2125,site_2281,1,1,1,1.2,0.00814436,874.27,47.72611111111111,47.72611111111111,1.2,1.2,0.00814436,0.00814436,1.0
site_1030__site_0971,site_1030,site_0971,1,1,1,2.0,0.012,42.0,1.1330555555555555,1.1330555555555555,2.0,2.0,0.012,0.012,1.0
site_1036__site_0971,site_1036,site_0971,1,1,1,2.5,0.022275,92.0,1.3652777777777778,1.3652777777777778,2.5,2.5,0.022275,0.022275,1.0
site_1037__site_0971,site_1037,site_0971,1,1,1,1.0,0.004022,39.0,0.5572222222222222,0.5572222222222222,1.0,1.0,0.004022,0.004022,1.0
site_1043__site_2354,site_1043,site_2354,1,1,1,1.0,0.004022,138.44,2.6213888888888888,2.6213888888888888,1.0,1.0,0.004022,0.004022,1.0
site_1051__site_1048,site_1051,site_1048,1,1,1,1.0,0.006,20.0,0.5702777777777778,0.5702777777777778,1.0,1.0,0.006,0.006,1.0
site_1051__site_1049,site_1051,site_1049,1,1,1,1.2,0.009477,19.6,2.4347222222222222,2.4347222222222222,1.2,1.2,0.009477,0.009477,1.0
site_1051__site_1050,site_1051,site_1050,1,1,1,1.0,0.004022,5.35,26.953055555555554,26.953055555555554,1.0,1.0,0.004022,0.004022,1.0
site_2127__site_2125,site_2127,site_2125,1,1,1,2.5,0.027,30.96,0.35083333333333333,0.35083333333333333,2.5,2.5,0.027,0.027,1.0
site_2128__site_2100,site_2128,site_2100,1,1,1,1.0,0.004022,66.22,1.678611111111111,1.678611111111111,1.0,1.0,0.004022,0.004022,1.0
site_2148__site_2125,site_2148,site_2125,1,1,1,0.74,0.011998120000000001,62.42,1.0702777777777779,1.0702777777777779,0.74,0.74,0.011998120000000001,0.011998120000000001,1.0
site_1051__site_1052,site_1051,site_1052,1,1,1,1.0,0.004022,16.0,8.161111111111111,8.161111111111111,1.0,1.0,0.004022,0.004022,1.0
site_1051__site_1053,site_1051,site_1053,1,1,1,0.31,0.004022,30.0,0.7447222222222222,0.7447222222222222,0.31,0.31,0.004022,0.004022,1.0
site_2149__site_0388,site_2149,site_0388,1,1,1,0.32,0.004022,283.32,5.693333333333333,5.693333333333333,0.32,0.32,0.004022,0.004022,1.0
site_1051__site_1054,site_1051,site_1054,1,1,1,1.2,0.01053,17.59,2.1366666666666667,2.1366666666666667,1.2,1.2,0.01053,0.01053,1.0
site_2149__site_0833,site_2149,site_0833,1,1,1,0.23,0.004022,342.0,4.598611111111111,4.598611111111111,0.23,0.23,0.004022,0.004022,1.0
site_2149__site_0862,site_2149,site_0862,1,1,1,1.11,0.009225,431.05,5.572222222222222,5.572222222222222,1.11,1.11,0.009225,0.009225,1.0
site_1051__site_1055,site_1051,site_1055,1,1,1,1.2,0.008775,28.0,1.4638888888888888,1.4638888888888888,1.2,1.2,0.008775,0.008775,1.0
site_1051__site_1058,site_1051,site_1058,1,1,1,0.29,0.004022,20.0,0.9413888888888889,0.9413888888888889,0.29,0.29,0.004022,0.004022,1.0
site_1051__site_1501,site_1051,site_1501,1,1,1,1.0,0.004022,7.18,0.2975,0.2975,1.0,1.0,0.004022,0.004022,1.0
site_1056__site_1501,site_1056,site_1501,1,1,1,1.0,0.005508,31.0,0.9263888888888889,0.9263888888888889,1.0,1.0,0.005508,0.005508,1.0
site_1060__site_0932,site_1060,site_0932,1,1,1,1.23,0.01334,20.53,1.356111111111111,1.356111111111111,1.23,1.23,0.01334,0.01334,1.0
site_1069__site_1071,site_1069,site_1071,1,1,1,1.0,0.004022,25.62,1.0747222222222221,1.0747222222222221,1.0,1.0,0.004022,0.004022,1.0
site_1071__site_0449,site_1071,site_0449,1,1,1,4.87,0.050468,60.42,1.586111111111111,1.586111111111111,4.87,4.87,0.050468,0.050468,1.0
site_1071__site_0450,site_1071,site_0450,1,1,1,1.0,0.004374,83.79,1.7594444444444444,1.7594444444444444,1.0,1.0,0.004374,0.004374,1.0
site_1071__site_0451,site_1071,site_0451,1,1,1,1.0,0.004022,51.98,1.0608333333333333,1.0608333333333333,1.0,1.0,0.004022,0.004022,1.0
site_2149__site_2094,site_2149,site_2094,1,1,1,0.295,0.004022,312.16,4.290277777777778,4.290277777777778,0.295,0.295,0.004022,0.004022,1.0
site_1071__site_0930,site_1071,site_0930,1,1,1,0.55,0.004022,159.26,4.850555555555555,4.850555555555555,0.55,0.55,0.004022,0.004022,1.0
site_2149__site_2400,site_2149,site_2400,1,1,1,0.36,0.004022,574.47,7.101111111111111,7.101111111111111,0.36,0.36,0.004022,0.004022,1.0
site_1071__site_1067,site_1071,site_1067,1,1,1,1.0,0.004022,22.44,0.7138888888888889,0.7138888888888889,1.0,1.0,0.004022,0.004022,1.0
site_1071__site_1068,site_1071,site_1068,1,1,1,1.0,0.004022,23.0,1.0383333333333333,1.0383333333333333,1.0,1.0,0.004022,0.004022,1.0
site_1071__site_1073,site_1071,site_1073,1,1,1,1.0,0.004022,63.15,1.39,1.39,1.0,1.0,0.004022,0.004022,1.0
site_1071__site_1076,site_1071,site_1076,1,1,1,1.0,0.009225,18.24,1.2116666666666667,1.2116666666666667,1.0,1.0,0.009225,0.009225,1.0
site_1071__site_1078,site_1071,site_1078,1,1,1,2.0,0.00975,11.99,0.9894444444444445,0.9894444444444445,2.0,2.0,0.00975,0.00975,1.0
site_2158__site_0077,site_2158,site_0077,1,1,1,1.8,0.01134,51.47,1.0886111111111112,1.0886111111111112,1.8,1.8,0.01134,0.01134,1.0
site_1071__site_1089,site_1071,site_1089,1,1,1,1.0,0.004875,27.0,0.8513888888888889,0.8513888888888889,1.0,1.0,0.004875,0.004875,1.0
site_2158__site_0086,site_2158,site_0086,1,1,1,1.56,0.011934,43.36,1.6719444444444445,1.6719444444444445,1.56,1.56,0.011934,0.011934,1.0
site_1071__site_1097,site_1071,site_1097,1,1,1,1.0,0.004875,64.0,1.1872222222222222,1.1872222222222222,1.0,1.0,0.004875,0.004875,1.0
site_1071__site_1327,site_1071,site_1327,1,1,1,1.0,0.004022,72.25,2.3272222222222223,2.3272222222222223,1.0,1.0,0.004022,0.004022,1.0
site_1071__site_1329,site_1071,site_1329,1,1,1,1.0,0.004022,89.33,1.7038888888888888,1.7038888888888888,1.0,1.0,0.004022,0.004022,1.0
site_1071__site_1331,site_1071,site_1331,1,1,1,1.0,0.004022,74.65,1.2658333333333334,1.2658333333333334,1.0,1.0,0.004022,0.004022,1.0
site_1071__site_1542,site_1071,site_1542,1,1,1,0.55,0.004022,183.82,3.762777777777778,3.762777777777778,0.55,0.55,0.004022,0.004022,1.0
site_2158__site_0122,site_2158,site_0122,1,1,1,1.39,0.009477,48.62,3.444166666666667,3.444166666666667,1.39,1.39,0.009477,0.009477,1.0
site_1072__site_1071,site_1072,site_1071,1,1,1,1.0,0.004022,36.44,0.9569444444444445,0.9569444444444445,1.0,1.0,0.004022,0.004022,1.0
site_1074__site_1071,site_1074,site_1071,1,1,1,1.0,0.00525,15.59,0.6269444444444444,0.6269444444444444,1.0,1.0,0.00525,0.00525,1.0
site_1082__site_1071,site_1082,site_1071,1,1,1,1.0,0.004022,34.34,1.3069444444444445,1.3069444444444445,1.0,1.0,0.004022,0.004022,1.0
site_1084__site_1071,site_1084,site_1071,1,1,1,0.5,0.004022,27.31,0.6097222222222223,0.6097222222222223,0.5,0.5,0.004022,0.004022,1.0
site_1085__site_1071,site_1085,site_1071,1,1,1,1.5,0.0078849,20.06,0.8316666666666667,0.8316666666666667,1.5,1.5,0.0078849,0.0078849,1.0
site_1091__site_1071,site_1091,site_1071,1,1,1,1.0,0.006,25.61,1.056111111111111,1.056111111111111,1.0,1.0,0.006,0.006,1.0
site_1098__site_1099,site_1098,site_1099,1,1,1,1.0,0.004022,50.2,1.118611111111111,1.118611111111111,1.0,1.0,0.004022,0.004022,1.0
site_2158__site_0190,site_2158,site_0190,1,1,1,1.0,0.006,60.57,1.6858333333333333,1.6858333333333333,1.0,1.0,0.006,0.006,1.0
site_1098__site_1100,site_1098,site_1100,1,1,1,0.96,0.00949909,77.0,1.2955555555555556,1.2955555555555556,0.96,0.96,0.00949909,0.00949909,1.0
site_1098__site_1101,site_1098,site_1101,1,1,1,4.31,0.06671894,38.0,0.8,0.8,4.31,4.31,0.06671894,0.06671894,1.0
site_1098__site_1102,site_1098,site_1102,1,1,1,1.0,0.004022,57.0,1.118611111111111,1.118611111111111,1.0,1.0,0.004022,0.004022,1.0
site_1102__site_1098,site_1102,site_1098,1,1,1,1.0,0.004022,57.0,1.0369444444444444,1.0369444444444444,1.0,1.0,0.004022,0.004022,1.0
site_2158__site_0211,site_2158,site_0211,1,1,1,1.0,0.004022,43.73,2.601111111111111,2.601111111111111,1.0,1.0,0.004022,0.004022,1.0
site_1110__site_1111,site_1110,site_1111,1,1,1,1.0,0.004875,18.34,0.5927777777777777,0.5927777777777777,1.0,1.0,0.004875,0.004875,1.0
site_1110__site_1112,site_1110,site_1112,1,1,1,1.0,0.004875,37.1,2.577777777777778,2.577777777777778,1.0,1.0,0.004875,0.004875,1.0
site_1110__site_1113,site_1110,site_1113,1,1,1,1.0,0.004022,18.31,1.4455555555555555,1.4455555555555555,1.0,1.0,0.004022,0.004022,1.0
site_1115__site_0446,site_1115,site_0446,1,1,1,2.4,0.01755,35.0,2.2116666666666664,2.2116666666666664,2.4,2.4,0.01755,0.01755,1.0
site_1115__site_2170,site_1115,site_2170,1,1,1,1.0,0.01,105.86,2.256111111111111,2.256111111111111,1.0,1.0,0.01,0.01,1.0
site_1117__site_0777,site_1117,site_0777,1,1,1,1.0,0.0042,81.16,2.5244444444444443,2.5244444444444443,1.0,1.0,0.0042,0.0042,1.0
site_1120__site_1121,site_1120,site_1121,1,1,1,1.14,0.009151129999999999,29.0,1.5180555555555555,1.5180555555555555,1.14,1.14,0.009151129999999999,0.009151129999999999,1.0
site_1120__site_1122,site_1120,site_1122,1,1,1,1.11,0.00935226,31.71,3.236388888888889,3.236388888888889,1.11,1.11,0.00935226,0.00935226,1.0
site_1120__site_2224,site_1120,site_2224,1,1,1,2.37,0.03319161,175.78,5.071111111111111,5.071111111111111,2.37,2.37,0.03319161,0.03319161,1.0
site_1121__site_1120,site_1121,site_1120,1,1,1,2.37,0.03319161,29.29,1.1127777777777779,1.1127777777777779,2.37,2.37,0.03319161,0.03319161,1.0
site_2158__site_1046,site_2158,site_1046,1,1,1,1.0,0.008044,27.72,1.68,1.68,1.0,1.0,0.008044,0.008044,1.0
site_1128__site_1289,site_1128,site_1289,1,1,1,1.0,0.004875,150.0,2.1269444444444443,2.1269444444444443,1.0,1.0,0.004875,0.004875,1.0
site_1129__site_1126,site_1129,site_1126,1,1,1,0.33,0.004022,100.01,1.5811111111111111,1.5811111111111111,0.33,0.33,0.004022,0.004022,1.0
site_1129__site_1127,site_1129,site_1127,1,1,1,1.0,0.004875,15.46,1.0644444444444445,1.0644444444444445,1.0,1.0,0.004875,0.004875,1.0
site_1129__site_1128,site_1129,site_1128,1,1,1,1.0,0.004875,0.4,0.0425,0.0425,1.0,1.0,0.004875,0.004875,1.0
site_2158__site_1179,site_2158,site_1179,1,1,1,1.0,0.004022,60.47,1.4477777777777778,1.4477777777777778,1.0,1.0,0.004022,0.004022,1.0
site_2158__site_1181,site_2158,site_1181,1,1,1,1.0,0.004022,73.99,2.991111111111111,2.991111111111111,1.0,1.0,0.004022,0.004022,1.0
site_1129__site_1130,site_1129,site_1130,1,1,1,1.2,0.009477,52.69,1.048888888888889,1.048888888888889,1.2,1.2,0.009477,0.009477,1.0
site_1129__site_1131,site_1129,site_1131,1,1,1,1.0,0.004875,72.42,1.5383333333333333,1.5383333333333333,1.0,1.0,0.004875,0.004875,1.0
site_1129__site_1132,site_1129,site_1132,1,1,1,1.0,0.004875,54.38,1.1944444444444444,1.1944444444444444,1.0,1.0,0.004875,0.004875,1.0
site_1129__site_1298,site_1129,site_1298,1,1,1,1.0,0.004875,98.3,2.026111111111111,2.026111111111111,1.0,1.0,0.004875,0.004875,1.0
site_2158__site_1458,site_2158,site_1458,1,1,1,0.5,0.004022,7.65,0.8158333333333333,0.8158333333333333,0.5,0.5,0.004022,0.004022,1.0
site_1129__site_1299,site_1129,site_1299,1,1,1,1.0,0.004022,66.83,1.7472222222222222,1.7472222222222222,1.0,1.0,0.004022,0.004022,1.0
site_2158__site_1460,site_2158,site_1460,1,1,1,1.0,0.004022,22.0,1.3030555555555556,1.3030555555555556,1.0,1.0,0.004022,0.004022,1.0
site_1129__site_1800,site_1129,site_1800,1,1,1,1.0,0.004875,177.93,3.1630555555555557,3.1630555555555557,1.0,1.0,0.004875,0.004875,1.0
site_2158__site_1462,site_2158,site_1462,1,1,1,1.2,0.00585,27.44,1.165,1.165,1.2,1.2,0.00585,0.00585,1.0
site_2158__site_1463,site_2158,site_1463,1,1,1,1.0,0.004022,12.89,0.3488888888888889,0.3488888888888889,1.0,1.0,0.004022,0.004022,1.0
site_1129__site_1804,site_1129,site_1804,1,1,1,0.32,0.004022,100.28,1.2883333333333333,1.2883333333333333,0.32,0.32,0.004022,0.004022,1.0
site_1129__site_2012,site_1129,site_2012,1,1,1,1.2,0.01053,138.33,2.6666666666666665,2.6666666666666665,1.2,1.2,0.01053,0.01053,1.0
site_1129__site_2261,site_1129,site_2261,1,1,1,0.93,0.01026066,132.14,2.395277777777778,2.395277777777778,0.93,0.93,0.01026066,0.01026066,1.0
site_1135__site_1136,site_1135,site_1136,1,1,1,1.2,0.010935,8.31,0.4841666666666667,0.4841666666666667,1.2,1.2,0.010935,0.010935,1.0
site_1138__site_1139,site_1138,site_1139,1,1,1,1.0,0.004875,72.65,1.5933333333333333,1.5933333333333333,1.0,1.0,0.004875,0.004875,1.0
site_1143__site_1146,site_1143,site_1146,1,1,1,1.0,0.004374,37.12,0.8138888888888889,0.8138888888888889,1.0,1.0,0.004374,0.004374,1.0
site_1143__site_1149,site_1143,site_1149,1,1,1,1.0,0.006,14.45,0.7144444444444444,0.7144444444444444,1.0,1.0,0.006,0.006,1.0
site_1143__site_1154,site_1143,site_1154,1,1,1,1.0,0.004022,23.76,0.6797222222222222,0.6797222222222222,1.0,1.0,0.004022,0.004022,1.0
site_1143__site_1163,site_1143,site_1163,1,1,1,1.0,0.004022,34.68,1.0927777777777778,1.0927777777777778,1.0,1.0,0.004022,0.004022,1.0
site_2158__site_1474,site_2158,site_1474,1,1,1,2.0,0.008044,28.0,0.7519444444444444,0.7519444444444444,2.0,2.0,0.008044,0.008044,1.0
site_1143__site_1165,site_1143,site_1165,1,1,1,1.0,0.004875,22.0,0.6947222222222222,0.6947222222222222,1.0,1.0,0.004875,0.004875,1.0
site_1143__site_1166,site_1143,site_1166,1,1,1,1.0,0.004022,14.0,1.0177777777777777,1.0177777777777777,1.0,1.0,0.004022,0.004022,1.0
site_2158__site_1477,site_2158,site_1477,1,1,1,0.03,0.007397890000000001,12.13,6.736111111111111,6.736111111111111,0.03,0.03,0.007397890000000001,0.007397890000000001,1.0
site_2158__site_1478,site_2158,site_1478,1,1,1,6.29,0.106392,11.92,0.13583333333333333,0.13583333333333333,6.29,6.29,0.106392,0.106392,1.0
site_2158__site_2098,site_2158,site_2098,1,1,1,1.0,0.004875,96.0,3.5322222222222224,3.5322222222222224,1.0,1.0,0.004875,0.004875,1.0
site_1167__site_1143,site_1167,site_1143,1,1,1,0.95,0.01092595,34.29,0.8722222222222222,0.8722222222222222,0.95,0.95,0.01092595,0.01092595,1.0
site_1170__site_1143,site_1170,site_1143,1,1,1,1.88,0.03406545,9.9,0.7597222222222222,0.7597222222222222,1.88,1.88,0.03406545,0.03406545,1.0
site_1172__site_1173,site_1172,site_1173,1,1,1,3.97,0.067252,29.96,2.307777777777778,2.307777777777778,3.97,3.97,0.067252,0.067252,1.0
site_1172__site_1174,site_1172,site_1174,1,1,1,1.2,0.009477,6.23,2.0119444444444445,2.0119444444444445,1.2,1.2,0.009477,0.009477,1.0
site_1172__site_1175,site_1172,site_1175,1,1,1,1.0,0.004875,98.39,2.0772222222222223,2.0772222222222223,1.0,1.0,0.004875,0.004875,1.0
site_1179__site_2125,site_1179,site_2125,1,1,1,0.3,0.004022,88.81,1.4405555555555556,1.4405555555555556,0.3,0.3,0.004022,0.004022,1.0
site_1180__site_2125,site_1180,site_2125,1,1,1,0.03,0.007397890000000001,91.62,1.623888888888889,1.623888888888889,0.03,0.03,0.007397890000000001,0.007397890000000001,1.0
site_1184__site_2439,site_1184,site_2439,1,1,1,1.0,0.00528,77.31,1.565,1.565,1.0,1.0,0.00528,0.00528,1.0
site_1193__site_1253,site_1193,site_1253,1,1,1,1.0,0.0066,11.57,0.23027777777777778,0.23027777777777778,1.0,1.0,0.0066,0.0066,1.0
site_1196__site_1253,site_1196,site_1253,1,1,1,1.0,0.004022,31.35,1.4355555555555555,1.4355555555555555,1.0,1.0,0.004022,0.004022,1.0
site_1197__site_1185,site_1197,site_1185,1,1,1,1.2,0.009225,32.62,0.6455555555555555,0.6455555555555555,1.2,1.2,0.009225,0.009225,1.0
site_1197__site_1186,site_1197,site_1186,1,1,1,1.2,0.009225,34.24,1.0777777777777777,1.0777777777777777,1.2,1.2,0.009225,0.009225,1.0
site_1197__site_1190,site_1197,site_1190,1,1,1,0.93,0.00864819,25.44,0.55,0.55,0.93,0.93,0.00864819,0.00864819,1.0
site_1197__site_1191,site_1197,site_1191,1,1,1,1.0,0.004875,24.28,2.1094444444444442,2.1094444444444442,1.0,1.0,0.004875,0.004875,1.0
site_1197__site_1193,site_1197,site_1193,1,1,1,2.5,0.017835,2.39,0.26,0.26,2.5,2.5,0.017835,0.017835,1.0
site_1197__site_1201,site_1197,site_1201,1,1,1,1.2,0.010935,24.73,1.9355555555555555,1.9355555555555555,1.2,1.2,0.010935,0.010935,1.0
site_1197__site_1203,site_1197,site_1203,1,1,1,1.0,0.004374,12.26,0.5472222222222223,0.5472222222222223,1.0,1.0,0.004374,0.004374,1.0
site_1197__site_1209,site_1197,site_1209,1,1,1,0.5,0.004022,34.69,3.5644444444444443,3.5644444444444443,0.5,0.5,0.004022,0.004022,1.0
site_1197__site_1210,site_1197,site_1210,1,1,1,1.2,0.010935,19.29,2.803611111111111,2.803611111111111,1.2,1.2,0.010935,0.010935,1.0
site_2158__site_2135,site_2158,site_2135,1,1,1,1.0,0.004022,73.0,1.6419444444444444,1.6419444444444444,1.0,1.0,0.004022,0.004022,1.0
site_1197__site_1211,site_1197,site_1211,1,1,1,1.0,0.004022,34.5,1.4613888888888888,1.4613888888888888,1.0,1.0,0.004022,0.004022,1.0
site_1197__site_1215,site_1197,site_1215,1,1,1,2.1,0.0144,18.01,0.5602777777777778,0.5602777777777778,2.1,2.1,0.0144,0.0144,1.0
site_1197__site_1216,site_1197,site_1216,1,1,1,0.52,0.004022,7.94,0.5383333333333333,0.5383333333333333,0.52,0.52,0.004022,0.004022,1.0
site_1197__site_1224,site_1197,site_1224,1,1,1,3.5,0.03348,31.61,0.9725,0.9725,3.5,3.5,0.03348,0.03348,1.0
site_2158__site_2142,site_2158,site_2142,1,1,1,1.0,0.004022,61.33,2.5633333333333335,2.5633333333333335,1.0,1.0,0.004022,0.004022,1.0
site_2158__site_2143,site_2158,site_2143,1,1,1,0.38,0.004022,51.16,1.9869444444444444,1.9869444444444444,0.38,0.38,0.004022,0.004022,1.0
site_1197__site_1225,site_1197,site_1225,1,1,1,1.2,0.010935,11.13,1.881388888888889,1.881388888888889,1.2,1.2,0.010935,0.010935,1.0
site_1197__site_1227,site_1197,site_1227,1,1,1,4.5,0.050274,15.52,0.45472222222222225,0.45472222222222225,4.5,4.5,0.050274,0.050274,1.0
site_1197__site_1232,site_1197,site_1232,1,1,1,1.0,0.004022,23.13,0.6502777777777777,0.6502777777777777,1.0,1.0,0.004022,0.004022,1.0
site_1197__site_1240,site_1197,site_1240,1,1,1,1.0,0.004022,6.18,0.4963888888888889,0.4963888888888889,1.0,1.0,0.004022,0.004022,1.0
site_1197__site_1241,site_1197,site_1241,1,1,1,1.0,0.004022,9.59,0.225,0.225,1.0,1.0,0.004022,0.004022,1.0
site_1197__site_1244,site_1197,site_1244,1,1,1,1.0,0.006,54.64,1.8555555555555556,1.8555555555555556,1.0,1.0,0.006,0.006,1.0
site_1197__site_1245,site_1197,site_1245,1,1,1,1.0,0.004022,40.42,1.5566666666666666,1.5566666666666666,1.0,1.0,0.004022,0.004022,1.0
site_1197__site_1252,site_1197,site_1252,1,1,1,1.0,0.004022,10.61,0.45305555555555554,0.45305555555555554,1.0,1.0,0.004022,0.004022,1.0
site_2158__site_2161,site_2158,site_2161,1,1,1,0.36,0.004022,40.0,0.9805555555555555,0.9805555555555555,0.36,0.36,0.004022,0.004022,1.0
site_2158__site_2164,site_2158,site_2164,1,1,1,0.58,0.004022,75.0,1.506388888888889,1.506388888888889,0.58,0.58,0.004022,0.004022,1.0
site_1197__site_1924,site_1197,site_1924,1,1,1,1.2,0.008775,99.79,2.473888888888889,2.473888888888889,1.2,1.2,0.008775,0.008775,1.0
site_2161__site_2125,site_2161,site_2125,1,1,1,0.36,0.004022,39.88,1.3872222222222221,1.3872222222222221,0.36,0.36,0.004022,0.004022,1.0
site_2166__site_1253,site_2166,site_1253,1,1,1,1.0,0.006,355.4,17.339166666666667,17.339166666666667,1.0,1.0,0.006,0.006,1.0
site_2166__site_1966,site_2166,site_1966,1,1,1,1.2,0.006561,40.61,1.4105555555555556,1.4105555555555556,1.2,1.2,0.006561,0.006561,1.0
site_1197__site_1925,site_1197,site_1925,1,1,1,1.2,0.010179,92.95,1.8641666666666667,1.8641666666666667,1.2,1.2,0.010179,0.010179,1.0
site_1197__site_1928,site_1197,site_1928,1,1,1,2.36,0.01755,96.37,1.8602777777777777,1.8602777777777777,2.36,2.36,0.01755,0.01755,1.0
site_2166__site_1969,site_2166,site_1969,1,1,1,1.0,0.004022,114.97,2.0947222222222224,2.0947222222222224,1.0,1.0,0.004022,0.004022,1.0
site_2166__site_1970,site_2166,site_1970,1,1,1,1.0,0.004374,99.82,1.7127777777777777,1.7127777777777777,1.0,1.0,0.004374,0.004374,1.0
site_2166__site_1971,site_2166,site_1971,1,1,1,1.0,0.004022,156.2,2.2825,2.2825,1.0,1.0,0.004022,0.004022,1.0
site_2166__site_2404,site_2166,site_2404,1,1,1,4.33,0.074304,115.18,2.3444444444444446,2.3444444444444446,4.33,4.33,0.074304,0.074304,1.0
site_2166__site_2405,site_2166,site_2405,1,1,1,1.0,0.006,127.41,2.877222222222222,2.877222222222222,1.0,1.0,0.006,0.006,1.0
site_1201__site_1253,site_1201,site_1253,1,1,1,1.0,0.004022,18.13,2.0566666666666666,2.0566666666666666,1.0,1.0,0.004022,0.004022,1.0
site_2169__site_1985,site_2169,site_1985,1,1,1,0.88,0.009496200000000002,69.0,1.3788888888888888,1.3788888888888888,0.88,0.88,0.009496200000000002,0.009496200000000002,1.0
site_2169__site_2168,site_2169,site_2168,1,1,1,1.0,0.004022,57.0,1.1755555555555555,1.1755555555555555,1.0,1.0,0.004022,0.004022,1.0
site_2169__site_2171,site_2169,site_2171,1,1,1,0.98,0.00923805,14.0,0.3383333333333333,0.3383333333333333,0.98,0.98,0.00923805,0.00923805,1.0
site_2169__site_2172,site_2169,site_2172,1,1,1,1.0,0.004022,11.0,0.5052777777777778,0.5052777777777778,1.0,1.0,0.004022,0.004022,1.0
site_2169__site_2374,site_2169,site_2374,1,1,1,1.0,0.004022,25.0,0.5844444444444444,0.5844444444444444,1.0,1.0,0.004022,0.004022,1.0
site_2170__site_0879,site_2170,site_0879,1,1,1,1.0,0.0042,585.95,12.231111111111112,12.231111111111112,1.0,1.0,0.0042,0.0042,1.0
site_2170__site_1128,site_2170,site_1128,1,1,1,2.35,0.012353,902.59,58.39222222222222,58.39222222222222,2.35,2.35,0.012353,0.012353,1.0
site_2172__site_2170,site_2172,site_2170,1,1,1,2.35,0.012353,12.6,0.4463888888888889,0.4463888888888889,2.35,2.35,0.012353,0.012353,1.0
site_2173__site_2170,site_2173,site_2170,1,1,1,1.0,0.0042,101.63,0.9527777777777777,0.9527777777777777,1.0,1.0,0.0042,0.0042,1.0
site_2175__site_1737,site_2175,site_1737,1,1,1,1.34,0.016464,102.56,1.7725,1.7725,1.34,1.34,0.016464,0.016464,1.0
site_2177__site_2178,site_2177,site_2178,1,1,1,0.33,0.004022,57.0,1.3816666666666666,1.3816666666666666,0.33,0.33,0.004022,0.004022,1.0
site_2182__site_2338,site_2182,site_2338,1,1,1,0.305,0.0051678,54.13,1.0280555555555555,1.0280555555555555,0.305,0.305,0.0051678,0.0051678,1.0
site_1202__site_1602,site_1202,site_1602,1,1,1,1.2,0.008775,528.72,9.194722222222222,9.194722222222222,1.2,1.2,0.008775,0.008775,1.0
site_1209__site_1188,site_1209,site_1188,1,1,1,1.0,0.004875,9.81,2.270277777777778,2.270277777777778,1.0,1.0,0.004875,0.004875,1.0
site_2187__site_2125,site_2187,site_2125,1,1,1,2.86,0.0625107,1190.51,22.54,22.54,2.86,2.86,0.0625107,0.0625107,1.0
site_2187__site_2274,site_2187,site_2274,1,1,1,1.0,0.004875,156.16,2.8072222222222223,2.8072222222222223,1.0,1.0,0.004875,0.004875,1.0
site_2196__site_1794,site_2196,site_1794,1,1,1,0.64,0.004022,785.8,25.34,25.34,0.64,0.64,0.004022,0.004022,1.0
site_2197__site_2212,site_2197,site_2212,1,1,1,0.2,0.004022,33.83,0.6275,0.6275,0.2,0.2,0.004022,0.004022,1.0
site_2204__site_2224,site_2204,site_2224,1,1,1,0.36,0.004022,34.21,0.82,0.82,0.36,0.36,0.004022,0.004022,1.0
site_2209__site_2224,site_2209,site_2224,1,1,1,2.5,0.014,32.37,2.0144444444444445,2.0144444444444445,2.5,2.5,0.014,0.014,1.0
site_2212__site_2198,site_2212,site_2198,1,1,1,2.13,0.01780199,13.04,0.6733333333333333,0.6733333333333333,2.13,2.13,0.01780199,0.01780199,1.0
site_2212__site_2199,site_2212,site_2199,1,1,1,0.395,0.004022,41.04,1.3988888888888888,1.3988888888888888,0.395,0.395,0.004022,0.004022,1.0
site_1209__site_1200,site_1209,site_1200,1,1,1,1.0,0.004022,13.8,0.5236111111111111,0.5236111111111111,1.0,1.0,0.004022,0.004022,1.0
site_2212__site_2211,site_2212,site_2211,1,1,1,4.37,0.06828150999999999,44.54,2.8758333333333335,2.8758333333333335,4.37,4.37,0.06828150999999999,0.06828150999999999,1.0
site_2212__site_2218,site_2212,site_2218,1,1,1,0.29,0.004022,35.79,0.945,0.945,0.29,0.29,0.004022,0.004022,1.0
site_2212__site_2219,site_2212,site_2219,1,1,1,4.7,0.06925305999999999,43.61,0.8863888888888889,0.8863888888888889,4.7,4.7,0.06925305999999999,0.06925305999999999,1.0
site_2212__site_2220,site_2212,site_2220,1,1,1,0.29,0.004022,44.0,0.9752777777777778,0.9752777777777778,0.29,0.29,0.004022,0.004022,1.0
site_2212__site_2221,site_2212,site_2221,1,1,1,0.355,0.004022,43.62,1.4780555555555555,1.4780555555555555,0.355,0.355,0.004022,0.004022,1.0
site_2212__site_2224,site_2212,site_2224,1,1,1,0.2,0.004022,0.6,0.12361111111111112,0.12361111111111112,0.2,0.2,0.004022,0.004022,1.0
site_2212__site_2225,site_2212,site_2225,1,1,1,0.52,0.004022,18.1,0.92,0.92,0.52,0.52,0.004022,0.004022,1.0
site_1209__site_1230,site_1209,site_1230,1,1,1,1.0,0.004875,22.32,2.6625,2.6625,1.0,1.0,0.004875,0.004875,1.0
site_2222__site_1104,site_2222,site_1104,1,1,1,1.0,0.0045,231.75,3.5216666666666665,3.5216666666666665,1.0,1.0,0.0045,0.0045,1.0
site_1209__site_1242,site_1209,site_1242,1,1,1,1.0,0.004022,35.31,1.1511111111111112,1.1511111111111112,1.0,1.0,0.004022,0.004022,1.0
site_2222__site_1269,site_2222,site_1269,1,1,1,0.28,0.004022,327.0,5.671944444444445,5.671944444444445,0.28,0.28,0.004022,0.004022,1.0
site_1209__site_1249,site_1209,site_1249,1,1,1,2.36,0.01989,21.92,0.5786111111111111,0.5786111111111111,2.36,2.36,0.01989,0.01989,1.0
site_2222__site_1948,site_2222,site_1948,1,1,1,0.79,0.0053406,142.79,3.506388888888889,3.506388888888889,0.79,0.79,0.0053406,0.0053406,1.0
site_1209__site_1926,site_1209,site_1926,1,1,1,0.5,0.004022,127.31,6.553055555555556,6.553055555555556,0.5,0.5,0.004022,0.004022,1.0
site_2222__site_2197,site_2222,site_2197,1,1,1,0.65,0.004022,29.52,0.7441666666666666,0.7441666666666666,0.65,0.65,0.004022,0.004022,1.0
site_2222__site_2200,site_2222,site_2200,1,1,1,1.12,0.00940234,43.52,1.1022222222222222,1.1022222222222222,1.12,1.12,0.00940234,0.00940234,1.0
site_2222__site_2201,site_2222,site_2201,1,1,1,0.62,0.004022,28.75,0.9586111111111111,0.9586111111111111,0.62,0.62,0.004022,0.004022,1.0
site_2222__site_2202,site_2222,site_2202,1,1,1,1.0,0.009,28.91,0.7422222222222222,0.7422222222222222,1.0,1.0,0.009,0.009,1.0
site_2222__site_2203,site_2222,site_2203,1,1,1,1.02,0.0097405,36.0,1.7122222222222223,1.7122222222222223,1.02,1.02,0.0097405,0.0097405,1.0
site_2222__site_2206,site_2222,site_2206,1,1,1,1.02,0.00925042,18.01,0.7447222222222222,0.7447222222222222,1.02,1.02,0.00925042,0.00925042,1.0
site_2222__site_2207,site_2222,site_2207,1,1,1,0.455,0.004022,23.07,0.6466666666666666,0.6466666666666666,0.455,0.455,0.004022,0.004022,1.0
site_2222__site_2208,site_2222,site_2208,1,1,1,1.73,0.009465340000000001,20.53,1.281388888888889,1.281388888888889,1.73,1.73,0.009465340000000001,0.009465340000000001,1.0
site_1209__site_2430,site_1209,site_2430,1,1,1,1.0,0.004022,203.5,3.286111111111111,3.286111111111111,1.0,1.0,0.004022,0.004022,1.0
site_2222__site_2210,site_2222,site_2210,1,1,1,0.7,0.0051351999999999995,18.44,0.5472222222222223,0.5472222222222223,0.7,0.7,0.0051351999999999995,0.0051351999999999995,1.0
site_1209__site_2431,site_1209,site_2431,1,1,1,1.0,0.004875,212.81,3.5277777777777777,3.5277777777777777,1.0,1.0,0.004875,0.004875,1.0
site_2222__site_2213,site_2222,site_2213,1,1,1,2.19,0.018513599999999998,42.97,0.7497222222222222,0.7497222222222222,2.19,2.19,0.018513599999999998,0.018513599999999998,1.0
site_2222__site_2214,site_2222,site_2214,1,1,1,0.46,0.004022,19.76,0.6897222222222222,0.6897222222222222,0.46,0.46,0.004022,0.004022,1.0
site_2222__site_2215,site_2222,site_2215,1,1,1,0.46,0.004022,22.88,0.5680555555555555,0.5680555555555555,0.46,0.46,0.004022,0.004022,1.0
site_2222__site_2216,site_2222,site_2216,1,1,1,0.3,0.004022,34.49,1.0502777777777779,1.0502777777777779,0.3,0.3,0.004022,0.004022,1.0
site_1212__site_1197,site_1212,site_1197,1,1,1,0.63,0.004022,58.56,0.9372222222222222,0.9372222222222222,0.63,0.63,0.004022,0.004022,1.0
site_1212__site_1209,site_1212,site_1209,1,1,1,0.3,0.004022,27.01,0.7016666666666667,0.7016666666666667,0.3,0.3,0.004022,0.004022,1.0
site_2222__site_2226,site_2222,site_2226,1,1,1,0.94,0.0089143,38.0,1.2591666666666668,1.2591666666666668,0.94,0.94,0.0089143,0.0089143,1.0
site_2222__site_2258,site_2222,site_2258,1,1,1,1.0,0.006,228.77,3.9291666666666667,3.9291666666666667,1.0,1.0,0.006,0.006,1.0
site_2222__site_2335,site_2222,site_2335,1,1,1,0.32,0.004022,645.2,13.6175,13.6175,0.32,0.32,0.004022,0.004022,1.0
site_1214__site_1233,site_1214,site_1233,1,1,1,2.35,0.012353,7.45,0.24305555555555555,0.24305555555555555,2.35,2.35,0.012353,0.012353,1.0
site_2224__site_0537,site_2224,site_0537,1,1,1,0.5,0.004022,1101.2,21.330555555555556,21.330555555555556,0.5,0.5,0.004022,0.004022,1.0
site_2224__site_2149,site_2224,site_2149,1,1,1,0.1,0.012254969999999999,1336.15,18.2825,18.2825,0.1,0.1,0.012254969999999999,0.012254969999999999,1.0
site_2227__site_2228,site_2227,site_2228,1,1,1,1.23,0.00959616,9.98,1.3727777777777779,1.3727777777777779,1.23,1.23,0.00959616,0.00959616,1.0
site_2231__site_0388,site_2231,site_0388,1,1,1,0.32,0.007589220000000001,55.02,1.0083333333333333,1.0083333333333333,0.32,0.32,0.007589220000000001,0.007589220000000001,1.0
site_2235__site_0388,site_2235,site_0388,1,1,1,2.0,0.0105132,65.81,1.7008333333333334,1.7008333333333334,2.0,2.0,0.0105132,0.0105132,1.0
site_2238__site_1683,site_2238,site_1683,1,1,1,1.0,0.004875,104.0,2.5091666666666668,2.5091666666666668,1.0,1.0,0.004875,0.004875,1.0
site_2238__site_2100,site_2238,site_2100,1,1,1,1.0,0.0048,1797.56,34.545833333333334,34.545833333333334,1.0,1.0,0.0048,0.0048,1.0
site_1219__site_1233,site_1219,site_1233,1,1,1,1.0,0.004022,8.04,0.3338888888888889,0.3338888888888889,1.0,1.0,0.004022,0.004022,1.0
site_2238__site_2237,site_2238,site_2237,1,1,1,1.0,0.004022,46.0,1.043611111111111,1.043611111111111,1.0,1.0,0.004022,0.004022,1.0
site_1221__site_1243,site_1221,site_1243,1,1,1,1.0,0.006,24.27,0.6361111111111111,0.6361111111111111,1.0,1.0,0.006,0.006,1.0
site_1222__site_1243,site_1222,site_1243,1,1,1,0.5,0.0051229399999999994,36.22,0.7713888888888889,0.7713888888888889,0.5,0.5,0.0051229399999999994,0.0051229399999999994,1.0
site_1226__site_1243,site_1226,site_1243,1,1,1,0.83,0.00963544,36.88,0.5097222222222222,0.5097222222222222,0.83,0.83,0.00963544,0.00963544,1.0
site_1233__site_1187,site_1233,site_1187,1,1,1,1.0,0.004022,23.31,0.7577777777777778,0.7577777777777778,1.0,1.0,0.004022,0.004022,1.0
site_1233__site_1197,site_1233,site_1197,1,1,1,1.0,0.004022,29.04,0.7786111111111111,0.7786111111111111,1.0,1.0,0.004022,0.004022,1.0
site_2238__site_2244,site_2238,site_2244,1,1,1,1.0,0.004022,51.0,1.021111111111111,1.021111111111111,1.0,1.0,0.004022,0.004022,1.0
site_1233__site_1213,site_1233,site_1213,1,1,1,1.0,0.004022,13.53,0.45861111111111114,0.45861111111111114,1.0,1.0,0.004022,0.004022,1.0
site_1233__site_1235,site_1233,site_1235,1,1,1,1.3,0.010935,12.25,2.813888888888889,2.813888888888889,1.3,1.3,0.010935,0.010935,1.0
site_1233__site_1236,site_1233,site_1236,1,1,1,1.3,0.010935,14.24,3.3333333333333335,3.3333333333333335,1.3,1.3,0.010935,0.010935,1.0
site_1233__site_1246,site_1233,site_1246,1,1,1,2.5,0.017835,8.12,1.8,1.8,2.5,2.5,0.017835,0.017835,1.0
site_1233__site_1916,site_1233,site_1916,1,1,1,1.0,0.01,76.37,1.398611111111111,1.398611111111111,1.0,1.0,0.01,0.01,1.0
site_2238__site_2451,site_2238,site_2451,1,1,1,1.0,0.006,115.0,2.417222222222222,2.417222222222222,1.0,1.0,0.006,0.006,1.0
site_2238__site_2452,site_2238,site_2452,1,1,1,1.0,0.004022,305.26,5.002777777777778,5.002777777777778,1.0,1.0,0.004022,0.004022,1.0
site_2247__site_1608,site_2247,site_1608,1,1,1,2.0,0.0105132,221.66,3.582222222222222,3.582222222222222,2.0,2.0,0.0105132,0.0105132,1.0
site_2249__site_2250,site_2249,site_2250,1,1,1,1.0,0.004022,15.76,0.5033333333333333,0.5033333333333333,1.0,1.0,0.004022,0.004022,1.0
site_2251__site_2252,site_2251,site_2252,1,1,1,1.05,0.009606360000000001,245.4,11.665833333333333,11.665833333333333,1.05,1.05,0.009606360000000001,0.009606360000000001,1.0
site_2254__site_2255,site_2254,site_2255,1,1,1,1.0,0.004875,15.6,1.6066666666666667,1.6066666666666667,1.0,1.0,0.004875,0.004875,1.0
site_2254__site_2256,site_2254,site_2256,1,1,1,2.0,0.00975,1.36,0.2602777777777778,0.2602777777777778,2.0,2.0,0.00975,0.00975,1.0
site_2256__site_2254,site_2256,site_2254,1,1,1,1.0,0.004875,2.48,0.2013888888888889,0.2013888888888889,1.0,1.0,0.004875,0.004875,1.0
site_1243__site_0362,site_1243,site_0362,1,1,1,0.41,0.004022,125.0,2.4383333333333335,2.4383333333333335,0.41,0.41,0.004022,0.004022,1.0
site_2258__site_2260,site_2258,site_2260,1,1,1,2.21,0.03500974,17.0,0.6341666666666667,0.6341666666666667,2.21,2.21,0.03500974,0.03500974,1.0
site_2262__site_2263,site_2262,site_2263,1,1,1,1.0,0.004022,106.55,1.9536111111111112,1.9536111111111112,1.0,1.0,0.004022,0.004022,1.0
site_2264__site_0440,site_2264,site_0440,1,1,1,1.0,0.0048,9.05,0.1986111111111111,0.1986111111111111,1.0,1.0,0.0048,0.0048,1.0
site_2266__site_2026,site_2266,site_2026,1,1,1,1.0,0.004022,136.69,3.2241666666666666,3.2241666666666666,1.0,1.0,0.004022,0.004022,1.0
site_2266__site_2267,site_2266,site_2267,1,1,1,1.36,0.008775,24.0,0.4583333333333333,0.4583333333333333,1.36,1.36,0.008775,0.008775,1.0
site_2269__site_2268,site_2269,site_2268,1,1,1,1.0,0.00845,6.7,0.29083333333333333,0.29083333333333333,1.0,1.0,0.00845,0.00845,1.0
site_2269__site_2270,site_2269,site_2270,1,1,1,1.0,0.004875,81.0,0.7647222222222222,0.7647222222222222,1.0,1.0,0.004875,0.004875,1.0
site_2269__site_2271,site_2269,site_2271,1,1,1,1.0,0.004022,13.0,0.4041666666666667,0.4041666666666667,1.0,1.0,0.004022,0.004022,1.0
site_1243__site_1881,site_1243,site_1881,1,1,1,2.12,0.0179841,122.45,2.1216666666666666,2.1216666666666666,2.12,2.12,0.0179841,0.0179841,1.0
site_2269__site_2273,site_2269,site_2273,1,1,1,3.87,0.040128,9.2,0.4483333333333333,0.4483333333333333,3.87,3.87,0.040128,0.040128,1.0
site_1243__site_1916,site_1243,site_1916,1,1,1,0.09,0.004022,126.48,1.9469444444444444,1.9469444444444444,0.09,0.09,0.004022,0.004022,1.0
site_2281__site_0926,site_2281,site_0926,1,1,1,0.62,0.004022,182.0,6.336666666666667,6.336666666666667,0.62,0.62,0.004022,0.004022,1.0
site_2281__site_1274,site_2281,site_1274,1,1,1,1.0,0.004374,47.97,1.5886111111111112,1.5886111111111112,1.0,1.0,0.004374,0.004374,1.0
site_2281__site_1275,site_2281,site_1275,1,1,1,1.0,0.004022,64.0,2.1980555555555554,2.1980555555555554,1.0,1.0,0.004022,0.004022,1.0
site_2281__site_1408,site_2281,site_1408,1,1,1,1.86,0.0169,108.0,1.8716666666666666,1.8716666666666666,1.86,1.86,0.0169,0.0169,1.0
site_2281__site_1760,site_2281,site_1760,1,1,1,0.6,0.004022,166.23,2.703888888888889,2.703888888888889,0.6,0.6,0.004022,0.004022,1.0
site_1243__site_2125,site_1243,site_2125,1,1,1,0.46,0.00660784,1406.99,19.219166666666666,19.219166666666666,0.46,0.46,0.00660784,0.00660784,1.0
site_1250__site_1253,site_1250,site_1253,1,1,1,1.0,0.004022,16.5,0.555,0.555,1.0,1.0,0.004022,0.004022,1.0
site_2281__site_2277,site_2281,site_2277,1,1,1,1.0,0.004022,38.92,1.9113888888888888,1.9113888888888888,1.0,1.0,0.004022,0.004022,1.0
site_2281__site_2279,site_2281,site_2279,1,1,1,1.2,0.010935,34.64,3.535833333333333,3.535833333333333,1.2,1.2,0.010935,0.010935,1.0
site_2281__site_2280,site_2281,site_2280,1,1,1,4.22,0.0500094,38.31,0.73,0.73,4.22,4.22,0.0500094,0.0500094,1.0
site_2281__site_2282,site_2281,site_2282,1,1,1,0.91,0.00845,40.74,1.5322222222222222,1.5322222222222222,0.91,0.91,0.00845,0.00845,1.0
site_2281__site_2283,site_2281,site_2283,1,1,1,1.0,0.004022,29.97,1.8091666666666666,1.8091666666666666,1.0,1.0,0.004022,0.004022,1.0
site_2281__site_2284,site_2281,site_2284,1,1,1,2.22,0.004875,40.19,4.116666666666666,4.116666666666666,2.22,2.22,0.004875,0.004875,1.0
site_2281__site_2285,site_2281,site_2285,1,1,1,1.0,0.004875,36.16,6.439166666666667,6.439166666666667,1.0,1.0,0.004875,0.004875,1.0
site_1253__site_0482,site_1253,site_0482,1,1,1,0.83,0.00945,42.69,1.23,1.23,0.83,0.83,0.00945,0.00945,1.0
site_1253__site_0669,site_1253,site_0669,1,1,1,2.52,0.03607295,2150.13,31.92388888888889,31.92388888888889,2.52,2.52,0.03607295,0.03607295,1.0
site_2281__site_2288,site_2281,site_2288,1,1,1,1.0,0.004875,44.45,7.463888888888889,7.463888888888889,1.0,1.0,0.004875,0.004875,1.0
site_2281__site_2289,site_2281,site_2289,1,1,1,0.35,0.004022,29.69,1.083611111111111,1.083611111111111,0.35,0.35,0.004022,0.004022,1.0
site_1253__site_0824,site_1253,site_0824,1,1,1,0.46,0.004022,640.87,10.374444444444444,10.374444444444444,0.46,0.46,0.004022,0.004022,1.0
site_1253__site_1209,site_1253,site_1209,1,1,1,1.88,0.01305,36.36,1.3766666666666667,1.3766666666666667,1.88,1.88,0.01305,0.01305,1.0
site_2281__site_2292,site_2281,site_2292,1,1,1,2.36,0.01755,26.0,4.559722222222222,4.559722222222222,2.36,2.36,0.01755,0.01755,1.0
site_2281__site_2293,site_2281,site_2293,1,1,1,0.63,0.004022,20.0,0.7102777777777778,0.7102777777777778,0.63,0.63,0.004022,0.004022,1.0
site_1253__site_1233,site_1253,site_1233,1,1,1,0.4,0.004022,33.74,0.8733333333333333,0.8733333333333333,0.4,0.4,0.004022,0.004022,1.0
site_2281__site_2440,site_2281,site_2440,1,1,1,1.0,0.004022,152.53,4.474722222222222,4.474722222222222,1.0,1.0,0.004022,0.004022,1.0
site_2288__site_2278,site_2288,site_2278,1,1,1,0.76,0.004022,45.57,2.401111111111111,2.401111111111111,0.76,0.76,0.004022,0.004022,1.0
site_2291__site_1274,site_2291,site_1274,1,1,1,2.24,0.033116690000000004,43.07,4.9752777777777775,4.9752777777777775,2.24,2.24,0.033116690000000004,0.033116690000000004,1.0
site_1253__site_2149,site_1253,site_2149,1,1,1,0.34,0.004186560000000001,1445.06,22.883055555555554,22.883055555555554,0.34,0.34,0.004186560000000001,0.004186560000000001,1.0
site_2294__site_2187,site_2294,site_2187,1,1,1,0.03,0.004247470000000001,203.83,3.7725,3.7725,0.03,0.03,0.004247470000000001,0.004247470000000001,1.0
site_2295__site_2296,site_2295,site_2296,1,1,1,1.0,0.006,40.0,1.3897222222222223,1.3897222222222223,1.0,1.0,0.006,0.006,1.0
site_1257__site_1411,site_1257,site_1411,1,1,1,0.07,0.004022,100.29,15.771944444444445,15.771944444444445,0.07,0.07,0.004022,0.004022,1.0
site_2298__site_2446,site_2298,site_2446,1,1,1,1.2,0.005,30.92,0.9438888888888889,0.9438888888888889,1.2,1.2,0.005,0.005,1.0
site_2298__site_2447,site_2298,site_2447,1,1,1,0.39,0.004022,28.0,1.096111111111111,1.096111111111111,0.39,0.39,0.004022,0.004022,1.0
site_2301__site_1071,site_2301,site_1071,1,1,1,1.0,0.006,18.24,0.7213888888888889,0.7213888888888889,1.0,1.0,0.006,0.006,1.0
site_2304__site_2310,site_2304,site_2310,1,1,1,1.0,0.004022,50.17,1.1444444444444444,1.1444444444444444,1.0,1.0,0.004022,0.004022,1.0
site_2305__site_2310,site_2305,site_2310,1,1,1,1.9,0.0216,29.9,0.7458333333333333,0.7458333333333333,1.9,1.9,0.0216,0.0216,1.0
site_2310__site_0669,site_2310,site_0669,1,1,1,1.0,0.004022,1814.24,30.853055555555557,30.853055555555557,1.0,1.0,0.004022,0.004022,1.0
site_2310__site_2311,site_2310,site_2311,1,1,1,2.34,0.03348,5.87,0.37916666666666665,0.37916666666666665,2.34,2.34,0.03348,0.03348,1.0
site_2311__site_0002,site_2311,site_0002,1,1,1,0.32,0.004022,300.29,3.1008333333333336,3.1008333333333336,0.32,0.32,0.004022,0.004022,1.0
site_2311__site_2303,site_2311,site_2303,1,1,1,0.58,0.004022,40.89,0.9775,0.9775,0.58,0.58,0.004022,0.004022,1.0
site_2311__site_2305,site_2311,site_2305,1,1,1,1.0,0.004875,31.15,0.8777777777777778,0.8777777777777778,1.0,1.0,0.004875,0.004875,1.0
site_2311__site_2306,site_2311,site_2306,1,1,1,1.2,0.009225,22.88,1.4205555555555556,1.4205555555555556,1.2,1.2,0.009225,0.009225,1.0
site_2311__site_2307,site_2311,site_2307,1,1,1,1.0,0.004875,51.42,1.1688888888888889,1.1688888888888889,1.0,1.0,0.004875,0.004875,1.0
site_2311__site_2308,site_2311,site_2308,1,1,1,1.0,0.004022,32.02,0.76,0.76,1.0,1.0,0.004022,0.004022,1.0
site_2311__site_2309,site_2311,site_2309,1,1,1,1.0,0.006,45.0,1.0894444444444444,1.0894444444444444,1.0,1.0,0.006,0.006,1.0
site_2311__site_2312,site_2311,site_2312,1,1,1,1.0,0.004875,35.54,0.9927777777777778,0.9927777777777778,1.0,1.0,0.004875,0.004875,1.0
site_1258__site_0374,site_1258,site_0374,1,1,1,0.1,0.004022,611.24,16.391944444444444,16.391944444444444,0.1,0.1,0.004022,0.004022,1.0
site_1258__site_1783,site_1258,site_1783,1,1,1,0.32,0.004022,525.98,8.311111111111112,8.311111111111112,0.32,0.32,0.004022,0.004022,1.0
site_2311__site_2315,site_2311,site_2315,1,1,1,1.0,0.004875,52.72,1.1608333333333334,1.1608333333333334,1.0,1.0,0.004875,0.004875,1.0
site_1258__site_1980,site_1258,site_1980,1,1,1,2.73,0.03348,474.95,7.151666666666666,7.151666666666666,2.73,2.73,0.03348,0.03348,1.0
site_2311__site_2318,site_2311,site_2318,1,1,1,1.2,0.010935,17.78,1.2647222222222223,1.2647222222222223,1.2,1.2,0.010935,0.010935,1.0
site_2311__site_2320,site_2311,site_2320,1,1,1,1.0,0.00625,242.09,7.529444444444445,7.529444444444445,1.0,1.0,0.00625,0.00625,1.0
site_1258__site_1992,site_1258,site_1992,1,1,1,0.53,0.004022,688.08,11.058055555555555,11.058055555555555,0.53,0.53,0.004022,0.004022,1.0
site_2319__site_2310,site_2319,site_2310,1,1,1,0.525,0.00515025,46.39,0.7455555555555555,0.7455555555555555,0.525,0.525,0.00515025,0.00515025,1.0
site_2328__site_0388,site_2328,site_0388,1,1,1,0.43,0.004022,45.45,1.0877777777777777,1.0877777777777777,0.43,0.43,0.004022,0.004022,1.0
site_2335__site_2021,site_2335,site_2021,1,1,1,0.9,0.008775,96.18,2.181388888888889,2.181388888888889,0.9,0.9,0.008775,0.008775,1.0
site_2335__site_2022,site_2335,site_2022,1,1,1,1.0,0.009973600000000001,82.56,1.8855555555555557,1.8855555555555557,1.0,1.0,0.009973600000000001,0.009973600000000001,1.0
site_2335__site_2334,site_2335,site_2334,1,1,1,0.32,0.004022,19.56,1.015,1.015,0.32,0.32,0.004022,0.004022,1.0
site_2335__site_2336,site_2335,site_2336,1,1,1,1.47,0.014558459999999999,19.05,0.9069444444444444,0.9069444444444444,1.47,1.47,0.014558459999999999,0.014558459999999999,1.0
site_2338__site_2337,site_2338,site_2337,1,1,1,0.44,0.004875,18.03,7.435,7.435,0.44,0.44,0.004875,0.004875,1.0
site_2338__site_2339,site_2338,site_2339,1,1,1,0.62,0.004022,18.86,2.678611111111111,2.678611111111111,0.62,0.62,0.004022,0.004022,1.0
site_2338__site_2340,site_2338,site_2340,1,1,1,1.2,0.010935,16.34,2.4161111111111113,2.4161111111111113,1.2,1.2,0.010935,0.010935,1.0
site_2342__site_2354,site_2342,site_2354,1,1,1,2.0,0.0072,63.39,1.0308333333333333,1.0308333333333333,2.0,2.0,0.0072,0.0072,1.0
site_2347__site_2354,site_2347,site_2354,1,1,1,1.0,0.006,61.14,1.7508333333333332,1.7508333333333332,1.0,1.0,0.006,0.006,1.0
site_1259__site_0490,site_1259,site_0490,1,1,1,1.0,0.004022,51.0,1.4344444444444444,1.4344444444444444,1.0,1.0,0.004022,0.004022,1.0
site_1259__site_1261,site_1259,site_1261,1,1,1,0.1,0.0076,96.0,1.9958333333333333,1.9958333333333333,0.1,0.1,0.0076,0.0076,1.0
site_1259__site_1264,site_1259,site_1264,1,1,1,1.2,0.010935,59.0,1.0622222222222222,1.0622222222222222,1.2,1.2,0.010935,0.010935,1.0
site_2348__site_0711,site_2348,site_0711,1,1,1,1.0,0.004875,45.74,1.7155555555555555,1.7155555555555555,1.0,1.0,0.004875,0.004875,1.0
site_1259__site_1265,site_1259,site_1265,1,1,1,1.0,0.004022,58.0,2.35,2.35,1.0,1.0,0.004022,0.004022,1.0
site_1259__site_1267,site_1259,site_1267,1,1,1,0.85,0.0045,93.0,3.077777777777778,3.077777777777778,0.85,0.85,0.0045,0.0045,1.0
site_2348__site_0714,site_2348,site_0714,1,1,1,2.0,0.00975,35.98,1.1866666666666668,1.1866666666666668,2.0,2.0,0.00975,0.00975,1.0
site_1259__site_1268,site_1259,site_1268,1,1,1,1.2,0.009225,1.0,0.15388888888888888,0.15388888888888888,1.2,1.2,0.009225,0.009225,1.0
site_1259__site_1277,site_1259,site_1277,1,1,1,1.0,0.004022,222.0,5.644722222222223,5.644722222222223,1.0,1.0,0.004022,0.004022,1.0
site_2348__site_0717,site_2348,site_0717,1,1,1,1.0,0.004022,27.77,1.906111111111111,1.906111111111111,1.0,1.0,0.004022,0.004022,1.0
site_1265__site_1268,site_1265,site_1268,1,1,1,1.0,0.004022,58.0,0.7763888888888889,0.7763888888888889,1.0,1.0,0.004022,0.004022,1.0
site_2348__site_0719,site_2348,site_0719,1,1,1,0.3,0.004022,73.91,1.3766666666666667,1.3766666666666667,0.3,0.3,0.004022,0.004022,1.0
site_1268__site_0191,site_1268,site_0191,1,1,1,1.0,0.004022,1238.67,17.96638888888889,17.96638888888889,1.0,1.0,0.004022,0.004022,1.0
site_1269__site_1270,site_1269,site_1270,1,1,1,0.28,0.004022,14.01,0.4930555555555556,0.4930555555555556,0.28,0.28,0.004022,0.004022,1.0
site_1269__site_1613,site_1269,site_1613,1,1,1,0.33,0.004022,152.0,2.321388888888889,2.321388888888889,0.33,0.33,0.004022,0.004022,1.0
site_1282__site_1441,site_1282,site_1441,1,1,1,1.0,0.004356,28.98,1.3005555555555555,1.3005555555555555,1.0,1.0,0.004356,0.004356,1.0
site_1289__site_1287,site_1289,site_1287,1,1,1,2.0,0.00975,12.77,0.3761111111111111,0.3761111111111111,2.0,2.0,0.00975,0.00975,1.0
site_1289__site_1294,site_1289,site_1294,1,1,1,7.74,0.0648,24.12,0.7030555555555555,0.7030555555555555,7.74,7.74,0.0648,0.0648,1.0
site_1289__site_2354,site_1289,site_2354,1,1,1,1.0,0.0052566,377.03,5.803055555555556,5.803055555555556,1.0,1.0,0.0052566,0.0052566,1.0
site_1295__site_1289,site_1295,site_1289,1,1,1,2.4,0.018,17.85,0.5294444444444445,0.5294444444444445,2.4,2.4,0.018,0.018,1.0
site_1297__site_1128,site_1297,site_1128,1,1,1,2.2,0.027608,35.44,1.1616666666666666,1.1616666666666666,2.2,2.2,0.027608,0.027608,1.0
site_1304__site_0374,site_1304,site_0374,1,1,1,1.0,0.004022,284.12,4.920833333333333,4.920833333333333,1.0,1.0,0.004022,0.004022,1.0
site_1304__site_1302,site_1304,site_1302,1,1,1,1.0,0.004022,31.9,0.8288888888888889,0.8288888888888889,1.0,1.0,0.004022,0.004022,1.0
site_2348__site_0731,site_2348,site_0731,1,1,1,3.87,0.036864,30.7,1.0788888888888888,1.0788888888888888,3.87,3.87,0.036864,0.036864,1.0
site_1304__site_1742,site_1304,site_1742,1,1,1,0.5,0.004022,112.62,2.3008333333333333,2.3008333333333333,0.5,0.5,0.004022,0.004022,1.0
site_1304__site_1762,site_1304,site_1762,1,1,1,1.0,0.004875,51.0,1.5066666666666666,1.5066666666666666,1.0,1.0,0.004875,0.004875,1.0
site_1304__site_1763,site_1304,site_1763,1,1,1,1.0,0.004022,65.0,4.3822222222222225,4.3822222222222225,1.0,1.0,0.004022,0.004022,1.0
site_1304__site_1764,site_1304,site_1764,1,1,1,1.0,0.004022,46.28,1.64,1.64,1.0,1.0,0.004022,0.004022,1.0
site_1304__site_1765,site_1304,site_1765,1,1,1,1.2,0.009477,58.1,4.7575,4.7575,1.2,1.2,0.009477,0.009477,1.0
site_1304__site_1767,site_1304,site_1767,1,1,1,2.0,0.008044,43.94,1.4322222222222223,1.4322222222222223,2.0,2.0,0.008044,0.008044,1.0
site_1304__site_1768,site_1304,site_1768,1,1,1,1.2,0.010935,32.44,0.6572222222222223,0.6572222222222223,1.2,1.2,0.010935,0.010935,1.0
site_2348__site_0739,site_2348,site_0739,1,1,1,3.8,0.0324,57.39,1.4319444444444445,1.4319444444444445,3.8,3.8,0.0324,0.0324,1.0
site_1304__site_1769,site_1304,site_1769,1,1,1,1.0,0.004022,45.0,3.1991666666666667,3.1991666666666667,1.0,1.0,0.004022,0.004022,1.0
site_1304__site_1770,site_1304,site_1770,1,1,1,1.0,0.004022,33.53,1.4105555555555556,1.4105555555555556,1.0,1.0,0.004022,0.004022,1.0
site_1304__site_1771,site_1304,site_1771,1,1,1,1.0,0.004022,42.45,9.968333333333334,9.968333333333334,1.0,1.0,0.004022,0.004022,1.0
site_1304__site_1774,site_1304,site_1774,1,1,1,0.58,0.004022,67.1,1.3347222222222221,1.3347222222222221,0.58,0.58,0.004022,0.004022,1.0
site_1304__site_1775,site_1304,site_1775,1,1,1,1.0,0.004022,64.0,9.25611111111111,9.25611111111111,1.0,1.0,0.004022,0.004022,1.0
site_2348__site_0745,site_2348,site_0745,1,1,1,1.2,0.008775,19.33,1.1741666666666666,1.1741666666666666,1.2,1.2,0.008775,0.008775,1.0
site_1304__site_1778,site_1304,site_1778,1,1,1,1.0,0.004875,52.0,5.270555555555555,5.270555555555555,1.0,1.0,0.004875,0.004875,1.0
site_1304__site_1780,site_1304,site_1780,1,1,1,0.29,0.004022,42.0,1.06,1.06,0.29,0.29,0.004022,0.004022,1.0
site_1304__site_1795,site_1304,site_1795,1,1,1,1.0,0.004022,113.73,2.0658333333333334,2.0658333333333334,1.0,1.0,0.004022,0.004022,1.0
site_1304__site_2085,site_1304,site_2085,1,1,1,1.5,0.010935,106.8,4.895555555555555,4.895555555555555,1.5,1.5,0.010935,0.010935,1.0
site_1304__site_2269,site_1304,site_2269,1,1,1,1.0,0.004875,227.91,3.647222222222222,3.647222222222222,1.0,1.0,0.004875,0.004875,1.0
site_1306__site_1501,site_1306,site_1501,1,1,1,0.5,0.004022,112.0,1.926111111111111,1.926111111111111,0.5,0.5,0.004022,0.004022,1.0
site_1310__site_1311,site_1310,site_1311,1,1,1,0.3,0.004022,29.24,0.9133333333333333,0.9133333333333333,0.3,0.3,0.004022,0.004022,1.0
site_1311__site_1253,site_1311,site_1253,1,1,1,0.34,0.004186560000000001,160.0,4.079166666666667,4.079166666666667,0.34,0.34,0.004186560000000001,0.004186560000000001,1.0
site_1311__site_1308,site_1311,site_1308,1,1,1,1.12,0.009477,38.27,1.3405555555555555,1.3405555555555555,1.12,1.12,0.009477,0.009477,1.0
site_1311__site_1309,site_1311,site_1309,1,1,1,1.0,0.004022,36.27,1.9375,1.9375,1.0,1.0,0.004022,0.004022,1.0
site_1311__site_1310,site_1311,site_1310,1,1,1,1.0,0.006,30.66,0.8808333333333334,0.8808333333333334,1.0,1.0,0.006,0.006,1.0
site_1311__site_1313,site_1311,site_1313,1,1,1,2.36,0.01755,19.03,4.035,4.035,2.36,2.36,0.01755,0.01755,1.0
site_1311__site_1314,site_1311,site_1314,1,1,1,1.2,0.010935,37.45,1.5908333333333333,1.5908333333333333,1.2,1.2,0.010935,0.010935,1.0
site_1311__site_1317,site_1311,site_1317,1,1,1,1.2,0.008775,35.14,1.0402777777777779,1.0402777777777779,1.2,1.2,0.008775,0.008775,1.0
site_1311__site_1318,site_1311,site_1318,1,1,1,1.0,0.004022,32.76,1.2166666666666666,1.2166666666666666,1.0,1.0,0.004022,0.004022,1.0
site_1311__site_1321,site_1311,site_1321,1,1,1,1.2,0.010935,20.6,1.0425,1.0425,1.2,1.2,0.010935,0.010935,1.0
site_1311__site_1322,site_1311,site_1322,1,1,1,1.0,0.004022,39.52,1.6655555555555555,1.6655555555555555,1.0,1.0,0.004022,0.004022,1.0
site_1311__site_1324,site_1311,site_1324,1,1,1,2.36,0.01989,35.23,0.9755555555555555,0.9755555555555555,2.36,2.36,0.01989,0.01989,1.0
site_2348__site_0764,site_2348,site_0764,1,1,1,1.0,0.004875,50.17,1.2261111111111112,1.2261111111111112,1.0,1.0,0.004875,0.004875,1.0
site_1311__site_1325,site_1311,site_1325,1,1,1,1.0,0.004022,35.06,3.818888888888889,3.818888888888889,1.0,1.0,0.004022,0.004022,1.0
site_2348__site_0766,site_2348,site_0766,1,1,1,1.0,0.004022,22.84,0.9472222222222222,0.9472222222222222,1.0,1.0,0.004022,0.004022,1.0
site_2348__site_0767,site_2348,site_0767,1,1,1,0.4,0.004022,63.37,1.5572222222222223,1.5572222222222223,0.4,0.4,0.004022,0.004022,1.0
site_1311__site_1402,site_1311,site_1402,1,1,1,0.05,0.004022,259.35,6.447777777777778,6.447777777777778,0.05,0.05,0.004022,0.004022,1.0
site_1311__site_1696,site_1311,site_1696,1,1,1,0.5,0.004022,105.58,2.006388888888889,2.006388888888889,0.5,0.5,0.004022,0.004022,1.0
site_1311__site_1873,site_1311,site_1873,1,1,1,0.33,0.004022,76.26,1.6241666666666668,1.6241666666666668,0.33,0.33,0.004022,0.004022,1.0
site_1311__site_1893,site_1311,site_1893,1,1,1,0.3,0.004022,90.46,1.5752777777777778,1.5752777777777778,0.3,0.3,0.004022,0.004022,1.0
site_1311__site_1921,site_1311,site_1921,1,1,1,0.38,0.004022,79.73,1.9036111111111111,1.9036111111111111,0.38,0.38,0.004022,0.004022,1.0
site_1332__site_1071,site_1332,site_1071,1,1,1,2.6,0.0105,70.34,1.1502777777777777,1.1502777777777777,2.6,2.6,0.0105,0.0105,1.0
site_1336__site_1369,site_1336,site_1369,1,1,1,1.0,0.004022,34.69,0.7383333333333333,0.7383333333333333,1.0,1.0,0.004022,0.004022,1.0
site_1340__site_1369,site_1340,site_1369,1,1,1,2.0,0.0105,30.9,0.9208333333333333,0.9208333333333333,2.0,2.0,0.0105,0.0105,1.0
site_2348__site_1972,site_2348,site_1972,1,1,1,2.4,0.01755,99.2,2.0708333333333333,2.0708333333333333,2.4,2.4,0.01755,0.01755,1.0
site_1345__site_1369,site_1345,site_1369,1,1,1,1.0,0.004022,41.32,1.2719444444444445,1.2719444444444445,1.0,1.0,0.004022,0.004022,1.0
site_2348__site_1974,site_2348,site_1974,1,1,1,1.2,0.010935,102.02,1.5852777777777778,1.5852777777777778,1.2,1.2,0.010935,0.010935,1.0
site_2348__site_1975,site_2348,site_1975,1,1,1,1.0,0.004022,98.87,1.6547222222222222,1.6547222222222222,1.0,1.0,0.004022,0.004022,1.0
site_1347__site_1369,site_1347,site_1369,1,1,1,0.85,0.009808639999999999,50.06,0.5141666666666667,0.5141666666666667,0.85,0.85,0.009808639999999999,0.009808639999999999,1.0
site_1349__site_1369,site_1349,site_1369,1,1,1,5.0,0.067252,47.21,1.9183333333333332,1.9183333333333332,5.0,5.0,0.067252,0.067252,1.0
site_1350__site_0505,site_1350,site_0505,1,1,1,0.32,0.004022,209.09,4.994166666666667,4.994166666666667,0.32,0.32,0.004022,0.004022,1.0
site_2348__site_2343,site_2348,site_2343,1,1,1,1.0,0.004374,77.44,2.036111111111111,2.036111111111111,1.0,1.0,0.004374,0.004374,1.0
site_1350__site_1138,site_1350,site_1138,1,1,1,1.0,0.004875,340.0,7.830277777777778,7.830277777777778,1.0,1.0,0.004875,0.004875,1.0
site_1350__site_1255,site_1350,site_1255,1,1,1,1.2,0.010935,33.21,1.6866666666666668,1.6866666666666668,1.2,1.2,0.010935,0.010935,1.0
site_2348__site_2346,site_2348,site_2346,1,1,1,1.2,0.010179,108.84,2.254166666666667,2.254166666666667,1.2,1.2,0.010179,0.010179,1.0
site_2348__site_2347,site_2348,site_2347,1,1,1,1.2,0.008775,57.92,1.2369444444444444,1.2369444444444444,1.2,1.2,0.008775,0.008775,1.0
site_2348__site_2349,site_2348,site_2349,1,1,1,1.0,0.006,84.25,1.6144444444444443,1.6144444444444443,1.0,1.0,0.006,0.006,1.0
site_1350__site_1337,site_1350,site_1337,1,1,1,1.0,0.004022,44.0,1.5747222222222221,1.5747222222222221,1.0,1.0,0.004022,0.004022,1.0
site_1350__site_1339,site_1350,site_1339,1,1,1,1.2,0.010935,39.58,0.9925,0.9925,1.2,1.2,0.010935,0.010935,1.0
site_1350__site_1341,site_1350,site_1341,1,1,1,1.2,0.010935,23.33,0.5905555555555555,0.5905555555555555,1.2,1.2,0.010935,0.010935,1.0
site_1350__site_1346,site_1350,site_1346,1,1,1,1.2,0.010935,20.3,0.6766666666666666,0.6766666666666666,1.2,1.2,0.010935,0.010935,1.0
site_1350__site_1347,site_1350,site_1347,1,1,1,0.91,0.00974848,29.86,0.9436111111111111,0.9436111111111111,0.91,0.91,0.00974848,0.00974848,1.0
site_1350__site_1358,site_1350,site_1358,1,1,1,1.2,0.010935,25.0,0.5322222222222223,0.5322222222222223,1.2,1.2,0.010935,0.010935,1.0
site_2348__site_2436,site_2348,site_2436,1,1,1,2.3,0.01910784,76.61,1.643888888888889,1.643888888888889,2.3,2.3,0.01910784,0.01910784,1.0
site_0002__site_2316,site_0002,site_2316,1,1,1,0.32,0.004022,8.46,1.0627777777777778,1.0627777777777778,0.32,0.32,0.004022,0.004022,1.0
site_2348__site_2438,site_2348,site_2438,1,1,1,2.5,0.01755,62.16,1.4408333333333334,1.4408333333333334,2.5,2.5,0.01755,0.01755,1.0
site_2349__site_2354,site_2349,site_2354,1,1,1,1.0,0.006,82.93,1.7141666666666666,1.7141666666666666,1.0,1.0,0.006,0.006,1.0
site_2352__site_2354,site_2352,site_2354,1,1,1,1.3,0.008,61.72,1.7408333333333332,1.7408333333333332,1.3,1.3,0.008,0.008,1.0
site_0010__site_1787,site_0010,site_1787,1,1,1,1.05,0.01279652,292.4,4.7347222222222225,4.7347222222222225,1.05,1.05,0.01279652,0.01279652,1.0
site_2354__site_0786,site_2354,site_0786,1,1,1,1.0,0.0048,252.02,4.951666666666667,4.951666666666667,1.0,1.0,0.0048,0.0048,1.0
site_1350__site_1362,site_1350,site_1362,1,1,1,1.0,0.004875,30.2,1.3130555555555556,1.3130555555555556,1.0,1.0,0.004875,0.004875,1.0
site_2357__site_0503,site_2357,site_0503,1,1,1,0.33,0.004022,443.03,8.5725,8.5725,0.33,0.33,0.004022,0.004022,1.0
site_2357__site_0504,site_2357,site_0504,1,1,1,0.35,0.004022,457.62,10.417222222222222,10.417222222222222,0.35,0.35,0.004022,0.004022,1.0
site_2357__site_0885,site_2357,site_0885,1,1,1,1.0,0.004022,128.5,2.2422222222222223,2.2422222222222223,1.0,1.0,0.004022,0.004022,1.0
site_2357__site_0886,site_2357,site_0886,1,1,1,2.36,0.01755,130.81,2.0477777777777777,2.0477777777777777,2.36,2.36,0.01755,0.01755,1.0
site_2357__site_0887,site_2357,site_0887,1,1,1,0.37,0.004022,127.91,2.4116666666666666,2.4116666666666666,0.37,0.37,0.004022,0.004022,1.0
site_2357__site_0888,site_2357,site_0888,1,1,1,1.36,0.008775,130.96,1.9130555555555555,1.9130555555555555,1.36,1.36,0.008775,0.008775,1.0
site_2357__site_0889,site_2357,site_0889,1,1,1,1.0,0.004022,127.0,2.007222222222222,2.007222222222222,1.0,1.0,0.004022,0.004022,1.0
site_2357__site_0931,site_2357,site_0931,1,1,1,2.36,0.01755,190.04,3.1580555555555554,3.1580555555555554,2.36,2.36,0.01755,0.01755,1.0
site_2357__site_1271,site_2357,site_1271,1,1,1,1.5,0.00845,439.93,9.913611111111111,9.913611111111111,1.5,1.5,0.00845,0.00845,1.0
site_2357__site_1272,site_2357,site_1272,1,1,1,0.46,0.004022,433.91,9.512777777777778,9.512777777777778,0.46,0.46,0.004022,0.004022,1.0
site_2357__site_1273,site_2357,site_1273,1,1,1,3.87,0.0324,433.92,9.684722222222222,9.684722222222222,3.87,3.87,0.0324,0.0324,1.0
site_2357__site_1599,site_2357,site_1599,1,1,1,1.0,0.004022,179.9,2.4719444444444445,2.4719444444444445,1.0,1.0,0.004022,0.004022,1.0
site_2357__site_2008,site_2357,site_2008,1,1,1,0.5,0.004022,382.57,6.821111111111111,6.821111111111111,0.5,0.5,0.004022,0.004022,1.0
site_2357__site_2355,site_2357,site_2355,1,1,1,1.0,0.009225,29.62,1.7794444444444444,1.7794444444444444,1.0,1.0,0.009225,0.009225,1.0
site_0012__site_0775,site_0012,site_0775,1,1,1,1.6,0.009225,160.15,2.4644444444444447,2.4644444444444447,1.6,1.6,0.009225,0.009225,1.0
site_2357__site_2358,site_2357,site_2358,1,1,1,1.0,0.004022,34.53,1.1652777777777779,1.1652777777777779,1.0,1.0,0.004022,0.004022,1.0
site_2357__site_2359,site_2357,site_2359,1,1,1,1.3,0.006,59.93,1.2077777777777778,1.2077777777777778,1.3,1.3,0.006,0.006,1.0
site_2357__site_2361,site_2357,site_2361,1,1,1,2.36,0.01755,68.84,1.201111111111111,1.201111111111111,2.36,2.36,0.01755,0.01755,1.0
site_1350__site_1366,site_1350,site_1366,1,1,1,1.0,0.004875,28.27,1.5116666666666667,1.5116666666666667,1.0,1.0,0.004875,0.004875,1.0
site_2357__site_2363,site_2357,site_2363,1,1,1,2.62,0.018,33.68,1.1805555555555556,1.1805555555555556,2.62,2.62,0.018,0.018,1.0
site_1350__site_1367,site_1350,site_1367,1,1,1,0.86,0.00965034,25.0,0.7338888888888889,0.7338888888888889,0.86,0.86,0.00965034,0.00965034,1.0
site_2357__site_2366,site_2357,site_2366,1,1,1,1.0,0.006,34.94,1.3191666666666666,1.3191666666666666,1.0,1.0,0.006,0.006,1.0
site_0020__site_0191,site_0020,site_0191,1,1,1,1.0,0.004022,28.02,0.9841666666666666,0.9841666666666666,1.0,1.0,0.004022,0.004022,1.0
site_1350__site_1373,site_1350,site_1373,1,1,1,1.26,0.0070593800000000005,22.29,0.5169444444444444,0.5169444444444444,1.26,1.26,0.0070593800000000005,0.0070593800000000005,1.0
site_1350__site_1374,site_1350,site_1374,1,1,1,1.0,0.004875,6.81,0.455,0.455,1.0,1.0,0.004875,0.004875,1.0
site_2425__site_1992,site_2425,site_1992,1,1,1,1.0,0.004875,224.4,3.941666666666667,3.941666666666667,1.0,1.0,0.004875,0.004875,1.0
site_2357__site_2373,site_2357,site_2373,1,1,1,0.35,0.004022,33.25,1.2497222222222222,1.2497222222222222,0.35,0.35,0.004022,0.004022,1.0
site_2360__site_2371,site_2360,site_2371,1,1,1,2.62,0.018,26.07,0.6222222222222222,0.6222222222222222,2.62,2.62,0.018,0.018,1.0
site_2362__site_2371,site_2362,site_2371,1,1,1,0.35,0.004022,36.67,1.6666666666666667,1.6666666666666667,0.35,0.35,0.004022,0.004022,1.0
site_2365__site_2371,site_2365,site_2371,1,1,1,1.0,0.004022,52.08,0.68,0.68,1.0,1.0,0.004022,0.004022,1.0
site_2367__site_2371,site_2367,site_2371,1,1,1,1.05,0.00921816,49.11,1.7036111111111112,1.7036111111111112,1.05,1.05,0.00921816,0.00921816,1.0
site_2368__site_2371,site_2368,site_2371,1,1,1,0.89,0.0081,57.82,1.4358333333333333,1.4358333333333333,0.89,0.89,0.0081,0.0081,1.0
site_2371__site_2149,site_2371,site_2149,1,1,1,1.05,0.00921816,2029.42,26.55,26.55,1.05,1.05,0.00921816,0.00921816,1.0
site_2425__site_1998,site_2425,site_1998,1,1,1,0.3,0.004022,133.0,2.354722222222222,2.354722222222222,0.3,0.3,0.004022,0.004022,1.0
site_2425__site_2417,site_2425,site_2417,1,1,1,1.0,0.00945,46.0,3.338611111111111,3.338611111111111,1.0,1.0,0.00945,0.00945,1.0
site_2425__site_2418,site_2425,site_2418,1,1,1,1.0,0.004875,53.0,7.501111111111111,7.501111111111111,1.0,1.0,0.004875,0.004875,1.0
site_2388__site_1135,site_2388,site_1135,1,1,1,1.2,0.010935,151.72,2.8891666666666667,2.8891666666666667,1.2,1.2,0.010935,0.010935,1.0
site_1350__site_2081,site_1350,site_2081,1,1,1,1.2,0.01305,138.02,4.862222222222222,4.862222222222222,1.2,1.2,0.01305,0.01305,1.0
site_2388__site_1964,site_2388,site_1964,1,1,1,1.2,0.010935,66.68,3.1347222222222224,3.1347222222222224,1.2,1.2,0.010935,0.010935,1.0
site_2388__site_1965,site_2388,site_1965,1,1,1,2.2,0.01755,72.73,2.741111111111111,2.741111111111111,2.2,2.2,0.01755,0.01755,1.0
site_2425__site_2420,site_2425,site_2420,1,1,1,0.95,0.0105,51.5,3.9633333333333334,3.9633333333333334,0.95,0.95,0.0105,0.0105,1.0
site_2388__site_2375,site_2388,site_2375,1,1,1,1.0,0.006,40.78,1.7852777777777777,1.7852777777777777,1.0,1.0,0.006,0.006,1.0
site_2388__site_2376,site_2388,site_2376,1,1,1,4.16,0.04788,11.32,1.2027777777777777,1.2027777777777777,4.16,4.16,0.04788,0.04788,1.0
site_1350__site_2086,site_1350,site_2086,1,1,1,1.0,0.009225,203.73,3.4025,3.4025,1.0,1.0,0.009225,0.009225,1.0
site_2388__site_2379,site_2388,site_2379,1,1,1,1.0,0.004022,45.75,1.3388888888888888,1.3388888888888888,1.0,1.0,0.004022,0.004022,1.0
site_2388__site_2380,site_2388,site_2380,1,1,1,1.0,0.004022,30.27,0.8783333333333333,0.8783333333333333,1.0,1.0,0.004022,0.004022,1.0
site_2388__site_2381,site_2388,site_2381,1,1,1,0.62,0.004022,30.62,0.8386111111111111,0.8386111111111111,0.62,0.62,0.004022,0.004022,1.0
site_2388__site_2382,site_2388,site_2382,1,1,1,3.1,0.01845,40.63,3.663611111111111,3.663611111111111,3.1,3.1,0.01845,0.01845,1.0
site_2388__site_2383,site_2388,site_2383,1,1,1,2.36,0.01755,40.0,1.7747222222222223,1.7747222222222223,2.36,2.36,0.01755,0.01755,1.0
site_2388__site_2384,site_2388,site_2384,1,1,1,1.0,0.006,42.47,1.6425,1.6425,1.0,1.0,0.006,0.006,1.0
site_2388__site_2385,site_2388,site_2385,1,1,1,1.0,0.004875,42.79,1.4294444444444445,1.4294444444444445,1.0,1.0,0.004875,0.004875,1.0
site_2388__site_2389,site_2388,site_2389,1,1,1,1.0,0.004875,41.02,1.833611111111111,1.833611111111111,1.0,1.0,0.004875,0.004875,1.0
site_1350__site_2227,site_1350,site_2227,1,1,1,1.23,0.00959616,454.27,10.883888888888889,10.883888888888889,1.23,1.23,0.00959616,0.00959616,1.0
site_1350__site_2248,site_1350,site_2248,1,1,1,1.0,0.004875,115.25,1.6155555555555556,1.6155555555555556,1.0,1.0,0.004875,0.004875,1.0
site_2388__site_2394,site_2388,site_2394,1,1,1,0.29,0.004022,44.92,1.2430555555555556,1.2430555555555556,0.29,0.29,0.004022,0.004022,1.0
site_2388__site_2395,site_2388,site_2395,1,1,1,1.2,0.010935,45.62,1.7663888888888888,1.7663888888888888,1.2,1.2,0.010935,0.010935,1.0
site_2388__site_2396,site_2388,site_2396,1,1,1,0.64,0.004022,15.51,0.6025,0.6025,0.64,0.64,0.004022,0.004022,1.0
site_2388__site_2397,site_2388,site_2397,1,1,1,1.2,0.010935,44.84,1.5202777777777778,1.5202777777777778,1.2,1.2,0.010935,0.010935,1.0
site_2391__site_2386,site_2391,site_2386,1,1,1,1.81,0.03707246,42.21,1.6961111111111111,1.6961111111111111,1.81,1.81,0.03707246,0.03707246,1.0
site_2398__site_2399,site_2398,site_2399,1,1,1,1.0,0.006,20.0,0.22666666666666666,0.22666666666666666,1.0,1.0,0.006,0.006,1.0
site_2399__site_1501,site_2399,site_1501,1,1,1,1.0,0.006,238.0,3.832222222222222,3.832222222222222,1.0,1.0,0.006,0.006,1.0
site_2400__site_0438,site_2400,site_0438,1,1,1,1.0,0.004022,110.25,2.1044444444444443,2.1044444444444443,1.0,1.0,0.004022,0.004022,1.0
site_2400__site_2401,site_2400,site_2401,1,1,1,1.0,0.004875,10.93,0.5261111111111111,0.5261111111111111,1.0,1.0,0.004875,0.004875,1.0
site_2400__site_2402,site_2400,site_2402,1,1,1,1.44,0.009477,56.18,1.7358333333333333,1.7358333333333333,1.44,1.44,0.009477,0.009477,1.0
site_2400__site_2403,site_2400,site_2403,1,1,1,1.0,0.004022,82.48,1.3411111111111111,1.3411111111111111,1.0,1.0,0.004022,0.004022,1.0
site_2407__site_0898,site_2407,site_0898,1,1,1,0.3,0.004022,572.39,10.483888888888888,10.483888888888888,0.3,0.3,0.004022,0.004022,1.0
site_2407__site_1412,site_2407,site_1412,1,1,1,0.92,0.00845,142.97,12.698888888888888,12.698888888888888,0.92,0.92,0.00845,0.00845,1.0
site_2407__site_2224,site_2407,site_2224,1,1,1,0.5,0.004022,3420.36,62.90111111111111,62.90111111111111,0.5,0.5,0.004022,0.004022,1.0
site_2407__site_2408,site_2407,site_2408,1,1,1,0.35,0.004022,27.48,4.051388888888889,4.051388888888889,0.35,0.35,0.004022,0.004022,1.0
site_2407__site_2409,site_2407,site_2409,1,1,1,1.15,0.00926208,285.53,4.593055555555556,4.593055555555556,1.15,1.15,0.00926208,0.00926208,1.0
site_2407__site_2410,site_2407,site_2410,1,1,1,0.93,0.004022,24.0,3.5844444444444443,3.5844444444444443,0.93,0.93,0.004022,0.004022,1.0
site_2413__site_1787,site_2413,site_1787,1,1,1,1.0,0.004022,250.17,5.483888888888889,5.483888888888889,1.0,1.0,0.004022,0.004022,1.0
site_2415__site_0669,site_2415,site_0669,1,1,1,1.2,0.008,627.45,9.338611111111112,9.338611111111112,1.2,1.2,0.008,0.008,1.0
site_2415__site_1128,site_2415,site_1128,1,1,1,0.4,0.004022,344.16,4.868888888888889,4.868888888888889,0.4,0.4,0.004022,0.004022,1.0
site_1350__site_2254,site_1350,site_2254,1,1,1,2.0,0.00975,401.92,9.981666666666667,9.981666666666667,2.0,2.0,0.00975,0.00975,1.0
site_2419__site_2415,site_2419,site_2415,1,1,1,1.2,0.008,50.95,1.6280555555555556,1.6280555555555556,1.2,1.2,0.008,0.008,1.0
site_2422__site_2415,site_2422,site_2415,1,1,1,0.4,0.004022,35.34,1.115,1.115,0.4,0.4,0.004022,0.004022,1.0
site_2425__site_1061,site_2425,site_1061,1,1,1,0.1,0.004022,192.0,2.9,2.9,0.1,0.1,0.004022,0.004022,1.0
site_2425__site_1062,site_2425,site_1062,1,1,1,1.0,0.004022,289.83,4.573888888888889,4.573888888888889,1.0,1.0,0.004022,0.004022,1.0
site_2425__site_1450,site_2425,site_1450,1,1,1,1.0,0.004875,149.0,6.821666666666666,6.821666666666666,1.0,1.0,0.004875,0.004875,1.0
site_2425__site_1451,site_2425,site_1451,1,1,1,0.92,0.008775,126.0,4.376111111111111,4.376111111111111,0.92,0.92,0.008775,0.008775,1.0
site_2425__site_1452,site_2425,site_1452,1,1,1,2.4,0.01755,133.0,2.3430555555555554,2.3430555555555554,2.4,2.4,0.01755,0.01755,1.0
site_2425__site_1453,site_2425,site_1453,1,1,1,2.4,0.01755,127.0,2.836388888888889,2.836388888888889,2.4,2.4,0.01755,0.01755,1.0
site_2425__site_1454,site_2425,site_1454,1,1,1,1.45,0.009225,181.0,3.4075,3.4075,1.45,1.45,0.009225,0.009225,1.0
site_2425__site_1983,site_2425,site_1983,1,1,1,4.16,0.04712,100.0,1.763611111111111,1.763611111111111,4.16,4.16,0.04712,0.04712,1.0
site_2439__site_0492,site_2439,site_0492,1,1,1,0.94,0.010935,231.7,4.365833333333334,4.365833333333334,0.94,0.94,0.010935,0.010935,1.0
site_2439__site_0493,site_2439,site_0493,1,1,1,0.68,0.004022,116.05,2.637777777777778,2.637777777777778,0.68,0.68,0.004022,0.004022,1.0
site_1350__site_2311,site_1350,site_2311,1,1,1,2.34,0.03348,473.0,5.278333333333333,5.278333333333333,2.34,2.34,0.03348,0.03348,1.0
site_2439__site_0821,site_2439,site_0821,1,1,1,2.04,0.01891366,173.92,3.3180555555555555,3.3180555555555555,2.04,2.04,0.01891366,0.01891366,1.0
site_2439__site_0879,site_2439,site_0879,1,1,1,1.0,0.004374,391.31,18.18638888888889,18.18638888888889,1.0,1.0,0.004374,0.004374,1.0
site_2439__site_1259,site_2439,site_1259,1,1,1,1.0,0.00625,853.33,14.676666666666666,14.676666666666666,1.0,1.0,0.00625,0.00625,1.0
site_2439__site_1760,site_2439,site_1760,1,1,1,0.35,0.004022,289.11,14.577777777777778,14.577777777777778,0.35,0.35,0.004022,0.004022,1.0
site_2440__site_1105,site_2440,site_1105,1,1,1,1.0,0.004022,78.0,0.9861111111111112,0.9861111111111112,1.0,1.0,0.004022,0.004022,1.0
site_2440__site_1106,site_2440,site_1106,1,1,1,1.0,0.004022,66.0,4.673055555555556,4.673055555555556,1.0,1.0,0.004022,0.004022,1.0
site_2440__site_1107,site_2440,site_1107,1,1,1,1.0,0.004022,35.45,1.8402777777777777,1.8402777777777777,1.0,1.0,0.004022,0.004022,1.0
site_2442__site_0777,site_2442,site_0777,1,1,1,1.0,0.004875,152.16,3.301388888888889,3.301388888888889,1.0,1.0,0.004875,0.004875,1.0
site_2443__site_0777,site_2443,site_0777,1,1,1,1.0,0.004875,146.99,3.055277777777778,3.055277777777778,1.0,1.0,0.004875,0.004875,1.0
site_2454__site_2449,site_2454,site_2449,1,1,1,1.2,0.010935,276.0,6.127222222222223,6.127222222222223,1.2,1.2,0.010935,0.010935,1.0
site_2454__site_2453,site_2454,site_2453,1,1,1,1.0,0.004875,213.0,4.030833333333334,4.030833333333334,1.0,1.0,0.004875,0.004875,1.0
site_2437__site_2354,site_2437,site_2354,1,1,1,2.5,0.01755,55.68,1.393888888888889,1.393888888888889,2.5,2.5,0.01755,0.01755,1.0
site_2438__site_2354,site_2438,site_2354,1,1,1,1.3,0.006,60.39,1.8272222222222223,1.8272222222222223,1.3,1.3,0.006,0.006,1.0
site_0024__site_0191,site_0024,site_0191,1,1,1,1.0,0.004022,27.81,1.2216666666666667,1.2216666666666667,1.0,1.0,0.004022,0.004022,1.0
site_0030__site_0255,site_0030,site_0255,1,1,1,3.9,0.0528,14.62,0.6047222222222223,0.6047222222222223,3.9,3.9,0.0528,0.0528,1.0
site_1352__site_1369,site_1352,site_1369,1,1,1,1.0,0.0052566,63.54,1.2766666666666666,1.2766666666666666,1.0,1.0,0.0052566,0.0052566,1.0
site_0034__site_2100,site_0034,site_2100,1,1,1,3.0,0.018,29.41,2.0252777777777777,2.0252777777777777,3.0,3.0,0.018,0.018,1.0
site_0036__site_0191,site_0036,site_0191,1,1,1,1.0,0.009225,16.7,0.8263888888888888,0.8263888888888888,1.0,1.0,0.009225,0.009225,1.0
site_0040__site_0255,site_0040,site_0255,1,1,1,2.63,0.028341119999999997,11.73,0.5786111111111111,0.5786111111111111,2.63,2.63,0.028341119999999997,0.028341119999999997,1.0
site_0046__site_2100,site_0046,site_2100,1,1,1,2.0,0.012,39.26,1.3080555555555555,1.3080555555555555,2.0,2.0,0.012,0.012,1.0
site_0049__site_2100,site_0049,site_2100,1,1,1,1.0,0.004875,40.96,0.7894444444444444,0.7894444444444444,1.0,1.0,0.004875,0.004875,1.0
site_0051__site_2100,site_0051,site_2100,1,1,1,1.0,0.006,39.57,1.8922222222222222,1.8922222222222222,1.0,1.0,0.006,0.006,1.0
site_1359__site_1369,site_1359,site_1369,1,1,1,2.35,0.012353,44.54,1.6175,1.6175,2.35,2.35,0.012353,0.012353,1.0
site_0056__site_0255,site_0056,site_0255,1,1,1,1.0,0.004022,30.69,1.281111111111111,1.281111111111111,1.0,1.0,0.004022,0.004022,1.0
site_0064__site_0255,site_0064,site_0255,1,1,1,1.0,0.006,24.05,0.7427777777777778,0.7427777777777778,1.0,1.0,0.006,0.006,1.0
site_1360__site_1369,site_1360,site_1369,1,1,1,1.0,0.006,43.96,1.0611111111111111,1.0611111111111111,1.0,1.0,0.006,0.006,1.0
site_0074__site_0255,site_0074,site_0255,1,1,1,1.0,0.004022,19.94,0.7869444444444444,0.7869444444444444,1.0,1.0,0.004022,0.004022,1.0
site_2454__site_2455,site_2454,site_2455,1,1,1,1.0,0.004875,243.0,7.171944444444445,7.171944444444445,1.0,1.0,0.004875,0.004875,1.0
